simulacion,pnl_final,max_drawdown,win_rate
0,120.82959999999997,5.487400000000008,49.62406015037594
1,105.2507,4.505900000000025,48.87218045112782
2,133.63080000000002,9.585499999999968,54.88721804511278
3,73.0967,15.83999999999999,43.609022556390975
4,96.72769999999997,14.396299999999997,50.37593984962406
5,136.19410000000008,7.981499999999983,50.37593984962406
6,117.9879,5.719100000000012,45.86466165413533
7,69.3161,8.832700000000017,51.127819548872175
8,149.33950000000004,4.560099999999949,57.89473684210527
9,108.6155,6.337899999999962,51.8796992481203
10,110.96530000000001,8.779700000000005,56.390977443609025
11,132.8246,7.5137000000000285,53.383458646616546
12,161.899,4.842499999999973,54.88721804511278
13,146.592,4.472300000000018,54.88721804511278
14,83.2937,5.531100000000009,45.11278195488722
15,103.95670000000001,8.383399999999995,51.8796992481203
16,134.25979999999996,4.158500000000004,52.63157894736842
17,117.71439999999996,7.110299999999995,49.62406015037594
18,112.13979999999998,16.262299999999982,45.86466165413533
19,132.60670000000007,7.774000000000001,51.8796992481203
20,99.37079999999992,8.41360000000003,45.86466165413533
21,109.59169999999995,8.72460000000001,49.62406015037594
22,55.78899999999999,21.360600000000005,40.6015037593985
23,134.8352,7.63900000000001,51.127819548872175
24,108.20449999999994,7.017599999999987,47.368421052631575
25,64.32660000000001,8.492499999999993,44.3609022556391
26,111.94719999999995,6.206800000000001,46.616541353383454
27,115.68230000000005,6.030299999999983,57.89473684210527
28,22.653599999999983,20.44959999999999,38.34586466165413
29,102.57339999999994,9.809900000000027,46.616541353383454
30,142.16959999999997,6.9199999999999875,55.639097744360896
31,162.6753,4.953800000000001,61.65413533834586
32,73.11529999999999,18.874399999999994,39.097744360902254
33,140.75779999999997,6.650299999999987,54.88721804511278
34,114.21839999999997,8.767899999999997,50.37593984962406
35,98.68029999999999,14.00369999999998,46.616541353383454
36,79.10070000000002,8.7607,43.609022556390975
37,90.31990000000002,7.7409999999999854,44.3609022556391
38,158.30970000000008,5.954999999999927,55.639097744360896
39,139.12359999999995,5.191599999999994,51.8796992481203
40,139.1238,8.458500000000015,56.390977443609025
41,88.47140000000002,8.7397,42.857142857142854
42,122.17759999999998,4.7242999999999995,50.37593984962406
43,119.15620000000001,7.089999999999975,49.62406015037594
44,112.0634,11.86269999999999,49.62406015037594
45,80.03120000000001,9.709499999999991,46.616541353383454
46,149.50340000000006,6.61209999999997,54.13533834586466
47,103.24849999999998,4.970100000000002,48.87218045112782
48,160.65109999999993,8.934799999999996,57.89473684210527
49,106.89639999999997,10.825400000000002,47.368421052631575
50,116.21619999999999,5.868600000000001,51.127819548872175
51,126.93659999999994,7.5344000000000335,50.37593984962406
52,124.50209999999996,18.21780000000001,53.383458646616546
53,70.46780000000001,13.536000000000001,39.849624060150376
54,125.41899999999998,6.863799999999998,49.62406015037594
55,79.28890000000001,11.47160000000001,45.11278195488722
56,139.46929999999995,8.607700000000023,51.8796992481203
57,95.70780000000002,13.499700000000004,51.127819548872175
58,76.94520000000006,10.064800000000005,42.10526315789473
59,153.38220000000004,9.399500000000018,51.8796992481203
60,103.73040000000003,5.852000000000032,46.616541353383454
61,140.54010000000002,5.057700000000011,55.639097744360896
62,112.1291,8.450299999999999,51.127819548872175
63,158.22859999999997,8.160300000000007,48.87218045112782
64,134.99229999999991,6.923800000000028,48.1203007518797
65,79.20139999999995,14.591200000000015,48.87218045112782
66,111.5596999999999,12.0351,53.383458646616546
67,73.59030000000001,18.72789999999999,47.368421052631575
68,121.89979999999991,7.497000000000014,50.37593984962406
69,97.5796,9.757400000000018,47.368421052631575
70,139.86929999999992,6.867899999999992,52.63157894736842
71,109.34909999999996,7.044399999999996,45.11278195488722
72,116.66399999999999,11.479299999999995,48.87218045112782
73,116.09929999999997,8.571900000000028,47.368421052631575
74,101.02609999999999,9.903899999999993,49.62406015037594
75,179.423,3.400499999999994,56.390977443609025
76,152.40979999999996,5.976399999999984,56.390977443609025
77,86.57709999999994,10.2534,48.87218045112782
78,88.07649999999995,8.042199999999994,48.87218045112782
79,85.50690000000003,10.003899999999987,44.3609022556391
80,99.98229999999995,6.2376000000000005,50.37593984962406
81,121.80700000000002,11.132499999999993,53.383458646616546
82,97.63879999999995,8.532200000000017,45.86466165413533
83,120.85270000000003,6.386600000000044,48.87218045112782
84,106.8272,4.767300000000006,50.37593984962406
85,75.82339999999999,12.87730000000002,44.3609022556391
86,106.6918,12.012599999999992,48.87218045112782
87,125.40839999999994,13.133600000000001,49.62406015037594
88,92.202,13.274099999999976,42.10526315789473
89,90.03190000000001,4.631799999999998,45.86466165413533
90,103.11219999999997,5.267799999999994,44.3609022556391
91,74.47450000000003,10.494799999999998,42.10526315789473
92,96.17409999999995,6.284599999999983,49.62406015037594
93,161.27830000000006,3.3192999999999984,51.8796992481203
94,76.65350000000001,6.833499999999987,44.3609022556391
95,120.27300000000002,12.979399999999998,51.127819548872175
96,96.6422,11.416500000000013,48.87218045112782
97,120.8289,16.217700000000008,51.127819548872175
98,93.77139999999997,10.846699999999998,48.1203007518797
99,110.39769999999999,11.618299999999977,51.8796992481203
100,98.15769999999998,9.3142,40.6015037593985
101,119.9273,6.511499999999955,48.1203007518797
102,100.27369999999996,12.052000000000007,48.1203007518797
103,65.87370000000004,7.518299999999982,39.849624060150376
104,156.00310000000002,10.121399999999994,49.62406015037594
105,123.78029999999995,7.785999999999973,49.62406015037594
106,162.83370000000014,5.911899999999974,53.383458646616546
107,109.50649999999993,10.386800000000022,46.616541353383454
108,132.42720000000003,6.44980000000001,45.11278195488722
109,91.1993,11.102100000000007,45.11278195488722
110,127.88990000000001,7.060299999999984,48.87218045112782
111,119.1628,8.195499999999996,51.8796992481203
112,104.86339999999998,13.12360000000001,47.368421052631575
113,132.06309999999996,8.1738,53.383458646616546
114,134.55639999999997,8.226200000000006,52.63157894736842
115,130.95499999999996,11.732799999999997,52.63157894736842
116,80.9794,8.938100000000006,43.609022556390975
117,171.21389999999997,6.659499999999994,57.89473684210527
118,102.44219999999996,5.810000000000002,48.1203007518797
119,132.11089999999996,5.892399999999995,54.13533834586466
120,137.36909999999995,8.23490000000001,48.1203007518797
121,124.90999999999997,3.9598000000000013,46.616541353383454
122,107.99109999999996,7.917000000000002,49.62406015037594
123,84.59350000000003,6.575100000000006,44.3609022556391
124,167.96309999999994,11.267199999999946,60.150375939849624
125,123.62279999999996,6.880300000000034,50.37593984962406
126,122.68209999999999,8.5171,49.62406015037594
127,117.15349999999995,6.120499999999993,45.86466165413533
128,120.00329999999997,4.910199999999989,48.1203007518797
129,99.63229999999999,11.9957,45.11278195488722
130,158.4906000000001,6.261500000000012,55.639097744360896
131,68.42259999999999,11.8476,39.849624060150376
132,96.6078,8.829800000000006,48.1203007518797
133,105.05779999999999,20.974399999999974,49.62406015037594
134,159.9769,9.16859999999997,57.14285714285714
135,89.08369999999996,6.347799999999978,48.87218045112782
136,146.67560000000003,7.426499999999976,60.150375939849624
137,76.44299999999998,6.256,45.86466165413533
138,148.08870000000005,4.423099999999977,53.383458646616546
139,115.70849999999993,5.27300000000001,52.63157894736842
140,128.12430000000003,8.669099999999986,54.13533834586466
141,127.36940000000001,5.4739999999999895,49.62406015037594
142,136.29019999999994,5.803200000000004,51.127819548872175
143,181.84390000000008,7.3063000000000216,55.639097744360896
144,98.57049999999998,9.695400000000006,48.87218045112782
145,95.08420000000004,8.149499999999989,45.11278195488722
146,173.52069999999998,4.659499999999994,57.89473684210527
147,101.68349999999998,10.43050000000001,53.383458646616546
148,141.8927999999999,6.16640000000001,49.62406015037594
149,155.48820000000015,7.680499999999995,58.64661654135338
150,109.79849999999996,8.942900000000009,51.127819548872175
151,111.39189999999996,11.040400000000005,45.11278195488722
152,145.2090999999999,7.774000000000001,49.62406015037594
153,83.7842,8.553899999999999,46.616541353383454
154,139.32319999999996,4.574100000000001,54.13533834586466
155,144.22759999999997,5.1126000000000005,51.8796992481203
156,137.5524000000001,5.667100000000005,53.383458646616546
157,106.02480000000003,8.736999999999995,52.63157894736842
158,163.1823,7.959099999999978,54.88721804511278
159,82.87820000000002,13.23909999999998,48.1203007518797
160,107.47340000000003,5.839300000000037,50.37593984962406
161,147.89250000000004,4.244900000000001,54.13533834586466
162,107.22779999999995,11.304099999999991,52.63157894736842
163,108.92769999999996,10.924600000000012,51.8796992481203
164,198.21029999999996,6.4827999999999975,60.902255639097746
165,128.1975,8.043800000000005,53.383458646616546
166,107.40639999999999,5.974800000000002,48.1203007518797
167,101.50339999999994,4.582300000000004,48.87218045112782
168,127.87299999999996,8.323200000000014,51.127819548872175
169,118.43380000000002,14.143200000000007,55.639097744360896
170,99.57279999999997,7.990499999999997,51.8796992481203
171,115.60659999999996,7.383199999999988,48.87218045112782
172,125.93539999999996,4.865000000000009,51.127819548872175
173,181.91669999999993,3.829199999999986,57.14285714285714
174,130.17919999999995,4.258600000000001,52.63157894736842
175,93.09460000000007,10.646999999999991,46.616541353383454
176,107.69400000000002,12.836199999999991,48.87218045112782
177,156.7573,5.8840000000000146,54.13533834586466
178,127.4615,7.858499999999992,48.87218045112782
179,71.9865,15.816000000000003,41.35338345864661
180,115.52539999999999,7.216200000000015,49.62406015037594
181,93.6944,8.262699999999995,48.87218045112782
182,83.42069999999995,7.767499999999998,45.11278195488722
183,124.31059999999994,5.752399999999994,51.8796992481203
184,141.54939999999996,7.205600000000004,55.639097744360896
185,149.09980000000004,7.913499999999999,53.383458646616546
186,109.21019999999999,11.007400000000004,47.368421052631575
187,92.96069999999995,7.6952,50.37593984962406
188,87.9545,10.383600000000001,45.11278195488722
189,127.04739999999995,11.276700000000005,50.37593984962406
190,156.9398,5.011799999999994,54.88721804511278
191,96.47579999999999,7.875600000000006,45.86466165413533
192,161.67930000000018,4.520499999999998,54.13533834586466
193,93.09390000000002,8.2817,42.857142857142854
194,111.02030000000002,7.628699999999981,49.62406015037594
195,146.14419999999996,5.304200000000009,57.89473684210527
196,111.59800000000001,6.079799999999992,53.383458646616546
197,106.10500000000002,9.717200000000005,48.87218045112782
198,114.47479999999999,7.3466999999999985,47.368421052631575
199,132.31730000000007,11.422200000000004,51.8796992481203
200,113.62640000000005,6.860799999999998,51.127819548872175
201,159.18840000000006,6.25539999999998,53.383458646616546
202,114.80179999999999,7.908600000000007,49.62406015037594
203,61.899700000000024,9.205899999999986,45.11278195488722
204,79.35420000000005,9.856499999999983,38.34586466165413
205,122.76919999999996,8.978899999999996,52.63157894736842
206,105.85329999999999,4.586399999999998,52.63157894736842
207,94.5342,12.30419999999998,48.1203007518797
208,96.10590000000002,10.114499999999964,46.616541353383454
209,74.5084,7.424000000000007,45.11278195488722
210,122.17430000000002,6.526700000000005,51.127819548872175
211,100.19739999999996,10.402000000000001,43.609022556390975
212,70.62389999999999,12.415900000000008,42.10526315789473
213,98.75129999999996,8.741800000000012,49.62406015037594
214,147.5886,3.7390000000000043,50.37593984962406
215,142.38209999999998,7.401200000000017,52.63157894736842
216,99.6814,7.891899999999993,45.86466165413533
217,115.69109999999995,7.736999999999995,45.86466165413533
218,104.47720000000001,7.194400000000002,49.62406015037594
219,142.78830000000002,4.400499999999994,52.63157894736842
220,109.16910000000004,10.335499999999996,50.37593984962406
221,114.70769999999996,6.7327999999999975,53.383458646616546
222,137.3761,6.830399999999969,51.8796992481203
223,156.8550000000002,7.275800000000004,56.390977443609025
224,166.79200000000003,8.6447,48.87218045112782
225,107.83749999999998,4.681000000000012,50.37593984962406
226,103.73689999999999,11.051099999999991,50.37593984962406
227,144.7329999999999,5.425799999999995,52.63157894736842
228,64.00919999999999,14.55980000000001,40.6015037593985
229,112.72629999999995,7.808599999999984,52.63157894736842
230,149.0915,6.314999999999998,49.62406015037594
231,142.53889999999996,7.687500000000028,52.63157894736842
232,123.61590000000001,5.2616999999999905,48.1203007518797
233,139.9574999999999,9.419100000000014,56.390977443609025
234,77.98399999999998,8.346900000000005,46.616541353383454
235,122.9015,8.2106,48.1203007518797
236,67.67870000000002,9.680800000000005,45.11278195488722
237,74.79580000000001,9.188900000000018,46.616541353383454
238,122.84259999999995,7.686099999999982,51.127819548872175
239,79.0213,8.108199999999982,44.3609022556391
240,128.6659,4.543299999999988,52.63157894736842
241,168.21449999999993,6.792200000000008,57.14285714285714
242,122.03469999999999,8.864800000000002,49.62406015037594
243,122.61160000000001,5.752400000000009,49.62406015037594
244,99.50230000000005,9.838199999999972,46.616541353383454
245,157.45370000000003,5.976399999999984,57.14285714285714
246,127.0259999999999,6.925400000000025,49.62406015037594
247,159.14120000000003,8.963700000000017,57.14285714285714
248,158.81760000000008,5.070499999999953,57.14285714285714
249,105.76689999999994,8.647699999999986,43.609022556390975
250,151.55259999999998,9.891700000000014,55.639097744360896
251,95.18760000000003,8.893599999999992,46.616541353383454
252,88.06349999999998,8.665800000000019,45.86466165413533
253,113.1471,6.735100000000003,52.63157894736842
254,85.58020000000005,8.060400000000001,50.37593984962406
255,127.00740000000008,12.835699999999974,51.127819548872175
256,101.20929999999998,10.952700000000007,48.87218045112782
257,179.12130000000002,4.971000000000004,56.390977443609025
258,137.1717,6.9658000000000015,53.383458646616546
259,98.7081,10.164500000000004,46.616541353383454
260,124.64549999999997,9.652999999999992,52.63157894736842
261,112.6839,15.226699999999994,50.37593984962406
262,116.20519999999999,8.2483,48.1203007518797
263,143.94050000000001,5.985800000000012,54.13533834586466
264,118.87199999999996,9.312299999999965,48.87218045112782
265,132.57699999999994,7.547100000000029,52.63157894736842
266,109.79759999999999,7.474900000000005,46.616541353383454
267,110.84109999999993,6.510999999999996,54.13533834586466
268,148.35329999999993,6.263199999999998,56.390977443609025
269,139.8149,6.142600000000002,53.383458646616546
270,100.72319999999996,10.296399999999977,47.368421052631575
271,117.08830000000003,6.215100000000007,55.639097744360896
272,125.40679999999998,14.781800000000004,52.63157894736842
273,73.10300000000001,10.2911,42.857142857142854
274,156.30420000000004,6.468999999999994,55.639097744360896
275,131.9851,6.054300000000012,51.127819548872175
276,120.00719999999995,9.588099999999997,54.13533834586466
277,110.6712,7.503699999999981,51.127819548872175
278,100.28669999999994,7.22969999999998,45.86466165413533
279,157.37879999999996,7.761300000000006,55.639097744360896
280,121.09669999999994,5.263300000000015,51.8796992481203
281,130.759,6.246299999999991,57.14285714285714
282,107.03210000000007,11.242999999999995,48.1203007518797
283,154.22430000000003,7.2768999999999835,55.639097744360896
284,113.88289999999995,8.228700000000003,46.616541353383454
285,90.04069999999996,12.098900000000015,46.616541353383454
286,92.10220000000004,14.920999999999978,49.62406015037594
287,116.35500000000002,13.709699999999998,51.127819548872175
288,134.3472,5.517399999999981,54.13533834586466
289,161.42290000000008,4.910599999999988,56.390977443609025
290,103.11710000000002,7.850899999999967,52.63157894736842
291,80.15140000000002,14.45750000000001,49.62406015037594
292,122.00880000000004,10.42840000000001,49.62406015037594
293,122.62399999999997,5.936800000000005,51.127819548872175
294,67.5993,7.405299999999997,46.616541353383454
295,118.92039999999997,11.281000000000006,53.383458646616546
296,93.0728,11.486899999999991,50.37593984962406
297,89.89889999999997,6.458699999999993,50.37593984962406
298,105.16239999999996,7.830900000000014,46.616541353383454
299,81.94949999999994,9.984600000000029,43.609022556390975
300,101.44040000000004,9.604600000000005,51.127819548872175
301,114.10089999999997,8.960499999999996,48.1203007518797
302,122.84889999999993,10.523599999999988,51.127819548872175
303,152.96749999999992,9.43549999999999,54.13533834586466
304,192.69150000000002,6.3399,55.639097744360896
305,128.31149999999994,4.003400000000028,51.8796992481203
306,125.84249999999994,5.4476999999999975,53.383458646616546
307,105.61940000000001,8.7898,46.616541353383454
308,148.9585999999999,7.4452,56.390977443609025
309,113.3151,7.579299999999989,51.127819548872175
310,148.61789999999993,5.29140000000001,57.89473684210527
311,102.89859999999999,11.83590000000001,48.1203007518797
312,143.57680000000002,15.14269999999999,50.37593984962406
313,143.3608,8.64349999999996,51.8796992481203
314,114.42360000000002,5.697299999999984,51.8796992481203
315,127.23399999999992,6.609499999999997,51.127819548872175
316,66.63870000000006,9.102699999999999,40.6015037593985
317,124.84499999999994,5.2089,54.13533834586466
318,130.93459999999993,4.745699999999999,55.639097744360896
319,135.5178,11.96599999999998,52.63157894736842
320,90.91619999999995,6.705099999999987,45.86466165413533
321,183.8972,5.2089,56.390977443609025
322,121.79150000000007,4.789699999999996,48.1203007518797
323,141.87609999999992,6.74550000000005,51.8796992481203
324,131.20999999999998,9.928699999999992,45.86466165413533
325,70.30829999999997,17.828200000000038,43.609022556390975
326,135.80179999999996,5.331300000000027,57.89473684210527
327,167.60440000000006,4.819499999999977,51.8796992481203
328,137.1885,7.942700000000002,51.127819548872175
329,102.8714,7.6044000000000125,48.1203007518797
330,140.8488,5.325700000000012,51.8796992481203
331,136.01229999999993,7.863800000000026,52.63157894736842
332,119.75630000000001,7.335200000000015,48.87218045112782
333,119.99879999999996,4.56689999999999,47.368421052631575
334,124.37490000000003,3.9284000000000106,48.1203007518797
335,128.20210000000003,6.951999999999998,53.383458646616546
336,192.62140000000005,4.726799999999997,57.14285714285714
337,117.62839999999994,7.048299999999998,48.87218045112782
338,142.72019999999992,4.097200000000015,55.639097744360896
339,133.81869999999998,5.074600000000004,52.63157894736842
340,125.8866999999999,9.188099999999991,54.88721804511278
341,124.27819999999991,5.779700000000005,54.88721804511278
342,107.95040000000003,4.27770000000001,47.368421052631575
343,138.85159999999996,7.521000000000001,51.127819548872175
344,102.77090000000001,12.02370000000002,47.368421052631575
345,134.06159999999997,6.443100000000015,51.8796992481203
346,124.06369999999998,8.881699999999995,49.62406015037594
347,118.51019999999997,9.844499999999996,48.87218045112782
348,111.5916,5.522100000000023,51.8796992481203
349,130.5114,5.341399999999993,51.127819548872175
350,122.53989999999999,9.717100000000016,53.383458646616546
351,122.87869999999995,5.7009000000000185,52.63157894736842
352,150.97260000000003,6.799400000000006,54.88721804511278
353,116.84629999999999,7.181299999999965,50.37593984962406
354,93.48839999999993,12.966200000000015,47.368421052631575
355,145.36059999999998,6.276499999999999,57.14285714285714
356,126.78110000000001,4.708100000000002,49.62406015037594
357,100.31899999999996,7.671999999999997,45.86466165413533
358,115.6003,6.225899999999996,49.62406015037594
359,155.87789999999995,3.829199999999986,52.63157894736842
360,107.97870000000003,6.896499999999975,46.616541353383454
361,147.25260000000003,6.1888000000000005,53.383458646616546
362,139.43699999999998,5.362499999999983,49.62406015037594
363,112.43999999999994,8.195700000000002,50.37593984962406
364,169.30369999999994,8.5916,52.63157894736842
365,121.56059999999997,6.087099999999992,54.88721804511278
366,105.64199999999994,7.900599999999997,53.383458646616546
367,43.98090000000002,13.273599999999988,39.097744360902254
368,100.51219999999995,6.704499999999996,48.1203007518797
369,97.5267,9.870000000000005,49.62406015037594
370,163.9799000000001,5.280699999999996,54.88721804511278
371,161.39320000000004,11.349900000000005,55.639097744360896
372,112.70649999999995,11.551299999999998,48.87218045112782
373,93.91820000000001,7.063800000000015,50.37593984962406
374,108.59879999999998,7.0120000000000005,50.37593984962406
375,110.5644,4.6626999999999725,51.127819548872175
376,141.70799999999997,7.778400000000005,54.13533834586466
377,95.4494,6.705700000000007,45.11278195488722
378,90.28890000000001,12.65379999999999,48.1203007518797
379,143.1591,6.02300000000001,52.63157894736842
380,110.36909999999995,5.993200000000002,50.37593984962406
381,127.85409999999996,9.744200000000006,51.8796992481203
382,115.9822,9.753899999999987,51.127819548872175
383,159.20080000000007,6.263699999999972,56.390977443609025
384,101.89690000000002,6.863299999999981,44.3609022556391
385,86.94130000000001,11.628899999999987,47.368421052631575
386,138.77089999999998,3.8292000000000144,57.89473684210527
387,156.44769999999994,7.744499999999988,55.639097744360896
388,101.33159999999998,13.048100000000005,49.62406015037594
389,139.7970000000001,6.754400000000004,50.37593984962406
390,86.43180000000001,7.575300000000027,44.3609022556391
391,137.57639999999998,5.672499999999985,54.88721804511278
392,116.17869999999996,6.288399999999996,54.13533834586466
393,107.67909999999998,6.771799999999985,53.383458646616546
394,126.32079999999996,7.098700000000065,51.8796992481203
395,111.5743,10.831299999999942,49.62406015037594
396,112.12370000000004,13.826400000000007,50.37593984962406
397,62.31299999999999,10.375100000000003,41.35338345864661
398,166.08500000000004,7.633700000000033,57.14285714285714
399,167.53399999999993,10.842299999999966,58.64661654135338
400,98.9803,7.186099999999996,50.37593984962406
401,120.61729999999994,8.9786,51.8796992481203
402,98.18509999999998,7.311600000000027,50.37593984962406
403,77.2911,10.560400000000001,47.368421052631575
404,157.52779999999996,5.290299999999988,54.13533834586466
405,120.56199999999987,13.646000000000015,52.63157894736842
406,91.70569999999998,10.912800000000004,45.86466165413533
407,102.8631,16.29849999999999,47.368421052631575
408,96.86650000000003,7.0937000000000126,45.86466165413533
409,165.15879999999993,7.093200000000024,56.390977443609025
410,79.93230000000003,14.739800000000002,47.368421052631575
411,65.1961,7.776899999999998,45.11278195488722
412,117.54949999999997,6.637599999999992,48.87218045112782
413,160.50439999999992,5.697000000000003,54.13533834586466
414,109.26439999999991,3.9813999999999794,48.87218045112782
415,128.34799999999996,3.4808999999999912,49.62406015037594
416,83.80200000000002,7.195300000000003,48.87218045112782
417,140.70190000000002,8.403300000000002,49.62406015037594
418,119.1662,9.120300000000015,46.616541353383454
419,99.06310000000002,7.746000000000038,46.616541353383454
420,111.38909999999998,6.822900000000004,49.62406015037594
421,110.28649999999999,4.477599999999995,45.86466165413533
422,138.3052,5.731899999999996,55.639097744360896
423,112.24609999999996,9.856800000000021,52.63157894736842
424,101.03119999999996,5.843699999999998,48.87218045112782
425,141.73930000000007,7.2061999999999955,50.37593984962406
426,129.3143,4.794700000000006,51.127819548872175
427,126.76909999999998,5.532100000000014,53.383458646616546
428,110.43639999999999,10.480800000000002,46.616541353383454
429,80.48770000000002,6.412199999999984,45.86466165413533
430,134.6447,4.527299999999968,59.3984962406015
431,111.58889999999997,8.321799999999996,44.3609022556391
432,126.90779999999995,10.901399999999995,49.62406015037594
433,109.11319999999998,10.012499999999989,48.1203007518797
434,132.08309999999997,7.784999999999997,54.13533834586466
435,120.78659999999994,7.287900000000036,49.62406015037594
436,158.60160000000002,6.53540000000001,54.88721804511278
437,108.93299999999999,5.479699999999994,51.127819548872175
438,126.7948999999999,6.506500000000017,52.63157894736842
439,102.8469,11.926900000000003,45.11278195488722
440,103.03719999999998,7.237499999999997,49.62406015037594
441,129.37450000000004,3.8640000000000043,52.63157894736842
442,111.63089999999994,4.911900000000003,48.87218045112782
443,136.77000000000007,10.040700000000001,54.13533834586466
444,122.42759999999998,5.480200000000025,51.8796992481203
445,102.85779999999994,10.267799999999994,48.1203007518797
446,106.11930000000001,10.292100000000005,45.11278195488722
447,118.84649999999999,8.67240000000001,50.37593984962406
448,95.74490000000003,4.810100000000006,45.11278195488722
449,137.6456,6.931400000000025,56.390977443609025
450,92.22610000000003,8.838899999999995,45.11278195488722
451,135.0771,4.585499999999996,51.8796992481203
452,70.66420000000005,8.075500000000005,45.11278195488722
453,132.47099999999998,5.617500000000007,52.63157894736842
454,95.99859999999998,10.185600000000022,45.86466165413533
455,103.8655,8.475799999999992,45.11278195488722
456,123.15210000000005,4.826800000000006,51.8796992481203
457,100.61669999999998,10.630200000000002,48.87218045112782
458,134.97199999999995,5.070300000000003,57.89473684210527
459,88.95440000000002,6.385999999999996,47.368421052631575
460,100.42439999999999,9.54340000000002,50.37593984962406
461,114.04840000000002,6.203600000000023,51.127819548872175
462,98.2582999999999,10.514200000000017,47.368421052631575
463,162.53750000000014,12.99739999999997,58.64661654135338
464,96.31949999999998,10.556899999999999,47.368421052631575
465,89.678,6.947399999999988,48.87218045112782
466,100.8887,7.1281999999999925,51.127819548872175
467,103.89629999999994,7.176000000000016,43.609022556390975
468,118.09799999999998,11.1644,50.37593984962406
469,100.11520000000002,9.465499999999992,50.37593984962406
470,84.16680000000002,9.548999999999992,41.35338345864661
471,156.06299999999987,6.49969999999999,57.89473684210527
472,132.75330000000002,6.0441000000000145,52.63157894736842
473,145.36199999999997,8.719400000000036,52.63157894736842
474,132.37309999999994,6.4380999999999915,53.383458646616546
475,98.9496,7.0038000000000125,54.13533834586466
476,167.67230000000006,6.521299999999968,54.88721804511278
477,127.78920000000002,6.904699999999991,51.127819548872175
478,137.17840000000004,7.309200000000004,51.8796992481203
479,144.92569999999998,7.618499999999983,49.62406015037594
480,89.11970000000002,7.937999999999988,50.37593984962406
481,171.9574,5.9529,56.390977443609025
482,122.24199999999993,10.7256,52.63157894736842
483,123.28120000000001,7.015999999999991,55.639097744360896
484,104.25139999999999,9.67390000000006,44.3609022556391
485,109.67239999999998,7.6666000000000025,51.127819548872175
486,86.71539999999999,11.690200000000004,45.86466165413533
487,140.13480000000004,9.221599999999995,52.63157894736842
488,155.71900000000005,9.7072,53.383458646616546
489,116.37499999999997,5.139399999999995,50.37593984962406
490,78.65719999999999,9.994099999999975,43.609022556390975
491,104.5428,13.987899999999996,47.368421052631575
492,128.63979999999998,6.924599999999998,49.62406015037594
493,97.94069999999999,5.995199999999983,48.1203007518797
494,149.9588,5.930000000000007,53.383458646616546
495,85.37200000000001,7.710199999999986,40.6015037593985
496,90.93119999999999,7.2631999999999834,52.63157894736842
497,84.21410000000003,7.953500000000005,45.11278195488722
498,104.09609999999998,11.885500000000008,44.3609022556391
499,120.86950000000002,5.637299999999996,52.63157894736842
500,140.44179999999994,7.084999999999994,57.14285714285714
501,93.29480000000001,7.750100000000003,48.87218045112782
502,153.40599999999992,8.97369999999998,57.89473684210527
503,170.6832000000001,8.064699999999903,55.639097744360896
504,95.37380000000007,8.984399999999994,50.37593984962406
505,134.85149999999996,6.604000000000013,50.37593984962406
506,114.68970000000002,6.930500000000009,40.6015037593985
507,104.39169999999996,11.696600000000018,51.127819548872175
508,97.05439999999996,5.5319999999999965,49.62406015037594
509,126.3595,9.682400000000001,48.87218045112782
510,131.17170000000007,8.640899999999988,51.8796992481203
511,83.17239999999998,11.169399999999996,45.86466165413533
512,126.48299999999995,4.491200000000006,50.37593984962406
513,137.17469999999994,5.824100000000001,52.63157894736842
514,91.80039999999997,7.496899999999997,47.368421052631575
515,103.40269999999998,10.205100000000016,54.13533834586466
516,121.70409999999998,4.939700000000016,51.127819548872175
517,81.63669999999999,10.641899999999993,42.857142857142854
518,103.565,8.451300000000003,50.37593984962406
519,158.25980000000015,8.817700000000002,53.383458646616546
520,108.0566,4.42540000000001,46.616541353383454
521,139.33559999999997,7.00139999999999,53.383458646616546
522,89.9203,11.433199999999971,49.62406015037594
523,113.18440000000001,6.387200000000007,54.88721804511278
524,121.18990000000005,5.504099999999994,54.88721804511278
525,104.99029999999999,7.462800000000001,49.62406015037594
526,138.71999999999997,6.230700000000013,53.383458646616546
527,82.93609999999995,6.381600000000006,48.1203007518797
528,96.55279999999996,8.823900000000009,47.368421052631575
529,123.46940000000001,12.825300000000027,54.13533834586466
530,124.66040000000001,6.7809999999999775,49.62406015037594
531,88.89249999999993,6.238799999999998,41.35338345864661
532,139.88129999999995,7.722900000000038,48.87218045112782
533,118.09030000000001,4.77630000000002,48.1203007518797
534,133.72580000000005,10.423699999999997,49.62406015037594
535,114.31999999999996,5.3740999999999985,49.62406015037594
536,115.6919,8.971699999999998,49.62406015037594
537,115.67919999999998,7.4465,48.1203007518797
538,83.73519999999996,9.71950000000001,45.11278195488722
539,104.35270000000003,7.988900000000001,45.86466165413533
540,93.83769999999987,6.89670000000001,48.1203007518797
541,59.6361,9.0638,42.857142857142854
542,174.774,6.866300000000024,57.89473684210527
543,90.8092,11.118600000000015,48.1203007518797
544,87.36469999999997,7.457799999999992,48.1203007518797
545,144.64839999999998,7.467199999999991,58.64661654135338
546,113.36809999999997,6.692100000000011,49.62406015037594
547,168.35870000000006,11.456200000000024,54.88721804511278
548,140.6723,8.241600000000005,60.902255639097746
549,98.0487,11.237400000000036,45.11278195488722
550,153.0435,8.424199999999985,54.88721804511278
551,134.6314,5.001299999999986,54.88721804511278
552,111.77339999999998,5.030300000000011,45.11278195488722
553,96.37159999999994,11.138000000000034,47.368421052631575
554,130.96579999999997,4.316999999999993,53.383458646616546
555,139.052,8.39779999999999,51.8796992481203
556,109.8675,6.975400000000008,45.11278195488722
557,107.02510000000001,5.719599999999986,49.62406015037594
558,150.87590000000003,6.066299999999984,49.62406015037594
559,130.80709999999993,6.647599999999997,51.127819548872175
560,127.31409999999994,6.316100000000006,53.383458646616546
561,138.11479999999992,6.1865999999999985,54.88721804511278
562,97.8621,10.224099999999993,43.609022556390975
563,87.6248,6.926799999999986,47.368421052631575
564,84.65069999999992,8.009300000000025,45.86466165413533
565,102.98339999999999,8.929599999999994,47.368421052631575
566,96.83489999999998,10.465599999999995,47.368421052631575
567,138.00970000000004,6.8367000000000075,57.89473684210527
568,80.1782,10.19810000000001,44.3609022556391
569,122.29879999999997,6.800999999999988,51.127819548872175
570,108.62210000000005,9.423900000000003,45.86466165413533
571,151.5062000000001,10.415299999999974,59.3984962406015
572,148.03699999999998,5.3107000000000255,53.383458646616546
573,75.29049999999998,10.051600000000008,48.87218045112782
574,94.38870000000003,11.306899999999985,45.86466165413533
575,130.7554,6.360799999999983,47.368421052631575
576,168.28590000000003,10.256799999999998,60.150375939849624
577,108.85219999999993,11.100100000000026,43.609022556390975
578,112.44889999999998,9.322300000000041,49.62406015037594
579,103.00149999999996,10.11760000000001,48.1203007518797
580,196.18039999999996,4.687299999999993,66.9172932330827
581,134.00779999999997,11.194500000000005,47.368421052631575
582,121.40609999999992,5.671799999999962,52.63157894736842
583,141.85790000000006,9.587700000000012,57.89473684210527
584,118.15559999999999,10.728000000000009,49.62406015037594
585,95.77849999999998,9.832999999999998,51.8796992481203
586,155.2076000000001,13.450399999999973,54.88721804511278
587,109.37769999999992,5.852600000000052,54.13533834586466
588,128.7478,8.141899999999993,50.37593984962406
589,136.85959999999997,8.8553,53.383458646616546
590,135.31760000000003,7.793999999999983,52.63157894736842
591,108.5272,7.399900000000002,52.63157894736842
592,151.90899999999993,6.692800000000005,54.88721804511278
593,121.23529999999997,9.3095,49.62406015037594
594,97.30099999999999,12.385199999999998,48.87218045112782
595,120.13519999999997,9.018900000000002,52.63157894736842
596,140.07600000000002,6.650199999999998,51.127819548872175
597,129.28999999999994,5.47829999999999,52.63157894736842
598,133.03600000000003,8.507900000000006,58.64661654135338
599,114.15969999999993,6.068500000000029,50.37593984962406
600,112.30210000000002,9.184600000000017,53.383458646616546
601,111.9597,7.4424999999999955,46.616541353383454
602,163.48409999999996,5.155799999999999,57.14285714285714
603,90.34859999999998,6.776399999999995,47.368421052631575
604,124.80440000000004,11.510499999999993,52.63157894736842
605,76.02049999999997,7.7423,44.3609022556391
606,168.8130000000001,8.139500000000027,54.13533834586466
607,78.9641,5.206499999999991,43.609022556390975
608,105.01300000000003,9.98429999999999,49.62406015037594
609,108.77289999999999,7.062000000000012,49.62406015037594
610,101.75799999999992,7.525499999999994,45.86466165413533
611,142.06319999999994,7.18249999999999,48.87218045112782
612,109.23180000000002,7.752600000000001,46.616541353383454
613,126.55799999999996,7.590199999999982,49.62406015037594
614,105.9753,11.410800000000023,49.62406015037594
615,154.6961,6.0327000000000055,53.383458646616546
616,103.24879999999999,14.113500000000016,45.86466165413533
617,138.46659999999997,7.838699999999989,52.63157894736842
618,116.17239999999993,5.602200000000039,45.86466165413533
619,115.16550000000001,9.291399999999982,51.8796992481203
620,108.662,4.602599999999995,47.368421052631575
621,165.24360000000001,5.121000000000009,60.902255639097746
622,162.7648999999999,4.503700000000009,56.390977443609025
623,128.66189999999995,7.690000000000026,48.87218045112782
624,150.1494,6.239600000000024,60.150375939849624
625,103.90530000000004,11.116500000000002,48.87218045112782
626,129.64840000000004,7.3478000000000065,53.383458646616546
627,149.35830000000007,5.5142999999999915,53.383458646616546
628,111.34559999999999,6.916199999999989,48.87218045112782
629,65.47190000000006,12.727899999999977,48.87218045112782
630,124.40680000000009,5.455800000000011,49.62406015037594
631,107.6274,7.441699999999997,48.1203007518797
632,150.6152,6.148699999999991,60.150375939849624
633,101.9385,11.090599999999995,48.87218045112782
634,122.85470000000001,11.254199999999969,50.37593984962406
635,99.22729999999996,9.672500000000042,48.1203007518797
636,141.1034000000001,10.339599999999962,53.383458646616546
637,108.22909999999999,5.736500000000007,51.127819548872175
638,144.89660000000003,5.013699999999972,58.64661654135338
639,118.34259999999995,7.8189000000000135,53.383458646616546
640,119.6973000000001,7.431700000000006,50.37593984962406
641,120.71929999999998,13.421800000000019,52.63157894736842
642,118.32729999999995,8.256400000000014,48.87218045112782
643,146.3041,6.576000000000022,52.63157894736842
644,133.7845,11.089799999999997,48.87218045112782
645,115.0481,14.789000000000001,54.13533834586466
646,95.99219999999997,10.250299999999982,51.127819548872175
647,100.24600000000001,8.42100000000005,47.368421052631575
648,150.62319999999994,7.62439999999998,59.3984962406015
649,125.06169999999995,7.503999999999991,48.87218045112782
650,141.25439999999998,8.34790000000001,51.127819548872175
651,108.30460000000002,6.159300000000002,51.127819548872175
652,156.66819999999996,6.1825000000000045,57.89473684210527
653,122.90379999999996,4.059000000000026,52.63157894736842
654,132.2928,6.646200000000022,50.37593984962406
655,99.32099999999997,12.139600000000002,48.1203007518797
656,146.62440000000007,3.6715999999999838,54.88721804511278
657,97.8434,7.911599999999993,45.11278195488722
658,151.9055,5.770899999999983,60.150375939849624
659,122.73490000000004,6.3434999999999775,51.8796992481203
660,114.91039999999992,9.422200000000032,49.62406015037594
661,120.23079999999999,5.585800000000006,51.127819548872175
662,127.36119999999988,5.429400000000001,50.37593984962406
663,105.21480000000003,9.760899999999992,48.1203007518797
664,162.74439999999998,5.841300000000004,55.639097744360896
665,94.9588,12.340000000000003,47.368421052631575
666,134.05410000000003,8.20150000000001,52.63157894736842
667,115.04159999999993,8.177599999999998,51.8796992481203
668,117.17880000000002,8.38470000000001,51.8796992481203
669,111.04629999999995,11.283999999999992,49.62406015037594
670,156.86470000000003,8.072299999999998,55.639097744360896
671,126.26319999999998,7.990399999999994,49.62406015037594
672,131.02920000000012,9.47769999999997,55.639097744360896
673,108.32769999999996,9.757800000000003,45.11278195488722
674,110.94199999999998,13.76469999999999,46.616541353383454
675,131.66740000000001,6.511099999999999,47.368421052631575
676,111.1046,4.1392999999999915,54.88721804511278
677,86.612,9.009899999999988,48.87218045112782
678,82.8089,9.168599999999998,45.11278195488722
679,113.23420000000004,8.687600000000003,50.37593984962406
680,112.73199999999991,20.778300000000087,49.62406015037594
681,144.5482999999999,8.236199999999997,54.13533834586466
682,101.20870000000002,5.159300000000002,49.62406015037594
683,99.36679999999998,9.109499999999997,51.127819548872175
684,118.17849999999999,8.287599999999998,54.13533834586466
685,162.0628999999999,6.018700000000024,54.13533834586466
686,121.45459999999994,8.1841,53.383458646616546
687,123.24189999999999,6.865600000000001,54.88721804511278
688,120.16209999999998,7.0239999999999725,52.63157894736842
689,182.31809999999996,6.737000000000023,58.64661654135338
690,111.94169999999997,8.62899999999999,51.8796992481203
691,100.1447,6.524399999999986,50.37593984962406
692,82.27060000000006,7.405199999999994,45.11278195488722
693,141.3813,11.124199999999973,53.383458646616546
694,102.27509999999995,7.151900000000012,50.37593984962406
695,115.2183,5.976399999999984,47.368421052631575
696,174.45530000000008,5.962799999999987,56.390977443609025
697,71.82950000000002,7.465499999999992,45.11278195488722
698,133.8556999999999,8.442399999999992,55.639097744360896
699,145.88110000000003,3.900599999999997,54.88721804511278
700,157.67830000000004,5.803200000000004,55.639097744360896
701,126.46539999999993,3.6070000000000277,56.390977443609025
702,130.43000000000004,6.046199999999999,51.127819548872175
703,126.0231,9.426900000000018,52.63157894736842
704,126.06549999999999,7.312999999999988,51.8796992481203
705,89.9521,7.072599999999994,48.1203007518797
706,167.1359000000001,4.019499999999994,58.64661654135338
707,102.59699999999998,5.031800000000004,47.368421052631575
708,133.0527,9.049500000000023,48.87218045112782
709,136.04610000000008,11.595699999999994,50.37593984962406
710,86.12090000000003,11.4418,47.368421052631575
711,79.54680000000002,8.234800000000007,46.616541353383454
712,134.5949,8.31019999999998,54.13533834586466
713,122.4855,9.65470000000002,54.13533834586466
714,119.30499999999995,4.9619,50.37593984962406
715,178.6123,6.0359000000000265,62.40601503759399
716,161.65279999999996,5.275899999999979,57.14285714285714
717,125.47939999999994,6.258200000000002,48.87218045112782
718,125.93100000000004,5.220199999999977,50.37593984962406
719,119.9427,5.469500000000011,51.127819548872175
720,112.20570000000004,9.141199999999998,48.87218045112782
721,121.31409999999994,9.481799999999993,56.390977443609025
722,119.31049999999993,6.333100000000002,51.127819548872175
723,104.21419999999995,10.435299999999984,46.616541353383454
724,124.96550000000002,9.751100000000008,51.127819548872175
725,67.6877,6.904899999999998,47.368421052631575
726,93.35140000000001,4.373500000000007,47.368421052631575
727,185.92840000000007,11.9418,51.127819548872175
728,102.19699999999997,18.641100000000023,49.62406015037594
729,92.59980000000002,9.412000000000006,50.37593984962406
730,126.4186,8.1952,53.383458646616546
731,98.35490000000001,7.905499999999989,48.87218045112782
732,121.3098,5.12469999999999,53.383458646616546
733,149.31579999999997,5.288100000000043,57.89473684210527
734,105.19899999999998,8.208699999999993,48.1203007518797
735,131.7836,8.74690000000001,51.8796992481203
736,111.0498,5.438299999999998,51.127819548872175
737,97.90699999999998,6.012499999999989,47.368421052631575
738,137.2876,4.586400000000026,50.37593984962406
739,139.8766,6.323500000000024,54.13533834586466
740,121.0455,8.752899999999983,51.127819548872175
741,123.1363,14.050200000000018,51.8796992481203
742,71.91829999999993,8.905200000000036,47.368421052631575
743,104.3322,6.649100000000004,47.368421052631575
744,152.69859999999997,7.474700000000041,54.88721804511278
745,92.93670000000003,5.672499999999999,45.11278195488722
746,131.49389999999997,6.408000000000001,55.639097744360896
747,96.0238,8.99369999999999,46.616541353383454
748,125.14359999999994,7.5224999999999795,48.1203007518797
749,119.3671,4.815500000000014,48.87218045112782
750,121.85649999999998,6.4709,50.37593984962406
751,118.86459999999994,11.800499999999971,51.8796992481203
752,102.03269999999998,10.570499999999996,48.87218045112782
753,109.29329999999999,10.992300000000014,52.63157894736842
754,88.75150000000002,8.173000000000002,45.11278195488722
755,139.47499999999997,5.592700000000008,50.37593984962406
756,86.31560000000002,8.716700000000003,44.3609022556391
757,153.99429999999992,4.522999999999996,55.639097744360896
758,113.85579999999999,4.943799999999996,51.127819548872175
759,128.07720000000003,5.8613,48.1203007518797
760,78.30880000000002,10.722199999999987,47.368421052631575
761,139.56219999999993,5.135900000000021,52.63157894736842
762,171.25219999999996,7.176200000000023,59.3984962406015
763,128.13759999999996,6.522500000000008,49.62406015037594
764,157.64240000000007,6.944699999999997,54.13533834586466
765,124.13459999999998,5.430700000000002,52.63157894736842
766,89.54449999999997,7.095000000000013,43.609022556390975
767,104.66929999999999,7.632099999999994,48.1203007518797
768,105.69950000000003,10.964399999999998,47.368421052631575
769,110.81109999999995,7.756500000000003,48.87218045112782
770,114.14959999999996,13.295599999999993,51.8796992481203
771,119.90639999999996,6.7934999999999945,50.37593984962406
772,106.26879999999997,7.659500000000008,48.87218045112782
773,97.87290000000002,9.530399999999986,51.127819548872175
774,128.35309999999998,9.303699999999992,51.8796992481203
775,118.01620000000003,12.073099999999982,48.87218045112782
776,131.71349999999995,7.180000000000007,51.127819548872175
777,123.85639999999995,6.209299999999985,51.8796992481203
778,169.3098,9.4683,56.390977443609025
779,107.15159999999997,8.736699999999999,49.62406015037594
780,138.2588,4.309100000000029,52.63157894736842
781,123.68010000000004,13.789000000000016,49.62406015037594
782,76.73449999999997,8.414299999999997,42.857142857142854
783,98.23879999999997,4.676000000000016,49.62406015037594
784,124.44029999999998,8.135500000000036,53.383458646616546
785,122.70209999999997,6.161100000000005,53.383458646616546
786,118.76639999999992,13.072999999999979,45.86466165413533
787,147.80659999999997,7.647099999999995,54.88721804511278
788,173.71669999999995,9.194800000000043,58.64661654135338
789,81.87179999999995,5.790800000000004,47.368421052631575
790,100.33929999999998,8.078800000000001,49.62406015037594
791,113.53469999999999,8.195300000000003,52.63157894736842
792,87.42450000000002,9.782000000000039,45.86466165413533
793,117.41429999999994,5.896500000000003,49.62406015037594
794,121.38400000000001,5.780599999999993,48.87218045112782
795,130.41860000000008,5.448600000000027,48.1203007518797
796,98.76649999999998,6.7087999999999965,50.37593984962406
797,113.93240000000003,7.982899999999972,51.8796992481203
798,95.22659999999999,11.468500000000006,42.10526315789473
799,99.72650000000004,5.920400000000001,48.1203007518797
800,138.5245,9.188800000000015,56.390977443609025
801,148.65470000000008,8.770199999999988,57.89473684210527
802,82.84069999999997,13.3082,44.3609022556391
803,87.15339999999998,8.289500000000004,51.127819548872175
804,116.32129999999998,9.97780000000003,51.8796992481203
805,129.17649999999995,6.437799999999996,46.616541353383454
806,125.55399999999997,6.3643,54.88721804511278
807,101.23449999999994,7.4184999999999945,49.62406015037594
808,115.23689999999993,4.218500000000006,46.616541353383454
809,75.79319999999996,8.689699999999988,46.616541353383454
810,131.9586,4.251699999999971,49.62406015037594
811,93.92280000000002,9.671500000000009,44.3609022556391
812,106.47629999999998,6.5808999999999855,49.62406015037594
813,108.09280000000001,11.0899,46.616541353383454
814,121.22629999999998,5.449699999999993,50.37593984962406
815,145.65550000000002,8.232699999999994,52.63157894736842
816,115.45390000000003,8.085099999999997,45.11278195488722
817,133.30950000000004,6.235299999999995,52.63157894736842
818,150.63190000000006,6.050699999999978,54.13533834586466
819,134.19670000000002,5.509199999999993,51.127819548872175
820,107.95920000000001,9.576300000000003,54.13533834586466
821,132.01090000000002,7.430500000000023,57.14285714285714
822,158.6716,6.540699999999987,57.89473684210527
823,102.18539999999999,7.706099999999992,52.63157894736842
824,124.32070000000004,10.529899999999998,52.63157894736842
825,147.5811999999999,7.51320000000004,53.383458646616546
826,99.73939999999999,6.857300000000009,47.368421052631575
827,110.18609999999998,7.517000000000024,39.849624060150376
828,107.81609999999998,6.153399999999976,47.368421052631575
829,102.8288,7.21990000000001,45.11278195488722
830,126.15559999999994,5.246600000000001,56.390977443609025
831,151.01270000000002,4.8585000000000065,54.88721804511278
832,147.34099999999995,9.12560000000002,55.639097744360896
833,116.23610000000002,12.758499999999998,48.87218045112782
834,107.5917,5.7930999999999955,50.37593984962406
835,140.89270000000005,10.019300000000015,54.88721804511278
836,93.01309999999998,8.771799999999999,51.8796992481203
837,125.69430000000006,6.6617999999999995,48.1203007518797
838,101.82680000000002,5.0630999999999915,50.37593984962406
839,138.932,5.720899999999972,59.3984962406015
840,120.19179999999994,6.170600000000007,52.63157894736842
841,107.50540000000001,9.264599999999973,48.1203007518797
842,93.24969999999999,5.780599999999993,46.616541353383454
843,117.1183999999999,6.6113,44.3609022556391
844,117.72259999999994,6.473600000000033,49.62406015037594
845,155.7796,4.841300000000018,54.13533834586466
846,92.48109999999994,7.63539999999999,47.368421052631575
847,69.34189999999998,12.2577,42.857142857142854
848,97.41650000000004,9.305599999999998,46.616541353383454
849,147.60319999999993,4.3827,59.3984962406015
850,96.95139999999992,10.017899999999997,45.86466165413533
851,131.11739999999995,8.788700000000006,54.13533834586466
852,109.12169999999995,9.253200000000007,49.62406015037594
853,157.09699999999998,4.56940000000003,61.65413533834586
854,94.34829999999994,12.188700000000011,47.368421052631575
855,136.42550000000006,5.616700000000037,53.383458646616546
856,109.94019999999989,7.2327999999999975,46.616541353383454
857,141.12030000000007,4.288199999999989,56.390977443609025
858,94.9897,10.123799999999989,45.86466165413533
859,114.11749999999998,4.83880000000002,51.8796992481203
860,96.24729999999994,10.504399999999976,48.1203007518797
861,150.7407,8.458799999999997,51.127819548872175
862,86.33879999999999,6.715500000000006,49.62406015037594
863,86.6277,11.290899999999965,39.097744360902254
864,136.32760000000002,10.444000000000017,52.63157894736842
865,121.32459999999998,8.245499999999993,54.88721804511278
866,98.61720000000003,8.851700000000022,44.3609022556391
867,103.93059999999997,6.482900000000029,45.11278195488722
868,105.78879999999998,14.747800000000012,45.11278195488722
869,67.19050000000001,11.677999999999997,38.34586466165413
870,74.46050000000002,7.194299999999998,49.62406015037594
871,140.78380000000007,4.762499999999989,54.88721804511278
872,85.22479999999999,10.100400000000008,44.3609022556391
873,134.65830000000003,8.730299999999943,56.390977443609025
874,138.646,5.7616999999999905,54.88721804511278
875,112.51190000000003,6.331699999999984,51.127819548872175
876,61.28309999999999,10.394800000000004,38.34586466165413
877,121.68220000000002,6.149100000000004,51.8796992481203
878,139.19130000000004,10.520800000000008,51.127819548872175
879,121.09819999999996,5.969200000000001,48.1203007518797
880,148.83350000000004,10.258100000000013,51.127819548872175
881,180.31830000000002,5.958099999999973,55.639097744360896
882,103.91330000000005,4.8125,47.368421052631575
883,89.69619999999995,7.1226999999999805,50.37593984962406
884,146.24620000000004,5.874599999999987,57.14285714285714
885,104.23519999999996,7.53400000000002,51.8796992481203
886,112.34849999999994,7.308700000000016,48.1203007518797
887,98.79439999999997,12.022400000000005,47.368421052631575
888,98.45329999999996,12.002399999999994,45.86466165413533
889,101.27079999999995,12.626300000000015,43.609022556390975
890,129.56650000000002,7.9036000000000115,56.390977443609025
891,98.07709999999997,7.8962999999999965,42.10526315789473
892,130.82859999999997,7.647600000000011,48.87218045112782
893,125.5566,8.981099999999998,55.639097744360896
894,95.87209999999996,9.540199999999999,45.86466165413533
895,104.49109999999996,4.720199999999991,48.1203007518797
896,113.97349999999994,6.325999999999993,45.86466165413533
897,94.6175,18.452199999999948,54.13533834586466
898,105.16709999999995,7.341700000000003,44.3609022556391
899,114.25380000000001,6.552399999999977,46.616541353383454
900,107.5359,4.854299999999995,45.86466165413533
901,130.16009999999994,8.639499999999998,48.1203007518797
902,106.94249999999988,6.975899999999996,48.1203007518797
903,56.36059999999998,13.685300000000012,44.3609022556391
904,105.32339999999999,9.065799999999996,47.368421052631575
905,89.29089999999997,6.893499999999989,40.6015037593985
906,71.44469999999995,9.006500000000045,50.37593984962406
907,118.98859999999999,9.59450000000001,50.37593984962406
908,114.49620000000004,7.441500000000005,50.37593984962406
909,187.3857000000001,5.467099999999988,66.9172932330827
910,90.02450000000002,8.116299999999995,46.616541353383454
911,127.13309999999996,10.94410000000002,48.87218045112782
912,131.62200000000004,5.977399999999989,51.127819548872175
913,82.22980000000001,10.154899999999998,43.609022556390975
914,101.0947999999999,5.743799999999993,49.62406015037594
915,128.43449999999996,12.951300000000003,48.1203007518797
916,85.7482,6.001199999999983,46.616541353383454
917,110.71790000000001,7.788599999999974,50.37593984962406
918,106.59789999999998,7.970799999999997,52.63157894736842
919,138.25769999999997,5.438600000000008,53.383458646616546
920,62.99119999999999,11.625,44.3609022556391
921,110.35629999999998,7.166300000000007,46.616541353383454
922,101.15300000000002,12.261300000000006,49.62406015037594
923,81.1241,11.040499999999994,47.368421052631575
924,72.6791,6.684400000000011,43.609022556390975
925,156.0729,6.232099999999974,53.383458646616546
926,91.11090000000002,13.244499999999988,50.37593984962406
927,92.21600000000001,18.129199999999997,46.616541353383454
928,133.72880000000006,4.863900000000001,54.88721804511278
929,114.9316,11.684899999999999,45.86466165413533
930,92.54649999999998,6.8589000000000055,48.1203007518797
931,97.00519999999995,11.16240000000002,48.87218045112782
932,136.11720000000005,6.543399999999991,54.88721804511278
933,130.47499999999997,4.409499999999994,53.383458646616546
934,75.86859999999999,11.539600000000007,43.609022556390975
935,98.18040000000002,6.856599999999986,47.368421052631575
936,96.98889999999994,12.114600000000024,46.616541353383454
937,126.17479999999995,8.025999999999982,54.13533834586466
938,108.35159999999996,6.5566000000000315,48.1203007518797
939,101.75009999999997,8.188099999999991,46.616541353383454
940,128.69349999999997,12.226399999999984,48.87218045112782
941,118.18219999999991,7.238499999999988,51.127819548872175
942,102.53859999999997,9.451399999999992,54.13533834586466
943,115.79719999999998,6.313100000000006,45.86466165413533
944,113.2133,8.541600000000017,49.62406015037594
945,125.79839999999996,3.754199999999969,53.383458646616546
946,101.20649999999995,7.869599999999991,51.8796992481203
947,165.98590000000002,5.959299999999999,56.390977443609025
948,132.99860000000007,7.509099999999961,57.89473684210527
949,103.27640000000002,9.680099999999982,48.1203007518797
950,131.02709999999996,8.592300000000023,51.8796992481203
951,119.48849999999999,7.155000000000001,51.127819548872175
952,125.92689999999999,6.736999999999995,46.616541353383454
953,81.15859999999998,6.287800000000004,45.11278195488722
954,146.16690000000003,6.47150000000002,53.383458646616546
955,152.92090000000007,6.908199999999965,56.390977443609025
956,100.27969999999999,5.759400000000028,46.616541353383454
957,94.41940000000002,6.840600000000023,45.11278195488722
958,101.30780000000001,6.308900000000023,51.127819548872175
959,124.97700000000003,5.8896000000000015,49.62406015037594
960,96.59570000000002,8.144100000000037,50.37593984962406
961,91.2507,15.5561,42.10526315789473
962,165.04390000000012,4.485799999999998,54.13533834586466
963,107.14059999999998,6.078399999999988,48.87218045112782
964,121.42439999999993,4.806900000000013,50.37593984962406
965,90.20899999999997,8.581199999999995,44.3609022556391
966,120.51519999999994,5.585500000000025,47.368421052631575
967,150.13229999999996,8.377400000000023,51.8796992481203
968,141.43179999999998,5.395499999999998,51.127819548872175
969,102.91809999999995,9.360099999999989,48.1203007518797
970,133.66799999999992,3.992999999999995,48.87218045112782
971,97.11089999999996,9.392200000000003,45.11278195488722
972,119.71089999999998,8.756199999999978,50.37593984962406
973,131.4491,12.354300000000023,45.86466165413533
974,78.50580000000002,14.448599999999999,51.8796992481203
975,105.21119999999996,8.913700000000006,48.87218045112782
976,142.32059999999998,4.2409999999999854,52.63157894736842
977,91.80080000000004,11.700400000000002,46.616541353383454
978,97.26069999999999,9.736799999999988,48.1203007518797
979,107.19219999999996,5.58310000000003,50.37593984962406
980,153.94440000000003,4.505899999999997,58.64661654135338
981,99.517,8.918300000000002,45.11278195488722
982,85.55860000000001,6.046099999999996,43.609022556390975
983,79.83509999999995,7.608200000000011,46.616541353383454
984,112.26700000000002,4.685099999999977,48.1203007518797
985,103.34870000000001,9.955799999999996,49.62406015037594
986,141.15229999999997,9.870599999999996,51.8796992481203
987,130.2363,7.417200000000008,51.127819548872175
988,143.85439999999997,4.330299999999994,54.13533834586466
989,133.48809999999997,7.531899999999993,56.390977443609025
990,145.17679999999993,8.589300000000037,51.127819548872175
991,112.84669999999991,8.008100000000013,51.127819548872175
992,117.36649999999995,9.076300000000003,54.13533834586466
993,124.91730000000001,6.361999999999966,49.62406015037594
994,84.77869999999999,8.515000000000043,45.11278195488722
995,156.50260000000003,5.8951999999999884,54.88721804511278
996,147.7374999999999,4.363799999999998,53.383458646616546
997,116.39349999999996,8.913999999999987,53.383458646616546
998,90.0136,10.781299999999987,42.10526315789473
999,137.36999999999998,8.515300000000025,53.383458646616546
1000,117.77020000000002,6.356299999999976,42.10526315789473
1001,89.34689999999998,15.127100000000041,47.368421052631575
1002,66.16469999999998,7.44789999999999,42.857142857142854
1003,144.13500000000008,4.2509000000000015,52.63157894736842
1004,144.64120000000003,5.823499999999996,48.1203007518797
1005,122.69689999999997,7.633499999999998,53.383458646616546
1006,133.99029999999996,7.2786000000000115,51.8796992481203
1007,116.21919999999994,7.881700000000009,48.1203007518797
1008,138.57470000000006,7.370400000000018,53.383458646616546
1009,71.82350000000002,8.806700000000006,39.849624060150376
1010,84.85049999999995,15.053899999999999,45.86466165413533
1011,124.25199999999995,6.639099999999999,50.37593984962406
1012,111.0529,6.448499999999996,50.37593984962406
1013,133.90419999999997,8.167599999999993,50.37593984962406
1014,168.68780000000004,6.93719999999999,56.390977443609025
1015,157.4864,9.205500000000029,52.63157894736842
1016,120.74099999999996,8.476600000000005,48.87218045112782
1017,125.15510000000006,10.516900000000021,51.127819548872175
1018,114.86789999999996,8.319900000000004,46.616541353383454
1019,129.34109999999995,4.438300000000027,51.8796992481203
1020,124.36710000000002,9.300999999999988,49.62406015037594
1021,176.45289999999994,5.837299999999999,56.390977443609025
1022,110.4076,7.852599999999995,45.86466165413533
1023,72.15559999999996,12.067900000000037,42.857142857142854
1024,120.50739999999996,5.716900000000038,48.87218045112782
1025,138.44329999999994,6.373500000000007,48.1203007518797
1026,104.23380000000003,7.50079999999997,46.616541353383454
1027,126.64260000000004,8.57419999999999,51.8796992481203
1028,134.541,4.837499999999977,52.63157894736842
1029,128.64949999999993,5.4365999999999985,53.383458646616546
1030,131.54319999999998,8.7269,51.127819548872175
1031,92.23359999999997,22.692999999999984,45.11278195488722
1032,114.55939999999998,10.582700000000003,46.616541353383454
1033,95.50739999999996,8.157299999999992,56.390977443609025
1034,92.33519999999996,7.735899999999987,47.368421052631575
1035,141.55989999999997,8.39730000000003,52.63157894736842
1036,88.42879999999997,10.769600000000025,48.87218045112782
1037,135.17349999999996,7.05619999999999,48.87218045112782
1038,127.06789999999998,7.562399999999997,48.87218045112782
1039,111.40779999999998,7.794200000000018,45.11278195488722
1040,114.45409999999998,8.041500000000013,48.87218045112782
1041,106.76159999999999,8.433699999999988,51.127819548872175
1042,148.0469,9.346299999999985,48.87218045112782
1043,133.54390000000006,7.1457999999999515,55.639097744360896
1044,111.43860000000001,7.027200000000022,48.1203007518797
1045,86.64209999999997,7.600300000000004,42.857142857142854
1046,98.3126,10.000399999999985,47.368421052631575
1047,123.8109,8.194299999999998,52.63157894736842
1048,115.6429,6.081800000000015,50.37593984962406
1049,114.22370000000001,10.36140000000006,48.1203007518797
1050,108.91449999999998,10.526200000000017,49.62406015037594
1051,128.53689999999992,7.618499999999983,53.383458646616546
1052,126.20739999999995,13.66210000000001,51.127819548872175
1053,116.57979999999998,7.212999999999994,46.616541353383454
1054,72.86940000000004,7.174299999999988,44.3609022556391
1055,104.19849999999997,16.29770000000002,46.616541353383454
1056,133.17770000000002,8.383399999999995,53.383458646616546
1057,99.20769999999993,8.482500000000002,51.127819548872175
1058,157.25329999999997,8.309799999999996,57.14285714285714
1059,140.46849999999998,6.414100000000019,49.62406015037594
1060,140.213,8.41980000000001,54.13533834586466
1061,151.70679999999996,7.115100000000012,53.383458646616546
1062,102.28180000000003,9.94120000000001,51.8796992481203
1063,141.2802,4.805399999999992,46.616541353383454
1064,113.76709999999997,9.589799999999997,51.127819548872175
1065,126.66939999999997,10.85730000000001,51.127819548872175
1066,111.80970000000002,5.876000000000033,50.37593984962406
1067,128.7618,5.857400000000013,49.62406015037594
1068,98.85739999999998,8.804699999999983,48.1203007518797
1069,144.69990000000004,4.559100000000001,56.390977443609025
1070,110.05369999999994,5.994800000000026,51.8796992481203
1071,132.2884,6.53540000000001,51.127819548872175
1072,93.81280000000001,13.560400000000016,42.857142857142854
1073,99.87239999999997,10.754100000000022,49.62406015037594
1074,114.94580000000002,7.229699999999994,54.88721804511278
1075,120.51419999999996,8.08189999999999,53.383458646616546
1076,127.83559999999997,7.709900000000005,51.127819548872175
1077,175.10570000000007,6.219599999999986,59.3984962406015
1078,126.07989999999995,9.64070000000001,53.383458646616546
1079,104.12489999999997,10.253100000000018,47.368421052631575
1080,111.04019999999991,6.563999999999993,48.87218045112782
1081,134.636,4.977399999999989,48.1203007518797
1082,141.06660000000002,5.528999999999996,51.8796992481203
1083,118.17219999999998,6.732600000000005,54.88721804511278
1084,112.92470000000003,7.450199999999995,45.86466165413533
1085,138.31679999999997,6.713400000000007,56.390977443609025
1086,102.09300000000002,6.9898000000000025,46.616541353383454
1087,96.70040000000003,11.487300000000005,43.609022556390975
1088,142.72649999999996,4.824399999999997,57.14285714285714
1089,65.51499999999999,11.12360000000001,43.609022556390975
1090,123.96709999999999,5.337999999999994,47.368421052631575
1091,81.19039999999995,10.533100000000019,44.3609022556391
1092,85.43069999999994,8.713300000000032,44.3609022556391
1093,63.14839999999998,8.939499999999995,44.3609022556391
1094,123.46489999999997,4.95150000000001,50.37593984962406
1095,155.86149999999992,5.115100000000012,54.13533834586466
1096,89.78799999999995,17.552400000000006,43.609022556390975
1097,116.91730000000001,5.347500000000025,57.14285714285714
1098,89.61129999999997,9.778099999999995,49.62406015037594
1099,126.69729999999998,9.718199999999996,48.1203007518797
1100,80.8981,9.623000000000005,44.3609022556391
1101,121.1429,7.66579999999999,51.127819548872175
1102,131.5539,8.499299999999977,52.63157894736842
1103,116.27709999999996,6.3510000000000275,52.63157894736842
1104,111.20729999999998,7.742500000000007,47.368421052631575
1105,146.4167999999999,11.4328,54.13533834586466
1106,162.54250000000008,6.142600000000016,54.13533834586466
1107,91.70599999999999,5.5837999999999965,48.1203007518797
1108,158.39529999999996,8.147899999999993,55.639097744360896
1109,115.64669999999995,8.404899999999998,51.127819548872175
1110,120.52529999999996,4.3694999999999595,48.1203007518797
1111,135.6615,5.604499999999973,54.13533834586466
1112,169.9849999999999,4.0195999999999685,57.89473684210527
1113,75.97969999999995,8.618799999999993,38.34586466165413
1114,102.59999999999997,8.672499999999985,51.127819548872175
1115,134.21,9.013500000000008,51.127819548872175
1116,89.82660000000004,14.44059999999999,45.11278195488722
1117,102.8983,9.547100000000029,50.37593984962406
1118,106.43989999999991,13.3476,51.127819548872175
1119,101.71039999999994,9.11669999999998,44.3609022556391
1120,164.5313,4.045800000000014,56.390977443609025
1121,148.88640000000004,10.075199999999967,51.8796992481203
1122,156.09880000000004,6.961599999999976,54.13533834586466
1123,123.05100000000002,4.843199999999996,51.8796992481203
1124,95.22059999999999,12.948000000000008,47.368421052631575
1125,116.34069999999997,10.268399999999986,50.37593984962406
1126,171.66869999999994,5.983199999999982,57.89473684210527
1127,85.36520000000002,9.8202,48.87218045112782
1128,101.49079999999998,7.9973999999999705,43.609022556390975
1129,191.36599999999999,5.517700000000019,60.150375939849624
1130,88.1362,8.9482,46.616541353383454
1131,115.10709999999995,7.577300000000037,54.88721804511278
1132,132.33759999999998,6.887999999999977,50.37593984962406
1133,103.96189999999996,9.33019999999999,44.3609022556391
1134,81.9608,11.143400000000014,49.62406015037594
1135,129.07269999999997,7.305099999999982,48.1203007518797
1136,112.58399999999997,12.16719999999998,47.368421052631575
1137,110.0933,9.388500000000022,48.87218045112782
1138,144.36609999999996,6.394900000000007,53.383458646616546
1139,122.45019999999994,7.672499999999999,51.8796992481203
1140,119.54050000000001,6.765100000000004,50.37593984962406
1141,80.16199999999992,11.631700000000023,44.3609022556391
1142,150.88629999999998,13.500900000000001,49.62406015037594
1143,112.79519999999997,7.654899999999998,48.87218045112782
1144,133.75459999999995,5.547699999999992,50.37593984962406
1145,91.82990000000001,14.865000000000009,48.1203007518797
1146,118.01819999999992,8.850300000000004,47.368421052631575
1147,146.5854,9.2821,54.13533834586466
1148,146.33009999999996,5.624899999999997,51.127819548872175
1149,106.64970000000002,10.122799999999984,51.127819548872175
1150,143.8176999999999,6.233499999999992,57.89473684210527
1151,83.03159999999997,8.337500000000006,42.857142857142854
1152,170.37069999999994,5.393100000000004,54.88721804511278
1153,135.69829999999996,10.599500000000006,48.87218045112782
1154,143.64089999999996,8.5856,49.62406015037594
1155,140.57870000000003,7.036299999999983,53.383458646616546
1156,106.56890000000004,6.4254999999999995,47.368421052631575
1157,55.38389999999998,9.546400000000006,40.6015037593985
1158,123.78109999999998,4.7660999999999945,47.368421052631575
1159,124.73609999999996,7.09729999999999,51.8796992481203
1160,97.93099999999993,10.094600000000014,48.1203007518797
1161,128.88769999999994,10.189900000000023,49.62406015037594
1162,147.45659999999995,6.241500000000002,51.127819548872175
1163,128.5155,6.353600000000029,54.13533834586466
1164,121.68620000000004,9.975399999999993,51.127819548872175
1165,83.56629999999998,10.689999999999998,46.616541353383454
1166,104.5324,5.962700000000012,54.13533834586466
1167,156.83069999999998,9.553300000000007,55.639097744360896
1168,118.12170000000003,6.231899999999996,50.37593984962406
1169,93.78519999999997,6.678399999999996,50.37593984962406
1170,123.23689999999999,4.519800000000032,48.87218045112782
1171,144.33819999999997,7.641200000000012,56.390977443609025
1172,128.53990000000002,5.901500000000027,48.87218045112782
1173,133.91709999999995,7.63119999999995,53.383458646616546
1174,138.4255,6.206699999999984,54.13533834586466
1175,143.1774,9.82480000000001,48.87218045112782
1176,89.48479999999995,11.17949999999999,43.609022556390975
1177,173.6304,5.564400000000006,60.902255639097746
1178,137.62359999999995,6.5978999999999814,49.62406015037594
1179,103.81639999999999,5.1524,51.8796992481203
1180,95.63000000000002,5.750200000000007,48.1203007518797
1181,97.42800000000003,8.562000000000012,45.86466165413533
1182,124.41869999999989,6.950300000000027,52.63157894736842
1183,105.31009999999992,9.281100000000038,46.616541353383454
1184,118.17159999999996,5.263499999999993,51.8796992481203
1185,137.03989999999993,7.17919999999998,51.8796992481203
1186,132.9503,7.1025000000000205,50.37593984962406
1187,138.81050000000008,5.911600000000021,51.8796992481203
1188,62.662999999999954,12.18980000000002,42.10526315789473
1189,154.48019999999994,5.5837999999999965,51.8796992481203
1190,141.19009999999997,5.145200000000017,55.639097744360896
1191,114.00589999999994,6.07759999999999,46.616541353383454
1192,134.97919999999996,9.513599999999968,45.86466165413533
1193,103.31560000000005,10.471000000000004,49.62406015037594
1194,143.15810000000005,5.78670000000001,55.639097744360896
1195,74.40280000000001,8.376599999999996,43.609022556390975
1196,70.43099999999998,20.258899999999997,46.616541353383454
1197,147.12060000000002,5.040999999999997,55.639097744360896
1198,162.43990000000008,4.503799999999984,54.88721804511278
1199,121.81100000000004,6.209299999999999,49.62406015037594
1200,88.6865,10.143699999999995,49.62406015037594
1201,136.26559999999998,5.978499999999997,51.127819548872175
1202,81.38529999999997,7.264499999999998,45.11278195488722
1203,156.33270000000005,6.341800000000006,51.127819548872175
1204,113.32389999999992,7.018100000000004,48.87218045112782
1205,118.02460000000002,6.024599999999992,51.127819548872175
1206,137.53140000000008,5.957099999999997,52.63157894736842
1207,117.8229,10.7346,50.37593984962406
1208,111.90890000000002,7.026199999999989,47.368421052631575
1209,103.51770000000005,11.353499999999997,45.86466165413533
1210,119.30429999999998,6.909400000000005,56.390977443609025
1211,147.14179999999996,6.596100000000007,58.64661654135338
1212,122.47649999999999,4.0371000000000095,55.639097744360896
1213,148.47130000000004,7.423099999999977,54.88721804511278
1214,94.24999999999994,7.1077000000000226,45.11278195488722
1215,149.91250000000008,7.270500000000013,57.14285714285714
1216,141.32170000000002,4.988399999999984,57.14285714285714
1217,124.52969999999999,12.784200000000013,55.639097744360896
1218,120.69219999999996,10.417200000000008,45.86466165413533
1219,110.69819999999999,8.872500000000002,49.62406015037594
1220,125.8483,7.5645999999999844,51.127819548872175
1221,113.76639999999998,6.653800000000004,49.62406015037594
1222,123.88780000000006,4.381900000000002,54.13533834586466
1223,145.36999999999998,6.030200000000008,51.127819548872175
1224,78.7784,5.977299999999985,45.86466165413533
1225,119.73299999999995,6.631200000000007,46.616541353383454
1226,107.3073,5.867699999999999,53.383458646616546
1227,97.1694,8.479500000000002,48.1203007518797
1228,111.3768,8.4084,48.1203007518797
1229,168.05970000000002,4.265699999999995,55.639097744360896
1230,124.23159999999993,10.125499999999988,50.37593984962406
1231,99.3825,11.847099999999998,52.63157894736842
1232,127.56999999999996,8.214799999999997,47.368421052631575
1233,106.26330000000007,4.6518999999999835,48.87218045112782
1234,96.59960000000001,5.945899999999995,48.1203007518797
1235,118.05529999999999,9.394699999999986,50.37593984962406
1236,156.30630000000002,5.2202000000000055,49.62406015037594
1237,148.82949999999997,4.395600000000002,52.63157894736842
1238,122.87950000000001,6.099900000000005,51.8796992481203
1239,156.49900000000008,8.445899999999995,49.62406015037594
1240,111.5068,8.140500000000003,47.368421052631575
1241,122.1764,8.202300000000008,50.37593984962406
1242,79.63120000000004,10.726799999999969,45.11278195488722
1243,124.30950000000001,5.118099999999998,56.390977443609025
1244,101.51759999999999,10.128799999999998,44.3609022556391
1245,119.71530000000001,4.936700000000002,54.13533834586466
1246,134.82979999999995,7.3688000000000216,49.62406015037594
1247,118.45749999999998,6.036900000000003,51.8796992481203
1248,96.09960000000001,6.764199999999988,49.62406015037594
1249,125.01290000000006,7.814099999999968,56.390977443609025
1250,137.49869999999999,6.7637,55.639097744360896
1251,62.79559999999998,17.828000000000003,40.6015037593985
1252,124.64249999999993,8.247700000000037,50.37593984962406
1253,151.90420000000006,4.843099999999993,57.89473684210527
1254,118.16049999999996,4.973199999999991,52.63157894736842
1255,163.46250000000003,5.393000000000001,55.639097744360896
1256,126.08099999999996,6.931900000000013,48.87218045112782
1257,147.16270000000003,4.675599999999974,56.390977443609025
1258,112.71769999999998,7.186000000000007,48.1203007518797
1259,146.31059999999994,4.502100000000013,57.14285714285714
1260,181.7577,6.165400000000034,60.902255639097746
1261,98.0512,8.172200000000004,50.37593984962406
1262,100.30939999999995,7.846900000000005,46.616541353383454
1263,77.51490000000001,12.869799999999998,40.6015037593985
1264,103.72260000000003,7.546199999999999,45.11278195488722
1265,110.98700000000002,7.45089999999999,53.383458646616546
1266,123.39109999999991,7.958900000000028,45.11278195488722
1267,122.97059999999996,7.641500000000008,50.37593984962406
1268,97.4504,6.9565000000000055,52.63157894736842
1269,116.4683,5.5002999999999815,46.616541353383454
1270,153.00569999999993,5.705999999999989,55.639097744360896
1271,128.15400000000002,7.962700000000012,51.127819548872175
1272,100.51339999999999,6.738100000000017,45.86466165413533
1273,130.89610000000002,7.357200000000006,46.616541353383454
1274,101.64499999999998,5.170000000000002,48.1203007518797
1275,93.35330000000002,5.500500000000002,51.127819548872175
1276,121.61039999999991,8.4606,52.63157894736842
1277,102.65439999999995,7.806899999999999,46.616541353383454
1278,79.46750000000003,14.739599999999996,48.87218045112782
1279,110.9976,8.936199999999985,53.383458646616546
1280,161.0383,8.378,57.14285714285714
1281,82.81359999999995,9.194299999999998,45.86466165413533
1282,94.95529999999997,7.113600000000005,43.609022556390975
1283,120.89710000000002,10.171400000000006,47.368421052631575
1284,111.99680000000006,7.2777999999999565,51.8796992481203
1285,134.63590000000002,4.170199999999994,51.8796992481203
1286,148.94250000000002,5.674499999999966,53.383458646616546
1287,103.16890000000001,8.756799999999998,50.37593984962406
1288,138.40969999999996,5.823499999999996,57.14285714285714
1289,170.27599999999995,7.087900000000047,57.14285714285714
1290,76.53729999999996,10.288499999999999,50.37593984962406
1291,128.10069999999993,7.2427000000000135,48.87218045112782
1292,112.88170000000008,6.281400000000019,46.616541353383454
1293,180.80600000000004,7.0101999999999975,55.639097744360896
1294,130.54820000000004,6.237200000000001,53.383458646616546
1295,103.91230000000002,7.561800000000005,43.609022556390975
1296,128.96189999999999,8.242099999999994,49.62406015037594
1297,166.60810000000004,6.707299999999975,55.639097744360896
1298,94.94319999999999,10.772599999999983,51.8796992481203
1299,150.27600000000004,5.869500000000016,54.13533834586466
1300,121.36249999999995,5.989199999999997,48.1203007518797
1301,206.83170000000007,2.977499999999992,62.40601503759399
1302,151.41259999999997,7.757499999999993,51.8796992481203
1303,91.72849999999994,7.185999999999993,49.62406015037594
1304,150.182,4.998500000000007,52.63157894736842
1305,146.10700000000003,6.63809999999998,58.64661654135338
1306,119.48979999999995,6.486800000000002,49.62406015037594
1307,131.4019,9.808400000000006,51.8796992481203
1308,115.34899999999993,9.022699999999986,52.63157894736842
1309,111.16659999999996,5.937000000000012,50.37593984962406
1310,95.3724,6.831800000000044,46.616541353383454
1311,140.33109999999996,4.886000000000024,45.86466165413533
1312,111.42489999999998,5.182999999999993,50.37593984962406
1313,118.70739999999995,7.812600000000032,46.616541353383454
1314,131.98359999999997,10.891500000000036,54.88721804511278
1315,104.86969999999997,11.390800000000013,51.127819548872175
1316,103.983,5.750499999999988,43.609022556390975
1317,97.5435,6.645600000000002,45.11278195488722
1318,79.95189999999997,8.452499999999986,48.87218045112782
1319,152.44170000000014,4.712500000000006,51.127819548872175
1320,114.22700000000003,7.634900000000002,49.62406015037594
1321,143.65709999999996,5.635099999999994,57.14285714285714
1322,168.63439999999997,6.367599999999982,57.89473684210527
1323,131.48950000000002,8.41840000000002,51.8796992481203
1324,101.6618,7.083700000000007,51.8796992481203
1325,108.61299999999991,5.7745000000000175,47.368421052631575
1326,76.76610000000002,10.064799999999991,41.35338345864661
1327,116.97489999999999,11.691000000000003,51.127819548872175
1328,103.92020000000002,6.351700000000022,49.62406015037594
1329,90.41300000000001,6.231899999999996,49.62406015037594
1330,143.70479999999995,6.656300000000016,51.127819548872175
1331,165.71209999999996,7.751800000000003,51.8796992481203
1332,115.46039999999999,8.409499999999994,50.37593984962406
1333,149.33879999999996,6.187100000000044,57.89473684210527
1334,116.08889999999997,10.31480000000002,55.639097744360896
1335,113.34479999999996,11.0933,47.368421052631575
1336,83.31259999999992,15.160500000000042,45.86466165413533
1337,130.65699999999998,5.2727,51.8796992481203
1338,137.66770000000005,6.094400000000007,48.1203007518797
1339,125.66389999999996,5.178499999999957,52.63157894736842
1340,175.51750000000015,5.800200000000004,57.89473684210527
1341,128.8093,7.117199999999997,50.37593984962406
1342,172.83429999999998,5.499100000000027,53.383458646616546
1343,105.18270000000001,8.802999999999997,49.62406015037594
1344,114.28110000000001,10.978800000000007,47.368421052631575
1345,126.36869999999988,6.054400000000015,46.616541353383454
1346,98.18260000000001,6.491600000000005,48.1203007518797
1347,108.93680000000003,10.617699999999985,51.127819548872175
1348,118.81089999999995,5.997399999999999,49.62406015037594
1349,91.79620000000003,7.1222000000000065,46.616541353383454
1350,176.90269999999998,6.502199999999959,60.902255639097746
1351,92.11670000000004,9.875600000000006,45.86466165413533
1352,98.37729999999999,9.491200000000006,48.87218045112782
1353,146.69400000000007,10.79359999999997,52.63157894736842
1354,165.793,6.9435,52.63157894736842
1355,142.01989999999995,8.344399999999993,58.64661654135338
1356,101.23260000000005,12.750200000000035,46.616541353383454
1357,144.11190000000008,7.11930000000001,59.3984962406015
1358,108.27239999999995,9.620999999999981,48.87218045112782
1359,123.28599999999994,7.4894999999999925,50.37593984962406
1360,107.09189999999998,8.11869999999999,48.87218045112782
1361,134.687,7.873799999999989,49.62406015037594
1362,120.5729,4.791499999999985,50.37593984962406
1363,105.55669999999992,6.592699999999979,45.11278195488722
1364,132.54749999999999,6.144999999999982,51.127819548872175
1365,106.13,6.99369999999999,44.3609022556391
1366,125.62049999999994,7.566200000000009,51.127819548872175
1367,100.15899999999996,10.382000000000005,48.87218045112782
1368,114.06289999999996,9.7791,45.86466165413533
1369,104.55239999999998,12.057300000000026,44.3609022556391
1370,98.81239999999997,11.817900000000009,51.127819548872175
1371,158.46790000000004,5.2572999999999865,53.383458646616546
1372,111.68199999999996,9.298000000000002,45.86466165413533
1373,140.92910000000003,5.669499999999999,50.37593984962406
1374,155.1137000000001,6.519999999999982,53.383458646616546
1375,114.26599999999999,10.109100000000012,51.127819548872175
1376,132.7088,3.942999999999998,54.88721804511278
1377,133.06310000000005,8.12409999999997,46.616541353383454
1378,31.35069999999999,12.57180000000001,36.09022556390977
1379,112.8654,7.7226,51.8796992481203
1380,122.80669999999998,7.360299999999995,52.63157894736842
1381,101.43279999999999,10.84359999999998,47.368421052631575
1382,200.58979999999997,8.98090000000002,61.65413533834586
1383,136.85419999999993,5.555299999999988,50.37593984962406
1384,94.03929999999997,11.825099999999978,45.86466165413533
1385,172.19320000000005,5.344599999999986,57.89473684210527
1386,153.09810000000007,7.053300000000007,54.88721804511278
1387,175.0774,10.395299999999992,59.3984962406015
1388,75.56900000000002,12.253799999999998,43.609022556390975
1389,109.99289999999996,8.747599999999977,45.86466165413533
1390,106.88159999999993,9.506200000000007,47.368421052631575
1391,123.5941,5.009599999999978,53.383458646616546
1392,174.01530000000008,6.940399999999983,55.639097744360896
1393,120.43949999999995,8.232699999999994,50.37593984962406
1394,174.61939999999998,7.1259000000000015,61.65413533834586
1395,125.42689999999996,8.107500000000002,52.63157894736842
1396,81.8382,7.4178,48.1203007518797
1397,105.7038,6.977100000000007,53.383458646616546
1398,152.20980000000006,5.570600000000013,54.88721804511278
1399,166.1187999999999,7.056299999999965,53.383458646616546
1400,140.55260000000007,8.522199999999998,54.13533834586466
1401,135.88249999999994,15.323399999999992,51.8796992481203
1402,122.40810000000005,8.890600000000006,48.87218045112782
1403,97.89589999999995,11.68730000000005,43.609022556390975
1404,102.46360000000001,9.858100000000007,54.13533834586466
1405,99.9042,13.211400000000026,45.11278195488722
1406,136.1462999999999,5.71929999999999,51.8796992481203
1407,118.77459999999991,6.92319999999998,50.37593984962406
1408,79.87019999999995,9.103300000000004,42.10526315789473
1409,122.96609999999995,7.12530000000001,48.87218045112782
1410,103.69569999999999,6.937100000000001,50.37593984962406
1411,137.33939999999993,5.745500000000021,54.13533834586466
1412,78.45660000000007,8.894200000000012,42.857142857142854
1413,112.285,3.7638000000000034,48.1203007518797
1414,127.5702,6.264599999999973,52.63157894736842
1415,119.69369999999998,12.253200000000007,51.8796992481203
1416,117.10629999999992,14.426600000000008,44.3609022556391
1417,107.79129999999998,6.738599999999991,44.3609022556391
1418,98.71379999999999,5.870999999999995,48.87218045112782
1419,130.6045,9.561700000000002,53.383458646616546
1420,144.24240000000006,8.148800000000051,54.88721804511278
1421,88.3509,7.565499999999986,46.616541353383454
1422,109.47230000000002,6.282600000000002,57.14285714285714
1423,103.44369999999998,4.629300000000001,45.11278195488722
1424,115.48589999999999,10.727100000000007,49.62406015037594
1425,147.29969999999994,5.571600000000004,55.639097744360896
1426,122.44999999999999,5.543700000000001,53.383458646616546
1427,117.18149999999994,12.962500000000006,45.11278195488722
1428,125.93519999999995,6.894999999999982,54.13533834586466
1429,125.2602,6.914899999999989,50.37593984962406
1430,147.79269999999994,7.9535999999999945,49.62406015037594
1431,84.43990000000008,9.440100000000001,45.11278195488722
1432,77.55309999999997,7.874799999999993,42.857142857142854
1433,114.81859999999998,14.55940000000001,46.616541353383454
1434,112.65019999999996,5.144800000000004,52.63157894736842
1435,147.88920000000002,4.8870000000000005,56.390977443609025
1436,123.62749999999994,10.847899999999996,54.13533834586466
1437,157.29640000000006,7.043700000000001,58.64661654135338
1438,71.11640000000006,10.718900000000005,45.86466165413533
1439,129.70269999999996,7.1311999999999784,51.127819548872175
1440,104.51529999999997,6.3089999999999975,45.11278195488722
1441,92.14330000000001,6.8308999999999855,49.62406015037594
1442,106.95229999999992,17.18509999999999,48.87218045112782
1443,113.66910000000001,10.870300000000015,52.63157894736842
1444,140.4922999999999,4.830300000000008,51.8796992481203
1445,143.6773,6.754599999999982,53.383458646616546
1446,97.68079999999998,7.804699999999997,49.62406015037594
1447,156.50430000000017,5.320899999999966,56.390977443609025
1448,132.1769,10.146199999999993,53.383458646616546
1449,100.72849999999997,7.820899999999995,46.616541353383454
1450,91.05069999999998,7.998599999999982,45.86466165413533
1451,90.31390000000005,11.291499999999985,47.368421052631575
1452,64.48100000000002,8.71399999999997,39.849624060150376
1453,115.48189999999994,8.313000000000002,48.1203007518797
1454,118.52669999999995,11.520899999999983,51.127819548872175
1455,125.2355,6.703000000000031,51.127819548872175
1456,152.1951000000001,9.652299999999997,52.63157894736842
1457,104.35059999999999,8.7757,42.857142857142854
1458,169.1762,6.208200000000005,51.8796992481203
1459,118.45589999999996,5.728600000000029,46.616541353383454
1460,182.59619999999995,6.836599999999976,58.64661654135338
1461,88.37639999999999,7.378000000000014,43.609022556390975
1462,145.35490000000004,6.084900000000005,50.37593984962406
1463,89.46589999999998,8.989500000000007,48.1203007518797
1464,134.8075,5.989000000000033,51.127819548872175
1465,77.3476,7.478799999999993,41.35338345864661
1466,119.0104,3.8127000000000066,52.63157894736842
1467,135.81199999999998,6.160299999999978,52.63157894736842
1468,141.73610000000002,7.794700000000006,52.63157894736842
1469,67.2533,8.132000000000005,44.3609022556391
1470,71.92790000000002,7.671900000000022,45.11278195488722
1471,129.23279999999994,6.465699999999998,50.37593984962406
1472,131.64789999999996,6.8292,58.64661654135338
1473,129.13750000000002,4.0253999999999905,55.639097744360896
1474,132.2193,6.531900000000007,54.88721804511278
1475,107.29149999999998,7.396899999999988,48.87218045112782
1476,143.28709999999998,5.766199999999998,52.63157894736842
1477,88.9923,8.909300000000002,45.86466165413533
1478,144.71519999999998,6.3944000000000045,51.8796992481203
1479,113.09039999999993,10.08620000000002,48.1203007518797
1480,91.56549999999996,7.748099999999994,46.616541353383454
1481,66.0643,7.48490000000001,45.86466165413533
1482,156.69049999999993,6.099800000000016,58.64661654135338
1483,98.4409,4.92489999999998,48.87218045112782
1484,135.15600000000003,5.136599999999987,51.127819548872175
1485,132.1014,11.226800000000026,56.390977443609025
1486,136.43679999999995,4.830600000000032,52.63157894736842
1487,115.71160000000003,6.975200000000001,48.87218045112782
1488,132.57729999999992,13.163000000000011,52.63157894736842
1489,122.07039999999995,9.167900000000003,47.368421052631575
1490,148.77919999999997,5.1048999999999864,52.63157894736842
1491,117.65120000000002,5.2202000000000055,48.1203007518797
1492,61.891800000000046,13.965499999999992,41.35338345864661
1493,143.29000000000005,8.562700000000007,48.87218045112782
1494,129.76770000000002,9.060100000000034,54.13533834586466
1495,80.35599999999997,8.412500000000009,46.616541353383454
1496,117.03729999999996,7.560100000000006,48.1203007518797
1497,122.3432,9.751500000000007,51.127819548872175
1498,163.9534,6.255600000000001,54.88721804511278
1499,123.36230000000003,9.394199999999984,50.37593984962406
1500,109.048,6.319600000000008,48.87218045112782
1501,107.42119999999994,7.426400000000001,49.62406015037594
1502,95.30000000000001,8.870599999999996,47.368421052631575
1503,133.23770000000002,6.100099999999998,51.127819548872175
1504,99.8863,11.479299999999995,49.62406015037594
1505,83.88950000000006,10.920900000000003,45.11278195488722
1506,99.1481,13.751000000000005,48.1203007518797
1507,88.88589999999999,6.723100000000002,48.87218045112782
1508,104.2201,10.918000000000035,45.11278195488722
1509,102.5444,6.6980000000000075,48.87218045112782
1510,108.45960000000002,8.322900000000004,56.390977443609025
1511,143.38080000000002,7.646900000000002,52.63157894736842
1512,141.04810000000003,7.550600000000003,52.63157894736842
1513,101.33049999999997,8.077800000000025,51.127819548872175
1514,134.0223,6.522600000000011,52.63157894736842
1515,105.91689999999997,6.874799999999993,47.368421052631575
1516,109.305,5.861700000000013,47.368421052631575
1517,112.9411,8.599099999999993,51.8796992481203
1518,172.98739999999998,6.631799999999998,58.64661654135338
1519,88.1257,16.12129999999999,45.86466165413533
1520,90.61019999999996,5.637499999999989,45.86466165413533
1521,148.98839999999993,5.91560000000004,52.63157894736842
1522,94.65439999999995,5.2774,49.62406015037594
1523,107.6679,12.890600000000006,51.8796992481203
1524,125.7003,6.844700000000003,55.639097744360896
1525,130.8268,7.388499999999993,51.8796992481203
1526,182.77710000000002,5.981000000000023,63.90977443609023
1527,113.5358,5.296599999999984,48.87218045112782
1528,182.3669,4.221000000000004,59.3984962406015
1529,131.86519999999993,7.0608999999999895,50.37593984962406
1530,111.27509999999998,10.593300000000028,48.1203007518797
1531,50.45950000000002,20.440499999999986,43.609022556390975
1532,148.81999999999996,4.081299999999999,54.88721804511278
1533,99.60639999999995,12.881100000000032,50.37593984962406
1534,84.81530000000004,8.367999999999995,43.609022556390975
1535,134.58780000000007,7.614199999999954,51.127819548872175
1536,138.23469999999998,6.480699999999985,55.639097744360896
1537,121.9504,8.795500000000004,51.8796992481203
1538,80.49449999999999,8.515000000000015,48.1203007518797
1539,127.93219999999997,7.032699999999977,54.88721804511278
1540,166.42849999999999,5.053900000000013,56.390977443609025
1541,151.40020000000004,4.527300000000025,55.639097744360896
1542,102.45680000000004,10.26479999999998,49.62406015037594
1543,112.12610000000001,9.892899999999997,53.383458646616546
1544,85.79709999999997,7.688699999999983,43.609022556390975
1545,99.60000000000002,10.7594,49.62406015037594
1546,113.24509999999998,8.945899999999995,50.37593984962406
1547,121.67659999999995,8.105000000000047,48.87218045112782
1548,112.06740000000002,12.362100000000027,45.86466165413533
1549,84.02969999999999,13.565999999999974,47.368421052631575
1550,81.67680000000001,10.693099999999987,44.3609022556391
1551,149.36700000000002,5.8847999999999985,51.8796992481203
1552,126.05020000000002,6.151700000000034,57.89473684210527
1553,104.02569999999997,3.50030000000001,50.37593984962406
1554,111.71389999999997,7.753900000000016,47.368421052631575
1555,123.0036,6.72180000000003,50.37593984962406
1556,83.23899999999998,7.034899999999993,45.11278195488722
1557,155.9921000000001,6.999899999999968,54.13533834586466
1558,111.08159999999992,7.11099999999999,48.87218045112782
1559,88.64089999999999,8.406599999999997,45.11278195488722
1560,108.25619999999998,13.48169999999999,50.37593984962406
1561,124.84589999999997,6.805800000000033,48.87218045112782
1562,148.17709999999994,11.07480000000001,57.89473684210527
1563,125.40419999999992,10.462200000000053,52.63157894736842
1564,101.04459999999997,8.781000000000006,51.127819548872175
1565,117.66579999999993,5.309399999999982,49.62406015037594
1566,121.44199999999998,7.872099999999989,54.13533834586466
1567,78.6961,11.94489999999999,43.609022556390975
1568,149.6798,9.053899999999999,55.639097744360896
1569,160.37610000000012,5.301599999999951,57.14285714285714
1570,114.46450000000004,9.3921,46.616541353383454
1571,70.47509999999997,14.563700000000011,43.609022556390975
1572,126.63189999999997,6.354700000000008,50.37593984962406
1573,144.95069999999993,5.585900000000009,54.13533834586466
1574,99.16239999999999,11.503899999999987,45.11278195488722
1575,100.75300000000004,6.801500000000004,45.11278195488722
1576,106.03970000000001,13.95150000000001,48.87218045112782
1577,105.15230000000003,7.109700000000004,48.87218045112782
1578,106.8938,7.14009999999999,49.62406015037594
1579,95.14160000000004,12.388000000000005,47.368421052631575
1580,135.48829999999995,4.971499999999992,54.88721804511278
1581,123.82289999999995,7.6037000000000035,55.639097744360896
1582,109.74850000000004,4.424200000000013,53.383458646616546
1583,125.47719999999998,5.289900000000017,46.616541353383454
1584,115.7073,5.052999999999969,47.368421052631575
1585,81.38810000000001,10.051299999999998,44.3609022556391
1586,105.69799999999998,18.81729999999999,49.62406015037594
1587,113.37710000000004,7.527800000000013,49.62406015037594
1588,106.6558,7.448799999999991,51.127819548872175
1589,68.48440000000005,8.234199999999987,41.35338345864661
1590,72.44369999999998,11.994799999999998,41.35338345864661
1591,136.7532,5.5922999999999945,53.383458646616546
1592,85.34730000000002,10.744799999999998,43.609022556390975
1593,100.31610000000003,9.938199999999995,47.368421052631575
1594,151.26459999999997,5.36930000000001,54.88721804511278
1595,127.88739999999996,6.174299999999988,49.62406015037594
1596,146.48549999999997,8.725300000000004,54.88721804511278
1597,165.99419999999998,4.545500000000004,56.390977443609025
1598,154.53359999999995,4.1118000000000166,52.63157894736842
1599,119.57480000000004,7.323900000000009,51.8796992481203
1600,137.2455999999999,7.427699999999987,49.62406015037594
1601,127.40429999999995,3.590999999999994,57.89473684210527
1602,131.0006,6.2409000000000106,51.8796992481203
1603,119.1982999999999,13.510699999999986,48.87218045112782
1604,78.43940000000003,10.213599999999985,46.616541353383454
1605,117.57149999999996,4.566699999999997,51.8796992481203
1606,138.989,7.854000000000013,55.639097744360896
1607,173.73700000000008,4.656000000000006,57.89473684210527
1608,117.31530000000004,5.353100000000012,52.63157894736842
1609,50.50670000000002,13.532700000000006,40.6015037593985
1610,124.23669999999998,7.21690000000001,53.383458646616546
1611,113.0125999999999,7.712500000000006,46.616541353383454
1612,59.4607,10.877200000000002,39.097744360902254
1613,120.488,7.859000000000009,47.368421052631575
1614,97.08120000000002,10.941599999999994,47.368421052631575
1615,114.55590000000007,10.9452,50.37593984962406
1616,134.26170000000002,5.121000000000009,52.63157894736842
1617,126.57939999999999,8.018499999999989,55.639097744360896
1618,107.35969999999995,8.554300000000012,50.37593984962406
1619,120.75609999999995,5.216899999999981,53.383458646616546
1620,171.27819999999997,4.3533999999999935,58.64661654135338
1621,109.20060000000001,13.024799999999999,51.127819548872175
1622,85.9767,9.194000000000003,47.368421052631575
1623,139.29539999999994,6.935300000000012,48.87218045112782
1624,114.00429999999997,5.166799999999995,51.127819548872175
1625,105.53129999999999,11.213600000000014,47.368421052631575
1626,164.57100000000014,8.57699999999997,57.14285714285714
1627,131.30790000000002,4.558900000000023,47.368421052631575
1628,113.7373,8.918200000000013,52.63157894736842
1629,99.58910000000003,11.51270000000001,44.3609022556391
1630,133.8116,5.753900000000016,51.127819548872175
1631,113.02199999999996,5.95010000000002,48.87218045112782
1632,100.18169999999998,9.552400000000006,50.37593984962406
1633,121.57129999999995,6.441599999999994,48.1203007518797
1634,130.84659999999997,14.370800000000003,52.63157894736842
1635,90.5769,10.693200000000004,48.87218045112782
1636,124.15720000000005,6.955900000000014,52.63157894736842
1637,69.95310000000006,8.626599999999968,43.609022556390975
1638,119.04099999999997,7.973500000000001,50.37593984962406
1639,95.5231,10.562699999999992,47.368421052631575
1640,161.59990000000005,6.295400000000029,57.14285714285714
1641,171.99450000000002,6.694000000000003,52.63157894736842
1642,122.15459999999996,7.799099999999996,47.368421052631575
1643,141.70000000000007,9.836199999999991,47.368421052631575
1644,128.73970000000003,9.744999999999976,54.88721804511278
1645,91.32169999999996,10.93289999999999,47.368421052631575
1646,86.39450000000002,8.685199999999995,47.368421052631575
1647,72.786,6.5097999999999985,47.368421052631575
1648,113.6758000000001,7.211500000000001,51.127819548872175
1649,156.5036,8.978400000000022,55.639097744360896
1650,163.84090000000003,6.596599999999995,53.383458646616546
1651,156.59630000000004,6.678399999999982,53.383458646616546
1652,135.46189999999996,7.229700000000008,49.62406015037594
1653,129.19759999999997,6.342699999999979,53.383458646616546
1654,115.58419999999995,6.163899999999984,54.13533834586466
1655,133.92390000000003,6.209100000000035,57.89473684210527
1656,173.17349999999993,5.080700000000007,54.88721804511278
1657,100.94160000000002,9.385400000000033,47.368421052631575
1658,130.66950000000003,4.889599999999973,52.63157894736842
1659,106.6865,4.482200000000006,51.8796992481203
1660,119.83029999999997,8.016500000000008,48.1203007518797
1661,101.06029999999993,11.717600000000004,53.383458646616546
1662,149.96990000000005,9.542699999999996,54.13533834586466
1663,118.22870000000009,14.215299999999985,50.37593984962406
1664,91.10360000000003,10.379099999999994,48.87218045112782
1665,62.32909999999998,7.455999999999989,45.86466165413533
1666,120.92069999999995,7.9624999999999915,49.62406015037594
1667,119.17640000000006,6.945699999999988,47.368421052631575
1668,146.0729,10.453100000000006,48.87218045112782
1669,125.86369999999994,10.27679999999998,48.87218045112782
1670,124.62959999999998,6.497199999999992,50.37593984962406
1671,91.11740000000003,7.550600000000003,49.62406015037594
1672,116.08039999999994,6.413700000000006,48.87218045112782
1673,126.66279999999998,6.048600000000022,50.37593984962406
1674,97.48909999999992,7.760099999999966,50.37593984962406
1675,159.5925000000001,5.978400000000022,54.88721804511278
1676,110.90430000000003,10.175000000000011,45.11278195488722
1677,82.86850000000004,14.453899999999976,48.1203007518797
1678,89.88130000000001,11.137500000000017,53.383458646616546
1679,88.58070000000001,10.01600000000002,46.616541353383454
1680,106.5584,3.8292,51.127819548872175
1681,88.68,10.321200000000005,48.1203007518797
1682,103.43310000000002,7.597999999999999,50.37593984962406
1683,168.76670000000013,7.6584,57.14285714285714
1684,132.99519999999998,6.5214,59.3984962406015
1685,154.77400000000006,5.238399999999984,55.639097744360896
1686,146.61669999999998,3.706400000000002,58.64661654135338
1687,112.89760000000001,5.930000000000007,54.88721804511278
1688,76.53479999999996,7.073700000000002,45.11278195488722
1689,120.20570000000004,7.569199999999995,51.8796992481203
1690,114.47909999999996,8.436900000000009,54.13533834586466
1691,174.30240000000003,4.541399999999982,57.14285714285714
1692,129.80019999999996,6.153700000000015,51.8796992481203
1693,102.35389999999995,11.756900000000002,46.616541353383454
1694,95.39909999999998,5.389899999999983,45.11278195488722
1695,96.25689999999997,11.527400000000029,45.11278195488722
1696,138.01629999999997,6.078400000000016,54.13533834586466
1697,76.96540000000005,11.447999999999993,42.10526315789473
1698,98.49109999999993,7.278100000000009,43.609022556390975
1699,111.48769999999996,5.599499999999992,48.1203007518797
1700,129.15820000000005,4.813900000000018,55.639097744360896
1701,151.91290000000004,5.8048,52.63157894736842
1702,152.7504,8.92149999999998,55.639097744360896
1703,144.03470000000007,6.281800000000004,52.63157894736842
1704,113.87880000000001,5.268299999999982,45.86466165413533
1705,143.3158,4.691500000000019,52.63157894736842
1706,96.93570000000005,6.222199999999987,48.1203007518797
1707,158.41059999999993,10.113699999999994,60.902255639097746
1708,148.21200000000005,6.787999999999997,55.639097744360896
1709,103.31260000000003,5.532799999999995,42.857142857142854
1710,78.43149999999997,11.797799999999995,45.11278195488722
1711,124.2192,6.519100000000009,56.390977443609025
1712,93.31109999999998,11.896299999999997,45.11278195488722
1713,146.09629999999999,6.969499999999954,50.37593984962406
1714,157.63120000000004,4.239099999999979,53.383458646616546
1715,71.14870000000002,19.460099999999983,41.35338345864661
1716,106.04989999999998,4.790700000000015,45.11278195488722
1717,133.81170000000003,9.399100000000004,54.88721804511278
1718,112.52850000000001,9.831500000000005,51.127819548872175
1719,120.08909999999992,7.872699999999995,55.639097744360896
1720,89.13149999999999,11.952700000000021,48.1203007518797
1721,144.45439999999985,6.985800000000012,54.13533834586466
1722,131.0951000000001,6.86699999999999,48.87218045112782
1723,132.55120000000002,9.811700000000002,51.127819548872175
1724,123.27249999999998,5.9062000000000126,51.8796992481203
1725,172.51889999999997,7.400800000000004,56.390977443609025
1726,111.92389999999992,8.221499999999992,51.127819548872175
1727,119.8493,5.701599999999999,45.86466165413533
1728,82.37930000000006,8.050900000000013,45.11278195488722
1729,96.49380000000002,7.455400000000026,47.368421052631575
1730,118.65259999999995,9.235899999999987,53.383458646616546
1731,140.22449999999995,8.080500000000029,51.127819548872175
1732,130.5015,6.441699999999997,49.62406015037594
1733,130.4973,7.539500000000004,55.639097744360896
1734,139.16690000000003,10.204899999999995,52.63157894736842
1735,176.95500000000015,6.874599999999987,55.639097744360896
1736,130.29459999999995,6.546200000000027,51.127819548872175
1737,121.45709999999997,9.14870000000002,55.639097744360896
1738,85.61869999999999,13.795999999999992,45.11278195488722
1739,132.84059999999994,7.913100000000014,51.8796992481203
1740,131.2659999999999,5.739899999999977,45.86466165413533
1741,135.24839999999992,8.375800000000027,52.63157894736842
1742,75.16609999999997,8.288300000000007,45.11278195488722
1743,93.07990000000001,6.404900000000026,42.857142857142854
1744,143.399,9.473399999999998,52.63157894736842
1745,90.65960000000001,12.679000000000002,48.87218045112782
1746,118.91289999999998,11.638700000000014,45.86466165413533
1747,145.16560000000004,4.159399999999991,56.390977443609025
1748,108.17940000000004,8.142799999999994,53.383458646616546
1749,103.87849999999997,6.385000000000005,48.1203007518797
1750,104.7242,6.621299999999991,48.1203007518797
1751,143.06950000000003,6.539200000000022,55.639097744360896
1752,114.26659999999995,7.198400000000021,52.63157894736842
1753,139.03299999999993,6.078400000000016,54.88721804511278
1754,65.5623,14.149100000000004,42.857142857142854
1755,97.08370000000002,12.7543,45.11278195488722
1756,123.18109999999996,6.636000000000024,51.127819548872175
1757,77.08139999999997,12.524699999999996,47.368421052631575
1758,149.9092,3.8959999999999866,53.383458646616546
1759,104.18419999999998,8.239700000000013,51.127819548872175
1760,122.81439999999998,8.225599999999986,57.14285714285714
1761,115.87109999999996,11.82850000000002,45.86466165413533
1762,134.34609999999998,6.5674000000000206,53.383458646616546
1763,133.1193,6.474800000000016,51.8796992481203
1764,137.14129999999994,11.514999999999986,51.127819548872175
1765,129.81649999999993,3.0183000000000106,47.368421052631575
1766,103.12209999999999,11.084199999999981,45.86466165413533
1767,162.26609999999994,10.844999999999999,54.13533834586466
1768,96.23410000000001,6.580799999999982,50.37593984962406
1769,114.8053999999999,7.529399999999995,50.37593984962406
1770,129.51859999999994,5.664699999999996,48.87218045112782
1771,113.00099999999998,6.363699999999994,50.37593984962406
1772,101.56330000000003,10.651399999999995,48.1203007518797
1773,116.16559999999996,7.031300000000016,50.37593984962406
1774,156.73450000000003,4.801800000000014,57.14285714285714
1775,98.92429999999996,5.825400000000002,45.86466165413533
1776,120.60239999999999,9.690800000000024,51.127819548872175
1777,109.01079999999996,6.951300000000003,51.127819548872175
1778,132.87719999999993,6.52970000000002,57.14285714285714
1779,131.74700000000007,5.000500000000017,48.1203007518797
1780,95.90560000000005,11.452300000000037,48.1203007518797
1781,68.81320000000002,8.77800000000002,42.10526315789473
1782,79.34239999999994,8.556200000000018,43.609022556390975
1783,94.66960000000003,7.919299999999993,44.3609022556391
1784,76.52370000000002,9.807199999999995,42.857142857142854
1785,118.16099999999997,10.165700000000015,48.1203007518797
1786,67.83019999999999,8.049800000000005,41.35338345864661
1787,113.45589999999999,6.710800000000006,48.1203007518797
1788,82.2569,15.460099999999983,45.11278195488722
1789,142.13550000000004,5.4632000000000005,48.87218045112782
1790,115.1982999999999,5.130099999999999,46.616541353383454
1791,126.99499999999992,9.296899999999994,50.37593984962406
1792,111.10419999999999,8.177500000000009,53.383458646616546
1793,126.51579999999998,3.9625000000000057,50.37593984962406
1794,162.71610000000004,4.855000000000018,60.902255639097746
1795,94.82099999999997,8.936300000000017,51.8796992481203
1796,102.17349999999993,5.656800000000004,52.63157894736842
1797,128.20679999999996,6.748700000000014,46.616541353383454
1798,93.202,7.099699999999984,51.127819548872175
1799,98.4701,11.056700000000006,46.616541353383454
1800,109.24880000000007,5.0660000000000025,48.87218045112782
1801,112.6325,7.7853000000000065,51.127819548872175
1802,106.52099999999996,7.368500000000012,45.86466165413533
1803,151.88139999999999,6.230700000000013,58.64661654135338
1804,151.9161000000001,6.2056999999999505,58.64661654135338
1805,154.131,4.397400000000005,57.89473684210527
1806,106.46120000000002,8.805599999999998,47.368421052631575
1807,95.64220000000003,8.871099999999984,48.87218045112782
1808,115.08789999999999,7.761799999999994,51.8796992481203
1809,129.5196,6.621099999999984,50.37593984962406
1810,149.3986,6.618600000000001,54.13533834586466
1811,93.44939999999997,7.2287000000000035,48.1203007518797
1812,123.39539999999994,6.174800000000005,52.63157894736842
1813,154.16539999999998,7.797700000000006,52.63157894736842
1814,98.39839999999998,5.521500000000003,48.87218045112782
1815,103.1551,13.623500000000035,48.1203007518797
1816,122.03949999999998,5.272599999999997,53.383458646616546
1817,134.3892,3.5013999999999896,48.87218045112782
1818,124.47289999999998,9.8476,49.62406015037594
1819,101.31599999999997,6.487600000000015,44.3609022556391
1820,147.01190000000005,5.7818000000000325,54.13533834586466
1821,113.16719999999998,12.27860000000004,54.88721804511278
1822,57.26849999999999,13.141999999999996,40.6015037593985
1823,93.2809,9.1344,51.127819548872175
1824,41.727300000000014,13.47590000000001,36.09022556390977
1825,135.78119999999993,9.432299999999998,51.127819548872175
1826,99.59139999999996,6.851799999999997,50.37593984962406
1827,59.18580000000003,8.332499999999996,42.857142857142854
1828,98.71449999999999,7.191900000000004,49.62406015037594
1829,113.90629999999999,6.768600000000006,48.1203007518797
1830,146.58370000000002,4.597499999999997,54.13533834586466
1831,94.97159999999991,18.12450000000004,48.87218045112782
1832,175.50740000000002,6.252700000000033,58.64661654135338
1833,140.17000000000002,3.7706000000000017,51.8796992481203
1834,74.80480000000006,9.024099999999976,45.86466165413533
1835,104.34390000000008,8.301699999999997,49.62406015037594
1836,117.9803,14.735799999999983,51.8796992481203
1837,90.1488,5.798000000000002,36.84210526315789
1838,123.40069999999997,13.302700000000016,50.37593984962406
1839,128.40569999999997,7.142300000000006,51.8796992481203
1840,93.26590000000004,16.64349999999999,46.616541353383454
1841,116.72200000000004,11.474699999999999,45.86466165413533
1842,138.30569999999994,18.8035,51.127819548872175
1843,87.14339999999999,15.732400000000013,45.86466165413533
1844,85.7491,11.016599999999997,45.86466165413533
1845,150.39749999999992,8.382000000000005,54.13533834586466
1846,100.78300000000002,7.084000000000003,54.88721804511278
1847,140.8712,7.518200000000036,51.127819548872175
1848,107.10209999999998,11.893100000000004,47.368421052631575
1849,88.96589999999998,17.930199999999985,45.86466165413533
1850,135.97460000000007,4.912099999999981,48.1203007518797
1851,144.41090000000005,11.030000000000001,60.902255639097746
1852,81.05710000000002,8.489599999999996,43.609022556390975
1853,98.46079999999998,5.1632000000000176,47.368421052631575
1854,151.04720000000003,3.829199999999986,51.127819548872175
1855,119.21520000000001,6.705599999999976,49.62406015037594
1856,167.94619999999992,8.774299999999982,57.14285714285714
1857,114.06699999999995,6.871299999999991,51.8796992481203
1858,98.77430000000001,7.265200000000007,45.86466165413533
1859,110.97899999999998,4.841499999999996,48.1203007518797
1860,170.97100000000012,5.720100000000002,60.902255639097746
1861,99.1824,9.541000000000011,46.616541353383454
1862,143.29659999999998,5.348500000000001,51.8796992481203
1863,119.74619999999999,7.000100000000003,49.62406015037594
1864,40.476999999999975,11.8784,39.849624060150376
1865,133.36929999999995,5.4436000000000035,51.8796992481203
1866,116.31330000000003,7.853999999999999,51.8796992481203
1867,134.22379999999995,6.497299999999996,51.8796992481203
1868,102.76549999999997,9.605899999999991,48.1203007518797
1869,104.4755999999999,7.314700000000016,48.87218045112782
1870,94.83629999999994,10.910600000000002,45.86466165413533
1871,91.43679999999995,10.193900000000042,46.616541353383454
1872,81.38929999999999,11.055300000000003,48.87218045112782
1873,126.2863999999999,8.197300000000041,48.87218045112782
1874,94.44779999999997,12.153099999999995,51.8796992481203
1875,77.53570000000002,9.736199999999997,48.1203007518797
1876,127.24350000000001,15.545300000000012,51.8796992481203
1877,117.92829999999998,4.0849999999999795,51.8796992481203
1878,107.50389999999999,7.816800000000001,48.1203007518797
1879,57.23509999999999,10.790700000000015,41.35338345864661
1880,113.00739999999996,7.919900000000013,51.8796992481203
1881,119.197,5.340400000000017,54.88721804511278
1882,94.72570000000002,8.334699999999998,42.10526315789473
1883,111.34649999999993,8.092800000000011,52.63157894736842
1884,108.49509999999995,7.9228999999999985,48.1203007518797
1885,113.79990000000001,5.525699999999986,45.86466165413533
1886,100.38480000000004,8.368599999999986,47.368421052631575
1887,124.06179999999992,7.719699999999989,48.87218045112782
1888,96.5147,9.038700000000006,45.11278195488722
1889,133.1065,9.936099999999996,53.383458646616546
1890,147.5325,6.4065000000000225,58.64661654135338
1891,99.3526,6.328699999999998,49.62406015037594
1892,108.5777,8.483699999999999,47.368421052631575
1893,132.24319999999994,7.95859999999999,54.88721804511278
1894,107.90659999999997,7.670800000000014,50.37593984962406
1895,135.4668,4.8589000000000055,52.63157894736842
1896,139.9761000000001,8.693099999999987,53.383458646616546
1897,105.54919999999998,9.261099999999999,44.3609022556391
1898,121.0795,6.201999999999998,50.37593984962406
1899,108.57920000000001,14.550299999999993,56.390977443609025
1900,174.0371,6.053099999999972,58.64661654135338
1901,131.14519999999996,5.664999999999992,49.62406015037594
1902,129.7433,8.939300000000003,56.390977443609025
1903,125.21530000000001,7.379099999999994,47.368421052631575
1904,105.9314,5.220199999999977,47.368421052631575
1905,60.38440000000003,6.479799999999997,43.609022556390975
1906,108.25829999999993,9.67580000000001,49.62406015037594
1907,95.15469999999993,5.582300000000032,48.87218045112782
1908,129.83569999999995,5.382600000000025,48.1203007518797
1909,96.97059999999999,10.06110000000001,48.87218045112782
1910,170.02460000000002,6.194500000000005,55.639097744360896
1911,143.363,7.807700000000011,57.89473684210527
1912,123.77109999999999,6.899600000000007,55.639097744360896
1913,168.84730000000002,5.793899999999979,56.390977443609025
1914,132.7217,14.095099999999974,54.13533834586466
1915,119.58079999999998,4.951899999999995,54.88721804511278
1916,95.93610000000001,8.596900000000005,46.616541353383454
1917,64.44580000000002,16.558699999999988,43.609022556390975
1918,82.28330000000005,11.973199999999991,45.11278195488722
1919,126.29079999999999,7.3496000000000095,48.87218045112782
1920,162.6803000000001,9.642799999999994,55.639097744360896
1921,140.26600000000002,6.819400000000002,48.1203007518797
1922,110.79680000000008,5.067299999999989,48.1203007518797
1923,120.47589999999997,4.481500000000011,51.8796992481203
1924,99.41900000000004,9.063699999999983,43.609022556390975
1925,149.55210000000005,5.981800000000021,54.13533834586466
1926,123.7422,7.062000000000012,54.13533834586466
1927,157.4783000000001,11.352399999999989,56.390977443609025
1928,142.71869999999998,6.819900000000004,53.383458646616546
1929,137.18280000000004,7.3134000000000015,49.62406015037594
1930,95.7276,12.825999999999993,47.368421052631575
1931,124.1603,5.017400000000009,54.13533834586466
1932,109.51789999999994,10.222999999999985,45.86466165413533
1933,135.61849999999995,9.5103,51.8796992481203
1934,137.12679999999997,11.580700000000007,56.390977443609025
1935,168.36930000000007,6.6112999999999715,60.150375939849624
1936,79.58599999999996,10.749100000000013,45.86466165413533
1937,105.22559999999999,13.151199999999989,49.62406015037594
1938,124.93149999999997,5.231200000000001,51.127819548872175
1939,142.75990000000002,6.254599999999982,54.88721804511278
1940,90.55900000000003,12.992499999999978,45.86466165413533
1941,104.76490000000007,7.781800000000004,48.87218045112782
1942,103.96900000000005,6.770200000000017,51.8796992481203
1943,113.38820000000001,6.386099999999999,48.1203007518797
1944,64.27699999999999,11.486400000000003,39.097744360902254
1945,134.0975,9.266899999999993,50.37593984962406
1946,83.89129999999997,5.169700000000006,45.11278195488722
1947,135.79490000000004,7.013900000000007,48.87218045112782
1948,107.15370000000007,6.169199999999989,49.62406015037594
1949,126.3057,11.318900000000014,55.639097744360896
1950,101.0481,11.65849999999999,48.1203007518797
1951,130.16230000000004,4.989400000000018,53.383458646616546
1952,85.53729999999999,9.742599999999982,44.3609022556391
1953,116.18169999999995,7.591800000000006,48.1203007518797
1954,114.78869999999995,6.558500000000038,48.1203007518797
1955,127.52279999999996,4.929000000000002,53.383458646616546
1956,166.32990000000007,5.7316000000000145,57.14285714285714
1957,111.071,6.678999999999974,51.8796992481203
1958,117.34359999999995,5.6650000000000205,50.37593984962406
1959,60.77579999999995,10.193299999999994,37.59398496240601
1960,70.83789999999999,6.886600000000001,42.857142857142854
1961,133.00110000000006,12.7954,53.383458646616546
1962,167.89550000000008,6.295700000000011,57.89473684210527
1963,150.32860000000002,6.234499999999997,54.13533834586466
1964,137.74699999999993,7.786699999999996,51.8796992481203
1965,114.3262,4.812700000000007,55.639097744360896
1966,153.49450000000004,5.158199999999994,52.63157894736842
1967,140.84919999999988,7.011899999999997,51.127819548872175
1968,106.1868,9.755100000000013,50.37593984962406
1969,88.77029999999996,9.530599999999993,45.86466165413533
1970,90.37810000000002,15.21380000000002,44.3609022556391
1971,92.90809999999999,9.752799999999993,48.1203007518797
1972,105.94380000000001,6.9158999999999935,44.3609022556391
1973,106.72529999999998,7.337000000000003,45.86466165413533
1974,99.27070000000003,9.584800000000001,45.11278195488722
1975,109.83000000000004,13.017100000000028,47.368421052631575
1976,150.4184,4.491500000000002,55.639097744360896
1977,69.94599999999991,12.180300000000017,47.368421052631575
1978,143.29640000000006,5.782299999999992,53.383458646616546
1979,110.10059999999993,9.080100000000016,49.62406015037594
1980,108.64259999999996,8.530600000000021,49.62406015037594
1981,109.67589999999996,4.10929999999999,50.37593984962406
1982,105.9973,8.73230000000001,48.87218045112782
1983,81.18790000000001,6.389800000000008,46.616541353383454
1984,111.54679999999999,10.381599999999992,48.87218045112782
1985,153.90079999999995,4.889499999999998,54.13533834586466
1986,99.4547,4.1875,44.3609022556391
1987,165.0367,3.6931999999999903,57.89473684210527
1988,169.39959999999996,9.923600000000022,54.88721804511278
1989,166.41759999999988,4.055399999999992,56.390977443609025
1990,112.67670000000004,5.912900000000008,50.37593984962406
1991,107.5641,7.000500000000017,48.1203007518797
1992,57.92290000000003,7.866299999999995,42.10526315789473
1993,177.09660000000002,5.062699999999978,60.902255639097746
1994,103.8509,10.245700000000014,49.62406015037594
1995,135.08179999999996,5.821199999999976,57.14285714285714
1996,86.75119999999995,6.757499999999993,43.609022556390975
1997,139.72720000000004,7.623499999999979,57.14285714285714
1998,141.03730000000004,4.398599999999988,54.88721804511278
1999,152.19399999999993,5.64700000000002,55.639097744360896
2000,113.63069999999999,11.256799999999998,50.37593984962406
2001,98.47379999999998,8.943499999999986,47.368421052631575
2002,120.24570000000003,6.809299999999979,54.13533834586466
2003,115.12479999999996,4.877900000000011,51.127819548872175
2004,40.69069999999999,11.337199999999996,42.857142857142854
2005,127.49079999999998,7.418199999999999,54.88721804511278
2006,176.16819999999996,4.0064000000000135,57.89473684210527
2007,113.93729999999996,10.236400000000003,49.62406015037594
2008,148.9786,6.8910000000000196,57.14285714285714
2009,136.1172,6.940200000000004,51.127819548872175
2010,110.7251,11.545699999999997,49.62406015037594
2011,119.71249999999998,7.534400000000005,51.127819548872175
2012,117.2344,6.585700000000003,47.368421052631575
2013,121.80490000000003,7.526799999999994,50.37593984962406
2014,146.97869999999998,4.642400000000009,51.127819548872175
2015,117.48350000000005,7.3297000000000025,50.37593984962406
2016,95.12459999999999,7.129800000000046,45.11278195488722
2017,85.4325,8.283300000000025,48.87218045112782
2018,126.57589999999999,6.414600000000007,52.63157894736842
2019,71.33459999999997,6.569099999999992,41.35338345864661
2020,100.54469999999998,8.885400000000004,48.1203007518797
2021,107.30449999999996,6.799200000000013,49.62406015037594
2022,128.05419999999995,9.632200000000012,55.639097744360896
2023,93.64739999999995,9.0257,43.609022556390975
2024,94.11220000000003,6.340900000000005,43.609022556390975
2025,152.70170000000002,4.891900000000007,53.383458646616546
2026,137.4717,8.384900000000016,53.383458646616546
2027,133.2073,5.327800000000025,54.13533834586466
2028,90.661,15.425599999999974,49.62406015037594
2029,147.8120999999999,6.5471,56.390977443609025
2030,105.57959999999989,10.402200000000022,47.368421052631575
2031,147.4434,5.2905999999999835,56.390977443609025
2032,114.99689999999998,14.00279999999998,51.8796992481203
2033,99.38000000000002,7.118799999999993,41.35338345864661
2034,63.48309999999998,9.229200000000006,38.34586466165413
2035,88.97160000000002,13.423500000000004,46.616541353383454
2036,156.1914,8.247700000000009,55.639097744360896
2037,131.9491,5.819199999999995,51.127819548872175
2038,92.28890000000007,8.35669999999999,46.616541353383454
2039,68.53210000000001,11.500799999999998,40.6015037593985
2040,113.94259999999997,9.161500000000018,49.62406015037594
2041,82.88620000000009,8.539799999999985,43.609022556390975
2042,103.75389999999993,7.613999999999976,52.63157894736842
2043,174.69399999999996,6.682299999999998,57.89473684210527
2044,85.32820000000004,14.136200000000002,48.87218045112782
2045,110.92039999999997,8.495399999999961,52.63157894736842
2046,115.02899999999997,8.02460000000002,53.383458646616546
2047,147.3655,6.968200000000024,54.13533834586466
2048,80.43140000000002,12.306299999999965,45.11278195488722
2049,123.3014,5.993099999999998,51.127819548872175
2050,116.91519999999997,7.928600000000017,49.62406015037594
2051,101.62289999999996,7.240899999999996,46.616541353383454
2052,116.99339999999995,6.589999999999989,48.87218045112782
2053,135.64030000000005,11.536999999999992,53.383458646616546
2054,127.82419999999996,5.531400000000019,49.62406015037594
2055,118.03549999999998,5.826300000000003,50.37593984962406
2056,130.84189999999995,7.011099999999999,51.8796992481203
2057,107.32599999999996,14.34990000000002,42.857142857142854
2058,104.77700000000004,8.700500000000034,49.62406015037594
2059,133.18820000000002,4.2701999999999884,56.390977443609025
2060,106.68849999999998,7.5978000000000065,51.127819548872175
2061,84.69859999999991,13.379600000000039,42.857142857142854
2062,156.5553,6.162300000000016,56.390977443609025
2063,92.97309999999993,6.460300000000018,43.609022556390975
2064,131.85429999999994,10.752900000000011,54.13533834586466
2065,100.94039999999993,7.447599999999994,51.127819548872175
2066,147.63429999999994,6.925399999999996,56.390977443609025
2067,104.94789999999995,6.5283000000000015,48.87218045112782
2068,102.15499999999997,17.638000000000005,49.62406015037594
2069,120.24619999999999,5.780599999999993,49.62406015037594
2070,119.52659999999997,7.148699999999991,46.616541353383454
2071,145.66649999999998,6.846000000000004,55.639097744360896
2072,104.23039999999997,8.943299999999994,51.8796992481203
2073,111.25720000000001,12.535200000000003,51.127819548872175
2074,139.66899999999998,10.642899999999997,53.383458646616546
2075,85.48129999999998,13.3065,48.87218045112782
2076,104.05699999999996,9.296599999999998,49.62406015037594
2077,124.17399999999998,8.291800000000023,53.383458646616546
2078,137.21019999999993,5.819299999999998,57.14285714285714
2079,79.32040000000003,9.947599999999994,45.86466165413533
2080,143.4865,7.9833999999999605,48.87218045112782
2081,126.91640000000001,11.446500000000015,48.87218045112782
2082,115.55189999999996,8.888900000000035,48.1203007518797
2083,96.00670000000002,5.1264999999999645,45.86466165413533
2084,101.61609999999996,6.408799999999985,47.368421052631575
2085,111.68049999999994,7.591000000000008,45.86466165413533
2086,119.68419999999992,8.308400000000006,49.62406015037594
2087,96.77179999999998,7.943100000000015,50.37593984962406
2088,72.53709999999998,9.448600000000027,41.35338345864661
2089,145.8726,5.552199999999999,52.63157894736842
2090,165.86840000000007,8.320599999999985,52.63157894736842
2091,124.32750000000004,7.258700000000005,54.88721804511278
2092,90.82009999999997,5.1892,48.87218045112782
2093,114.4281,4.886200000000002,48.87218045112782
2094,134.0485999999999,6.855199999999996,53.383458646616546
2095,67.44600000000003,11.802500000000009,45.86466165413533
2096,71.75559999999993,9.358800000000002,45.11278195488722
2097,103.90320000000003,8.087800000000001,55.639097744360896
2098,122.58279999999993,9.825400000000002,46.616541353383454
2099,143.87320000000003,3.72229999999999,55.639097744360896
2100,127.22100000000003,5.849599999999981,54.13533834586466
2101,127.04090000000008,5.258699999999976,54.13533834586466
2102,115.24000000000001,6.734999999999999,51.127819548872175
2103,104.55959999999999,9.741600000000005,53.383458646616546
2104,115.71660000000003,3.9320000000000164,53.383458646616546
2105,122.78079999999991,7.310599999999994,49.62406015037594
2106,118.59610000000004,8.10129999999998,50.37593984962406
2107,139.32710000000003,7.946400000000011,54.88721804511278
2108,66.8743,16.222199999999987,48.1203007518797
2109,119.38820000000001,7.163300000000021,52.63157894736842
2110,132.6405000000001,5.129099999999994,54.13533834586466
2111,158.87289999999996,4.623000000000005,54.88721804511278
2112,91.95739999999998,8.130099999999999,47.368421052631575
2113,102.15989999999996,11.877200000000002,52.63157894736842
2114,156.69780000000003,4.226500000000016,54.13533834586466
2115,77.23279999999997,10.291699999999992,43.609022556390975
2116,62.65590000000003,10.465900000000005,42.857142857142854
2117,136.12259999999998,9.641199999999998,52.63157894736842
2118,127.16339999999997,10.727100000000007,55.639097744360896
2119,157.06089999999995,4.281700000000001,55.639097744360896
2120,129.68889999999996,7.398399999999981,50.37593984962406
2121,141.1022,8.62160000000003,51.8796992481203
2122,160.12829999999997,7.598399999999998,53.383458646616546
2123,123.29409999999996,6.564200000000028,48.1203007518797
2124,78.66629999999998,9.18010000000001,44.3609022556391
2125,147.00340000000003,6.129599999999982,54.13533834586466
2126,108.62699999999998,13.5728,48.87218045112782
2127,95.97000000000003,17.07849999999999,51.8796992481203
2128,138.0499000000001,5.879099999999994,53.383458646616546
2129,163.64100000000002,5.273900000000026,54.88721804511278
2130,180.00320000000005,4.558799999999991,60.902255639097746
2131,108.83730000000003,4.8300000000000125,51.127819548872175
2132,130.65839999999997,6.72780000000003,49.62406015037594
2133,149.8022,6.640800000000013,57.14285714285714
2134,134.22299999999998,7.3817000000000235,56.390977443609025
2135,74.62660000000002,10.153400000000005,43.609022556390975
2136,131.92759999999998,5.2024000000000115,50.37593984962406
2137,93.16539999999998,8.42779999999999,50.37593984962406
2138,133.22020000000003,10.696100000000001,53.383458646616546
2139,104.80879999999996,8.860799999999998,45.86466165413533
2140,153.2042,9.917100000000005,55.639097744360896
2141,128.8046,6.176100000000005,54.88721804511278
2142,149.64639999999997,7.682699999999983,52.63157894736842
2143,115.01240000000001,10.052099999999982,51.8796992481203
2144,118.18639999999999,6.106500000000011,50.37593984962406
2145,120.46090000000001,7.084300000000013,44.3609022556391
2146,77.98689999999999,21.75290000000001,48.87218045112782
2147,164.78370000000007,7.75109999999998,59.3984962406015
2148,148.2506,4.830499999999972,60.150375939849624
2149,104.89420000000001,9.042299999999983,48.87218045112782
2150,120.8706,4.7353999999999985,50.37593984962406
2151,97.04109999999994,12.313300000000012,45.86466165413533
2152,144.6059999999999,5.226100000000031,51.8796992481203
2153,137.14799999999994,4.574999999999989,51.127819548872175
2154,89.7378,5.5575000000000045,48.1203007518797
2155,157.5576000000001,7.796000000000021,54.88721804511278
2156,112.65719999999999,8.86529999999999,53.383458646616546
2157,103.61500000000001,7.491500000000002,46.616541353383454
2158,93.40039999999988,12.587699999999984,42.10526315789473
2159,110.60429999999997,10.311999999999998,46.616541353383454
2160,126.74669999999998,4.795199999999994,54.88721804511278
2161,77.06989999999996,11.260999999999996,44.3609022556391
2162,17.882000000000005,16.570399999999992,33.83458646616541
2163,146.94389999999999,3.6414999999999793,55.639097744360896
2164,151.35199999999998,7.158799999999985,60.150375939849624
2165,137.10120000000006,6.252999999999986,53.383458646616546
2166,71.46679999999998,9.728499999999997,42.10526315789473
2167,117.57869999999997,9.463400000000007,48.87218045112782
2168,99.75110000000001,11.093500000000006,48.1203007518797
2169,112.11949999999996,13.136599999999987,51.127819548872175
2170,75.22749999999996,9.198199999999986,45.11278195488722
2171,100.8637,8.0364,51.8796992481203
2172,70.59210000000002,9.360799999999998,42.10526315789473
2173,105.58189999999996,6.582400000000007,46.616541353383454
2174,110.85089999999991,5.8019999999999925,51.8796992481203
2175,114.40489999999994,7.293200000000013,54.13533834586466
2176,123.1543,9.1524,50.37593984962406
2177,99.54289999999992,11.636300000000034,49.62406015037594
2178,103.74669999999998,5.870500000000021,48.87218045112782
2179,109.63890000000004,5.505300000000005,52.63157894736842
2180,119.65990000000005,6.97290000000001,51.127819548872175
2181,159.69630000000006,8.380999999999972,55.639097744360896
2182,111.74139999999997,7.050599999999974,51.127819548872175
2183,79.0684,8.051900000000018,46.616541353383454
2184,140.22609999999997,7.289900000000017,55.639097744360896
2185,121.0135,6.643900000000002,51.127819548872175
2186,110.56880000000001,9.896900000000002,51.127819548872175
2187,178.0198000000001,6.579000000000008,57.89473684210527
2188,109.40469999999999,7.559100000000001,47.368421052631575
2189,116.47359999999998,6.255700000000019,47.368421052631575
2190,93.45559999999995,9.677700000000002,44.3609022556391
2191,121.63759999999996,6.335700000000003,49.62406015037594
2192,108.60410000000002,5.821699999999993,49.62406015037594
2193,146.04820000000007,14.108599999999996,57.14285714285714
2194,144.23749999999995,7.482599999999991,50.37593984962406
2195,57.55090000000001,10.909500000000008,38.34586466165413
2196,152.461,9.706199999999995,58.64661654135338
2197,77.92170000000004,9.300000000000011,45.11278195488722
2198,127.4298,7.838099999999997,51.8796992481203
2199,94.56419999999994,10.56819999999999,47.368421052631575
2200,115.48409999999996,5.888400000000004,48.87218045112782
2201,110.93089999999995,6.9561999999999955,42.857142857142854
2202,138.16749999999996,7.601300000000009,51.127819548872175
2203,79.85430000000002,11.941500000000019,46.616541353383454
2204,110.51389999999998,9.439700000000002,51.8796992481203
2205,133.43889999999996,15.325900000000004,47.368421052631575
2206,102.28410000000002,9.95150000000001,45.86466165413533
2207,127.60429999999997,7.388199999999998,49.62406015037594
2208,125.5376,4.442499999999967,49.62406015037594
2209,187.23419999999993,5.97890000000001,57.14285714285714
2210,110.1866,6.5978000000000065,52.63157894736842
2211,117.50960000000003,5.298099999999991,44.3609022556391
2212,123.37199999999999,5.973199999999963,49.62406015037594
2213,79.97579999999999,6.906800000000004,45.86466165413533
2214,138.4108,6.0351,56.390977443609025
2215,80.82600000000002,7.149699999999996,45.86466165413533
2216,124.11070000000001,5.8174999999999955,52.63157894736842
2217,202.08620000000002,9.13779999999997,63.90977443609023
2218,148.08330000000007,7.783299999999969,54.13533834586466
2219,111.30810000000002,8.4709,45.86466165413533
2220,114.94290000000001,6.226600000000005,50.37593984962406
2221,126.65990000000002,5.719300000000004,45.11278195488722
2222,93.6429,10.43610000000001,48.1203007518797
2223,124.55149999999998,8.3506,45.86466165413533
2224,79.49699999999996,12.68010000000001,44.3609022556391
2225,111.86930000000007,8.655100000000033,50.37593984962406
2226,89.84229999999997,10.156499999999994,39.849624060150376
2227,154.55620000000002,5.454499999999996,52.63157894736842
2228,119.05739999999997,10.728899999999982,50.37593984962406
2229,90.7808,9.381200000000007,47.368421052631575
2230,149.9492,7.164000000000016,57.89473684210527
2231,134.6554,5.364900000000034,51.127819548872175
2232,115.20290000000006,6.974599999999995,50.37593984962406
2233,121.40300000000002,8.550700000000006,50.37593984962406
2234,133.15099999999998,5.8282999999999845,54.13533834586466
2235,123.89980000000003,6.59639999999996,51.127819548872175
2236,88.08079999999998,13.566300000000012,42.857142857142854
2237,112.17889999999994,7.854099999999988,45.11278195488722
2238,101.59249999999992,6.810800000000029,46.616541353383454
2239,114.9975,7.266199999999998,50.37593984962406
2240,101.59869999999998,7.153700000000015,50.37593984962406
2241,123.162,7.789000000000016,52.63157894736842
2242,141.81039999999996,8.732199999999992,51.127819548872175
2243,123.43069999999989,5.720100000000002,55.639097744360896
2244,160.6796000000001,5.364000000000004,60.902255639097746
2245,127.14010000000005,9.084499999999991,49.62406015037594
2246,91.6789,10.654299999999992,46.616541353383454
2247,85.93869999999995,11.380400000000037,48.1203007518797
2248,101.39319999999998,7.921000000000021,47.368421052631575
2249,155.36689999999993,6.053600000000017,55.639097744360896
2250,147.65279999999996,4.943299999999994,57.14285714285714
2251,114.91990000000001,5.54140000000001,53.383458646616546
2252,142.78509999999994,3.876999999999981,52.63157894736842
2253,101.60089999999997,8.462299999999999,46.616541353383454
2254,110.28209999999999,10.423000000000002,45.86466165413533
2255,104.66210000000007,5.570799999999991,51.8796992481203
2256,114.13089999999997,6.71629999999999,52.63157894736842
2257,145.53399999999996,8.879400000000004,55.639097744360896
2258,119.99449999999996,5.869900000000001,51.8796992481203
2259,111.6003,10.351999999999975,48.1203007518797
2260,115.07249999999996,6.228000000000009,54.88721804511278
2261,74.06739999999999,13.753899999999987,38.34586466165413
2262,145.0464,6.490600000000001,54.13533834586466
2263,115.74059999999997,8.30699999999996,47.368421052631575
2264,63.62520000000001,11.097399999999965,40.6015037593985
2265,108.80329999999998,4.859199999999987,44.3609022556391
2266,79.9297,10.78789999999998,42.857142857142854
2267,82.94949999999997,7.6357,45.86466165413533
2268,82.77860000000001,10.391700000000014,41.35338345864661
2269,152.83560000000003,9.858499999999992,54.88721804511278
2270,111.34360000000001,5.966800000000006,45.11278195488722
2271,101.34440000000004,7.594000000000008,47.368421052631575
2272,112.84699999999998,7.5896999999999935,47.368421052631575
2273,62.40930000000003,9.312799999999982,46.616541353383454
2274,135.47689999999997,12.2457,53.383458646616546
2275,121.67730000000003,9.445499999999996,52.63157894736842
2276,121.34449999999998,16.899900000000002,51.8796992481203
2277,118.14999999999998,8.171199999999999,56.390977443609025
2278,146.05290000000002,5.657299999999992,58.64661654135338
2279,121.50919999999996,11.526099999999985,51.8796992481203
2280,106.2783,7.774900000000002,46.616541353383454
2281,138.93489999999994,13.49260000000001,51.127819548872175
2282,118.9495,3.849899999999991,47.368421052631575
2283,99.11149999999998,9.340100000000007,45.86466165413533
2284,125.12309999999997,13.537199999999999,48.87218045112782
2285,108.24969999999996,6.225500000000011,48.87218045112782
2286,119.50619999999998,5.520799999999994,48.87218045112782
2287,115.4556,6.4258000000000095,47.368421052631575
2288,139.43019999999999,6.140300000000025,57.89473684210527
2289,158.98870000000005,10.901600000000002,59.3984962406015
2290,144.0698,8.828100000000006,52.63157894736842
2291,164.5544,6.134900000000016,61.65413533834586
2292,112.5883,9.453800000000001,47.368421052631575
2293,114.3127,9.21889999999999,50.37593984962406
2294,129.82830000000004,6.831099999999992,53.383458646616546
2295,106.3896,8.890599999999992,44.3609022556391
2296,114.79490000000001,11.047200000000004,49.62406015037594
2297,127.8904,6.731900000000024,52.63157894736842
2298,146.31480000000008,5.649599999999992,56.390977443609025
2299,136.60200000000003,6.04400000000004,55.639097744360896
2300,102.35849999999999,6.241799999999998,45.11278195488722
2301,136.59980000000002,8.21090000000001,52.63157894736842
2302,59.84400000000002,6.467300000000009,44.3609022556391
2303,121.22969999999995,9.401999999999987,45.11278195488722
2304,142.76220000000006,6.367399999999975,51.8796992481203
2305,113.65459999999993,7.20750000000001,48.87218045112782
2306,104.80519999999999,12.055499999999995,49.62406015037594
2307,104.77749999999997,6.433400000000006,47.368421052631575
2308,114.26559999999998,9.1995,49.62406015037594
2309,123.80479999999997,11.363,50.37593984962406
2310,107.87160000000006,5.03449999999998,51.127819548872175
2311,71.76139999999998,15.880400000000009,40.6015037593985
2312,148.76219999999998,8.535499999999985,54.13533834586466
2313,99.04919999999998,6.091800000000006,50.37593984962406
2314,137.4663,6.509999999999991,52.63157894736842
2315,139.2959,12.253500000000003,55.639097744360896
2316,192.27290000000016,9.753499999999974,54.88721804511278
2317,85.50709999999998,7.369100000000003,42.857142857142854
2318,98.26689999999994,11.633600000000001,44.3609022556391
2319,116.62369999999996,5.298100000000005,49.62406015037594
2320,74.93739999999997,8.335300000000018,46.616541353383454
2321,156.34320000000002,4.269199999999998,59.3984962406015
2322,185.2747999999999,5.484000000000009,60.902255639097746
2323,123.49339999999995,8.59129999999999,48.87218045112782
2324,100.64199999999994,6.694200000000009,51.127819548872175
2325,114.71219999999994,9.473899999999986,52.63157894736842
2326,133.37010000000004,5.121000000000009,54.88721804511278
2327,124.8635999999999,5.501200000000011,53.383458646616546
2328,120.7183,6.714799999999968,51.8796992481203
2329,93.22649999999993,13.78170000000003,45.11278195488722
2330,171.70760000000013,4.121999999999986,54.88721804511278
2331,174.25520000000006,4.786699999999996,61.65413533834586
2332,143.57389999999995,10.113800000000026,54.88721804511278
2333,138.8013,9.559900000000013,57.89473684210527
2334,149.89609999999996,5.480199999999968,54.88721804511278
2335,98.11869999999999,7.372400000000027,43.609022556390975
2336,118.85469999999992,9.991600000000034,48.87218045112782
2337,99.01369999999997,6.889599999999973,46.616541353383454
2338,139.41329999999996,5.516900000000007,49.62406015037594
2339,131.08790000000002,7.1200000000000045,51.127819548872175
2340,132.15529999999998,4.760099999999994,56.390977443609025
2341,165.80949999999996,4.944600000000008,54.88721804511278
2342,150.53990000000005,5.00800000000001,54.88721804511278
2343,135.58360000000005,7.983000000000004,52.63157894736842
2344,203.47449999999992,3.8292000000000144,60.150375939849624
2345,85.64679999999998,20.67439999999999,45.86466165413533
2346,107.98319999999995,7.682600000000036,50.37593984962406
2347,95.56960000000004,11.658199999999994,48.87218045112782
2348,96.04749999999996,8.832899999999995,52.63157894736842
2349,119.6620999999999,7.077500000000015,50.37593984962406
2350,113.72169999999994,7.7345000000000255,50.37593984962406
2351,109.33719999999997,8.790600000000012,51.8796992481203
2352,68.3392,7.7091000000000065,43.609022556390975
2353,39.21039999999999,12.356400000000008,36.84210526315789
2354,111.65989999999996,8.794299999999993,48.1203007518797
2355,139.5208,6.804400000000001,49.62406015037594
2356,131.05059999999997,12.761799999999994,52.63157894736842
2357,105.70019999999994,6.171399999999991,46.616541353383454
2358,130.95489999999992,4.832700000000045,55.639097744360896
2359,120.39849999999996,8.672899999999998,47.368421052631575
2360,113.4233999999999,6.409400000000005,46.616541353383454
2361,148.70719999999992,9.997300000000024,53.383458646616546
2362,108.57609999999994,8.844000000000008,48.1203007518797
2363,110.98089999999996,6.9268,49.62406015037594
2364,118.62339999999995,10.283400000000029,53.383458646616546
2365,106.18169999999998,4.09250000000003,44.3609022556391
2366,80.22910000000002,8.34190000000001,44.3609022556391
2367,123.02759999999998,5.211900000000014,48.87218045112782
2368,132.36229999999998,7.116200000000006,51.127819548872175
2369,135.95089999999996,6.964100000000002,59.3984962406015
2370,161.74209999999994,7.1233,54.88721804511278
2371,87.26620000000003,15.613399999999999,46.616541353383454
2372,109.70299999999992,8.7774,44.3609022556391
2373,75.71989999999997,9.282399999999996,39.097744360902254
2374,115.2739,6.9803,45.86466165413533
2375,116.05000000000001,8.381500000000017,44.3609022556391
2376,154.72199999999998,7.899900000000002,53.383458646616546
2377,130.60519999999994,4.737499999999983,52.63157894736842
2378,115.96569999999997,6.992100000000008,46.616541353383454
2379,128.40289999999996,6.170599999999993,53.383458646616546
2380,109.06560000000002,6.250699999999995,47.368421052631575
2381,116.6044,7.302500000000009,51.127819548872175
2382,83.98669999999998,9.08910000000003,43.609022556390975
2383,111.08859999999999,7.298699999999997,48.87218045112782
2384,86.18720000000002,8.886800000000008,47.368421052631575
2385,58.029000000000025,9.1601,46.616541353383454
2386,104.79919999999996,9.474200000000025,47.368421052631575
2387,135.3396,7.460700000000003,54.13533834586466
2388,110.81489999999997,7.36080000000004,47.368421052631575
2389,140.81590000000003,10.344099999999997,51.127819548872175
2390,98.2876,8.724199999999996,47.368421052631575
2391,125.6105,10.271100000000018,49.62406015037594
2392,74.3777,6.323100000000011,48.1203007518797
2393,128.68830000000003,7.111500000000007,49.62406015037594
2394,177.4292999999999,4.9950000000000045,56.390977443609025
2395,145.8948000000001,11.065099999999973,53.383458646616546
2396,131.686,8.752399999999966,51.8796992481203
2397,120.18059999999997,5.8681000000000125,52.63157894736842
2398,123.07560000000001,9.13470000000001,55.639097744360896
2399,134.39589999999995,5.745100000000008,53.383458646616546
2400,141.05309999999994,4.984800000000007,51.8796992481203
2401,98.58839999999998,6.2774,46.616541353383454
2402,154.49599999999995,6.785000000000025,53.383458646616546
2403,87.46279999999996,6.568700000000007,42.857142857142854
2404,111.86630000000008,7.390199999999993,50.37593984962406
2405,101.08449999999996,6.320999999999998,52.63157894736842
2406,111.64690000000002,6.621299999999991,48.87218045112782
2407,99.74299999999994,11.30419999999998,43.609022556390975
2408,81.05359999999999,9.87530000000001,45.11278195488722
2409,103.26200000000003,15.008700000000033,46.616541353383454
2410,128.66489999999996,6.7851,47.368421052631575
2411,95.3911,11.801200000000023,49.62406015037594
2412,132.81879999999992,7.395700000000005,52.63157894736842
2413,83.30160000000001,8.052599999999984,46.616541353383454
2414,131.7935,4.5172000000000025,53.383458646616546
2415,136.65739999999997,4.966499999999996,53.383458646616546
2416,129.30400000000003,7.470799999999997,53.383458646616546
2417,181.95180000000005,8.163299999999992,57.14285714285714
2418,134.1436,8.328100000000006,54.88721804511278
2419,92.17089999999999,7.481999999999999,47.368421052631575
2420,100.37059999999997,10.057300000000012,51.127819548872175
2421,112.80899999999997,6.033900000000017,45.86466165413533
2422,114.19529999999997,7.9410000000000025,51.127819548872175
2423,129.36980000000003,9.54219999999998,54.13533834586466
2424,125.73739999999998,6.7911,52.63157894736842
2425,103.14629999999994,9.998500000000035,50.37593984962406
2426,131.18219999999997,9.625300000000038,57.14285714285714
2427,110.33629999999994,6.336900000000014,48.87218045112782
2428,74.87539999999998,11.053899999999999,43.609022556390975
2429,113.51669999999996,7.095900000000029,50.37593984962406
2430,142.71740000000003,4.3455000000000155,54.13533834586466
2431,74.6574,8.467700000000008,45.86466165413533
2432,107.73340000000002,6.947099999999978,49.62406015037594
2433,150.24609999999996,5.524000000000001,52.63157894736842
2434,125.84909999999999,10.148899999999998,45.11278195488722
2435,179.1155,4.9898000000000025,57.14285714285714
2436,91.65019999999998,8.766000000000005,47.368421052631575
2437,78.2673,6.160200000000032,39.849624060150376
2438,108.54750000000001,8.087799999999959,51.8796992481203
2439,116.31009999999998,11.449699999999993,54.13533834586466
2440,133.61060000000003,6.257000000000005,47.368421052631575
2441,101.17880000000002,9.792899999999975,43.609022556390975
2442,120.7115,6.747000000000014,48.87218045112782
2443,126.97800000000001,5.106100000000026,50.37593984962406
2444,200.8472999999999,4.388000000000005,59.3984962406015
2445,105.32739999999998,7.208499999999987,50.37593984962406
2446,82.69299999999998,12.917300000000012,41.35338345864661
2447,128.482,7.003299999999996,51.8796992481203
2448,106.10640000000001,9.697699999999998,48.1203007518797
2449,89.65649999999994,9.157100000000014,48.87218045112782
2450,77.62769999999995,10.141700000000014,42.857142857142854
2451,115.5589,4.341200000000015,47.368421052631575
2452,96.22329999999994,6.165999999999997,46.616541353383454
2453,139.0285,5.969200000000001,49.62406015037594
2454,108.56469999999993,9.83250000000001,47.368421052631575
2455,105.04880000000003,7.131799999999998,48.87218045112782
2456,124.19059999999996,14.170899999999989,50.37593984962406
2457,77.82960000000003,12.578299999999999,47.368421052631575
2458,134.03129999999987,6.735900000000015,52.63157894736842
2459,139.89339999999996,3.829199999999986,48.87218045112782
2460,86.82249999999999,10.191100000000006,45.86466165413533
2461,146.69300000000013,6.704899999999981,49.62406015037594
2462,130.73529999999997,6.042599999999993,51.127819548872175
2463,127.65060000000008,7.013299999999958,48.87218045112782
2464,139.63850000000002,4.622200000000021,54.88721804511278
2465,116.3168,8.474599999999981,48.87218045112782
2466,95.15930000000003,7.4912000000000205,45.86466165413533
2467,119.09030000000001,12.152600000000007,47.368421052631575
2468,144.3455,5.8241999999999905,54.88721804511278
2469,96.42759999999996,7.705399999999969,48.87218045112782
2470,127.63359999999997,7.753600000000006,54.13533834586466
2471,142.7392,5.5394000000000005,48.87218045112782
2472,108.35609999999997,6.632499999999993,48.1203007518797
2473,135.51989999999998,8.432199999999995,56.390977443609025
2474,130.6543,9.763299999999987,54.88721804511278
2475,126.50390000000002,6.364500000000007,51.8796992481203
2476,110.37549999999999,7.594999999999999,48.1203007518797
2477,35.70139999999998,9.649600000000007,37.59398496240601
2478,78.97770000000003,6.0641000000000105,46.616541353383454
2479,105.71179999999993,12.380199999999988,43.609022556390975
2480,135.55159999999998,8.575800000000001,48.87218045112782
2481,95.39339999999999,11.114499999999992,45.86466165413533
2482,146.60200000000006,4.087399999999974,57.14285714285714
2483,155.16799999999998,5.7860999999999905,54.13533834586466
2484,106.96960000000001,8.390400000000028,50.37593984962406
2485,163.95989999999995,4.265699999999981,54.13533834586466
2486,117.39979999999997,6.185200000000009,49.62406015037594
2487,104.63949999999994,9.395399999999995,51.8796992481203
2488,155.6879,8.422699999999963,51.127819548872175
2489,108.01759999999996,16.07170000000002,49.62406015037594
2490,96.0866,7.65319999999997,48.1203007518797
2491,115.05669999999995,6.106899999999996,50.37593984962406
2492,142.7207,5.2938000000000045,53.383458646616546
2493,116.85549999999992,5.814899999999994,45.86466165413533
2494,123.82549999999992,7.020800000000008,51.8796992481203
2495,154.27929999999998,5.040600000000012,60.150375939849624
2496,120.47219999999999,7.68119999999999,54.88721804511278
2497,163.35950000000003,5.184600000000003,56.390977443609025
2498,138.9098,6.298299999999983,51.127819548872175
2499,115.10339999999997,7.143700000000024,48.87218045112782
2500,126.43769999999995,5.314799999999991,55.639097744360896
2501,138.62210000000002,6.110900000000001,51.8796992481203
2502,130.067,5.690899999999999,54.88721804511278
2503,136.49710000000005,6.549300000000002,54.88721804511278
2504,103.11930000000001,10.626499999999965,46.616541353383454
2505,161.70350000000002,5.176799999999957,57.89473684210527
2506,166.15340000000003,4.7575999999999965,60.902255639097746
2507,143.55750000000003,9.002600000000001,58.64661654135338
2508,71.5146,10.380600000000001,42.857142857142854
2509,85.0952,9.102399999999989,49.62406015037594
2510,102.56149999999997,6.833300000000008,44.3609022556391
2511,109.37619999999993,8.50030000000001,51.127819548872175
2512,84.85959999999997,7.955100000000016,45.11278195488722
2513,100.50279999999998,9.732100000000003,51.127819548872175
2514,124.86979999999997,7.765199999999993,46.616541353383454
2515,95.81669999999997,7.303999999999988,48.1203007518797
2516,154.13129999999998,8.87560000000002,52.63157894736842
2517,147.8229999999999,5.571899999999999,55.639097744360896
2518,112.9074,11.928099999999972,42.10526315789473
2519,131.42679999999996,11.57419999999999,49.62406015037594
2520,134.57629999999997,4.664300000000011,52.63157894736842
2521,85.4453,7.649799999999999,45.86466165413533
2522,116.79979999999995,4.618299999999991,49.62406015037594
2523,90.96109999999996,8.85650000000004,42.10526315789473
2524,87.18699999999998,8.695000000000022,45.86466165413533
2525,146.87850000000006,10.274399999999986,55.639097744360896
2526,142.76100000000017,3.829199999999986,54.13533834586466
2527,138.83270000000005,6.223200000000006,54.13533834586466
2528,115.15719999999996,7.985199999999992,48.1203007518797
2529,147.1522,5.158299999999997,53.383458646616546
2530,120.63539999999995,12.646100000000018,48.87218045112782
2531,65.51800000000003,11.562899999999985,47.368421052631575
2532,124.73520000000008,8.45320000000001,48.1203007518797
2533,127.96940000000001,4.386799999999994,52.63157894736842
2534,70.52279999999996,9.895600000000002,40.6015037593985
2535,111.63160000000005,7.61869999999999,52.63157894736842
2536,101.5846,7.344500000000011,52.63157894736842
2537,128.89540000000002,7.63730000000001,49.62406015037594
2538,130.22439999999997,10.458699999999993,53.383458646616546
2539,131.96459999999996,9.152600000000007,48.87218045112782
2540,95.60459999999998,6.035299999999992,48.87218045112782
2541,135.0793,5.232699999999994,50.37593984962406
2542,113.04919999999996,11.217000000000013,52.63157894736842
2543,118.11309999999997,7.332300000000004,52.63157894736842
2544,149.22680000000005,6.638800000000003,57.89473684210527
2545,103.82379999999989,9.797899999999998,51.127819548872175
2546,172.39009999999996,6.088400000000036,60.902255639097746
2547,123.30020000000002,10.162300000000002,42.857142857142854
2548,136.5082,7.28430000000003,51.8796992481203
2549,124.61599999999999,3.9321000000000197,51.127819548872175
2550,183.87670000000014,4.865099999999984,60.150375939849624
2551,146.9989,7.6392999999999915,51.8796992481203
2552,106.13799999999998,8.499699999999962,48.87218045112782
2553,105.67939999999999,8.081999999999994,44.3609022556391
2554,84.31899999999996,17.212699999999998,39.849624060150376
2555,69.46249999999998,15.290900000000008,42.857142857142854
2556,99.7294,8.897199999999998,50.37593984962406
2557,153.1932,4.183099999999996,57.14285714285714
2558,109.30269999999996,5.345400000000012,42.857142857142854
2559,133.59939999999997,4.114899999999977,50.37593984962406
2560,157.94730000000004,4.844300000000004,57.14285714285714
2561,154.73709999999994,5.909300000000002,51.8796992481203
2562,143.99430000000004,5.232700000000008,56.390977443609025
2563,110.37710000000004,10.933099999999996,46.616541353383454
2564,115.32539999999992,4.884100000000004,48.87218045112782
2565,164.8754,4.2161000000000115,57.14285714285714
2566,63.17990000000003,11.458699999999993,41.35338345864661
2567,118.14109999999997,5.174899999999994,52.63157894736842
2568,123.80080000000004,9.2183,53.383458646616546
2569,110.61290000000002,5.5227,51.8796992481203
2570,146.01459999999994,6.6188000000000216,56.390977443609025
2571,185.49900000000002,6.6714000000000055,55.639097744360896
2572,88.94640000000004,10.9863,47.368421052631575
2573,73.08799999999997,12.372300000000024,42.857142857142854
2574,107.09550000000004,8.0775,48.87218045112782
2575,86.2465,11.506100000000004,43.609022556390975
2576,164.464,8.811800000000034,56.390977443609025
2577,102.11360000000002,4.8977999999999895,53.383458646616546
2578,119.59689999999998,6.1121000000000265,52.63157894736842
2579,111.1268,9.306100000000015,50.37593984962406
2580,146.22749999999994,10.159999999999997,54.13533834586466
2581,97.31779999999998,7.291900000000055,44.3609022556391
2582,130.92949999999993,7.831100000000006,55.639097744360896
2583,110.66810000000004,9.562600000000003,50.37593984962406
2584,127.56879999999995,6.971299999999999,57.89473684210527
2585,105.04979999999995,6.233499999999992,51.8796992481203
2586,126.3813999999999,8.919200000000018,52.63157894736842
2587,140.48599999999996,6.266799999999989,50.37593984962406
2588,150.00779999999997,4.564899999999994,57.14285714285714
2589,109.7926,6.024000000000001,45.86466165413533
2590,121.50399999999996,5.720100000000002,49.62406015037594
2591,106.14309999999992,8.27600000000001,54.13533834586466
2592,128.6336,8.205899999999986,47.368421052631575
2593,75.5752,7.415300000000002,42.857142857142854
2594,121.60749999999999,7.674299999999988,48.87218045112782
2595,136.44989999999993,10.903500000000008,52.63157894736842
2596,93.59599999999995,8.51339999999999,45.11278195488722
2597,108.4445,7.187600000000003,50.37593984962406
2598,144.27120000000002,4.684699999999992,53.383458646616546
2599,95.13460000000003,5.521799999999985,43.609022556390975
2600,79.49139999999994,9.656900000000007,48.87218045112782
2601,110.12429999999995,7.725599999999986,46.616541353383454
2602,116.18419999999998,6.939600000000013,54.13533834586466
2603,65.8211,8.958399999999983,45.11278195488722
2604,129.76549999999992,8.122500000000002,54.13533834586466
2605,179.3948999999999,4.158200000000022,53.383458646616546
2606,106.02689999999996,4.475499999999997,46.616541353383454
2607,119.06809999999996,8.791900000000012,55.639097744360896
2608,136.99670000000003,17.96309999999997,51.8796992481203
2609,131.61790000000008,7.450199999999995,54.13533834586466
2610,153.9661000000001,10.46259999999998,51.8796992481203
2611,139.2464,7.024000000000001,54.88721804511278
2612,127.95029999999994,8.6053,50.37593984962406
2613,87.47610000000003,5.834499999999991,46.616541353383454
2614,107.02549999999997,13.6918,44.3609022556391
2615,83.1449,9.883700000000033,45.86466165413533
2616,79.55920000000003,11.733399999999989,41.35338345864661
2617,110.30309999999997,6.29800000000003,48.87218045112782
2618,108.29750000000001,8.369299999999981,48.87218045112782
2619,163.50440000000003,6.209299999999985,55.639097744360896
2620,98.35219999999998,7.691699999999997,45.11278195488722
2621,126.36460000000005,5.5083000000000055,53.383458646616546
2622,154.75580000000008,6.729499999999973,54.13533834586466
2623,95.30290000000002,7.182699999999997,45.11278195488722
2624,98.16579999999996,6.078399999999988,48.1203007518797
2625,104.24790000000002,10.789799999999985,43.609022556390975
2626,122.9802,11.194299999999998,49.62406015037594
2627,83.07949999999994,9.157300000000006,49.62406015037594
2628,138.7243,4.290300000000002,58.64661654135338
2629,143.01909999999998,6.594900000000024,54.88721804511278
2630,95.92450000000002,5.541499999999985,44.3609022556391
2631,139.48979999999997,5.187199999999962,54.88721804511278
2632,119.14689999999999,6.700099999999992,51.127819548872175
2633,124.70820000000003,8.939299999999989,51.8796992481203
2634,175.62880000000007,5.907200000000003,57.14285714285714
2635,143.34949999999992,10.592199999999991,56.390977443609025
2636,126.4957,7.150999999999996,48.87218045112782
2637,128.10019999999997,7.836999999999989,49.62406015037594
2638,120.86689999999996,6.078400000000002,45.86466165413533
2639,109.64019999999996,4.843199999999996,51.127819548872175
2640,102.72749999999996,13.361699999999985,47.368421052631575
2641,135.43229999999997,6.078399999999988,51.8796992481203
2642,69.882,14.651300000000006,45.11278195488722
2643,152.71749999999994,6.981599999999986,54.88721804511278
2644,88.47869999999998,6.046600000000012,46.616541353383454
2645,96.70859999999996,10.191100000000006,48.87218045112782
2646,119.15130000000002,8.717300000000023,50.37593984962406
2647,84.91580000000002,8.737099999999998,45.86466165413533
2648,126.11879999999996,5.568200000000019,51.8796992481203
2649,123.45799999999997,8.561399999999992,47.368421052631575
2650,129.3942,15.086400000000012,49.62406015037594
2651,99.34479999999996,9.761199999999974,45.86466165413533
2652,103.08979999999991,6.555300000000003,48.87218045112782
2653,99.874,9.202699999999965,42.857142857142854
2654,141.46330000000003,9.020200000000017,54.88721804511278
2655,107.13070000000002,5.057899999999989,49.62406015037594
2656,156.91100000000006,4.255300000000005,56.390977443609025
2657,150.41570000000007,8.808399999999978,52.63157894736842
2658,133.40639999999993,8.042100000000005,49.62406015037594
2659,67.72729999999999,6.87360000000001,44.3609022556391
2660,142.34120000000004,6.5756000000000085,52.63157894736842
2661,66.7781,11.797200000000004,51.8796992481203
2662,169.61910000000006,6.912299999999988,57.14285714285714
2663,165.70960000000014,7.001200000000011,57.14285714285714
2664,85.32829999999998,6.973900000000015,45.86466165413533
2665,125.12169999999998,5.600999999999999,46.616541353383454
2666,106.87200000000001,7.326999999999998,48.87218045112782
2667,95.87309999999991,9.563300000000027,47.368421052631575
2668,100.52940000000001,6.500400000000013,46.616541353383454
2669,77.26209999999998,9.7179,44.3609022556391
2670,137.9581,5.793599999999998,52.63157894736842
2671,73.87429999999995,8.672899999999998,45.86466165413533
2672,102.80399999999997,7.900000000000034,48.1203007518797
2673,102.62199999999999,8.455700000000007,50.37593984962406
2674,150.00410000000008,5.518199999999979,53.383458646616546
2675,142.1633,7.217900000000014,53.383458646616546
2676,138.63709999999998,7.118700000000004,53.383458646616546
2677,123.23359999999991,7.145499999999998,51.8796992481203
2678,115.41720000000004,9.811499999999995,50.37593984962406
2679,121.79999999999998,12.529299999999992,45.86466165413533
2680,129.1796,6.39500000000001,53.383458646616546
2681,117.7527,12.933099999999996,49.62406015037594
2682,115.17360000000002,5.602999999999952,54.13533834586466
2683,145.29839999999996,7.501599999999996,55.639097744360896
2684,137.6021,7.437900000000013,59.3984962406015
2685,124.80369999999999,7.380200000000002,50.37593984962406
2686,91.85290000000003,10.312400000000025,46.616541353383454
2687,87.53270000000003,13.387599999999992,45.86466165413533
2688,103.20419999999996,11.517200000000003,49.62406015037594
2689,142.07819999999995,5.662700000000029,52.63157894736842
2690,104.93819999999997,11.719999999999999,44.3609022556391
2691,106.00319999999999,8.408200000000022,45.86466165413533
2692,121.5711,14.695199999999971,48.87218045112782
2693,88.94319999999999,13.780500000000018,48.87218045112782
2694,140.6511,7.4377999999999815,51.127819548872175
2695,150.9983,10.557799999999986,57.89473684210527
2696,99.54490000000004,5.039800000000014,50.37593984962406
2697,107.50300000000004,5.649699999999996,50.37593984962406
2698,51.62659999999997,10.045500000000004,42.857142857142854
2699,163.7523,8.352499999999992,56.390977443609025
2700,88.06969999999995,13.327600000000004,45.11278195488722
2701,95.83779999999999,5.504100000000008,47.368421052631575
2702,117.80149999999998,7.393200000000007,47.368421052631575
2703,112.29410000000001,17.9384,51.8796992481203
2704,108.43329999999997,7.4757999999999925,48.87218045112782
2705,103.58349999999993,14.454899999999995,47.368421052631575
2706,107.91819999999996,9.937900000000013,49.62406015037594
2707,132.17209999999997,6.088899999999995,50.37593984962406
2708,113.63239999999996,8.060700000000026,53.383458646616546
2709,133.70289999999994,5.440100000000001,57.14285714285714
2710,130.83270000000002,5.337099999999964,51.8796992481203
2711,112.5299,10.892800000000022,51.8796992481203
2712,106.53209999999999,9.168099999999981,43.609022556390975
2713,97.96270000000001,9.075999999999993,47.368421052631575
2714,120.80239999999992,10.43100000000004,54.13533834586466
2715,109.54269999999997,4.891400000000033,49.62406015037594
2716,113.56469999999996,9.336600000000004,48.87218045112782
2717,119.17039999999992,5.101700000000008,51.8796992481203
2718,164.5122,6.842399999999998,56.390977443609025
2719,83.42949999999999,7.288700000000006,50.37593984962406
2720,114.31880000000001,8.262800000000027,52.63157894736842
2721,115.8039,8.147599999999983,46.616541353383454
2722,140.42759999999998,9.342600000000004,55.639097744360896
2723,117.22390000000001,6.113099999999974,51.8796992481203
2724,92.4125,10.609100000000012,42.10526315789473
2725,143.54229999999998,6.128299999999996,51.8796992481203
2726,153.2710000000001,5.218400000000003,57.89473684210527
2727,135.11370000000002,10.159899999999993,46.616541353383454
2728,149.71990000000005,7.6211999999999875,55.639097744360896
2729,108.81660000000005,6.275499999999994,47.368421052631575
2730,137.61780000000005,5.90089999999995,53.383458646616546
2731,64.68990000000002,8.331199999999967,44.3609022556391
2732,110.1875,6.213899999999995,43.609022556390975
2733,85.94770000000005,13.05080000000001,45.11278195488722
2734,96.08359999999999,7.069400000000002,48.87218045112782
2735,133.7386,10.694399999999973,48.87218045112782
2736,113.67739999999998,9.366099999999989,45.86466165413533
2737,71.89069999999998,13.877300000000005,46.616541353383454
2738,136.9408999999999,5.192800000000005,54.13533834586466
2739,135.97699999999998,5.8513000000000375,56.390977443609025
2740,116.20819999999998,6.5212999999999965,52.63157894736842
2741,143.12179999999992,6.956300000000027,53.383458646616546
2742,106.88570000000004,7.4772000000000105,48.87218045112782
2743,119.26779999999994,7.404100000000028,48.1203007518797
2744,94.93309999999997,7.437899999999985,48.87218045112782
2745,145.77500000000003,5.152299999999997,53.383458646616546
2746,107.10860000000002,6.778999999999996,49.62406015037594
2747,144.88279999999995,12.116200000000049,51.127819548872175
2748,110.43189999999993,9.456099999999992,47.368421052631575
2749,126.06129999999996,7.183000000000021,50.37593984962406
2750,121.02800000000002,3.9151999999999987,50.37593984962406
2751,147.07309999999993,5.995199999999997,54.88721804511278
2752,147.47949999999992,5.802699999999987,52.63157894736842
2753,118.28980000000004,6.197900000000033,54.13533834586466
2754,146.558,4.215900000000033,51.8796992481203
2755,99.1882,7.345800000000011,46.616541353383454
2756,106.6585,10.404399999999981,45.86466165413533
2757,102.03570000000002,6.515999999999963,48.87218045112782
2758,119.49079999999998,7.688000000000045,48.87218045112782
2759,98.44560000000001,11.73739999999998,45.11278195488722
2760,95.88470000000007,6.571400000000011,47.368421052631575
2761,116.69870000000003,8.2072,47.368421052631575
2762,111.29799999999994,7.7324999999999875,53.383458646616546
2763,110.75720000000001,8.099099999999964,43.609022556390975
2764,131.85549999999995,5.999799999999993,51.127819548872175
2765,133.7702,5.801799999999986,48.87218045112782
2766,106.42889999999997,6.798000000000002,48.1203007518797
2767,124.77710000000005,9.077200000000005,50.37593984962406
2768,101.19489999999999,6.794599999999974,51.127819548872175
2769,118.23209999999997,7.875399999999985,51.127819548872175
2770,164.83529999999996,7.287599999999998,53.383458646616546
2771,95.5044,8.74560000000001,51.127819548872175
2772,121.04820000000001,9.406199999999998,50.37593984962406
2773,107.57229999999996,6.649699999999996,46.616541353383454
2774,121.20760000000001,8.931899999999985,49.62406015037594
2775,88.01059999999998,6.028700000000015,50.37593984962406
2776,77.27799999999996,13.994200000000006,48.87218045112782
2777,110.94529999999995,5.074999999999989,47.368421052631575
2778,148.07789999999994,16.918999999999997,59.3984962406015
2779,145.34870000000006,9.299499999999995,51.8796992481203
2780,119.85799999999995,10.288800000000009,52.63157894736842
2781,114.20609999999999,6.684299999999979,52.63157894736842
2782,48.74209999999999,13.716200000000015,36.09022556390977
2783,93.33810000000003,7.671199999999999,49.62406015037594
2784,125.03579999999997,7.810200000000009,50.37593984962406
2785,172.68800000000005,5.290600000000012,58.64661654135338
2786,108.77000000000001,6.838100000000011,48.87218045112782
2787,124.73119999999994,11.039600000000007,50.37593984962406
2788,162.08929999999998,5.278699999999986,56.390977443609025
2789,89.46689999999995,7.882400000000018,39.849624060150376
2790,116.81209999999993,7.862799999999993,48.87218045112782
2791,135.16879999999998,4.6011999999999915,55.639097744360896
2792,138.5353,8.101999999999975,53.383458646616546
2793,130.31640000000002,7.217899999999986,52.63157894736842
2794,109.18759999999995,9.705800000000067,42.10526315789473
2795,129.6607999999999,4.75060000000002,51.8796992481203
2796,118.45340000000002,6.023000000000025,51.8796992481203
2797,92.88259999999997,7.886600000000016,48.1203007518797
2798,99.67349999999999,6.7749999999999915,47.368421052631575
2799,160.14800000000002,5.038100000000014,51.8796992481203
2800,142.4427,6.800999999999988,55.639097744360896
2801,115.56909999999988,5.9088999999999885,53.383458646616546
2802,87.46880000000004,8.049799999999976,48.87218045112782
2803,74.56739999999999,9.625600000000006,43.609022556390975
2804,107.99869999999996,8.303200000000004,48.87218045112782
2805,108.99429999999995,7.090300000000013,46.616541353383454
2806,79.18980000000002,9.284499999999994,44.3609022556391
2807,118.32530000000003,6.007099999999994,49.62406015037594
2808,110.75899999999996,6.6203,48.1203007518797
2809,145.72580000000002,5.012000000000029,54.88721804511278
2810,89.38519999999997,11.13300000000001,45.11278195488722
2811,138.0388,5.873400000000004,51.127819548872175
2812,130.0937,4.1821000000000055,54.88721804511278
2813,125.67919999999998,7.352300000000014,52.63157894736842
2814,126.029,7.003999999999991,49.62406015037594
2815,116.38799999999998,9.181699999999978,51.127819548872175
2816,122.52330000000006,5.437699999999978,49.62406015037594
2817,81.82899999999995,5.58359999999999,44.3609022556391
2818,80.64410000000001,10.78410000000001,46.616541353383454
2819,119.15589999999997,7.940200000000004,47.368421052631575
2820,111.31029999999998,9.27640000000001,49.62406015037594
2821,145.19330000000002,5.948600000000013,54.88721804511278
2822,95.39239999999995,10.378100000000003,45.86466165413533
2823,71.3425,13.790599999999998,49.62406015037594
2824,161.6988,5.640899999999988,54.88721804511278
2825,120.61639999999994,5.967900000000014,48.87218045112782
2826,157.6046,6.869399999999999,57.89473684210527
2827,143.0253000000001,6.6462999999999965,52.63157894736842
2828,78.70530000000002,9.688600000000008,45.86466165413533
2829,71.05450000000002,10.540599999999984,42.857142857142854
2830,92.87389999999999,7.5756999999999834,47.368421052631575
2831,94.31649999999996,7.4240999999999815,48.1203007518797
2832,124.52739999999994,7.849300000000014,55.639097744360896
2833,133.59909999999994,7.5061000000000035,50.37593984962406
2834,127.29750000000001,6.685800000000029,51.127819548872175
2835,129.04280000000006,9.97580000000002,54.13533834586466
2836,132.46959999999999,8.834699999999998,48.87218045112782
2837,133.79109999999997,6.500500000000045,52.63157894736842
2838,120.09299999999996,8.305900000000008,48.1203007518797
2839,104.3603,6.221000000000004,49.62406015037594
2840,137.75920000000005,7.530799999999999,56.390977443609025
2841,89.3606,7.451400000000007,43.609022556390975
2842,85.69199999999995,7.425700000000006,45.11278195488722
2843,81.88600000000002,11.3095,43.609022556390975
2844,117.41269999999994,9.672200000000004,51.127819548872175
2845,131.507,6.9290000000000305,51.127819548872175
2846,118.70509999999996,12.371499999999997,51.127819548872175
2847,143.0701,8.926000000000016,55.639097744360896
2848,96.666,12.319999999999993,46.616541353383454
2849,154.09229999999997,8.209000000000003,52.63157894736842
2850,99.71539999999999,9.164199999999965,51.127819548872175
2851,96.71269999999998,8.331999999999994,47.368421052631575
2852,158.3936,7.026399999999995,57.14285714285714
2853,119.27619999999996,6.767300000000006,48.87218045112782
2854,169.58999999999992,6.461099999999988,54.13533834586466
2855,138.4776,6.614000000000004,52.63157894736842
2856,144.08669999999998,6.620100000000036,52.63157894736842
2857,127.27940000000004,8.928300000000007,53.383458646616546
2858,131.39149999999992,7.824400000000026,53.383458646616546
2859,111.1557,5.661399999999986,51.127819548872175
2860,120.82159999999999,6.692700000000002,48.87218045112782
2861,143.7721,6.303599999999989,51.127819548872175
2862,187.6517,4.954699999999988,58.64661654135338
2863,135.95029999999994,8.568600000000004,51.127819548872175
2864,108.76560000000006,4.552999999999997,45.86466165413533
2865,104.04690000000005,8.514600000000002,42.10526315789473
2866,166.08310000000006,4.300399999999968,59.3984962406015
2867,59.59780000000001,9.20859999999999,42.10526315789473
2868,144.37609999999998,6.919000000000011,55.639097744360896
2869,131.5759,4.9106000000000165,51.8796992481203
2870,121.94360000000003,6.935500000000019,54.13533834586466
2871,95.79600000000005,5.606899999999996,52.63157894736842
2872,131.44719999999992,6.604300000000023,52.63157894736842
2873,140.41320000000002,6.130600000000015,57.89473684210527
2874,73.24289999999999,12.518399999999986,42.10526315789473
2875,136.94549999999998,7.628000000000014,50.37593984962406
2876,119.78639999999999,7.638300000000015,48.1203007518797
2877,113.9675,7.989500000000021,49.62406015037594
2878,134.84329999999997,4.2572999999999865,56.390977443609025
2879,106.76009999999997,9.354799999999983,46.616541353383454
2880,124.3209,11.600899999999996,50.37593984962406
2881,151.46729999999985,7.3966000000000065,57.89473684210527
2882,115.0772,4.3995000000000175,49.62406015037594
2883,147.61149999999995,5.968900000000005,55.639097744360896
2884,96.07529999999991,8.06450000000001,45.86466165413533
2885,101.2946,8.351799999999997,44.3609022556391
2886,92.91790000000003,5.948200000000014,46.616541353383454
2887,135.81810000000002,8.479900000000015,55.639097744360896
2888,118.87420000000003,4.421600000000012,51.127819548872175
2889,103.14059999999998,6.1573999999999955,48.87218045112782
2890,162.75270000000006,5.070699999999988,57.14285714285714
2891,86.98919999999998,7.729399999999998,43.609022556390975
2892,182.58370000000008,5.245900000000006,58.64661654135338
2893,91.09259999999995,13.617100000000008,45.11278195488722
2894,57.54510000000002,11.19850000000001,39.849624060150376
2895,125.207,6.290399999999977,49.62406015037594
2896,122.19629999999995,8.33189999999999,52.63157894736842
2897,93.92930000000007,13.85669999999999,52.63157894736842
2898,114.36449999999994,10.288399999999996,51.8796992481203
2899,158.79180000000008,6.155799999999971,56.390977443609025
2900,78.00469999999999,8.860399999999998,42.857142857142854
2901,165.5263000000001,4.880099999999999,55.639097744360896
2902,148.99759999999992,6.665099999999995,53.383458646616546
2903,126.2619,8.020499999999998,55.639097744360896
2904,95.38679999999994,7.120399999999989,49.62406015037594
2905,83.13759999999996,10.068000000000012,45.11278195488722
2906,94.89589999999995,11.54940000000002,48.87218045112782
2907,156.51850000000002,5.667100000000005,58.64661654135338
2908,116.01599999999993,8.338400000000036,51.127819548872175
2909,100.55599999999993,13.781300000000002,45.11278195488722
2910,110.80889999999994,8.781800000000004,48.1203007518797
2911,118.19549999999995,8.935900000000004,49.62406015037594
2912,154.865,6.417000000000002,56.390977443609025
2913,105.66669999999999,4.593999999999994,45.86466165413533
2914,99.87750000000005,6.141799999999989,51.8796992481203
2915,75.66559999999998,12.224500000000006,41.35338345864661
2916,89.77080000000001,11.330100000000002,45.86466165413533
2917,89.93780000000004,12.106799999999993,50.37593984962406
2918,131.42870000000002,7.65809999999999,49.62406015037594
2919,145.53769999999994,6.128099999999989,51.127819548872175
2920,105.59449999999998,7.968199999999996,48.87218045112782
2921,119.39169999999996,4.777600000000007,48.1203007518797
2922,77.18979999999993,7.167100000000005,39.849624060150376
2923,119.1443999999999,6.3202,54.13533834586466
2924,117.64469999999994,9.895800000000008,48.1203007518797
2925,95.58390000000003,5.861500000000007,47.368421052631575
2926,95.1483,8.395800000000008,44.3609022556391
2927,120.4103,6.743300000000005,52.63157894736842
2928,123.81979999999999,8.825100000000006,49.62406015037594
2929,132.50200000000004,8.079800000000006,47.368421052631575
2930,137.0207,6.711400000000026,51.8796992481203
2931,122.59779999999995,5.861700000000013,54.13533834586466
2932,116.98019999999997,7.2867999999999995,50.37593984962406
2933,124.07239999999996,6.5245000000000175,46.616541353383454
2934,121.56479999999996,12.967799999999997,51.127819548872175
2935,117.3365,7.653599999999997,53.383458646616546
2936,122.60909999999996,7.084699999999998,47.368421052631575
2937,130.17739999999995,6.783199999999994,51.127819548872175
2938,103.41659999999996,8.589100000000002,45.86466165413533
2939,100.13060000000002,8.180200000000013,50.37593984962406
2940,137.17620000000008,7.081999999999965,54.13533834586466
2941,133.15890000000007,6.497200000000021,52.63157894736842
2942,118.6774,6.892599999999959,49.62406015037594
2943,142.5704,5.772600000000011,55.639097744360896
2944,101.74560000000002,8.550299999999993,47.368421052631575
2945,116.04129999999998,6.166700000000006,51.127819548872175
2946,139.98140000000006,4.308799999999991,52.63157894736842
2947,134.41669999999996,7.294799999999981,55.639097744360896
2948,100.90300000000002,7.457499999999982,48.1203007518797
2949,143.79870000000008,4.382700000000028,57.14285714285714
2950,84.65359999999998,6.599799999999988,43.609022556390975
2951,165.77620000000002,5.61239999999998,54.88721804511278
2952,108.06309999999996,9.7085,45.86466165413533
2953,135.0553,5.692100000000011,51.8796992481203
2954,145.79749999999999,4.016300000000001,53.383458646616546
2955,99.90020000000001,11.68259999999998,51.8796992481203
2956,99.99499999999998,11.488799999999998,48.87218045112782
2957,93.23389999999995,8.322700000000026,49.62406015037594
2958,133.9427,6.0005999999999915,51.127819548872175
2959,138.86640000000008,4.7102,55.639097744360896
2960,118.16609999999997,4.112800000000021,51.8796992481203
2961,121.93709999999999,5.852299999999985,50.37593984962406
2962,127.30959999999999,7.416500000000013,47.368421052631575
2963,116.30809999999997,6.836999999999989,48.87218045112782
2964,84.43009999999998,13.632000000000033,40.6015037593985
2965,114.02260000000001,7.5642,48.87218045112782
2966,114.22749999999996,4.287900000000008,45.86466165413533
2967,129.19299999999996,6.385999999999996,53.383458646616546
2968,90.607,6.622700000000009,51.8796992481203
2969,131.4785,10.307400000000001,52.63157894736842
2970,105.88880000000003,8.921400000000006,45.86466165413533
2971,125.73939999999993,6.9705000000000155,52.63157894736842
2972,118.32289999999989,5.104199999999992,54.88721804511278
2973,134.2318,5.842400000000026,53.383458646616546
2974,89.2122,10.149299999999982,47.368421052631575
2975,108.29049999999998,9.84960000000001,48.1203007518797
2976,109.31379999999996,3.400500000000008,49.62406015037594
2977,94.80299999999994,11.66149999999999,46.616541353383454
2978,115.68369999999999,5.268599999999992,54.13533834586466
2979,141.3921,5.862300000000005,51.127819548872175
2980,144.64199999999988,3.2276999999999987,54.88721804511278
2981,77.54579999999999,6.882799999999975,45.86466165413533
2982,141.58470000000008,7.26479999999998,56.390977443609025
2983,179.40769999999998,3.915200000000027,58.64661654135338
2984,130.36200000000002,9.21629999999999,54.13533834586466
2985,105.2987,6.064700000000016,50.37593984962406
2986,88.51769999999999,8.180599999999998,43.609022556390975
2987,119.97679999999997,5.786599999999993,54.13533834586466
2988,90.61169999999996,8.122000000000014,42.10526315789473
2989,101.66550000000001,11.123099999999994,53.383458646616546
2990,125.28190000000001,10.660600000000002,48.1203007518797
2991,119.77169999999995,10.774799999999999,49.62406015037594
2992,116.91640000000001,6.021799999999999,50.37593984962406
2993,135.3937,6.473499999999973,52.63157894736842
2994,90.78550000000001,10.406199999999984,50.37593984962406
2995,89.5101,5.964700000000008,45.11278195488722
2996,144.25430000000003,7.329800000000034,51.8796992481203
2997,119.27299999999997,7.888900000000007,53.383458646616546
2998,94.32469999999995,6.459699999999998,48.1203007518797
2999,65.04820000000001,7.614000000000004,42.857142857142854
3000,121.83339999999993,4.397199999999998,47.368421052631575
3001,130.52289999999996,5.926299999999998,50.37593984962406
3002,102.36370000000005,11.764699999999976,52.63157894736842
3003,90.31779999999998,9.490099999999984,48.1203007518797
3004,112.78469999999996,9.61869999999999,47.368421052631575
3005,94.87230000000005,5.358800000000002,50.37593984962406
3006,129.6748,8.389100000000013,45.11278195488722
3007,99.16979999999995,14.583900000000028,48.87218045112782
3008,161.19079999999997,6.5762,53.383458646616546
3009,148.41600000000005,6.67319999999998,53.383458646616546
3010,133.19039999999995,3.529200000000003,56.390977443609025
3011,85.62249999999997,10.332499999999982,41.35338345864661
3012,133.36009999999993,7.208099999999973,49.62406015037594
3013,107.90579999999994,10.699000000000012,46.616541353383454
3014,121.90719999999999,7.161699999999996,53.383458646616546
3015,145.93579999999997,7.058300000000003,54.13533834586466
3016,128.4321999999999,7.526700000000005,60.150375939849624
3017,146.7145000000001,7.037199999999999,44.3609022556391
3018,152.51680000000002,5.9232000000000085,53.383458646616546
3019,118.81500000000005,6.225699999999989,51.8796992481203
3020,111.02859999999998,10.183699999999988,48.1203007518797
3021,106.41929999999996,8.555700000000002,52.63157894736842
3022,106.51619999999997,12.525699999999986,49.62406015037594
3023,105.69980000000004,8.782899999999984,46.616541353383454
3024,126.13389999999998,7.552100000000053,52.63157894736842
3025,120.66330000000002,9.517299999999992,53.383458646616546
3026,116.52310000000003,11.078299999999984,48.1203007518797
3027,104.3783,4.970799999999997,48.1203007518797
3028,117.03719999999993,7.269300000000015,49.62406015037594
3029,143.95129999999997,4.8155,56.390977443609025
3030,91.2894,11.658800000000014,48.87218045112782
3031,105.57389999999995,4.806799999999981,50.37593984962406
3032,117.48819999999992,4.651900000000012,48.87218045112782
3033,88.28589999999997,9.847999999999985,43.609022556390975
3034,134.1599,5.923100000000034,48.87218045112782
3035,142.5572,5.80319999999999,52.63157894736842
3036,93.68029999999999,6.371600000000001,45.11278195488722
3037,181.7532000000001,3.406400000000019,54.88721804511278
3038,108.90079999999989,7.133400000000023,49.62406015037594
3039,121.93159999999995,7.516500000000008,51.127819548872175
3040,99.03320000000002,7.238100000000003,46.616541353383454
3041,147.54539999999992,5.511799999999994,54.13533834586466
3042,144.64389999999997,8.033600000000007,50.37593984962406
3043,129.11849999999998,7.022699999999986,51.127819548872175
3044,94.64639999999997,10.697699999999998,49.62406015037594
3045,123.09520000000003,7.484000000000009,49.62406015037594
3046,147.6687,7.271999999999991,57.89473684210527
3047,155.42550000000003,4.396399999999971,60.150375939849624
3048,123.97009999999995,8.139299999999992,51.127819548872175
3049,114.83569999999997,9.709699999999998,52.63157894736842
3050,113.94689999999997,6.857699999999994,51.8796992481203
3051,129.719,5.566200000000009,51.127819548872175
3052,106.75109999999998,4.510900000000021,51.127819548872175
3053,78.57539999999995,9.293199999999999,42.10526315789473
3054,131.93040000000005,7.451699999999988,52.63157894736842
3055,133.7145,10.781400000000048,51.8796992481203
3056,101.0532,8.39719999999997,47.368421052631575
3057,122.98059999999998,8.032600000000002,52.63157894736842
3058,119.22090000000003,8.268799999999999,49.62406015037594
3059,147.2027,4.850300000000004,52.63157894736842
3060,95.94789999999998,5.523500000000013,48.1203007518797
3061,131.18219999999994,8.09960000000001,54.13533834586466
3062,120.37099999999998,13.270899999999983,48.87218045112782
3063,138.10989999999998,9.372299999999996,56.390977443609025
3064,126.45119999999997,6.437700000000007,51.8796992481203
3065,141.43800000000007,5.118499999999983,52.63157894736842
3066,134.86019999999996,5.920800000000014,53.383458646616546
3067,122.21690000000001,7.990899999999982,51.127819548872175
3068,91.85999999999999,11.472099999999983,46.616541353383454
3069,120.42449999999997,7.774699999999996,51.8796992481203
3070,134.26749999999993,6.676900000000003,51.127819548872175
3071,108.4103,6.104700000000008,48.1203007518797
3072,139.53160000000008,9.659999999999997,48.87218045112782
3073,131.3906,8.943100000000015,49.62406015037594
3074,136.59259999999995,15.505100000000027,54.13533834586466
3075,145.27289999999996,6.716999999999999,51.127819548872175
3076,156.37070000000006,9.07629999999999,51.8796992481203
3077,136.87499999999994,9.550700000000006,54.88721804511278
3078,124.73649999999998,5.696699999999993,54.13533834586466
3079,97.06369999999998,7.940600000000018,43.609022556390975
3080,127.60020000000003,5.978000000000009,49.62406015037594
3081,71.88319999999999,12.776100000000014,40.6015037593985
3082,132.90439999999995,7.735900000000015,55.639097744360896
3083,146.13599999999997,8.146899999999988,52.63157894736842
3084,91.18989999999991,11.835700000000088,48.1203007518797
3085,174.56830000000002,7.417000000000002,58.64661654135338
3086,109.41069999999999,8.474400000000003,51.8796992481203
3087,72.98410000000001,10.159400000000005,43.609022556390975
3088,171.72140000000002,4.623800000000017,53.383458646616546
3089,154.4839,8.43380000000002,57.14285714285714
3090,125.88100000000003,9.021899999999988,53.383458646616546
3091,131.55309999999994,5.282200000000017,47.368421052631575
3092,145.46570000000003,5.0774000000000115,54.88721804511278
3093,123.7493,5.509399999999971,51.8796992481203
3094,115.45679999999999,15.145400000000024,52.63157894736842
3095,100.23449999999997,8.142499999999984,44.3609022556391
3096,187.8866999999999,5.692900000000009,63.90977443609023
3097,101.71249999999998,6.171099999999996,50.37593984962406
3098,51.66560000000001,12.435599999999994,43.609022556390975
3099,75.80219999999997,5.854099999999988,45.86466165413533
3100,174.41400000000004,5.637400000000014,57.89473684210527
3101,78.27370000000002,8.563999999999993,49.62406015037594
3102,170.4959,10.779300000000006,60.150375939849624
3103,77.7877,8.2714,41.35338345864661
3104,100.80770000000001,7.3095,48.87218045112782
3105,127.42589999999998,7.557999999999993,51.8796992481203
3106,132.19799999999998,5.996700000000004,48.87218045112782
3107,128.65550000000002,6.392300000000006,50.37593984962406
3108,106.7639,6.478000000000009,51.127819548872175
3109,87.28019999999995,7.4435,44.3609022556391
3110,130.03839999999997,6.9620000000000175,57.89473684210527
3111,118.91919999999999,7.524100000000004,51.127819548872175
3112,110.51120000000003,6.9325999999999794,48.87218045112782
3113,107.66719999999995,7.24430000000001,42.857142857142854
3114,118.29740000000001,11.347100000000012,48.87218045112782
3115,156.43060000000014,6.3553,55.639097744360896
3116,128.81350000000003,4.9550000000000125,51.8796992481203
3117,151.3214000000001,4.351300000000009,54.88721804511278
3118,133.5413,6.820999999999998,53.383458646616546
3119,156.73590000000002,9.229199999999992,51.8796992481203
3120,124.14319999999998,8.395300000000006,48.1203007518797
3121,90.1796,6.420400000000001,48.87218045112782
3122,82.93599999999998,9.167800000000028,46.616541353383454
3123,119.64290000000005,9.56880000000001,49.62406015037594
3124,116.21979999999996,5.9217000000000155,48.1203007518797
3125,130.0161,6.010899999999992,53.383458646616546
3126,130.54389999999992,5.252900000000011,53.383458646616546
3127,130.85580000000002,11.028699999999986,57.89473684210527
3128,121.543,4.101200000000006,48.87218045112782
3129,132.51680000000002,8.555900000000008,45.86466165413533
3130,144.14759999999998,3.829199999999986,57.89473684210527
3131,96.04229999999998,4.270999999999987,45.11278195488722
3132,153.74319999999994,8.206800000000001,55.639097744360896
3133,115.09630000000004,5.437899999999999,51.8796992481203
3134,112.72249999999994,9.916699999999992,51.127819548872175
3135,72.14410000000001,18.856899999999982,41.35338345864661
3136,144.9533,5.348399999999998,57.89473684210527
3137,110.18219999999994,8.547799999999995,50.37593984962406
3138,89.36819999999997,7.191600000000022,47.368421052631575
3139,76.05899999999997,8.517200000000003,46.616541353383454
3140,108.80529999999996,6.6638999999999555,47.368421052631575
3141,129.75879999999995,6.093500000000006,53.383458646616546
3142,107.42069999999998,6.546199999999999,54.88721804511278
3143,93.94469999999998,8.020399999999995,45.86466165413533
3144,128.99059999999997,11.106899999999996,50.37593984962406
3145,134.4452,6.120899999999949,51.8796992481203
3146,113.49609999999996,4.7579000000000065,52.63157894736842
3147,131.21909999999997,6.517600000000002,57.14285714285714
3148,115.4419,8.19380000000001,48.87218045112782
3149,112.06389999999999,11.652200000000008,48.1203007518797
3150,73.51599999999996,12.75060000000002,39.097744360902254
3151,104.96339999999998,5.325400000000002,52.63157894736842
3152,85.96190000000001,11.182400000000001,44.3609022556391
3153,107.15889999999999,6.431299999999993,50.37593984962406
3154,142.99059999999997,9.645899999999997,53.383458646616546
3155,110.63190000000003,13.986400000000003,43.609022556390975
3156,116.77750000000003,8.926600000000008,53.383458646616546
3157,89.41580000000002,7.49909999999997,48.87218045112782
3158,171.4212,6.296299999999974,54.88721804511278
3159,101.64789999999999,12.916799999999967,49.62406015037594
3160,125.3552,7.992899999999992,56.390977443609025
3161,94.87209999999999,8.92040000000003,48.87218045112782
3162,128.6647,7.80540000000002,50.37593984962406
3163,113.04159999999996,5.862700000000004,44.3609022556391
3164,125.46720000000002,6.427799999999991,51.8796992481203
3165,135.44599999999994,5.854399999999998,53.383458646616546
3166,82.65199999999993,8.59220000000002,43.609022556390975
3167,124.58420000000001,8.953400000000016,51.8796992481203
3168,133.25429999999997,7.47169999999997,48.1203007518797
3169,126.59959999999995,5.323100000000011,48.87218045112782
3170,123.27669999999998,7.631500000000003,49.62406015037594
3171,135.47799999999995,8.231400000000008,49.62406015037594
3172,133.12950000000004,6.316400000000002,54.88721804511278
3173,125.30489999999998,5.6447,51.127819548872175
3174,140.04449999999994,6.79830000000004,49.62406015037594
3175,118.90429999999998,9.019999999999982,51.127819548872175
3176,80.9247,9.210499999999996,46.616541353383454
3177,137.35949999999997,6.278699999999986,55.639097744360896
3178,143.83460000000002,7.074200000000005,55.639097744360896
3179,165.6205,6.637699999999995,62.40601503759399
3180,146.79940000000002,6.264500000000027,57.89473684210527
3181,121.52159999999992,6.558300000000003,51.8796992481203
3182,116.92829999999995,8.981400000000036,53.383458646616546
3183,114.4288,19.427099999999996,52.63157894736842
3184,90.73309999999998,7.24369999999999,45.86466165413533
3185,153.10999999999987,7.208500000000043,52.63157894736842
3186,114.88550000000004,5.834800000000001,48.87218045112782
3187,113.6499,8.104199999999992,55.639097744360896
3188,95.644,10.297200000000004,50.37593984962406
3189,124.1237000000001,5.586600000000033,53.383458646616546
3190,108.11509999999998,6.1447,43.609022556390975
3191,73.86529999999999,7.236199999999997,42.10526315789473
3192,114.40000000000003,8.153900000000021,48.87218045112782
3193,112.3321,5.731700000000004,50.37593984962406
3194,108.01599999999996,12.263800000000003,49.62406015037594
3195,138.16780000000006,7.626999999999981,51.127819548872175
3196,161.44639999999998,8.4409,51.8796992481203
3197,136.7662,6.114300000000014,56.390977443609025
3198,138.83610000000007,9.346299999999985,50.37593984962406
3199,148.64329999999998,5.6614,52.63157894736842
3200,157.72069999999997,9.053200000000004,59.3984962406015
3201,96.34519999999998,9.021900000000002,48.87218045112782
3202,115.79249999999996,4.687000000000012,53.383458646616546
3203,72.4742,11.073499999999996,40.6015037593985
3204,152.3385000000001,8.749300000000005,54.88721804511278
3205,147.55579999999995,8.936499999999995,53.383458646616546
3206,111.93779999999998,11.3891,44.3609022556391
3207,144.91459999999998,4.2438999999999965,55.639097744360896
3208,102.78460000000001,5.452499999999986,47.368421052631575
3209,151.21579999999997,7.7739999999999725,51.8796992481203
3210,166.76850000000007,5.116899999999987,54.13533834586466
3211,91.60890000000003,11.087299999999985,44.3609022556391
3212,98.51399999999998,8.131899999999973,49.62406015037594
3213,127.63979999999998,7.050200000000018,53.383458646616546
3214,98.31019999999995,6.641900000000007,49.62406015037594
3215,108.23420000000004,5.469300000000004,53.383458646616546
3216,125.40530000000001,8.098299999999995,48.1203007518797
3217,92.9461,6.385799999999989,46.616541353383454
3218,140.518,6.477600000000024,51.127819548872175
3219,151.56490000000002,8.840800000000002,49.62406015037594
3220,151.23850000000004,5.447100000000006,54.13533834586466
3221,100.35809999999995,5.6436999999999955,48.1203007518797
3222,134.32190000000003,8.560599999999994,53.383458646616546
3223,162.37880000000007,8.780900000000003,54.13533834586466
3224,169.12869999999987,6.737300000000005,57.89473684210527
3225,136.51939999999993,5.040500000000009,54.13533834586466
3226,147.78769999999997,11.202400000000011,59.3984962406015
3227,149.81520000000003,5.819000000000017,51.127819548872175
3228,130.1358,9.316100000000006,53.383458646616546
3229,151.4515,4.243999999999971,57.89473684210527
3230,121.62609999999992,5.615099999999998,51.8796992481203
3231,159.66609999999997,10.943600000000004,54.13533834586466
3232,131.53859999999997,8.546700000000001,51.127819548872175
3233,146.41979999999995,12.365200000000002,53.383458646616546
3234,110.87619999999993,7.614099999999993,51.127819548872175
3235,138.23630000000003,6.988100000000003,52.63157894736842
3236,157.48580000000004,6.5955000000000155,56.390977443609025
3237,121.80740000000003,10.420699999999982,51.127819548872175
3238,87.44259999999997,5.752800000000008,47.368421052631575
3239,133.95250000000004,7.094099999999997,54.88721804511278
3240,112.25999999999999,9.332799999999963,48.1203007518797
3241,143.11170000000004,5.730099999999993,48.87218045112782
3242,184.75269999999995,6.136999999999972,62.40601503759399
3243,126.90610000000001,6.541500000000013,51.8796992481203
3244,112.99339999999995,8.136000000000024,47.368421052631575
3245,159.24540000000002,7.079399999999964,56.390977443609025
3246,108.95869999999996,4.597000000000008,49.62406015037594
3247,100.07139999999993,12.53000000000003,51.127819548872175
3248,115.05989999999991,11.499000000000024,47.368421052631575
3249,194.13650000000018,4.042600000000007,65.41353383458647
3250,112.92849999999993,12.55210000000001,48.87218045112782
3251,152.2136,5.77030000000002,57.14285714285714
3252,96.65929999999997,8.2988,48.87218045112782
3253,160.53790000000004,10.336299999999994,57.14285714285714
3254,138.7893,4.900299999999987,50.37593984962406
3255,141.65160000000003,8.8433,51.8796992481203
3256,84.40439999999995,5.794399999999996,45.86466165413533
3257,129.285,5.906499999999994,51.127819548872175
3258,146.6054,5.124600000000015,49.62406015037594
3259,87.82239999999996,6.695899999999995,51.8796992481203
3260,122.21600000000001,6.497199999999992,50.37593984962406
3261,105.44630000000004,7.127199999999959,49.62406015037594
3262,100.94799999999998,7.9646999999999935,50.37593984962406
3263,124.54039999999998,6.429400000000001,48.87218045112782
3264,110.83839999999992,15.487500000000011,47.368421052631575
3265,158.961,6.224899999999991,54.13533834586466
3266,108.70279999999991,7.168000000000006,47.368421052631575
3267,105.14939999999996,6.970100000000002,51.127819548872175
3268,117.18730000000005,9.01279999999997,46.616541353383454
3269,137.66010000000006,6.4757000000000176,55.639097744360896
3270,132.917,8.451600000000013,46.616541353383454
3271,98.82549999999998,7.643799999999999,48.87218045112782
3272,107.73969999999997,5.34839999999997,49.62406015037594
3273,111.42509999999999,7.229700000000008,49.62406015037594
3274,127.35109999999997,4.710399999999993,55.639097744360896
3275,126.82139999999998,6.460499999999996,51.8796992481203
3276,75.85200000000003,7.7956999999999965,43.609022556390975
3277,133.17629999999997,5.442200000000014,54.88721804511278
3278,113.76749999999998,7.550200000000046,46.616541353383454
3279,128.27939999999998,5.855700000000013,49.62406015037594
3280,76.49759999999998,12.312699999999992,47.368421052631575
3281,147.47639999999998,5.242999999999995,54.88721804511278
3282,117.0661,3.67319999999998,55.639097744360896
3283,68.2766,9.21289999999999,45.86466165413533
3284,145.37290000000004,7.847799999999978,54.13533834586466
3285,128.50279999999992,8.019700000000029,53.383458646616546
3286,106.32070000000004,15.439299999999989,43.609022556390975
3287,119.58959999999999,5.697200000000009,46.616541353383454
3288,140.65420000000006,8.003100000000003,52.63157894736842
3289,107.91929999999996,9.63330000000002,52.63157894736842
3290,134.94449999999992,8.637900000000002,56.390977443609025
3291,146.52679999999995,6.653700000000001,58.64661654135338
3292,131.7508,5.336000000000013,54.88721804511278
3293,106.10230000000001,8.590000000000003,49.62406015037594
3294,113.02389999999991,10.718700000000013,44.3609022556391
3295,121.3966,6.100300000000033,48.87218045112782
3296,146.06419999999997,4.555499999999995,48.1203007518797
3297,119.74639999999997,6.602100000000007,50.37593984962406
3298,101.8812999999999,10.237500000000011,48.87218045112782
3299,102.69769999999994,6.272700000000015,46.616541353383454
3300,106.7832,7.571899999999985,47.368421052631575
3301,87.53930000000003,8.385199999999998,46.616541353383454
3302,134.30030000000002,6.402499999999975,48.1203007518797
3303,112.97349999999997,7.368600000000015,48.1203007518797
3304,195.24170000000015,10.821699999999993,57.89473684210527
3305,165.8198,5.706600000000037,54.88721804511278
3306,124.89929999999998,5.863400000000013,48.87218045112782
3307,114.17680000000001,7.6644000000000005,49.62406015037594
3308,120.23979999999995,5.072000000000031,53.383458646616546
3309,123.89499999999998,6.433599999999998,51.127819548872175
3310,131.1135,5.773099999999971,54.13533834586466
3311,90.71979999999996,6.886700000000019,47.368421052631575
3312,115.05440000000002,8.421099999999996,51.127819548872175
3313,133.6659,8.367700000000013,54.13533834586466
3314,153.56729999999993,5.501400000000018,54.13533834586466
3315,71.40659999999997,8.830999999999989,45.86466165413533
3316,144.19340000000003,7.59699999999998,52.63157894736842
3317,150.91759999999996,8.786300000000011,51.8796992481203
3318,119.75579999999997,7.772899999999993,51.127819548872175
3319,97.72909999999996,8.51100000000001,44.3609022556391
3320,162.66859999999997,9.174500000000023,57.89473684210527
3321,59.6148,11.0638,43.609022556390975
3322,117.02359999999999,7.430700000000002,55.639097744360896
3323,140.04729999999995,9.871899999999982,50.37593984962406
3324,125.54200000000003,8.034600000000012,52.63157894736842
3325,69.29930000000002,15.594700000000017,48.1203007518797
3326,124.49369999999999,7.6541,53.383458646616546
3327,119.80930000000001,15.039600000000007,51.8796992481203
3328,156.2994000000001,4.649899999999974,57.89473684210527
3329,123.976,5.469999999999999,50.37593984962406
3330,155.00699999999998,5.013599999999997,54.13533834586466
3331,86.15659999999997,18.537599999999998,48.1203007518797
3332,110.43889999999999,10.643699999999967,46.616541353383454
3333,118.30909999999994,7.020400000000009,50.37593984962406
3334,134.62720000000007,9.811499999999967,54.13533834586466
3335,147.0728,7.223500000000001,53.383458646616546
3336,129.95479999999998,7.106799999999993,51.127819548872175
3337,73.75609999999998,14.24890000000002,47.368421052631575
3338,96.5016,12.563799999999986,44.3609022556391
3339,101.35929999999996,7.416300000000035,51.127819548872175
3340,144.79729999999998,6.9284000000000106,52.63157894736842
3341,124.8365,10.025299999999987,52.63157894736842
3342,136.0263,5.357299999999981,51.127819548872175
3343,130.30389999999997,5.661399999999986,56.390977443609025
3344,101.00879999999998,14.164599999999979,45.86466165413533
3345,112.8587,5.054699999999997,49.62406015037594
3346,93.9360999999999,10.18810000000002,42.857142857142854
3347,83.428,8.047799999999995,47.368421052631575
3348,136.23859999999996,7.117599999999982,54.88721804511278
3349,150.27150000000006,5.4694999999999965,56.390977443609025
3350,179.39429999999993,6.944999999999993,57.14285714285714
3351,78.35950000000003,15.9388,46.616541353383454
3352,119.18300000000002,5.988900000000001,49.62406015037594
3353,167.69699999999995,9.76890000000003,55.639097744360896
3354,71.35039999999998,15.101699999999994,51.8796992481203
3355,97.90540000000001,7.395700000000005,49.62406015037594
3356,108.04209999999995,6.8019999999999925,49.62406015037594
3357,100.82519999999994,5.616299999999995,48.87218045112782
3358,145.26469999999998,3.699699999999993,58.64661654135338
3359,122.38390000000001,8.583600000000004,51.127819548872175
3360,132.3919999999999,6.559700000000021,52.63157894736842
3361,110.74960000000002,7.725300000000004,52.63157894736842
3362,109.7946,10.218500000000006,50.37593984962406
3363,135.48320000000004,8.0933,53.383458646616546
3364,148.59250000000006,7.1410999999999945,52.63157894736842
3365,141.07849999999993,7.9254999999999995,52.63157894736842
3366,96.5951,11.516199999999998,43.609022556390975
3367,139.91619999999995,4.953800000000001,51.8796992481203
3368,143.39410000000004,5.149900000000002,51.127819548872175
3369,93.86789999999996,8.134500000000003,43.609022556390975
3370,151.04549999999998,3.829199999999986,54.13533834586466
3371,145.1634,5.838399999999993,57.14285714285714
3372,126.161,9.772199999999998,51.8796992481203
3373,104.94219999999996,8.768499999999989,45.86466165413533
3374,106.18759999999992,8.541900000000027,50.37593984962406
3375,133.0433,7.122699999999995,51.8796992481203
3376,147.298,4.10329999999999,54.88721804511278
3377,62.39500000000001,7.178399999999982,44.3609022556391
3378,141.49139999999997,7.808400000000006,55.639097744360896
3379,144.6136,7.723299999999995,50.37593984962406
3380,121.82879999999994,7.301300000000026,50.37593984962406
3381,90.65559999999999,5.921800000000019,53.383458646616546
3382,107.73629999999997,7.737700000000018,49.62406015037594
3383,130.8773999999999,5.291399999999996,51.127819548872175
3384,132.1761,13.83189999999999,49.62406015037594
3385,133.0668,9.845700000000022,53.383458646616546
3386,142.2783,4.640900000000016,54.88721804511278
3387,94.34709999999995,8.936500000000024,48.87218045112782
3388,79.31150000000002,9.366699999999994,45.11278195488722
3389,169.99549999999988,4.7120000000000175,54.13533834586466
3390,102.35919999999996,6.227100000000007,46.616541353383454
3391,133.79980000000003,6.909300000000002,49.62406015037594
3392,121.10750000000002,9.354299999999995,46.616541353383454
3393,129.85890000000003,8.393999999999977,50.37593984962406
3394,104.75570000000002,10.9726,48.1203007518797
3395,121.58039999999994,4.965399999999988,51.127819548872175
3396,102.35080000000005,6.060099999999977,54.13533834586466
3397,117.16269999999997,5.483299999999986,48.1203007518797
3398,174.97350000000006,9.786699999999996,58.64661654135338
3399,159.23199999999997,4.925600000000003,57.14285714285714
3400,136.89520000000005,6.696100000000001,55.639097744360896
3401,129.74829999999997,5.217899999999986,51.8796992481203
3402,103.249,7.0837999999999965,42.857142857142854
3403,133.3845,6.2517,48.1203007518797
3404,136.1741,7.82289999999999,55.639097744360896
3405,122.0406000000001,8.569999999999993,49.62406015037594
3406,151.3644,5.427999999999997,53.383458646616546
3407,117.84690000000003,10.241900000000001,54.88721804511278
3408,151.33709999999996,4.816900000000032,54.13533834586466
3409,131.9756,6.019200000000012,49.62406015037594
3410,129.64969999999994,5.780599999999993,54.13533834586466
3411,123.6284,9.671299999999974,51.127819548872175
3412,115.46659999999997,5.6267,46.616541353383454
3413,143.29299999999995,7.906399999999991,54.88721804511278
3414,138.27499999999995,10.40209999999999,50.37593984962406
3415,104.08849999999995,8.042100000000005,51.8796992481203
3416,91.67849999999999,6.486399999999989,45.86466165413533
3417,96.00809999999993,14.759800000000013,45.86466165413533
3418,107.54699999999997,14.049299999999988,56.390977443609025
3419,97.87959999999998,9.180399999999963,42.857142857142854
3420,100.50060000000002,7.275499999999994,46.616541353383454
3421,115.98259999999999,16.752800000000008,53.383458646616546
3422,109.9742,8.694400000000002,53.383458646616546
3423,108.22129999999996,7.176300000000026,46.616541353383454
3424,170.353,5.823099999999982,57.89473684210527
3425,135.54170000000002,6.387499999999989,54.13533834586466
3426,112.3238,7.2716000000000065,49.62406015037594
3427,150.72760000000005,8.020399999999995,53.383458646616546
3428,128.32810000000006,13.013199999999927,56.390977443609025
3429,119.10570000000001,7.691999999999979,51.127819548872175
3430,167.7201,6.635800000000003,59.3984962406015
3431,105.41370000000006,5.3706000000000245,51.127819548872175
3432,92.78160000000003,8.740099999999984,45.11278195488722
3433,83.959,9.116399999999999,47.368421052631575
3434,151.81439999999998,6.67349999999999,54.88721804511278
3435,110.17249999999999,9.362700000000004,46.616541353383454
3436,134.89309999999998,7.262599999999992,51.8796992481203
3437,136.86190000000002,6.148899999999998,54.88721804511278
3438,120.55589999999995,10.257400000000018,51.127819548872175
3439,161.62970000000007,6.002700000000004,58.64661654135338
3440,134.90520000000004,6.7697,51.8796992481203
3441,103.6242,9.929699999999997,46.616541353383454
3442,173.73040000000003,5.295899999999989,60.902255639097746
3443,70.9984,6.772199999999998,42.857142857142854
3444,111.70689999999999,9.78049999999999,49.62406015037594
3445,141.71829999999997,7.521200000000022,54.13533834586466
3446,85.63089999999994,7.104100000000017,48.87218045112782
3447,108.77539999999999,8.557100000000048,51.127819548872175
3448,122.1077,5.961200000000019,47.368421052631575
3449,146.94780000000003,6.250699999999995,55.639097744360896
3450,158.62189999999998,5.989100000000008,52.63157894736842
3451,118.49769999999992,6.779200000000031,53.383458646616546
3452,130.8656,7.073099999999982,51.8796992481203
3453,128.25099999999998,9.583499999999987,53.383458646616546
3454,124.17170000000004,5.548599999999993,48.87218045112782
3455,95.5179,10.334600000000009,47.368421052631575
3456,85.20699999999997,7.65190000000004,43.609022556390975
3457,134.14189999999996,8.7971,51.8796992481203
3458,103.3166,10.6233,51.127819548872175
3459,113.1073999999999,7.0467000000000155,57.14285714285714
3460,118.67849999999993,7.921500000000009,47.368421052631575
3461,148.42469999999994,8.431799999999996,51.8796992481203
3462,132.7503,8.345699999999994,50.37593984962406
3463,80.166,10.749300000000034,40.6015037593985
3464,49.54310000000001,16.122600000000006,41.35338345864661
3465,173.56500000000005,6.135499999999979,60.150375939849624
3466,117.6526,9.521100000000004,48.87218045112782
3467,93.8252,12.5963,46.616541353383454
3468,99.1797,7.572000000000003,44.3609022556391
3469,97.36939999999998,6.2313000000000045,51.127819548872175
3470,113.30719999999994,4.956600000000009,53.383458646616546
3471,82.49129999999997,7.707099999999997,46.616541353383454
3472,134.92990000000003,6.832899999999995,53.383458646616546
3473,99.06739999999996,11.25030000000001,51.8796992481203
3474,121.0813,5.554200000000009,54.13533834586466
3475,131.7707,10.706500000000005,48.87218045112782
3476,128.43770000000004,5.967500000000001,51.8796992481203
3477,129.15119999999996,4.852400000000017,50.37593984962406
3478,130.15069999999994,10.637499999999989,51.127819548872175
3479,131.35569999999998,5.976400000000012,56.390977443609025
3480,109.44190000000003,12.013500000000022,47.368421052631575
3481,160.0278,4.554999999999978,54.88721804511278
3482,121.19079999999997,8.059499999999986,51.127819548872175
3483,150.16299999999995,4.946600000000004,55.639097744360896
3484,110.32649999999995,5.207999999999998,44.3609022556391
3485,121.45599999999996,9.942999999999998,52.63157894736842
3486,121.42909999999995,9.489599999999996,48.87218045112782
3487,44.80090000000001,8.97930000000001,40.6015037593985
3488,113.9477,6.0685,55.639097744360896
3489,134.41740000000001,4.559100000000001,49.62406015037594
3490,133.8217,6.497200000000021,55.639097744360896
3491,117.45839999999993,5.861699999999985,51.127819548872175
3492,146.1032,3.795199999999994,55.639097744360896
3493,90.78219999999999,11.493899999999996,44.3609022556391
3494,92.79750000000001,6.724199999999996,45.11278195488722
3495,99.74789999999996,10.092300000000023,45.11278195488722
3496,149.86209999999997,6.774699999999996,56.390977443609025
3497,137.16170000000002,4.745200000000011,54.88721804511278
3498,123.87740000000002,9.05589999999998,50.37593984962406
3499,122.60389999999995,5.772400000000005,50.37593984962406
3500,76.5702,7.522300000000001,45.86466165413533
3501,95.90020000000001,6.358200000000011,49.62406015037594
3502,101.76479999999998,8.656999999999982,42.857142857142854
3503,155.29220000000007,4.129899999999992,57.14285714285714
3504,105.88890000000004,6.915900000000008,45.11278195488722
3505,119.25540000000001,10.928200000000004,53.383458646616546
3506,134.37219999999994,4.812799999999996,48.1203007518797
3507,179.45389999999998,10.773100000000014,60.150375939849624
3508,87.3237,8.612800000000021,44.3609022556391
3509,132.05020000000002,11.048200000000008,48.87218045112782
3510,67.68440000000001,7.522899999999993,42.857142857142854
3511,139.55579999999995,8.000900000000001,54.88721804511278
3512,71.08089999999999,10.113200000000006,45.11278195488722
3513,108.03739999999999,8.095700000000022,48.87218045112782
3514,101.43169999999998,7.636799999999994,49.62406015037594
3515,125.95179999999999,9.759900000000002,50.37593984962406
3516,130.56049999999996,9.63669999999999,50.37593984962406
3517,164.77870000000007,7.720199999999949,56.390977443609025
3518,126.79509999999996,9.273800000000051,49.62406015037594
3519,93.65659999999997,13.649399999999986,43.609022556390975
3520,127.2825,7.3422999999999945,53.383458646616546
3521,161.68090000000012,5.496299999999991,55.639097744360896
3522,103.82870000000003,6.2594999999999885,48.87218045112782
3523,116.42230000000006,4.5186999999999955,51.127819548872175
3524,122.5625,5.36039999999997,54.13533834586466
3525,104.21459999999996,9.211500000000015,46.616541353383454
3526,125.61499999999995,4.991199999999992,49.62406015037594
3527,119.67049999999986,8.722000000000008,50.37593984962406
3528,97.60880000000003,7.339300000000009,48.87218045112782
3529,109.6654,7.969100000000026,53.383458646616546
3530,130.53419999999997,7.035199999999989,47.368421052631575
3531,113.8082,7.056000000000012,50.37593984962406
3532,106.66399999999999,5.759,50.37593984962406
3533,92.7859,16.681200000000004,45.11278195488722
3534,89.73770000000007,12.067800000000005,44.3609022556391
3535,160.88290000000006,6.556599999999975,54.13533834586466
3536,157.37170000000003,7.250400000000042,56.390977443609025
3537,89.17610000000005,8.05680000000001,48.1203007518797
3538,159.8164999999999,6.604400000000027,58.64661654135338
3539,92.8486,10.534900000000007,47.368421052631575
3540,185.50920000000002,3.7105000000000103,60.150375939849624
3541,127.4067,7.5578000000000145,51.8796992481203
3542,130.6904,7.567799999999977,48.1203007518797
3543,145.9889,5.775599999999969,53.383458646616546
3544,173.21199999999993,4.791500000000013,57.14285714285714
3545,103.69969999999995,5.639399999999995,45.86466165413533
3546,163.9762,4.897199999999998,52.63157894736842
3547,148.93930000000006,10.946199999999976,51.8796992481203
3548,118.74109999999999,7.932399999999973,45.86466165413533
3549,109.09539999999996,7.122399999999999,48.87218045112782
3550,98.07559999999998,8.295000000000002,45.86466165413533
3551,88.63559999999995,11.18549999999999,48.87218045112782
3552,131.24929999999998,5.3089999999999975,47.368421052631575
3553,128.88430000000005,10.200699999999983,45.86466165413533
3554,142.33380000000005,4.996600000000001,55.639097744360896
3555,126.2656,5.554100000000005,48.1203007518797
3556,74.7081,8.471199999999996,42.10526315789473
3557,118.8042999999999,9.875400000000013,49.62406015037594
3558,158.2406000000001,7.0197,59.3984962406015
3559,113.62229999999994,6.579800000000034,50.37593984962406
3560,130.10159999999996,12.069700000000012,50.37593984962406
3561,133.63599999999997,5.559699999999992,55.639097744360896
3562,119.97500000000002,7.624399999999994,45.86466165413533
3563,112.57049999999995,7.453400000000016,51.127819548872175
3564,137.09239999999997,9.874900000000025,52.63157894736842
3565,135.05239999999998,7.437399999999997,54.88721804511278
3566,148.4568,6.214400000000012,54.13533834586466
3567,104.73090000000002,11.047200000000004,41.35338345864661
3568,93.78389999999996,10.235,49.62406015037594
3569,103.14800000000002,6.0360999999999905,47.368421052631575
3570,156.05219999999997,6.736499999999992,57.14285714285714
3571,77.51480000000004,10.313299999999998,42.10526315789473
3572,155.12940000000003,7.2464999999999975,54.13533834586466
3573,143.00220000000002,7.921999999999969,60.150375939849624
3574,151.192,7.9495000000000005,56.390977443609025
3575,133.48179999999994,3.565700000000021,56.390977443609025
3576,100.65660000000003,9.482099999999974,48.1203007518797
3577,128.1501,11.39330000000001,48.87218045112782
3578,130.5403,4.7342000000000155,54.88721804511278
3579,141.67380000000003,6.664600000000007,57.14285714285714
3580,137.45579999999998,7.813199999999995,55.639097744360896
3581,112.84870000000006,6.411899999999974,50.37593984962406
3582,125.81470000000002,5.107600000000019,51.8796992481203
3583,114.47119999999995,8.653600000000012,48.1203007518797
3584,93.91850000000002,6.186499999999995,48.1203007518797
3585,149.80129999999997,7.730200000000025,48.1203007518797
3586,102.05890000000005,8.28540000000001,45.86466165413533
3587,87.00639999999999,9.461899999999957,43.609022556390975
3588,121.89470000000003,8.855800000000002,54.13533834586466
3589,109.32120000000006,7.830199999999991,48.1203007518797
3590,147.07080000000005,6.539999999999992,54.13533834586466
3591,120.21299999999997,6.536299999999997,49.62406015037594
3592,121.03069999999991,6.174200000000013,50.37593984962406
3593,143.96149999999997,6.037299999999988,54.13533834586466
3594,97.90700000000001,6.781899999999979,55.639097744360896
3595,117.62790000000001,10.261099999999999,48.87218045112782
3596,151.3784000000001,5.980700000000013,58.64661654135338
3597,119.95289999999994,8.61790000000002,51.127819548872175
3598,163.28250000000003,6.244200000000006,57.14285714285714
3599,121.45780000000002,5.2202000000000055,51.127819548872175
3600,128.31539999999995,5.428300000000007,51.127819548872175
3601,122.92649999999998,6.190099999999973,51.127819548872175
3602,107.8775,8.183299999999974,48.87218045112782
3603,117.75229999999999,4.0017,48.1203007518797
3604,109.72560000000001,6.918599999999998,43.609022556390975
3605,85.27339999999995,8.007400000000018,40.6015037593985
3606,132.6415,6.513899999999978,53.383458646616546
3607,144.07089999999997,4.7450999999999794,51.127819548872175
3608,144.04099999999997,8.31310000000002,52.63157894736842
3609,95.50179999999997,10.710199999999986,44.3609022556391
3610,87.51350000000002,9.916100000000029,52.63157894736842
3611,98.79400000000004,7.804099999999977,49.62406015037594
3612,81.0675,9.57480000000001,49.62406015037594
3613,137.42269999999994,10.496399999999994,51.8796992481203
3614,149.5791,7.486399999999975,53.383458646616546
3615,175.65179999999998,5.819800000000001,54.88721804511278
3616,129.47039999999993,4.676800000000014,48.1203007518797
3617,129.6165,6.29679999999999,49.62406015037594
3618,105.71639999999991,14.485399999999998,48.1203007518797
3619,133.35469999999998,7.273799999999994,51.8796992481203
3620,151.70530000000014,7.745999999999981,55.639097744360896
3621,61.339200000000005,13.118600000000015,42.857142857142854
3622,75.94319999999999,6.923600000000022,41.35338345864661
3623,92.06149999999994,11.028500000000008,45.86466165413533
3624,81.98550000000006,9.478700000000003,44.3609022556391
3625,80.70689999999996,13.02720000000005,45.86466165413533
3626,159.85340000000002,7.421099999999967,59.3984962406015
3627,136.7535,5.733499999999992,52.63157894736842
3628,67.0387,6.983299999999986,40.6015037593985
3629,142.68329999999995,5.803599999999989,54.88721804511278
3630,114.82339999999999,6.598899999999986,52.63157894736842
3631,107.8417,9.637900000000002,55.639097744360896
3632,135.29529999999997,6.2952999999999975,56.390977443609025
3633,121.01080000000002,7.433799999999991,48.1203007518797
3634,132.04160000000005,7.323399999999992,52.63157894736842
3635,112.95839999999998,10.150800000000004,51.127819548872175
3636,109.31029999999998,9.594400000000007,51.8796992481203
3637,145.09750000000005,3.668700000000001,55.639097744360896
3638,143.38920000000002,7.722100000000012,49.62406015037594
3639,113.63380000000001,5.060299999999984,48.87218045112782
3640,150.47449999999998,6.78370000000001,51.8796992481203
3641,94.541,9.023399999999995,42.10526315789473
3642,115.451,7.365899999999982,45.11278195488722
3643,158.50990000000002,4.720199999999977,54.13533834586466
3644,112.15390000000002,5.906400000000005,46.616541353383454
3645,150.62050000000005,4.398599999999988,54.88721804511278
3646,155.73800000000006,6.389399999999995,54.13533834586466
3647,90.31270000000004,6.645699999999977,45.86466165413533
3648,100.39590000000001,7.305299999999988,54.13533834586466
3649,118.07320000000001,5.864999999999981,53.383458646616546
3650,133.3399,8.564000000000021,50.37593984962406
3651,128.6235,4.572499999999991,49.62406015037594
3652,141.30649999999994,10.559699999999992,52.63157894736842
3653,143.59870000000006,7.456099999999992,49.62406015037594
3654,154.09870000000006,5.720099999999974,54.13533834586466
3655,90.49719999999996,11.32770000000005,48.87218045112782
3656,114.18719999999996,6.955100000000016,54.88721804511278
3657,111.31979999999999,8.082899999999995,48.87218045112782
3658,111.67099999999996,7.002399999999994,51.8796992481203
3659,100.59739999999994,9.647599999999983,43.609022556390975
3660,207.94450000000006,6.964599999999962,60.902255639097746
3661,165.09550000000002,4.003399999999999,55.639097744360896
3662,114.81299999999996,9.682999999999993,48.1203007518797
3663,130.61169999999996,8.855000000000047,49.62406015037594
3664,140.05149999999998,5.355800000000002,56.390977443609025
3665,109.42889999999997,6.912000000000006,49.62406015037594
3666,131.76340000000002,4.360100000000003,50.37593984962406
3667,183.54139999999995,8.298400000000015,57.89473684210527
3668,103.8554,4.1273000000000195,51.127819548872175
3669,129.58669999999998,10.584800000000001,49.62406015037594
3670,102.4632,8.065300000000008,48.1203007518797
3671,100.80649999999997,10.579500000000024,51.127819548872175
3672,135.88340000000002,6.428899999999999,51.8796992481203
3673,89.24270000000001,11.896899999999988,47.368421052631575
3674,127.89679999999998,5.962500000000006,50.37593984962406
3675,101.66670000000005,8.36239999999998,53.383458646616546
3676,107.16189999999995,8.376900000000006,51.127819548872175
3677,142.23650000000004,6.1327,47.368421052631575
3678,155.78989999999996,5.955100000000016,57.14285714285714
3679,105.2065,10.46180000000001,51.127819548872175
3680,114.87,6.9658000000000015,48.87218045112782
3681,90.43989999999997,9.193799999999982,46.616541353383454
3682,102.64519999999996,9.909599999999983,47.368421052631575
3683,133.22389999999996,11.123899999999992,57.89473684210527
3684,120.95619999999997,7.381799999999998,50.37593984962406
3685,96.52870000000001,10.22750000000002,46.616541353383454
3686,97.74330000000003,7.079800000000034,49.62406015037594
3687,129.8198,6.921099999999996,55.639097744360896
3688,126.60790000000003,6.1340999999999894,52.63157894736842
3689,113.56310000000002,8.437099999999987,45.86466165413533
3690,103.51089999999999,6.450099999999992,48.1203007518797
3691,138.65789999999998,5.126100000000008,50.37593984962406
3692,118.11059999999998,6.518699999999967,50.37593984962406
3693,175.90679999999998,5.272999999999996,56.390977443609025
3694,94.62029999999999,8.260700000000014,43.609022556390975
3695,127.50240000000002,6.338300000000004,53.383458646616546
3696,96.20700000000005,9.324700000000007,47.368421052631575
3697,98.14929999999998,5.781800000000004,51.127819548872175
3698,124.23169999999999,3.6968999999999994,47.368421052631575
3699,119.06749999999994,7.948599999999999,47.368421052631575
3700,127.93829999999997,5.34790000000001,54.13533834586466
3701,130.95409999999995,5.157800000000009,51.8796992481203
3702,95.77190000000002,5.178999999999974,42.857142857142854
3703,111.87359999999995,6.094699999999989,48.87218045112782
3704,117.4025,11.151200000000017,53.383458646616546
3705,147.64859999999993,3.409400000000005,53.383458646616546
3706,111.0649,4.781499999999994,50.37593984962406
3707,115.11369999999997,11.924700000000001,51.127819548872175
3708,131.8372,5.9757000000000176,53.383458646616546
3709,95.67859999999999,8.418999999999997,50.37593984962406
3710,113.17259999999993,18.801100000000005,48.87218045112782
3711,108.84240000000003,7.316800000000001,48.1203007518797
3712,103.24239999999998,7.8204000000000065,47.368421052631575
3713,104.20839999999995,11.81049999999999,48.1203007518797
3714,88.19159999999994,10.450400000000002,45.86466165413533
3715,139.9906,5.599500000000006,54.13533834586466
3716,120.3877,6.537300000000002,45.11278195488722
3717,70.25550000000004,7.550899999999984,44.3609022556391
3718,114.35449999999997,9.457999999999998,46.616541353383454
3719,178.15399999999988,8.29119999999999,55.639097744360896
3720,139.03610000000006,4.41089999999997,52.63157894736842
3721,118.78629999999998,9.35990000000001,49.62406015037594
3722,92.22349999999992,9.093199999999996,51.127819548872175
3723,148.16650000000004,4.898400000000038,58.64661654135338
3724,96.21710000000002,9.733000000000004,45.11278195488722
3725,88.69139999999999,13.180800000000005,47.368421052631575
3726,96.36810000000003,6.2335000000000065,50.37593984962406
3727,119.31649999999996,9.034599999999998,48.1203007518797
3728,128.62469999999993,8.008299999999991,54.88721804511278
3729,149.72170000000006,8.92919999999998,57.14285714285714
3730,121.39959999999996,6.734199999999959,48.87218045112782
3731,120.21049999999997,5.54770000000002,49.62406015037594
3732,142.48229999999995,6.209299999999985,52.63157894736842
3733,129.55880000000002,8.8185,52.63157894736842
3734,180.0806,7.091399999999993,60.150375939849624
3735,81.03599999999997,7.704900000000009,43.609022556390975
3736,112.04820000000004,7.921599999999998,48.1203007518797
3737,155.21009999999998,5.662499999999994,52.63157894736842
3738,135.79039999999995,6.209300000000013,56.390977443609025
3739,126.0189,8.63900000000001,51.8796992481203
3740,125.71539999999999,7.418500000000023,50.37593984962406
3741,139.25940000000003,6.897099999999966,46.616541353383454
3742,98.06600000000003,6.2398000000000025,51.8796992481203
3743,113.31329999999997,4.782800000000009,49.62406015037594
3744,114.12769999999995,7.896300000000025,49.62406015037594
3745,104.96019999999999,11.449000000000012,45.86466165413533
3746,129.68150000000006,5.739300000000014,54.88721804511278
3747,142.1874,5.446100000000001,56.390977443609025
3748,130.7630999999999,10.285500000000042,44.3609022556391
3749,136.82370000000003,9.2851,53.383458646616546
3750,117.86869999999999,8.54740000000001,52.63157894736842
3751,86.00770000000006,9.185099999999977,49.62406015037594
3752,116.13709999999989,6.087400000000002,49.62406015037594
3753,155.24239999999992,4.174799999999976,56.390977443609025
3754,113.85400000000004,10.101400000000012,48.87218045112782
3755,120.12009999999995,8.609300000000019,50.37593984962406
3756,96.33449999999993,6.091499999999996,45.86466165413533
3757,125.67459999999997,8.726699999999994,54.13533834586466
3758,96.7853,10.781000000000006,41.35338345864661
3759,102.50349999999997,4.857900000000001,42.857142857142854
3760,146.03179999999998,4.618300000000033,57.14285714285714
3761,82.79350000000005,5.350899999999996,42.10526315789473
3762,100.95439999999996,11.744700000000023,51.8796992481203
3763,157.99499999999995,4.520800000000008,56.390977443609025
3764,136.8315999999999,5.5797000000000025,50.37593984962406
3765,101.87309999999997,11.427800000000019,48.87218045112782
3766,141.4368999999999,5.688500000000005,47.368421052631575
3767,134.46779999999995,14.012000000000029,52.63157894736842
3768,107.6115,5.1935,50.37593984962406
3769,117.69759999999994,6.899900000000002,53.383458646616546
3770,131.41150000000002,15.452499999999986,50.37593984962406
3771,134.9812,6.363400000000013,49.62406015037594
3772,131.11509999999993,6.421100000000024,53.383458646616546
3773,119.11110000000002,12.817299999999989,45.11278195488722
3774,106.16019999999997,7.4228999999999985,45.11278195488722
3775,95.4623,8.9786,43.609022556390975
3776,89.98759999999999,7.862500000000011,39.849624060150376
3777,126.60610000000003,5.912499999999994,51.8796992481203
3778,122.40679999999998,5.587199999999996,47.368421052631575
3779,147.46730000000005,5.906799999999976,56.390977443609025
3780,139.69660000000002,7.837500000000006,55.639097744360896
3781,136.55529999999996,8.192499999999967,50.37593984962406
3782,144.79350000000008,6.2564000000000135,54.13533834586466
3783,91.548,7.489599999999996,47.368421052631575
3784,90.26110000000003,9.3767,42.857142857142854
3785,115.93169999999998,9.576000000000022,46.616541353383454
3786,143.47430000000003,9.8322,51.127819548872175
3787,131.4323,4.900299999999959,54.13533834586466
3788,142.50719999999995,6.221400000000017,51.127819548872175
3789,110.2361,10.115000000000009,49.62406015037594
3790,105.74289999999999,5.737400000000008,48.1203007518797
3791,135.29869999999988,9.602100000000036,49.62406015037594
3792,107.03800000000001,8.6661,51.8796992481203
3793,76.97829999999999,8.491100000000017,49.62406015037594
3794,129.69029999999995,6.497199999999992,53.383458646616546
3795,106.05429999999996,7.621000000000009,44.3609022556391
3796,123.2652,4.513200000000012,52.63157894736842
3797,142.99300000000005,5.350899999999996,55.639097744360896
3798,94.30009999999999,7.458800000000011,43.609022556390975
3799,126.9015,5.639599999999973,51.8796992481203
3800,137.76350000000002,8.508299999999991,55.639097744360896
3801,140.26819999999998,7.934699999999964,48.87218045112782
3802,116.7126999999999,8.005099999999999,49.62406015037594
3803,105.20399999999998,8.59360000000001,49.62406015037594
3804,160.45759999999996,3.387500000000017,54.88721804511278
3805,124.38740000000001,9.637499999999989,48.1203007518797
3806,99.73809999999997,9.0231,42.857142857142854
3807,113.40380000000005,8.496499999999997,52.63157894736842
3808,107.87439999999998,8.354699999999994,49.62406015037594
3809,142.5235999999999,10.199700000000036,54.13533834586466
3810,148.11860000000007,7.7818999999999505,51.8796992481203
3811,101.21370000000002,5.64009999999999,50.37593984962406
3812,115.50649999999996,10.385799999999989,54.13533834586466
3813,101.18039999999996,13.1597,47.368421052631575
3814,114.37729999999999,8.584599999999995,50.37593984962406
3815,135.7705,6.121700000000004,54.13533834586466
3816,120.481,9.457400000000007,55.639097744360896
3817,86.57509999999996,10.119900000000001,46.616541353383454
3818,95.51409999999998,6.5989999999999895,42.857142857142854
3819,155.51249999999993,12.146999999999991,54.13533834586466
3820,110.11259999999993,11.206900000000005,48.1203007518797
3821,112.28759999999997,8.325199999999995,51.127819548872175
3822,138.9071,5.907899999999984,53.383458646616546
3823,126.49340000000004,8.092000000000013,54.88721804511278
3824,152.26149999999984,5.424299999999988,49.62406015037594
3825,113.24220000000003,7.213600000000014,49.62406015037594
3826,112.7262,8.406900000000007,48.1203007518797
3827,116.0607,10.083400000000012,54.13533834586466
3828,79.1989999999999,6.868100000000027,45.11278195488722
3829,48.70930000000001,8.786999999999978,39.849624060150376
3830,141.66879999999995,6.672300000000007,47.368421052631575
3831,135.7475,8.013900000000007,50.37593984962406
3832,92.6174,6.855199999999996,46.616541353383454
3833,120.93289999999999,10.105999999999995,51.8796992481203
3834,99.2063,10.509000000000015,44.3609022556391
3835,147.53740000000002,5.776999999999987,56.390977443609025
3836,127.64089999999999,10.716200000000015,50.37593984962406
3837,132.88590000000005,12.569199999999995,52.63157894736842
3838,113.05570000000006,12.820099999999996,46.616541353383454
3839,91.2448,7.140999999999991,45.86466165413533
3840,133.20519999999993,5.269599999999997,50.37593984962406
3841,118.42259999999999,8.144500000000022,51.127819548872175
3842,140.24080000000004,7.373899999999992,54.13533834586466
3843,131.02280000000002,5.048099999999977,54.88721804511278
3844,117.4033,6.573099999999997,48.87218045112782
3845,125.21910000000003,7.438999999999993,52.63157894736842
3846,125.58929999999992,7.532800000000009,53.383458646616546
3847,160.19639999999998,6.687100000000015,57.14285714285714
3848,133.08909999999997,6.7335000000000065,48.87218045112782
3849,120.4366,10.157399999999996,54.13533834586466
3850,149.00929999999988,9.994900000000001,57.14285714285714
3851,109.33469999999994,6.928900000000013,48.1203007518797
3852,78.57740000000001,10.825099999999992,48.1203007518797
3853,140.19560000000007,5.6650000000000205,51.127819548872175
3854,155.08220000000003,8.296199999999999,54.13533834586466
3855,126.24539999999996,6.649300000000011,56.390977443609025
3856,42.2594,15.292599999999993,42.857142857142854
3857,112.28189999999995,7.9857000000000085,50.37593984962406
3858,127.76819999999998,7.565300000000008,49.62406015037594
3859,109.36579999999998,8.183300000000003,55.639097744360896
3860,99.9015,13.224199999999996,50.37593984962406
3861,119.42159999999996,8.3433,51.127819548872175
3862,93.96780000000007,6.658400000000029,46.616541353383454
3863,120.21209999999994,7.698599999999999,51.8796992481203
3864,131.37439999999998,7.615200000000016,54.13533834586466
3865,141.8191,5.39439999999999,55.639097744360896
3866,97.5401,5.487799999999993,49.62406015037594
3867,156.9309,4.692100000000011,51.8796992481203
3868,85.55279999999999,9.302999999999997,49.62406015037594
3869,126.38130000000001,4.55449999999999,47.368421052631575
3870,148.04010000000002,4.225699999999989,54.13533834586466
3871,140.1624,5.225499999999997,55.639097744360896
3872,115.32389999999992,13.875200000000007,48.1203007518797
3873,114.41799999999998,8.114900000000034,51.127819548872175
3874,131.34999999999994,5.615600000000001,48.1203007518797
3875,123.07079999999996,10.867599999999982,51.8796992481203
3876,109.7955,11.698700000000002,48.87218045112782
3877,114.8064,6.035899999999998,46.616541353383454
3878,58.692999999999984,13.156500000000008,41.35338345864661
3879,142.31179999999998,6.8125,57.14285714285714
3880,73.5111,9.042999999999978,40.6015037593985
3881,95.34980000000002,9.011700000000005,49.62406015037594
3882,124.04449999999997,6.7119,52.63157894736842
3883,142.12989999999996,4.13930000000002,54.88721804511278
3884,147.40489999999997,10.646899999999988,55.639097744360896
3885,159.66550000000007,7.87639999999999,60.150375939849624
3886,123.55610000000001,10.858999999999995,55.639097744360896
3887,126.33550000000002,7.929300000000012,50.37593984962406
3888,122.11609999999996,11.838600000000014,50.37593984962406
3889,121.61989999999994,9.481200000000001,46.616541353383454
3890,76.4872,9.060200000000009,42.10526315789473
3891,151.25310000000002,7.557199999999995,56.390977443609025
3892,116.25060000000002,12.009600000000006,49.62406015037594
3893,145.04829999999998,5.927599999999984,53.383458646616546
3894,173.19940000000003,4.940400000000011,60.902255639097746
3895,109.0498,4.371700000000004,51.8796992481203
3896,111.28449999999995,8.329100000000011,48.1203007518797
3897,108.87639999999996,5.264400000000023,52.63157894736842
3898,68.1027,5.4424999999999955,44.3609022556391
3899,117.09329999999994,6.551700000000011,50.37593984962406
3900,129.55869999999996,6.754400000000032,48.87218045112782
3901,86.7199,11.102399999999989,42.10526315789473
3902,84.98449999999997,10.961100000000016,45.86466165413533
3903,104.35170000000005,10.03049999999999,48.87218045112782
3904,144.38970000000003,9.525199999999984,57.14285714285714
3905,141.20999999999998,9.799400000000006,54.13533834586466
3906,102.12690000000003,6.705600000000004,47.368421052631575
3907,89.24480000000003,9.058999999999969,45.86466165413533
3908,141.0607,4.231500000000011,54.88721804511278
3909,90.14559999999994,9.5103,43.609022556390975
3910,131.49269999999996,11.443299999999994,53.383458646616546
3911,113.04559999999998,6.364699999999999,49.62406015037594
3912,102.52209999999997,7.814900000000023,46.616541353383454
3913,131.98950000000008,5.471100000000007,50.37593984962406
3914,100.62139999999994,14.464600000000019,48.1203007518797
3915,116.84919999999997,6.7409000000000106,51.8796992481203
3916,77.60239999999993,14.123400000000032,44.3609022556391
3917,110.86989999999997,9.041600000000017,52.63157894736842
3918,159.81629999999996,6.0201000000000136,54.13533834586466
3919,123.40299999999996,9.731499999999983,52.63157894736842
3920,154.88250000000002,17.16070000000002,57.89473684210527
3921,125.98860000000002,5.942100000000011,53.383458646616546
3922,119.42299999999994,7.7379999999999995,50.37593984962406
3923,142.25590000000003,10.478399999999993,54.88721804511278
3924,112.80520000000001,6.885100000000008,48.1203007518797
3925,89.43440000000004,7.176099999999991,45.86466165413533
3926,52.02899999999997,11.085700000000031,39.097744360902254
3927,148.8041,5.638899999999978,54.88721804511278
3928,81.3279,6.641300000000001,50.37593984962406
3929,86.71989999999997,8.876100000000008,43.609022556390975
3930,117.8707,6.336699999999993,51.127819548872175
3931,116.06129999999996,6.694999999999993,51.8796992481203
3932,89.5247,6.746200000000016,43.609022556390975
3933,111.50189999999992,6.371899999999982,51.127819548872175
3934,111.43020000000007,12.036300000000011,49.62406015037594
3935,118.83760000000001,10.33340000000004,48.87218045112782
3936,114.61540000000002,6.751800000000003,52.63157894736842
3937,141.60409999999996,5.6591999999999985,51.8796992481203
3938,124.3451,10.2573,51.8796992481203
3939,138.59569999999994,5.097100000000012,57.89473684210527
3940,164.77110000000005,8.185999999999979,57.89473684210527
3941,130.10990000000007,8.496799999999979,54.13533834586466
3942,175.67969999999997,5.137599999999992,57.89473684210527
3943,113.24579999999997,5.795300000000026,45.86466165413533
3944,138.11530000000002,5.725899999999996,48.87218045112782
3945,104.42569999999995,7.854600000000005,51.127819548872175
3946,139.85300000000004,8.497099999999989,54.13533834586466
3947,116.68289999999996,8.370000000000005,48.87218045112782
3948,114.7337,7.005799999999994,52.63157894736842
3949,112.87720000000002,6.053300000000007,49.62406015037594
3950,156.579,5.054699999999997,60.150375939849624
3951,135.05320000000003,6.1118000000000166,54.13533834586466
3952,101.16719999999998,15.31150000000001,44.3609022556391
3953,128.88819999999996,10.845299999999995,55.639097744360896
3954,147.0412000000001,5.965900000000005,55.639097744360896
3955,76.131,11.418999999999997,42.857142857142854
3956,111.9615,7.768699999999967,52.63157894736842
3957,134.1625,6.388400000000004,56.390977443609025
3958,124.12690000000003,8.832700000000003,52.63157894736842
3959,127.93759999999997,7.328800000000001,48.87218045112782
3960,110.85620000000003,7.963799999999992,46.616541353383454
3961,129.35189999999997,6.933300000000003,55.639097744360896
3962,110.83449999999999,3.6037000000000035,47.368421052631575
3963,109.78099999999998,7.310000000000002,51.127819548872175
3964,89.72449999999998,4.48899999999999,40.6015037593985
3965,75.6551,8.383600000000001,45.11278195488722
3966,138.5078,9.703800000000001,48.1203007518797
3967,126.54400000000004,5.720100000000002,51.127819548872175
3968,105.95309999999995,11.537200000000013,49.62406015037594
3969,114.68999999999997,12.05210000000001,53.383458646616546
3970,111.92089999999996,12.354800000000012,46.616541353383454
3971,122.24159999999995,11.238799999999998,53.383458646616546
3972,137.76610000000002,5.544399999999996,54.88721804511278
3973,121.63920000000002,6.868200000000002,51.8796992481203
3974,90.33170000000001,17.23660000000001,44.3609022556391
3975,147.88820000000007,5.486099999999965,54.88721804511278
3976,85.78480000000002,10.155699999999996,49.62406015037594
3977,100.29289999999997,7.651600000000002,46.616541353383454
3978,132.7251,6.44980000000001,50.37593984962406
3979,136.53449999999998,12.814699999999988,50.37593984962406
3980,158.3356000000001,7.89579999999998,50.37593984962406
3981,111.55160000000001,5.606299999999976,52.63157894736842
3982,140.73169999999993,4.669899999999998,49.62406015037594
3983,120.83770000000001,6.174000000000007,47.368421052631575
3984,141.7397,8.579499999999996,48.87218045112782
3985,132.14929999999995,7.8496000000000095,51.8796992481203
3986,119.36399999999998,7.544499999999999,49.62406015037594
3987,84.59879999999993,8.198800000000006,52.63157894736842
3988,93.52869999999993,7.729600000000005,47.368421052631575
3989,112.18579999999997,7.7205000000000155,49.62406015037594
3990,128.8511,4.360599999999991,48.1203007518797
3991,101.50129999999999,6.5886,47.368421052631575
3992,134.7490999999999,9.799500000000023,51.8796992481203
3993,121.85659999999999,5.396800000000013,50.37593984962406
3994,120.22719999999995,7.920400000000001,43.609022556390975
3995,141.08919999999995,5.209699999999998,54.13533834586466
3996,118.91499999999999,6.096900000000005,49.62406015037594
3997,59.18029999999999,13.856200000000001,45.11278195488722
3998,111.07840000000004,8.00200000000001,48.87218045112782
3999,151.06310000000005,5.059299999999979,56.390977443609025
4000,94.63880000000003,8.727100000000007,50.37593984962406
4001,140.215,6.445700000000016,48.1203007518797
4002,116.50750000000002,10.228099999999984,48.87218045112782
4003,124.75379999999996,8.556700000000006,51.127819548872175
4004,69.99529999999999,9.642400000000038,37.59398496240601
4005,114.5582,6.970100000000002,49.62406015037594
4006,120.10129999999992,5.960400000000021,50.37593984962406
4007,178.04360000000008,5.2327000000000226,60.902255639097746
4008,104.75649999999996,6.9015999999999735,48.1203007518797
4009,99.81819999999999,9.653800000000004,51.8796992481203
4010,122.13829999999999,5.803200000000004,52.63157894736842
4011,127.40789999999998,7.521999999999991,52.63157894736842
4012,97.26589999999999,7.472200000000001,52.63157894736842
4013,148.35380000000006,7.475300000000004,53.383458646616546
4014,134.34710000000007,6.430700000000002,55.639097744360896
4015,152.82679999999996,5.719300000000004,57.14285714285714
4016,99.8588,7.387099999999975,47.368421052631575
4017,134.11950000000004,9.54140000000001,51.8796992481203
4018,88.1336,11.592500000000001,45.86466165413533
4019,162.25439999999998,10.473399999999998,58.64661654135338
4020,98.83550000000005,7.771100000000004,45.86466165413533
4021,159.37400000000008,4.446999999999974,49.62406015037594
4022,134.46709999999996,5.67949999999999,56.390977443609025
4023,76.04179999999997,8.466499999999996,42.857142857142854
4024,121.05780000000001,5.987299999999976,56.390977443609025
4025,141.908,4.984500000000011,56.390977443609025
4026,92.98930000000001,6.179000000000002,45.11278195488722
4027,110.90380000000005,6.427999999999997,45.86466165413533
4028,113.4419999999999,7.399799999999999,48.87218045112782
4029,89.10809999999998,9.523500000000013,46.616541353383454
4030,133.66639999999998,6.525000000000006,50.37593984962406
4031,114.8406,6.477800000000002,54.88721804511278
4032,150.05369999999994,5.785700000000006,54.13533834586466
4033,147.94350000000003,9.710399999999993,54.13533834586466
4034,102.53160000000003,7.085499999999996,50.37593984962406
4035,164.9828,5.8052000000000135,57.89473684210527
4036,65.83759999999998,9.336600000000004,42.857142857142854
4037,143.91159999999994,9.4478,49.62406015037594
4038,116.35559999999998,8.782599999999974,50.37593984962406
4039,152.5416,5.761000000000024,60.150375939849624
4040,106.55329999999998,6.240199999999987,46.616541353383454
4041,122.08609999999993,5.643899999999974,48.87218045112782
4042,114.66010000000003,7.699599999999975,51.8796992481203
4043,123.37199999999996,6.230899999999991,49.62406015037594
4044,118.38069999999996,7.960700000000017,53.383458646616546
4045,108.38689999999991,10.234100000000012,48.1203007518797
4046,136.2597,8.203499999999963,53.383458646616546
4047,127.63239999999993,7.21629999999999,48.87218045112782
4048,135.4333,8.100499999999982,50.37593984962406
4049,116.30930000000006,4.844300000000004,50.37593984962406
4050,111.35499999999999,6.856800000000021,48.87218045112782
4051,167.06770000000006,5.037199999999984,57.89473684210527
4052,69.95670000000001,11.151699999999977,41.35338345864661
4053,136.5647,6.170999999999992,50.37593984962406
4054,112.85659999999996,10.287500000000023,52.63157894736842
4055,92.423,12.054500000000004,46.616541353383454
4056,99.97299999999996,15.080999999999989,45.11278195488722
4057,140.98150000000004,6.0131999999999834,57.14285714285714
4058,139.6786,5.338300000000004,57.89473684210527
4059,128.8483,7.147500000000008,48.87218045112782
4060,101.8457,4.000099999999989,49.62406015037594
4061,113.82169999999999,5.860600000000005,50.37593984962406
4062,128.48730000000003,6.095499999999987,50.37593984962406
4063,124.51060000000001,8.11529999999999,54.13533834586466
4064,144.5797,9.286500000000004,51.8796992481203
4065,76.33379999999997,10.04810000000009,44.3609022556391
4066,147.19529999999997,6.477999999999994,51.8796992481203
4067,122.11460000000002,5.442599999999999,49.62406015037594
4068,111.38290000000003,6.491499999999974,48.87218045112782
4069,70.27879999999999,8.321399999999983,43.609022556390975
4070,138.5062,5.752299999999991,52.63157894736842
4071,153.33990000000006,9.308599999999998,49.62406015037594
4072,114.18200000000002,10.87039999999999,47.368421052631575
4073,81.6463,8.042500000000018,51.127819548872175
4074,136.94639999999998,4.376800000000003,55.639097744360896
4075,122.10410000000002,5.738699999999994,45.86466165413533
4076,112.68389999999997,5.198999999999998,51.127819548872175
4077,80.99959999999999,6.6673000000000116,42.857142857142854
4078,122.35739999999998,8.590599999999995,47.368421052631575
4079,142.36319999999995,6.044700000000006,51.127819548872175
4080,157.72310000000004,5.646000000000001,63.1578947368421
4081,123.7887,5.973500000000001,51.127819548872175
4082,88.21750000000003,6.930299999999974,45.86466165413533
4083,103.36159999999992,6.43889999999999,48.87218045112782
4084,107.97970000000001,6.4891999999999825,49.62406015037594
4085,157.09219999999993,4.413199999999989,54.88721804511278
4086,102.03119999999996,8.066100000000006,50.37593984962406
4087,107.28320000000002,7.70859999999999,47.368421052631575
4088,139.04779999999997,6.382100000000037,52.63157894736842
4089,120.65529999999998,5.603300000000004,51.8796992481203
4090,34.8554,22.8206,38.34586466165413
4091,109.7166,6.876999999999981,44.3609022556391
4092,113.81319999999994,10.099499999999992,51.127819548872175
4093,134.74890000000005,6.028400000000005,45.86466165413533
4094,153.60909999999996,3.970799999999997,51.127819548872175
4095,72.91230000000002,15.945599999999999,51.127819548872175
4096,113.41599999999997,8.739799999999974,51.127819548872175
4097,99.88979999999998,10.381,54.13533834586466
4098,110.53740000000002,12.179400000000001,49.62406015037594
4099,88.03390000000002,11.384600000000006,50.37593984962406
4100,139.95019999999988,6.705299999999994,54.88721804511278
4101,109.7285,6.3507000000000176,47.368421052631575
4102,119.64330000000001,6.9261000000000195,48.87218045112782
4103,101.5755,7.241900000000001,52.63157894736842
4104,94.88570000000004,7.587100000000007,48.1203007518797
4105,91.94739999999999,8.381799999999998,50.37593984962406
4106,82.60229999999999,9.716500000000025,51.127819548872175
4107,72.17080000000001,9.204999999999998,44.3609022556391
4108,152.9345,4.863900000000001,53.383458646616546
4109,96.86929999999995,7.8078000000000145,45.11278195488722
4110,152.10040000000006,8.607100000000003,53.383458646616546
4111,168.49890000000005,11.257599999999996,58.64661654135338
4112,91.4477,7.74939999999998,46.616541353383454
4113,90.7921,13.996899999999982,50.37593984962406
4114,139.33109999999996,5.590500000000006,48.87218045112782
4115,152.84249999999997,5.451300000000003,53.383458646616546
4116,113.61529999999996,7.086800000000039,50.37593984962406
4117,83.71680000000003,5.890900000000002,45.86466165413533
4118,127.4425,4.907200000000003,49.62406015037594
4119,107.5591,11.612199999999973,45.86466165413533
4120,177.13390000000004,7.287400000000048,56.390977443609025
4121,126.90979999999993,8.670500000000004,48.1203007518797
4122,133.53719999999998,6.307700000000011,52.63157894736842
4123,109.43310000000002,9.795999999999992,48.1203007518797
4124,139.9894,6.94380000000001,52.63157894736842
4125,153.63629999999986,4.122000000000014,57.14285714285714
4126,144.67489999999998,6.0108000000000175,56.390977443609025
4127,82.50670000000002,16.989300000000014,45.11278195488722
4128,138.9432,8.583699999999993,51.127819548872175
4129,106.25899999999996,9.656900000000007,51.127819548872175
4130,115.9898,8.055100000000039,48.87218045112782
4131,79.21389999999997,9.742700000000013,44.3609022556391
4132,103.04899999999992,14.220100000000002,45.86466165413533
4133,97.73639999999995,7.095099999999974,44.3609022556391
4134,119.34549999999996,10.898100000000028,51.8796992481203
4135,129.59670000000003,7.830700000000007,50.37593984962406
4136,188.36130000000003,4.608799999999974,61.65413533834586
4137,148.60930000000002,5.649699999999996,55.639097744360896
4138,85.19779999999997,9.24550000000005,48.87218045112782
4139,90.7817,6.475999999999999,39.849624060150376
4140,85.1856,8.940999999999974,41.35338345864661
4141,133.1396,7.631,48.87218045112782
4142,133.09520000000006,5.086399999999998,54.13533834586466
4143,136.173,7.948499999999967,51.8796992481203
4144,119.9223,5.024299999999997,51.8796992481203
4145,133.36919999999998,5.7226,49.62406015037594
4146,150.20289999999994,6.518199999999993,54.13533834586466
4147,125.96329999999995,7.332700000000017,52.63157894736842
4148,121.27229999999997,4.220199999999991,55.639097744360896
4149,148.04589999999988,5.234799999999979,58.64661654135338
4150,113.13189999999997,10.825900000000004,56.390977443609025
4151,131.55349999999996,9.442800000000005,57.89473684210527
4152,76.31720000000001,9.669999999999987,45.86466165413533
4153,112.1891,7.287399999999991,53.383458646616546
4154,135.88899999999995,8.103499999999997,54.88721804511278
4155,139.28720000000004,6.259299999999996,57.89473684210527
4156,140.11259999999996,7.405599999999993,51.127819548872175
4157,130.4307,9.516899999999993,47.368421052631575
4158,116.31589999999994,14.131700000000023,54.88721804511278
4159,86.28660000000002,7.8962999999999965,48.1203007518797
4160,159.49559999999997,4.440100000000001,56.390977443609025
4161,83.81989999999996,11.669099999999986,44.3609022556391
4162,131.75220000000002,6.9923,51.8796992481203
4163,156.42340000000002,4.355199999999996,55.639097744360896
4164,126.73189999999994,8.253900000000044,49.62406015037594
4165,140.9563,6.620800000000003,46.616541353383454
4166,88.08839999999998,6.552799999999991,45.11278195488722
4167,108.69,5.505400000000009,48.1203007518797
4168,114.79099999999988,6.736399999999975,48.87218045112782
4169,102.1404,6.837199999999996,48.87218045112782
4170,172.91539999999998,4.263899999999978,54.88721804511278
4171,168.89379999999994,8.604899999999986,54.88721804511278
4172,124.72239999999994,8.384300000000025,54.88721804511278
4173,89.14269999999999,9.469300000000004,45.11278195488722
4174,98.37070000000003,9.27000000000001,49.62406015037594
4175,113.94529999999995,4.760600000000011,49.62406015037594
4176,145.5336,5.2327000000000226,54.88721804511278
4177,160.41090000000003,4.636199999999974,57.89473684210527
4178,148.61079999999998,6.378100000000018,51.8796992481203
4179,148.3989,6.5849999999999795,51.8796992481203
4180,118.37470000000005,4.8827,53.383458646616546
4181,128.5763,5.781499999999994,53.383458646616546
4182,100.88109999999998,8.958400000000012,46.616541353383454
4183,144.4888,4.710400000000021,54.88721804511278
4184,125.30879999999996,7.241199999999992,51.8796992481203
4185,108.42729999999995,13.439099999999996,47.368421052631575
4186,149.03399999999996,4.942700000000002,52.63157894736842
4187,83.03120000000001,7.9679,43.609022556390975
4188,163.6040999999999,9.714300000000009,58.64661654135338
4189,147.74429999999998,5.153500000000008,58.64661654135338
4190,131.30579999999998,6.214999999999975,53.383458646616546
4191,90.6445,9.432700000000011,53.383458646616546
4192,87.41970000000003,9.571999999999974,48.1203007518797
4193,176.73440000000005,4.264100000000013,56.390977443609025
4194,140.0403,7.677600000000012,56.390977443609025
4195,118.90119999999996,6.119599999999991,50.37593984962406
4196,128.02879999999993,4.29340000000002,54.13533834586466
4197,126.66079999999997,6.9801000000000215,50.37593984962406
4198,95.67160000000001,7.0020000000000095,45.11278195488722
4199,114.47149999999999,6.2454999999999785,51.127819548872175
4200,110.34809999999996,13.509499999999989,52.63157894736842
4201,89.22919999999999,6.587999999999994,46.616541353383454
4202,103.5368,5.5496000000000265,51.127819548872175
4203,149.92510000000001,7.264800000000008,48.87218045112782
4204,137.68060000000003,4.527299999999997,57.14285714285714
4205,122.59250000000003,12.267799999999994,52.63157894736842
4206,144.1772,3.622000000000014,55.639097744360896
4207,111.98739999999995,6.661200000000008,45.86466165413533
4208,107.87759999999997,7.681799999999981,49.62406015037594
4209,124.67220000000003,6.233400000000017,48.87218045112782
4210,160.5220999999999,7.153099999999995,57.14285714285714
4211,114.61270000000002,6.3285999999999945,50.37593984962406
4212,89.44819999999999,9.548600000000022,42.10526315789473
4213,113.96370000000002,6.163600000000002,46.616541353383454
4214,78.00349999999997,8.924900000000036,42.10526315789473
4215,138.13739999999996,6.5762000000000285,49.62406015037594
4216,99.3664,10.523699999999991,42.857142857142854
4217,22.902900000000002,11.538600000000002,42.10526315789473
4218,139.76010000000002,10.264899999999983,51.127819548872175
4219,150.87270000000004,5.350300000000004,53.383458646616546
4220,103.17159999999998,8.63900000000001,50.37593984962406
4221,130.2023,10.289500000000004,48.1203007518797
4222,138.58279999999996,6.6580000000000155,57.14285714285714
4223,114.20449999999994,6.706799999999987,51.8796992481203
4224,112.70729999999998,5.909500000000008,46.616541353383454
4225,92.21999999999997,9.002099999999999,48.1203007518797
4226,151.16799999999992,7.975599999999986,54.13533834586466
4227,66.91120000000001,15.33359999999999,40.6015037593985
4228,142.0546,5.700299999999999,50.37593984962406
4229,151.2136999999999,6.5756000000000085,50.37593984962406
4230,152.65410000000003,6.457099999999997,57.14285714285714
4231,137.2779,12.64240000000001,53.383458646616546
4232,140.92079999999993,9.813099999999991,51.127819548872175
4233,129.2165,6.013599999999997,50.37593984962406
4234,140.56610000000003,4.970999999999975,55.639097744360896
4235,133.6643,7.737499999999983,51.127819548872175
4236,119.38730000000004,10.151399999999995,52.63157894736842
4237,106.33229999999992,6.726399999999984,53.383458646616546
4238,128.00009999999995,9.334799999999973,46.616541353383454
4239,122.96549999999999,10.222300000000018,57.89473684210527
4240,92.53510000000003,7.621700000000004,48.1203007518797
4241,128.02120000000005,7.8434999999999775,49.62406015037594
4242,121.04719999999998,8.766600000000011,54.13533834586466
4243,166.1042,8.47659999999999,57.14285714285714
4244,122.08259999999999,5.367599999999996,48.87218045112782
4245,149.03799999999998,6.974300000000028,52.63157894736842
4246,89.94450000000006,9.108299999999986,45.86466165413533
4247,104.38670000000002,7.5625,51.127819548872175
4248,78.2158,9.350499999999982,42.10526315789473
4249,123.22830000000002,9.383499999999998,51.127819548872175
4250,126.47489999999993,6.490800000000007,54.88721804511278
4251,116.89890000000003,4.516999999999996,47.368421052631575
4252,119.76859999999996,10.918700000000001,50.37593984962406
4253,103.25859999999997,5.015000000000001,51.8796992481203
4254,109.16619999999995,10.551800000000014,51.8796992481203
4255,106.06110000000001,11.856799999999993,44.3609022556391
4256,118.50939999999997,4.744900000000001,49.62406015037594
4257,95.64869999999999,6.887999999999977,50.37593984962406
4258,118.11169999999998,10.849099999999993,47.368421052631575
4259,141.90890000000002,9.475899999999996,54.88721804511278
4260,96.63489999999999,8.116099999999989,46.616541353383454
4261,76.74820000000003,8.663800000000009,45.11278195488722
4262,155.08530000000013,4.8899000000000115,56.390977443609025
4263,138.15700000000004,13.48739999999998,51.8796992481203
4264,70.5589,14.027400000000014,45.11278195488722
4265,81.87169999999998,8.429900000000004,45.86466165413533
4266,161.62580000000003,6.59850000000003,55.639097744360896
4267,117.24229999999994,9.580299999999994,50.37593984962406
4268,125.87299999999993,6.308300000000003,45.86466165413533
4269,140.9726,6.256299999999996,54.13533834586466
4270,117.44149999999996,7.447399999999988,52.63157894736842
4271,117.95659999999998,11.263200000000012,45.11278195488722
4272,114.07310000000001,7.705500000000001,50.37593984962406
4273,121.24739999999994,11.33489999999999,48.1203007518797
4274,154.89280000000005,12.071499999999986,55.639097744360896
4275,153.45350000000005,8.593499999999977,58.64661654135338
4276,151.6301,7.934599999999989,54.13533834586466
4277,115.96779999999995,8.188400000000001,47.368421052631575
4278,136.98039999999997,4.523200000000003,53.383458646616546
4279,123.32999999999993,4.7719000000000165,50.37593984962406
4280,134.7022,5.989100000000008,48.87218045112782
4281,101.73540000000003,4.41749999999999,53.383458646616546
4282,125.32379999999995,5.608499999999992,48.87218045112782
4283,129.33059999999995,5.085300000000018,51.127819548872175
4284,164.04290000000003,3.795199999999994,54.13533834586466
4285,92.66799999999998,5.553600000000017,50.37593984962406
4286,124.23889999999994,8.285200000000003,46.616541353383454
4287,133.42420000000007,5.385799999999989,54.13533834586466
4288,112.5635,7.183400000000006,45.86466165413533
4289,136.29200000000003,5.499100000000027,48.87218045112782
4290,128.14950000000002,5.7353999999999985,53.383458646616546
4291,123.80579999999995,5.248800000000017,49.62406015037594
4292,131.69420000000002,5.159400000000005,54.88721804511278
4293,97.39080000000001,6.950199999999995,47.368421052631575
4294,91.1352,7.5441000000000145,53.383458646616546
4295,107.94529999999992,8.872600000000006,45.11278195488722
4296,143.94630000000006,5.9365999999999985,54.13533834586466
4297,163.8071,5.299000000000035,54.88721804511278
4298,119.0772,7.540899999999965,48.87218045112782
4299,86.8082,8.290900000000008,44.3609022556391
4300,113.38400000000001,9.372199999999992,51.8796992481203
4301,160.44269999999995,5.774000000000001,55.639097744360896
4302,149.06339999999997,7.447900000000004,48.87218045112782
4303,137.32340000000002,8.906199999999984,48.1203007518797
4304,138.70819999999992,7.173999999999978,53.383458646616546
4305,88.8904,6.479799999999983,47.368421052631575
4306,164.9443,8.158599999999979,54.13533834586466
4307,131.26509999999988,7.21010000000004,52.63157894736842
4308,64.1671,10.22539999999998,42.10526315789473
4309,110.60339999999994,13.237099999999998,45.11278195488722
4310,162.7957,9.047899999999998,59.3984962406015
4311,173.52620000000007,5.4384000000000015,55.639097744360896
4312,174.95740000000012,9.12319999999994,57.89473684210527
4313,131.3706,12.988200000000006,48.87218045112782
4314,91.1603,5.537400000000019,43.609022556390975
4315,150.46740000000003,3.829199999999986,55.639097744360896
4316,126.07889999999995,10.071700000000021,48.87218045112782
4317,91.17339999999996,7.163100000000014,48.1203007518797
4318,100.50479999999996,5.619599999999991,45.11278195488722
4319,39.503600000000006,17.631199999999993,41.35338345864661
4320,112.20890000000003,7.909600000000012,46.616541353383454
4321,147.15249999999992,6.555600000000027,54.13533834586466
4322,99.98209999999997,8.486599999999981,44.3609022556391
4323,153.86220000000003,4.551599999999979,51.8796992481203
4324,110.74870000000001,9.085199999999986,45.86466165413533
4325,126.64139999999992,5.780599999999993,49.62406015037594
4326,103.32109999999997,7.105799999999988,44.3609022556391
4327,156.053,4.445000000000022,55.639097744360896
4328,161.6456,7.4144000000000005,57.14285714285714
4329,166.01140000000004,5.484199999999987,57.14285714285714
4330,132.96499999999997,6.700600000000037,54.13533834586466
4331,146.04410000000001,6.155200000000036,54.13533834586466
4332,154.70920000000007,4.403399999999976,52.63157894736842
4333,114.55579999999992,10.720699999999994,46.616541353383454
4334,141.87509999999997,9.3095,49.62406015037594
4335,114.38399999999996,10.778599999999997,50.37593984962406
4336,79.6644,8.104000000000013,42.10526315789473
4337,119.45190000000002,12.470500000000015,48.87218045112782
4338,138.64619999999994,8.130099999999999,53.383458646616546
4339,149.3778,6.254400000000004,53.383458646616546
4340,138.83120000000002,3.924999999999997,54.13533834586466
4341,99.4889,10.138300000000001,54.88721804511278
4342,78.52669999999995,10.821600000000004,46.616541353383454
4343,128.00520000000003,6.087099999999964,52.63157894736842
4344,120.30019999999996,7.47150000000002,50.37593984962406
4345,118.6104,16.381299999999996,52.63157894736842
4346,158.21150000000011,5.780600000000021,51.8796992481203
4347,131.3824,7.52660000000003,54.88721804511278
4348,154.59660000000005,4.961100000000002,57.89473684210527
4349,127.71369999999999,10.741500000000002,54.13533834586466
4350,93.76389999999998,8.313300000000012,43.609022556390975
4351,110.51530000000002,7.678399999999996,49.62406015037594
4352,102.05649999999994,9.83110000000002,45.86466165413533
4353,138.4079,6.493300000000005,46.616541353383454
4354,93.09009999999995,6.974400000000003,44.3609022556391
4355,135.55319999999995,7.6267,51.8796992481203
4356,86.2747,10.325999999999993,45.11278195488722
4357,115.87389999999999,6.808600000000013,55.639097744360896
4358,105.90999999999997,6.487899999999996,45.86466165413533
4359,113.94539999999998,13.114300000000014,48.1203007518797
4360,93.30439999999993,12.247100000000017,45.11278195488722
4361,114.19999999999999,4.2701000000000136,52.63157894736842
4362,130.07149999999996,9.1875,50.37593984962406
4363,84.59819999999996,10.8596,48.1203007518797
4364,100.84979999999996,13.084800000000001,46.616541353383454
4365,83.06459999999998,10.244699999999995,47.368421052631575
4366,132.2535,4.3964,52.63157894736842
4367,85.97940000000006,12.298599999999993,48.87218045112782
4368,156.16879999999998,5.134200000000021,57.89473684210527
4369,87.1808,7.417500000000018,41.35338345864661
4370,128.27069999999995,6.7898,53.383458646616546
4371,109.27799999999996,8.990000000000009,52.63157894736842
4372,151.6079,9.26030000000003,55.639097744360896
4373,126.37450000000001,5.711100000000016,49.62406015037594
4374,124.26049999999998,9.991800000000012,57.14285714285714
4375,134.51520000000002,7.279899999999998,52.63157894736842
4376,129.56520000000006,7.757899999999992,54.88721804511278
4377,85.76520000000005,14.369100000000003,46.616541353383454
4378,140.53499999999997,4.5779,56.390977443609025
4379,69.22880000000004,14.481899999999996,39.097744360902254
4380,109.84679999999997,7.454200000000014,51.8796992481203
4381,117.86259999999999,6.30540000000002,47.368421052631575
4382,104.70599999999996,6.682699999999997,47.368421052631575
4383,115.62759999999997,6.821400000000011,54.88721804511278
4384,85.58459999999997,7.33929999999998,47.368421052631575
4385,133.83729999999997,6.869199999999992,53.383458646616546
4386,91.14260000000007,12.188000000000017,51.127819548872175
4387,165.8967,5.976399999999984,59.3984962406015
4388,126.22779999999997,10.363,51.8796992481203
4389,149.99940000000007,9.219300000000004,56.390977443609025
4390,159.91840000000002,4.807000000000016,57.14285714285714
4391,87.5797,13.330399999999983,43.609022556390975
4392,66.38220000000001,14.625100000000003,46.616541353383454
4393,172.9755,6.0116999999999905,59.3984962406015
4394,131.99099999999996,7.693100000000015,49.62406015037594
4395,123.98060000000004,8.269599999999969,49.62406015037594
4396,120.28109999999998,9.223900000000015,47.368421052631575
4397,136.86120000000003,6.340299999999999,53.383458646616546
4398,102.37469999999996,6.032699999999977,45.11278195488722
4399,118.15090000000004,7.022899999999993,50.37593984962406
4400,96.93809999999999,9.026499999999999,44.3609022556391
4401,138.11479999999995,6.256000000000029,51.8796992481203
4402,161.7886000000001,10.478300000000004,60.150375939849624
4403,172.53289999999993,8.289799999999985,57.14285714285714
4404,162.51819999999998,6.805500000000023,54.13533834586466
4405,120.65659999999991,5.360000000000014,45.86466165413533
4406,74.78320000000002,19.1212,45.11278195488722
4407,131.64459999999997,6.964799999999997,53.383458646616546
4408,97.9848,7.3326999999999884,48.1203007518797
4409,131.8526,5.110600000000005,52.63157894736842
4410,89.87729999999999,10.481200000000015,45.86466165413533
4411,123.8697,5.031899999999993,50.37593984962406
4412,116.46749999999997,6.8041999999999945,49.62406015037594
4413,166.51350000000002,5.612400000000008,59.3984962406015
4414,79.44449999999998,11.758199999999988,42.857142857142854
4415,132.07249999999996,7.168200000000013,52.63157894736842
4416,127.661,6.198500000000024,52.63157894736842
4417,149.0347,5.400500000000022,54.88721804511278
4418,120.27790000000002,6.288700000000034,51.8796992481203
4419,124.68709999999999,5.902799999999985,47.368421052631575
4420,107.18780000000007,4.416300000000007,48.87218045112782
4421,153.22720000000004,4.184199999999976,54.13533834586466
4422,112.54050000000001,12.154700000000005,45.86466165413533
4423,107.49369999999999,8.98599999999999,49.62406015037594
4424,123.26529999999994,11.146200000000007,48.1203007518797
4425,82.61169999999998,6.7187000000000126,51.8796992481203
4426,107.0787,6.295300000000012,49.62406015037594
4427,96.84889999999993,6.567399999999992,48.1203007518797
4428,115.87290000000002,6.654999999999973,51.127819548872175
4429,86.84390000000002,8.712600000000009,48.1203007518797
4430,111.8886,7.541499999999985,50.37593984962406
4431,179.55380000000002,3.4435000000000002,57.89473684210527
4432,92.79819999999998,6.816299999999998,47.368421052631575
4433,85.50399999999996,10.269900000000007,39.097744360902254
4434,141.94489999999993,4.571900000000028,54.13533834586466
4435,123.14599999999993,6.654000000000025,48.1203007518797
4436,103.60210000000001,6.615000000000009,47.368421052631575
4437,98.09100000000001,7.420000000000016,49.62406015037594
4438,141.51780000000002,5.677400000000006,56.390977443609025
4439,82.8632,9.037200000000013,46.616541353383454
4440,82.51249999999999,6.187699999999978,45.11278195488722
4441,184.20690000000002,5.9184999999999945,54.88721804511278
4442,151.23219999999998,5.345100000000002,57.89473684210527
4443,101.62449999999995,7.6584,46.616541353383454
4444,106.108,8.184299999999979,47.368421052631575
4445,144.65540000000001,4.726699999999994,57.89473684210527
4446,116.66579999999993,8.471500000000006,47.368421052631575
4447,160.6784,5.229399999999998,57.89473684210527
4448,47.57220000000004,11.190699999999993,38.34586466165413
4449,106.16099999999992,5.2362999999999715,47.368421052631575
4450,111.72479999999996,5.4632000000000005,48.1203007518797
4451,109.1602,7.830100000000002,52.63157894736842
4452,159.0614,3.952200000000005,54.88721804511278
4453,149.6263,8.62299999999999,57.14285714285714
4454,94.23199999999997,8.371099999999998,43.609022556390975
4455,133.25699999999995,6.338899999999995,54.88721804511278
4456,136.65099999999998,7.726100000000031,56.390977443609025
4457,102.58949999999996,12.984399999999994,51.8796992481203
4458,131.47699999999995,7.4447999999999865,53.383458646616546
4459,102.49470000000002,10.155399999999986,49.62406015037594
4460,113.1094,4.166500000000013,49.62406015037594
4461,97.67250000000001,18.314800000000005,46.616541353383454
4462,130.36090000000002,6.7549999999999955,53.383458646616546
4463,133.61579999999998,7.180099999999996,51.8796992481203
4464,146.3941,6.425100000000015,55.639097744360896
4465,108.64399999999995,8.914699999999982,50.37593984962406
4466,115.61509999999998,8.677599999999984,49.62406015037594
4467,136.96509999999995,8.056900000000013,51.127819548872175
4468,46.90289999999999,16.383100000000013,42.10526315789473
4469,151.927,6.230000000000018,55.639097744360896
4470,159.10770000000002,8.534300000000002,50.37593984962406
4471,98.44149999999993,7.4635000000000105,46.616541353383454
4472,123.89080000000001,13.876900000000035,53.383458646616546
4473,95.45139999999998,7.052199999999999,47.368421052631575
4474,150.43700000000013,10.240699999999975,57.89473684210527
4475,192.14970000000005,5.315599999999961,57.89473684210527
4476,108.42329999999993,5.0700999999999965,48.1203007518797
4477,103.75409999999994,6.384699999999995,49.62406015037594
4478,139.8612,6.367399999999975,53.383458646616546
4479,118.56830000000002,6.671200000000027,47.368421052631575
4480,134.38209999999992,9.812299999999993,54.88721804511278
4481,112.17429999999999,5.433500000000009,48.1203007518797
4482,85.65129999999994,14.341500000000053,47.368421052631575
4483,142.24309999999997,4.848099999999988,54.13533834586466
4484,95.99159999999998,5.698700000000002,46.616541353383454
4485,107.26670000000001,7.508999999999986,45.86466165413533
4486,105.20080000000002,10.294099999999986,46.616541353383454
4487,119.42659999999995,8.67370000000001,54.88721804511278
4488,115.79399999999993,6.45320000000001,51.127819548872175
4489,95.54790000000003,9.409199999999998,45.11278195488722
4490,137.32639999999998,8.281900000000007,51.8796992481203
4491,128.28490000000005,10.092999999999961,53.383458646616546
4492,164.15870000000007,5.794299999999993,59.3984962406015
4493,197.7803,5.826899999999995,60.150375939849624
4494,92.37259999999998,8.182800000000015,48.1203007518797
4495,116.20749999999998,8.662800000000004,48.1203007518797
4496,147.0801,4.2928,54.13533834586466
4497,111.19909999999999,8.366399999999999,51.127819548872175
4498,156.11430000000001,7.1943999999999875,56.390977443609025
4499,117.35399999999998,5.934199999999976,47.368421052631575
4500,140.76659999999993,6.307000000000002,52.63157894736842
4501,109.99159999999995,8.949800000000039,47.368421052631575
4502,148.2226,6.604700000000008,54.13533834586466
4503,154.15210000000008,5.848399999999998,55.639097744360896
4504,146.42509999999996,4.833199999999977,54.88721804511278
4505,154.90970000000004,5.6387,54.13533834586466
4506,124.38069999999993,6.218999999999994,51.8796992481203
4507,110.74270000000001,8.603999999999985,48.1203007518797
4508,103.0986,8.24369999999999,44.3609022556391
4509,85.40889999999996,10.16500000000002,49.62406015037594
4510,112.54989999999998,10.970699999999994,55.639097744360896
4511,118.0873,5.565900000000028,47.368421052631575
4512,119.58599999999996,6.5079000000000065,48.1203007518797
4513,110.86820000000003,10.5043,51.127819548872175
4514,124.90449999999996,7.775699999999972,52.63157894736842
4515,90.54419999999999,10.00609999999999,46.616541353383454
4516,125.94749999999999,5.924000000000007,49.62406015037594
4517,133.0187,10.151199999999989,50.37593984962406
4518,129.232,3.540999999999997,48.1203007518797
4519,127.26080000000002,10.232699999999994,49.62406015037594
4520,199.79610000000002,6.691599999999994,58.64661654135338
4521,116.10489999999999,5.122299999999996,53.383458646616546
4522,80.94019999999998,8.718800000000002,42.10526315789473
4523,163.59210000000002,12.363700000000009,58.64661654135338
4524,89.82219999999998,6.641900000000021,48.1203007518797
4525,149.35060000000004,5.4237999999999715,54.13533834586466
4526,46.287900000000036,10.590699999999998,42.10526315789473
4527,101.11249999999998,6.19980000000001,51.127819548872175
4528,128.88559999999998,11.3296,51.127819548872175
4529,73.88579999999999,6.949100000000016,42.857142857142854
4530,119.34419999999994,13.571699999999993,48.1203007518797
4531,122.42430000000002,4.928399999999996,51.127819548872175
4532,138.52969999999993,5.141999999999996,54.13533834586466
4533,149.96320000000014,4.663999999999987,57.89473684210527
4534,133.99749999999995,5.077799999999996,51.8796992481203
4535,109.10739999999996,8.225899999999996,50.37593984962406
4536,163.9312000000001,5.780600000000007,57.89473684210527
4537,117.61019999999996,4.805900000000008,45.11278195488722
4538,99.47499999999991,7.662900000000008,48.87218045112782
4539,140.37159999999994,7.91640000000001,51.127819548872175
4540,160.8415,6.884199999999993,57.14285714285714
4541,114.24559999999997,5.594400000000007,49.62406015037594
4542,141.87780000000006,4.615899999999996,59.3984962406015
4543,184.70800000000008,4.198199999999986,57.14285714285714
4544,131.37109999999996,4.8034000000000106,56.390977443609025
4545,114.74229999999994,6.379800000000017,51.127819548872175
4546,133.1698,5.170799999999986,51.8796992481203
4547,108.47919999999999,8.97720000000001,50.37593984962406
4548,80.46399999999997,14.210999999999984,48.87218045112782
4549,95.45289999999997,7.530599999999993,51.127819548872175
4550,89.22149999999999,6.827700000000021,49.62406015037594
4551,96.10179999999997,11.282099999999986,46.616541353383454
4552,103.4425,6.85450000000003,45.86466165413533
4553,111.47140000000002,6.917599999999993,48.87218045112782
4554,120.66599999999988,7.2701000000000136,46.616541353383454
4555,105.75399999999996,6.8215000000000146,45.11278195488722
4556,104.47539999999998,11.154899999999998,46.616541353383454
4557,81.93609999999998,9.8185,47.368421052631575
4558,117.5702,8.750599999999991,50.37593984962406
4559,144.0824,4.705699999999993,54.88721804511278
4560,119.90270000000001,3.9536999999999978,50.37593984962406
4561,89.02969999999999,9.909400000000005,46.616541353383454
4562,172.4488,5.661899999999974,54.13533834586466
4563,134.78360000000004,11.185000000000002,52.63157894736842
4564,102.12619999999993,8.885800000000003,49.62406015037594
4565,122.02609999999999,4.771800000000013,48.1203007518797
4566,118.68009999999998,5.4833,48.87218045112782
4567,74.76940000000008,7.156000000000006,41.35338345864661
4568,123.32249999999999,11.84299999999999,48.87218045112782
4569,173.6635000000001,4.822199999999981,59.3984962406015
4570,113.34809999999999,7.378099999999989,48.1203007518797
4571,153.87130000000002,7.15779999999998,51.8796992481203
4572,102.7739,10.0351,44.3609022556391
4573,120.77510000000001,6.125500000000017,49.62406015037594
4574,137.4059,7.0208999999999975,54.13533834586466
4575,130.3397,7.544499999999999,50.37593984962406
4576,192.10890000000006,4.525099999999995,65.41353383458647
4577,105.18299999999994,11.436900000000037,45.86466165413533
4578,157.30899999999997,7.400900000000007,54.88721804511278
4579,100.03819999999996,6.604700000000008,53.383458646616546
4580,148.26499999999996,9.728600000000029,48.87218045112782
4581,97.97599999999994,17.6768,48.1203007518797
4582,157.63330000000008,4.245800000000003,53.383458646616546
4583,137.06890000000004,4.815200000000004,51.127819548872175
4584,151.65100000000007,5.8086999999999875,52.63157894736842
4585,133.24149999999995,6.113499999999988,49.62406015037594
4586,124.12739999999997,9.576999999999998,51.127819548872175
4587,150.67370000000003,7.43119999999999,51.127819548872175
4588,85.05069999999998,6.795899999999989,50.37593984962406
4589,120.92409999999995,6.618799999999993,55.639097744360896
4590,116.93169999999995,7.4214000000000055,51.8796992481203
4591,128.93289999999993,9.474400000000003,52.63157894736842
4592,136.39329999999995,7.396999999999991,54.88721804511278
4593,101.97480000000002,5.6976999999999975,49.62406015037594
4594,109.70569999999998,10.477800000000002,49.62406015037594
4595,136.12970000000004,6.4512,56.390977443609025
4596,93.27690000000001,7.597699999999975,42.857142857142854
4597,106.916,8.66810000000001,48.87218045112782
4598,107.04680000000002,7.520800000000008,47.368421052631575
4599,85.99879999999999,9.83680000000001,43.609022556390975
4600,79.20699999999994,9.889200000000017,47.368421052631575
4601,106.61689999999993,11.020800000000008,48.1203007518797
4602,118.24549999999999,12.141099999999994,46.616541353383454
4603,61.96889999999999,10.209100000000007,39.097744360902254
4604,116.6526,6.515000000000015,54.88721804511278
4605,98.37459999999999,8.164599999999979,37.59398496240601
4606,93.28060000000002,9.527600000000007,48.87218045112782
4607,113.49729999999994,8.811300000000003,47.368421052631575
4608,117.81800000000004,5.970600000000005,48.87218045112782
4609,93.92170000000002,8.160900000000012,44.3609022556391
4610,136.39629999999997,10.392500000000013,51.127819548872175
4611,121.33989999999997,10.547300000000007,51.127819548872175
4612,108.61639999999994,10.472500000000025,47.368421052631575
4613,130.35439999999994,6.899599999999992,52.63157894736842
4614,91.13309999999998,7.153400000000005,46.616541353383454
4615,98.85320000000002,7.164300000000026,49.62406015037594
4616,104.92420000000001,7.397999999999996,44.3609022556391
4617,142.58879999999996,7.584299999999985,50.37593984962406
4618,143.23689999999996,8.311900000000037,48.87218045112782
4619,115.03269999999998,7.325499999999991,49.62406015037594
4620,133.117,5.548599999999993,54.13533834586466
4621,165.3449000000001,5.252100000000013,53.383458646616546
4622,112.17420000000004,8.251900000000006,46.616541353383454
4623,82.54400000000001,6.866399999999999,46.616541353383454
4624,89.428,8.046999999999997,42.857142857142854
4625,124.51759999999999,7.369,48.87218045112782
4626,86.8741,7.136499999999984,46.616541353383454
4627,141.87690000000006,7.2546999999999855,52.63157894736842
4628,129.46699999999998,6.469499999999982,53.383458646616546
4629,127.7473,5.47229999999999,54.13533834586466
4630,111.61209999999988,8.667600000000022,49.62406015037594
4631,137.032,7.18089999999998,51.8796992481203
4632,122.46040000000002,4.335800000000006,51.8796992481203
4633,95.67009999999999,7.819099999999992,48.87218045112782
4634,102.50559999999999,9.040999999999968,48.1203007518797
4635,90.79389999999995,8.420799999999986,46.616541353383454
4636,138.32919999999996,11.98739999999998,50.37593984962406
4637,106.10549999999998,6.093199999999996,48.87218045112782
4638,58.9162,14.658600000000007,43.609022556390975
4639,87.93380000000002,7.518000000000001,47.368421052631575
4640,85.43230000000005,9.907600000000002,45.11278195488722
4641,129.4255,4.5371000000000095,50.37593984962406
4642,165.73930000000001,4.191199999999981,54.13533834586466
4643,172.07470000000012,10.389100000000013,55.639097744360896
4644,131.49699999999993,6.918200000000013,49.62406015037594
4645,155.6126,9.841400000000007,54.13533834586466
4646,110.53329999999994,8.826100000000025,49.62406015037594
4647,123.62719999999996,5.422300000000007,52.63157894736842
4648,149.96289999999996,6.34190000000001,56.390977443609025
4649,81.87849999999997,7.073800000000006,45.86466165413533
4650,152.27199999999996,6.10499999999999,58.64661654135338
4651,98.76400000000004,10.022400000000005,48.87218045112782
4652,115.81139999999999,7.615100000000012,52.63157894736842
4653,125.91299999999995,12.6597,51.8796992481203
4654,84.73699999999997,12.1905,50.37593984962406
4655,96.02769999999998,7.06989999999999,47.368421052631575
4656,84.2824,9.385699999999986,36.09022556390977
4657,141.4096,9.25830000000002,54.13533834586466
4658,138.71109999999993,9.972100000000012,52.63157894736842
4659,128.69319999999996,6.100400000000008,52.63157894736842
4660,81.69280000000003,7.444699999999983,45.11278195488722
4661,136.4031,14.380900000000011,51.8796992481203
4662,125.88989999999998,8.271800000000013,49.62406015037594
4663,111.90819999999997,10.302899999999994,48.87218045112782
4664,141.80549999999994,4.783299999999997,51.8796992481203
4665,117.77139999999997,5.485299999999995,52.63157894736842
4666,120.73219999999998,5.863900000000001,45.86466165413533
4667,141.21280000000007,7.157099999999986,52.63157894736842
4668,116.89189999999996,8.197199999999995,50.37593984962406
4669,166.15879999999993,5.7631999999999834,61.65413533834586
4670,102.05950000000001,7.484700000000004,47.368421052631575
4671,141.77789999999987,9.068600000000004,56.390977443609025
4672,181.14049999999997,6.568100000000001,59.3984962406015
4673,110.98299999999995,5.474199999999996,47.368421052631575
4674,117.41599999999994,7.383100000000013,48.87218045112782
4675,106.5994,5.430800000000005,48.1203007518797
4676,129.6794,6.069699999999997,49.62406015037594
4677,135.21709999999996,9.296200000000013,47.368421052631575
4678,163.8786,5.720100000000002,57.89473684210527
4679,54.6653,12.007400000000004,39.097744360902254
4680,124.69090000000003,7.217899999999986,53.383458646616546
4681,98.13249999999994,7.468900000000019,48.1203007518797
4682,92.01859999999999,11.131800000000027,46.616541353383454
4683,112.40729999999996,12.048600000000022,49.62406015037594
4684,114.46770000000001,6.289100000000019,50.37593984962406
4685,70.74789999999996,11.858900000000006,40.6015037593985
4686,148.2483,4.903100000000009,55.639097744360896
4687,141.82569999999998,5.832999999999998,51.8796992481203
4688,118.77510000000001,6.025299999999987,50.37593984962406
4689,93.52279999999999,15.038799999999995,45.86466165413533
4690,138.94310000000002,4.159800000000018,54.88721804511278
4691,114.07399999999998,5.08910000000003,53.383458646616546
4692,96.81449999999995,14.221500000000049,44.3609022556391
4693,145.85129999999998,8.241299999999995,48.87218045112782
4694,79.59920000000005,8.689200000000028,49.62406015037594
4695,154.73119999999997,6.203399999999988,55.639097744360896
4696,121.46949999999998,4.885600000000011,52.63157894736842
4697,153.75209999999998,5.861699999999985,52.63157894736842
4698,101.01679999999999,7.876100000000008,44.3609022556391
4699,47.32910000000001,7.5963999999999885,41.35338345864661
4700,120.39170000000001,8.403599999999983,52.63157894736842
4701,122.65729999999996,11.162699999999973,49.62406015037594
4702,111.84299999999996,6.719300000000004,45.11278195488722
4703,99.86630000000002,10.705599999999976,45.11278195488722
4704,111.82580000000002,6.090299999999985,41.35338345864661
4705,133.08959999999996,3.400499999999994,51.8796992481203
4706,112.17829999999998,6.394799999999975,50.37593984962406
4707,79.0967,13.021799999999985,45.11278195488722
4708,142.99590000000003,6.160600000000002,48.87218045112782
4709,130.60709999999995,8.48230000000001,52.63157894736842
4710,154.59150000000008,6.613800000000026,52.63157894736842
4711,118.60629999999998,6.0922999999999945,48.1203007518797
4712,89.91760000000002,8.73060000000001,50.37593984962406
4713,116.30489999999998,8.261200000000002,50.37593984962406
4714,151.15769999999995,6.4436000000000035,55.639097744360896
4715,79.46689999999995,11.180900000000008,42.857142857142854
4716,75.61450000000002,10.386599999999987,41.35338345864661
4717,77.0883,7.748599999999996,42.10526315789473
4718,145.89739999999992,9.204400000000021,54.88721804511278
4719,162.85069999999996,6.734700000000032,54.88721804511278
4720,101.77229999999997,7.4176000000000215,48.1203007518797
4721,154.17940000000007,7.487599999999986,58.64661654135338
4722,138.36990000000003,4.7642999999999915,49.62406015037594
4723,137.3991,7.082099999999997,51.127819548872175
4724,130.4323,6.251900000000006,48.87218045112782
4725,138.0531,5.245900000000006,54.13533834586466
4726,86.18559999999997,5.502399999999994,43.609022556390975
4727,167.86519999999996,5.957299999999975,56.390977443609025
4728,102.43999999999994,7.597700000000003,48.1203007518797
4729,145.80429999999993,4.987800000000021,55.639097744360896
4730,161.40239999999994,6.9476999999999975,55.639097744360896
4731,110.07510000000002,9.764299999999992,48.87218045112782
4732,102.5641,7.324799999999982,47.368421052631575
4733,140.56380000000004,6.154399999999981,56.390977443609025
4734,121.29469999999995,5.272999999999996,53.383458646616546
4735,91.33639999999997,5.985799999999983,51.8796992481203
4736,131.58040000000008,7.599799999999988,49.62406015037594
4737,88.58950000000002,13.660900000000026,45.11278195488722
4738,74.64230000000003,9.214700000000008,45.11278195488722
4739,172.06450000000007,5.145200000000017,61.65413533834586
4740,97.92169999999999,8.894600000000025,48.87218045112782
4741,129.9527,8.1952,53.383458646616546
4742,149.50020000000006,5.8592000000000155,58.64661654135338
4743,177.60239999999993,4.578900000000004,57.14285714285714
4744,90.83829999999998,7.117299999999972,42.10526315789473
4745,88.03129999999999,5.941400000000002,45.11278195488722
4746,165.4045999999999,4.9220000000000255,55.639097744360896
4747,116.76719999999997,6.4619,48.1203007518797
4748,102.08459999999997,9.793900000000008,49.62406015037594
4749,128.69129999999996,3.9532999999999845,54.13533834586466
4750,107.95380000000003,7.566800000000001,50.37593984962406
4751,120.79259999999994,6.210000000000008,43.609022556390975
4752,93.19459999999998,5.861699999999985,48.87218045112782
4753,124.93400000000003,10.699299999999994,52.63157894736842
4754,120.98359999999997,11.035299999999978,47.368421052631575
4755,157.51289999999995,6.711099999999988,57.14285714285714
4756,138.7596,6.58659999999999,52.63157894736842
4757,127.64789999999996,9.759000000000015,47.368421052631575
4758,103.51060000000004,6.656000000000006,49.62406015037594
4759,111.22360000000003,8.429699999999997,51.127819548872175
4760,72.12110000000001,13.994599999999991,39.849624060150376
4761,124.87079999999997,7.569199999999995,56.390977443609025
4762,70.45100000000002,12.265200000000007,42.10526315789473
4763,141.00580000000005,7.180599999999998,48.87218045112782
4764,125.16360000000003,9.603800000000007,51.8796992481203
4765,76.15479999999997,8.40379999999999,42.857142857142854
4766,110.52869999999987,5.703399999999988,48.1203007518797
4767,107.83739999999995,6.796499999999995,48.1203007518797
4768,151.43440000000004,7.29019999999997,52.63157894736842
4769,157.44600000000008,7.99499999999999,59.3984962406015
4770,149.5759,6.6407999999999845,51.8796992481203
4771,110.84790000000001,5.335800000000006,51.127819548872175
4772,153.60379999999992,6.77030000000002,57.14285714285714
4773,108.8512,10.171500000000009,42.10526315789473
4774,100.34660000000002,10.11099999999999,48.1203007518797
4775,90.56869999999998,5.351200000000006,46.616541353383454
4776,128.89669999999995,6.052500000000009,50.37593984962406
4777,103.70939999999996,8.394400000000019,49.62406015037594
4778,119.31229999999994,9.241299999999995,50.37593984962406
4779,88.5866,7.765000000000015,45.86466165413533
4780,139.73079999999993,5.976399999999998,53.383458646616546
4781,149.8959,7.661600000000021,53.383458646616546
4782,114.39629999999994,4.6585999999999785,46.616541353383454
4783,144.18060000000003,6.712800000000016,50.37593984962406
4784,95.17889999999994,6.297200000000004,48.1203007518797
4785,101.13669999999996,7.989500000000007,44.3609022556391
4786,121.31219999999993,8.353099999999998,50.37593984962406
4787,141.97379999999993,8.87390000000002,53.383458646616546
4788,144.49330000000003,8.920599999999979,54.88721804511278
4789,132.42969999999997,5.976399999999998,54.88721804511278
4790,114.08419999999995,7.6410999999999945,50.37593984962406
4791,136.59789999999998,7.344099999999997,45.86466165413533
4792,127.47869999999995,10.703499999999991,46.616541353383454
4793,134.19269999999995,7.192299999999989,48.87218045112782
4794,139.25619999999998,7.302400000000006,49.62406015037594
4795,118.31099999999998,5.290599999999998,54.88721804511278
4796,160.06270000000006,4.583699999999993,57.14285714285714
4797,75.5892,11.118700000000004,43.609022556390975
4798,112.11999999999998,13.289000000000001,51.8796992481203
4799,171.308,4.755500000000012,55.639097744360896
4800,76.83369999999994,8.086499999999987,48.87218045112782
4801,97.0344,9.079999999999998,49.62406015037594
4802,83.73849999999999,10.499800000000008,44.3609022556391
4803,117.96709999999999,5.145200000000017,51.8796992481203
4804,103.83359999999993,12.574500000000015,45.11278195488722
4805,130.77119999999996,10.480700000000013,54.13533834586466
4806,121.70480000000003,11.237300000000005,54.13533834586466
4807,106.38429999999994,5.9502000000000095,49.62406015037594
4808,72.60919999999999,9.511499999999998,45.11278195488722
4809,155.46930000000003,6.0732,55.639097744360896
4810,81.82689999999997,11.213300000000004,43.609022556390975
4811,141.22990000000001,6.63239999999999,51.8796992481203
4812,109.95359999999997,7.622399999999999,48.87218045112782
4813,128.78719999999998,3.9057999999999993,51.8796992481203
4814,123.52850000000001,6.19289999999998,55.639097744360896
4815,115.86579999999998,7.385100000000023,50.37593984962406
4816,118.49759999999992,10.712699999999984,54.13533834586466
4817,103.43789999999996,6.692799999999991,46.616541353383454
4818,115.31929999999994,6.920700000000011,48.1203007518797
4819,83.1671,14.012299999999996,43.609022556390975
4820,137.45069999999993,6.620800000000003,52.63157894736842
4821,137.11640000000003,10.6588,51.127819548872175
4822,114.46550000000002,6.238499999999988,46.616541353383454
4823,98.61439999999993,9.792200000000037,46.616541353383454
4824,103.62839999999997,7.900099999999995,48.87218045112782
4825,133.1051,7.6877999999999815,53.383458646616546
4826,165.36130000000003,7.647699999999986,55.639097744360896
4827,78.42819999999995,5.545400000000015,45.11278195488722
4828,117.6728,6.011300000000006,49.62406015037594
4829,141.32749999999996,7.5785000000000196,48.1203007518797
4830,98.72509999999994,7.926700000000039,50.37593984962406
4831,116.14569999999998,6.627499999999998,48.87218045112782
4832,166.34570000000002,16.19379999999998,57.89473684210527
4833,135.4012,8.687799999999996,54.13533834586466
4834,86.01599999999996,7.824700000000007,48.87218045112782
4835,143.39639999999991,9.704100000000011,54.13533834586466
4836,77.5324,8.268500000000003,43.609022556390975
4837,64.82669999999999,9.072599999999994,42.10526315789473
4838,95.93609999999995,5.492699999999999,47.368421052631575
4839,128.5884,4.211099999999988,53.383458646616546
4840,91.96119999999999,7.973399999999998,46.616541353383454
4841,175.48249999999996,8.9375,53.383458646616546
4842,103.1325,9.636899999999997,46.616541353383454
4843,113.36419999999998,8.32419999999999,47.368421052631575
4844,131.3252,6.012100000000004,50.37593984962406
4845,115.89779999999996,5.591099999999983,48.87218045112782
4846,160.4971999999999,6.177100000000024,52.63157894736842
4847,179.51459999999997,9.706000000000017,60.902255639097746
4848,122.48279999999997,7.521900000000002,52.63157894736842
4849,82.7099,6.857100000000003,44.3609022556391
4850,85.07849999999999,7.132400000000004,45.86466165413533
4851,88.23380000000003,5.579300000000018,48.87218045112782
4852,109.41509999999997,7.335300000000018,51.127819548872175
4853,149.49989999999994,8.742099999999994,51.8796992481203
4854,100.10139999999998,8.062999999999988,45.86466165413533
4855,113.6464,6.47890000000001,54.88721804511278
4856,130.57980000000003,7.367099999999965,48.87218045112782
4857,112.26669999999999,6.894200000000012,48.1203007518797
4858,91.84249999999997,6.653200000000027,45.11278195488722
4859,98.0798,4.133499999999998,45.11278195488722
4860,109.3185,7.984700000000004,43.609022556390975
4861,133.63439999999997,4.833699999999993,52.63157894736842
4862,123.29359999999997,4.601499999999987,54.13533834586466
4863,183.15090000000004,3.617199999999997,58.64661654135338
4864,135.3224,5.262599999999992,52.63157894736842
4865,105.24159999999995,5.961099999999988,45.11278195488722
4866,123.8791,6.4495000000000005,47.368421052631575
4867,114.14269999999993,9.491399999999999,48.87218045112782
4868,184.12309999999997,8.350600000000043,56.390977443609025
4869,144.01459999999992,7.060000000000002,45.86466165413533
4870,123.26210000000003,4.924599999999998,50.37593984962406
4871,106.50439999999998,6.008499999999998,47.368421052631575
4872,129.99120000000002,9.27619999999996,47.368421052631575
4873,146.85219999999993,8.181900000000013,53.383458646616546
4874,115.57369999999992,6.765000000000001,45.86466165413533
4875,140.09409999999997,5.522500000000008,52.63157894736842
4876,126.16890000000001,10.604700000000008,50.37593984962406
4877,96.42080000000004,6.308599999999984,51.127819548872175
4878,123.12339999999998,8.500999999999976,48.1203007518797
4879,132.04160000000005,11.003000000000014,50.37593984962406
4880,86.7286,9.971599999999995,43.609022556390975
4881,119.13749999999993,8.286300000000011,51.127819548872175
4882,124.73429999999996,5.6691000000000145,53.383458646616546
4883,126.23079999999999,8.043999999999997,46.616541353383454
4884,120.00609999999995,10.911900000000003,48.87218045112782
4885,109.14869999999988,8.095500000000015,47.368421052631575
4886,117.87699999999995,7.967300000000023,48.87218045112782
4887,146.38929999999996,7.276299999999992,48.1203007518797
4888,128.21200000000002,9.62299999999999,51.127819548872175
4889,73.9964,12.175299999999993,48.1203007518797
4890,111.67189999999997,11.685399999999987,47.368421052631575
4891,157.00650000000002,6.0172000000000025,55.639097744360896
4892,109.03969999999998,11.586399999999998,54.13533834586466
4893,96.89979999999997,5.7442999999999955,48.87218045112782
4894,120.99529999999999,6.595700000000022,51.8796992481203
4895,93.4313,7.773200000000003,43.609022556390975
4896,170.4865000000001,8.008800000000008,57.89473684210527
4897,102.43099999999998,6.25660000000002,49.62406015037594
4898,138.17140000000003,5.976399999999984,58.64661654135338
4899,136.26379999999997,6.601200000000006,54.88721804511278
4900,135.7188,6.480699999999999,50.37593984962406
4901,90.11200000000002,9.495600000000024,44.3609022556391
4902,138.48110000000003,4.974499999999978,52.63157894736842
4903,73.65220000000002,15.163700000000006,42.10526315789473
4904,156.78369999999995,5.032899999999998,55.639097744360896
4905,131.54799999999997,4.692300000000017,48.1203007518797
4906,102.39810000000003,12.582300000000004,49.62406015037594
4907,84.18849999999995,9.206099999999992,45.86466165413533
4908,113.7601,4.427500000000009,48.87218045112782
4909,125.78269999999995,12.883399999999995,51.127819548872175
4910,132.8275,7.415300000000002,50.37593984962406
4911,159.05240000000003,9.766600000000011,59.3984962406015
4912,151.68609999999998,4.588599999999985,56.390977443609025
4913,114.08800000000002,9.499300000000005,52.63157894736842
4914,122.47089999999992,8.718200000000024,50.37593984962406
4915,97.35479999999995,5.310200000000009,52.63157894736842
4916,111.60759999999993,9.7834,49.62406015037594
4917,106.67150000000004,4.190799999999996,47.368421052631575
4918,131.9971,8.236000000000018,48.87218045112782
4919,124.2405,14.416700000000048,48.1203007518797
4920,92.74019999999999,9.237300000000005,47.368421052631575
4921,76.51979999999998,7.4106000000000165,45.11278195488722
4922,90.20809999999997,8.440900000000013,48.1203007518797
4923,107.33569999999997,6.67349999999999,51.127819548872175
4924,134.7828,5.680300000000003,54.88721804511278
4925,80.35200000000003,8.579899999999995,48.87218045112782
4926,102.78339999999997,9.612800000000021,50.37593984962406
4927,147.16609999999997,3.787399999999991,51.127819548872175
4928,132.9596,4.1124000000000365,52.63157894736842
4929,104.85169999999997,8.609700000000032,53.383458646616546
4930,104.2887,7.72229999999999,45.86466165413533
4931,65.7108,7.66810000000001,45.86466165413533
4932,125.17099999999996,9.02040000000001,57.14285714285714
4933,121.02149999999995,8.051500000000004,47.368421052631575
4934,135.40339999999998,7.423500000000018,52.63157894736842
4935,116.84519999999998,8.434699999999992,53.383458646616546
4936,161.74199999999996,4.73660000000001,58.64661654135338
4937,105.46759999999995,6.153800000000018,51.127819548872175
4938,94.37619999999998,8.555599999999998,48.1203007518797
4939,125.48039999999997,6.40809999999999,50.37593984962406
4940,98.48320000000001,9.266800000000003,48.1203007518797
4941,148.16520000000003,6.251199999999997,55.639097744360896
4942,86.24209999999994,6.497199999999992,52.63157894736842
4943,110.9615,7.636500000000012,48.1203007518797
4944,104.42429999999999,14.688199999999995,47.368421052631575
4945,96.88819999999993,4.832400000000007,46.616541353383454
4946,86.77510000000001,9.811900000000037,43.609022556390975
4947,169.0534,7.058099999999996,55.639097744360896
4948,91.20050000000003,8.327600000000018,45.11278195488722
4949,94.71259999999995,10.302400000000006,45.11278195488722
4950,101.51110000000003,7.6048000000000116,44.3609022556391
4951,105.76119999999997,6.395399999999995,54.88721804511278
4952,96.68520000000001,9.375200000000007,50.37593984962406
4953,157.84220000000005,6.271199999999936,50.37593984962406
4954,167.83539999999994,4.815500000000014,53.383458646616546
4955,90.68019999999996,8.710500000000025,42.857142857142854
4956,103.61730000000003,6.976399999999984,47.368421052631575
4957,113.0487,6.054600000000022,45.11278195488722
4958,119.4548999999999,6.477800000000002,48.87218045112782
4959,99.8845,8.798600000000008,48.87218045112782
4960,69.96339999999998,10.608699999999999,44.3609022556391
4961,109.81689999999998,10.219799999999992,46.616541353383454
4962,139.26290000000003,9.2329,56.390977443609025
4963,120.56130000000002,5.8785000000000025,50.37593984962406
4964,143.91029999999998,8.893399999999986,54.13533834586466
4965,112.08380000000002,8.158400000000029,45.11278195488722
4966,121.89149999999995,6.2286,55.639097744360896
4967,98.10239999999996,6.242500000000007,42.857142857142854
4968,181.27650000000006,4.612799999999993,60.150375939849624
4969,131.21189999999999,5.888599999999997,53.383458646616546
4970,125.61329999999992,10.859800000000007,56.390977443609025
4971,138.82739999999998,6.5523000000000025,50.37593984962406
4972,80.43199999999999,9.105500000000006,48.87218045112782
4973,54.20860000000002,15.970799999999997,36.84210526315789
4974,118.09640000000002,7.439700000000016,57.14285714285714
4975,132.84859999999998,14.193200000000004,48.1203007518797
4976,140.38469999999992,4.60390000000001,52.63157894736842
4977,113.18689999999998,7.292100000000005,48.87218045112782
4978,120.82819999999998,6.785499999999956,48.1203007518797
4979,126.65329999999994,10.489500000000021,51.127819548872175
4980,109.22269999999997,7.353000000000009,49.62406015037594
4981,146.23989999999998,4.357500000000002,56.390977443609025
4982,176.14160000000004,6.210100000000011,56.390977443609025
4983,142.14819999999997,6.409899999999993,53.383458646616546
4984,147.41359999999997,5.335799999999978,58.64661654135338
4985,115.63249999999994,9.612400000000036,51.8796992481203
4986,120.22379999999998,6.112599999999986,53.383458646616546
4987,146.0583,7.555099999999982,53.383458646616546
4988,95.18739999999997,7.761300000000006,46.616541353383454
4989,148.1787,5.372599999999991,54.88721804511278
4990,106.05110000000002,5.854000000000013,45.11278195488722
4991,153.44519999999994,5.544799999999981,54.88721804511278
4992,120.60769999999997,5.885600000000011,48.1203007518797
4993,149.1937000000001,5.844200000000001,53.383458646616546
4994,120.77219999999997,10.119200000000006,54.13533834586466
4995,97.701,7.1404,43.609022556390975
4996,111.66510000000002,8.148399999999995,51.127819548872175
4997,161.8508,4.796399999999977,51.8796992481203
4998,142.29420000000002,5.555300000000003,54.88721804511278
4999,61.67059999999998,14.448400000000007,48.87218045112782
5000,151.69790000000006,7.734500000000011,51.127819548872175
5001,122.25299999999993,6.513800000000003,57.89473684210527
5002,50.37900000000002,17.0796,39.097744360902254
5003,96.713,8.724899999999991,48.87218045112782
5004,123.96620000000001,10.237299999999976,50.37593984962406
5005,118.46819999999997,7.373500000000007,45.11278195488722
5006,91.71000000000004,9.611599999999996,46.616541353383454
5007,129.93219999999994,6.637699999999995,52.63157894736842
5008,100.90830000000003,6.276700000000005,47.368421052631575
5009,111.57129999999998,6.810699999999997,52.63157894736842
5010,164.87339999999995,8.322100000000006,54.88721804511278
5011,74.10990000000004,9.3476,42.857142857142854
5012,97.68979999999996,11.905699999999996,52.63157894736842
5013,53.48070000000001,13.996700000000004,43.609022556390975
5014,96.73950000000002,12.102500000000006,48.1203007518797
5015,80.00909999999999,10.81620000000001,44.3609022556391
5016,130.84009999999998,8.0531,57.14285714285714
5017,99.50150000000002,7.517099999999999,44.3609022556391
5018,117.40620000000001,8.682699999999997,47.368421052631575
5019,118.63560000000001,5.570999999999998,53.383458646616546
5020,135.43830000000005,7.367400000000032,50.37593984962406
5021,101.15709999999996,8.495600000000024,50.37593984962406
5022,119.45950000000005,7.6588999999999885,50.37593984962406
5023,132.03239999999994,7.673800000000028,50.37593984962406
5024,150.26179999999997,4.828100000000006,50.37593984962406
5025,121.1712,11.914500000000004,47.368421052631575
5026,126.82949999999997,8.719799999999992,49.62406015037594
5027,128.21779999999998,8.762,51.127819548872175
5028,126.20119999999997,10.017000000000024,52.63157894736842
5029,136.74290000000008,4.085000000000008,56.390977443609025
5030,140.22560000000004,8.1995,51.8796992481203
5031,115.49119999999996,12.13639999999998,48.87218045112782
5032,98.61190000000005,8.015199999999993,45.86466165413533
5033,98.31000000000006,10.397300000000001,46.616541353383454
5034,120.79109999999991,6.330800000000011,50.37593984962406
5035,114.84989999999999,7.934899999999999,49.62406015037594
5036,104.67130000000003,11.628100000000018,49.62406015037594
5037,126.99879999999999,7.927600000000012,50.37593984962406
5038,142.14449999999997,9.950900000000019,52.63157894736842
5039,125.19649999999996,5.0978000000000065,49.62406015037594
5040,140.05409999999995,5.28249999999997,51.8796992481203
5041,121.11410000000001,6.646200000000007,52.63157894736842
5042,140.21420000000006,7.874800000000022,48.87218045112782
5043,83.95840000000001,6.159600000000012,43.609022556390975
5044,98.21789999999999,7.671099999999967,50.37593984962406
5045,129.24490000000003,8.112799999999993,51.127819548872175
5046,90.17059999999998,7.670500000000004,45.11278195488722
5047,109.8555,11.512699999999995,45.86466165413533
5048,82.69990000000001,11.054600000000008,42.857142857142854
5049,125.07019999999989,6.886200000000002,52.63157894736842
5050,111.45079999999999,13.993099999999998,48.1203007518797
5051,111.39830000000006,6.300299999999993,51.127819548872175
5052,118.77720000000002,14.353899999999982,50.37593984962406
5053,120.31429999999997,7.1162000000000205,51.127819548872175
5054,181.68139999999994,7.068299999999965,53.383458646616546
5055,125.31679999999997,13.314900000000023,46.616541353383454
5056,146.50159999999994,4.8463999999999885,51.8796992481203
5057,90.9452,8.080000000000013,45.86466165413533
5058,128.52909999999997,6.033199999999994,54.13533834586466
5059,98.16430000000003,7.129099999999994,46.616541353383454
5060,126.2758,10.49969999999999,51.127819548872175
5061,122.82659999999998,6.862099999999998,48.87218045112782
5062,163.10310000000015,5.369199999999978,59.3984962406015
5063,118.91929999999994,8.447399999999988,49.62406015037594
5064,155.14480000000006,6.903700000000001,57.14285714285714
5065,136.66300000000004,9.259599999999978,50.37593984962406
5066,112.21760000000003,6.097400000000022,47.368421052631575
5067,80.19959999999998,6.508100000000013,47.368421052631575
5068,128.88639999999998,6.117999999999995,54.13533834586466
5069,104.55409999999995,9.219799999999992,49.62406015037594
5070,190.41250000000002,4.829399999999964,57.14285714285714
5071,106.70169999999996,7.3659000000000106,50.37593984962406
5072,81.71220000000008,12.403400000000005,45.11278195488722
5073,91.75099999999992,9.781100000000038,45.11278195488722
5074,123.01699999999997,6.300899999999999,47.368421052631575
5075,108.11859999999996,6.899799999999999,48.87218045112782
5076,115.47159999999991,10.15530000000004,52.63157894736842
5077,127.73710000000003,11.692700000000002,49.62406015037594
5078,113.96359999999993,10.435200000000009,47.368421052631575
5079,108.0283,6.214499999999987,51.127819548872175
5080,110.68439999999993,7.752100000000013,48.1203007518797
5081,127.16810000000001,7.367899999999992,55.639097744360896
5082,136.32340000000002,7.085799999999978,46.616541353383454
5083,100.33569999999992,10.262299999999982,50.37593984962406
5084,153.01320000000007,5.541999999999973,60.150375939849624
5085,122.56879999999995,6.460700000000003,51.8796992481203
5086,111.30029999999996,7.8023000000000025,51.8796992481203
5087,135.75879999999995,4.3308999999999855,51.8796992481203
5088,91.23429999999996,7.21520000000001,47.368421052631575
5089,116.8617999999999,6.298500000000047,48.87218045112782
5090,63.96510000000001,7.808700000000002,37.59398496240601
5091,131.7519,7.505599999999987,52.63157894736842
5092,140.1429,5.48660000000001,51.8796992481203
5093,132.61069999999998,7.801499999999976,48.87218045112782
5094,118.62289999999996,5.418199999999985,54.13533834586466
5095,158.62680000000006,9.028600000000012,55.639097744360896
5096,120.35929999999996,7.713800000000006,48.1203007518797
5097,98.06189999999998,6.231899999999996,43.609022556390975
5098,92.12809999999993,6.632100000000008,48.1203007518797
5099,134.54080000000008,5.070699999999988,53.383458646616546
5100,135.8269999999999,5.547699999999992,54.13533834586466
5101,121.58330000000001,7.5345999999999975,51.8796992481203
5102,110.36099999999993,9.203300000000013,48.87218045112782
5103,124.09220000000002,6.33929999999998,51.127819548872175
5104,131.35670000000002,9.966799999999992,49.62406015037594
5105,99.19679999999994,9.664900000000003,45.86466165413533
5106,98.06309999999996,10.34129999999999,48.87218045112782
5107,114.2929,7.01639999999999,50.37593984962406
5108,181.5866000000001,5.411699999999996,63.1578947368421
5109,83.84989999999999,9.794899999999998,49.62406015037594
5110,82.21039999999999,17.861199999999997,43.609022556390975
5111,96.8056,6.529699999999991,45.11278195488722
5112,132.45199999999997,6.0733000000000175,48.1203007518797
5113,104.3082,14.002099999999999,46.616541353383454
5114,76.99090000000004,8.93380000000002,43.609022556390975
5115,109.13909999999998,8.361100000000008,51.8796992481203
5116,122.78679999999994,6.883899999999983,52.63157894736842
5117,140.2134,9.466199999999986,51.8796992481203
5118,92.37749999999994,5.897700000000015,42.857142857142854
5119,134.35340000000002,6.98599999999999,52.63157894736842
5120,145.37149999999997,4.484899999999996,53.383458646616546
5121,81.28829999999999,13.570300000000003,48.87218045112782
5122,132.10070000000002,5.380099999999999,53.383458646616546
5123,130.61530000000002,6.990500000000026,50.37593984962406
5124,100.28389999999996,6.103200000000015,45.11278195488722
5125,121.5215,8.78140000000002,50.37593984962406
5126,124.21739999999994,10.114400000000018,51.127819548872175
5127,138.60070000000005,8.015699999999981,53.383458646616546
5128,124.58229999999998,7.726300000000009,54.13533834586466
5129,165.4148,3.8292,58.64661654135338
5130,140.3048,4.810299999999955,51.8796992481203
5131,125.9265,4.856400000000008,52.63157894736842
5132,112.20919999999998,11.042100000000005,53.383458646616546
5133,141.77319999999995,5.713999999999999,54.13533834586466
5134,144.6349,8.680999999999997,51.127819548872175
5135,108.28759999999994,6.8142,48.87218045112782
5136,168.27909999999997,6.322600000000008,57.14285714285714
5137,119.44419999999991,7.8364999999999725,48.1203007518797
5138,85.73839999999996,12.306700000000035,47.368421052631575
5139,112.9435,8.117400000000004,50.37593984962406
5140,96.90550000000002,9.617199999999997,42.857142857142854
5141,88.60589999999996,11.125599999999991,45.86466165413533
5142,123.0129,8.818800000000039,51.127819548872175
5143,55.31000000000003,10.4007,41.35338345864661
5144,104.88649999999996,11.513300000000015,45.11278195488722
5145,151.10199999999998,5.6785,54.13533834586466
5146,111.96210000000002,7.633900000000011,53.383458646616546
5147,116.7287,12.29310000000001,47.368421052631575
5148,107.90589999999992,9.943300000000022,45.11278195488722
5149,79.03639999999996,7.651700000000005,46.616541353383454
5150,132.07229999999996,7.335300000000018,52.63157894736842
5151,130.55560000000003,7.99369999999999,50.37593984962406
5152,96.2679,10.272599999999997,49.62406015037594
5153,108.96280000000002,6.198199999999986,57.14285714285714
5154,79.91579999999999,8.407500000000027,47.368421052631575
5155,134.72909999999996,7.378899999999987,51.127819548872175
5156,85.08900000000003,11.498099999999994,45.86466165413533
5157,133.46619999999996,6.071300000000008,50.37593984962406
5158,126.74889999999996,6.679600000000008,54.88721804511278
5159,177.14440000000008,5.111999999999966,55.639097744360896
5160,76.41820000000001,12.957400000000007,42.10526315789473
5161,107.40550000000002,9.576300000000003,44.3609022556391
5162,120.87379999999996,4.965299999999985,48.1203007518797
5163,122.30349999999996,7.069600000000037,48.87218045112782
5164,144.2861999999999,4.828000000000003,54.13533834586466
5165,158.56510000000003,4.810199999999995,58.64661654135338
5166,120.26689999999999,6.648200000000003,56.390977443609025
5167,105.31999999999996,8.5839,51.127819548872175
5168,137.12659999999997,5.345799999999997,54.13533834586466
5169,102.73809999999997,9.0231,47.368421052631575
5170,121.78820000000002,6.467100000000002,54.13533834586466
5171,109.73359999999997,8.379899999999992,46.616541353383454
5172,118.77170000000001,5.982199999999992,51.8796992481203
5173,134.90659999999997,10.463799999999992,51.127819548872175
5174,100.60070000000002,6.417199999999994,47.368421052631575
5175,97.54789999999994,7.075800000000015,45.86466165413533
5176,114.45139999999995,8.085799999999992,45.86466165413533
5177,95.40179999999998,7.414799999999985,47.368421052631575
5178,152.3096,5.823100000000011,54.88721804511278
5179,116.56919999999997,6.401200000000017,54.88721804511278
5180,99.65219999999997,5.803200000000004,53.383458646616546
5181,124.00939999999994,6.396000000000001,51.8796992481203
5182,136.04570000000004,6.548299999999983,50.37593984962406
5183,80.85219999999995,11.85390000000001,39.097744360902254
5184,154.16259999999997,7.238199999999978,54.13533834586466
5185,96.53939999999994,9.444099999999992,49.62406015037594
5186,92.30950000000001,7.057400000000001,45.11278195488722
5187,87.80189999999999,10.930599999999998,50.37593984962406
5188,111.04989999999995,5.323499999999967,50.37593984962406
5189,73.22129999999999,6.800700000000006,44.3609022556391
5190,59.0009,16.5235,44.3609022556391
5191,102.73229999999998,7.113199999999978,53.383458646616546
5192,77.09660000000002,8.475999999999999,43.609022556390975
5193,89.19290000000001,7.86460000000001,45.11278195488722
5194,144.01829999999995,5.769999999999982,50.37593984962406
5195,155.6241,7.248099999999994,55.639097744360896
5196,119.6126999999999,10.406900000000007,54.88721804511278
5197,155.14659999999995,4.5852999999999895,53.383458646616546
5198,132.4372,7.824100000000001,48.87218045112782
5199,126.71690000000001,6.54989999999998,53.383458646616546
5200,94.04029999999992,10.770200000000045,49.62406015037594
5201,131.1834,10.506900000000002,50.37593984962406
5202,147.0512,4.7202000000000055,54.13533834586466
5203,124.52710000000002,6.692299999999989,51.127819548872175
5204,118.39229999999998,13.552099999999996,51.127819548872175
5205,155.1375,6.60260000000001,54.88721804511278
5206,81.17800000000003,10.604800000000012,47.368421052631575
5207,156.03570000000013,4.977099999999979,55.639097744360896
5208,141.5597,9.677099999999996,55.639097744360896
5209,128.35079999999996,5.080299999999994,50.37593984962406
5210,111.0255,6.136300000000006,44.3609022556391
5211,117.2415,4.976399999999984,48.1203007518797
5212,122.94869999999997,9.427499999999995,47.368421052631575
5213,106.71389999999997,9.493800000000022,49.62406015037594
5214,113.22789999999998,7.572300000000013,49.62406015037594
5215,76.82780000000002,7.406900000000007,41.35338345864661
5216,122.51629999999997,10.666300000000035,48.1203007518797
5217,107.00549999999998,6.505099999999999,50.37593984962406
5218,142.92020000000002,8.563299999999998,51.8796992481203
5219,111.13460000000003,10.1079,45.86466165413533
5220,122.77839999999992,5.336000000000013,53.383458646616546
5221,93.58169999999998,14.367000000000004,48.87218045112782
5222,117.03810000000004,8.298399999999987,50.37593984962406
5223,117.54019999999997,8.38069999999999,52.63157894736842
5224,150.22820000000002,8.578999999999994,56.390977443609025
5225,91.39899999999997,16.468400000000003,49.62406015037594
5226,165.96390000000008,7.771799999999985,55.639097744360896
5227,127.58790000000002,5.276199999999989,55.639097744360896
5228,92.2926,10.244499999999988,50.37593984962406
5229,158.0365,4.481999999999999,60.150375939849624
5230,81.54729999999998,13.245499999999993,41.35338345864661
5231,73.0324,7.637499999999989,45.11278195488722
5232,133.99519999999995,9.18610000000001,54.88721804511278
5233,150.18890000000002,9.592600000000033,54.88721804511278
5234,105.65239999999994,10.149499999999989,47.368421052631575
5235,119.62799999999999,4.8048,51.127819548872175
5236,150.98220000000003,7.814099999999996,55.639097744360896
5237,145.69629999999995,5.238400000000013,53.383458646616546
5238,102.90700000000001,7.934499999999986,47.368421052631575
5239,91.91629999999998,8.632300000000015,45.11278195488722
5240,139.86519999999996,9.923400000000015,54.13533834586466
5241,114.48779999999996,8.226600000000019,54.13533834586466
5242,110.6106,7.341799999999978,51.8796992481203
5243,124.45660000000004,9.944099999999992,54.13533834586466
5244,96.5718,10.426799999999986,48.87218045112782
5245,147.88179999999994,7.504899999999992,57.14285714285714
5246,137.20660000000004,4.1962999999999795,50.37593984962406
5247,96.62700000000007,5.8566000000000145,50.37593984962406
5248,145.6094,5.263900000000007,51.127819548872175
5249,95.7783,9.457799999999992,47.368421052631575
5250,96.17769999999996,6.15209999999999,45.11278195488722
5251,70.47919999999999,9.750299999999996,42.10526315789473
5252,142.1091,5.176500000000004,51.8796992481203
5253,105.24890000000002,9.478199999999987,50.37593984962406
5254,125.94859999999997,7.47120000000001,49.62406015037594
5255,100.75270000000003,6.78279999999998,48.87218045112782
5256,116.13210000000001,10.133099999999999,47.368421052631575
5257,97.4042,4.393299999999982,47.368421052631575
5258,152.82460000000006,7.3682999999999765,55.639097744360896
5259,144.6958,9.671999999999997,54.13533834586466
5260,87.11440000000005,11.020099999999985,44.3609022556391
5261,139.39780000000002,6.2029999999999745,57.89473684210527
5262,100.67829999999998,6.26100000000001,50.37593984962406
5263,92.34109999999995,9.141099999999994,46.616541353383454
5264,79.78109999999998,8.025899999999993,42.857142857142854
5265,146.66550000000004,5.688500000000005,54.13533834586466
5266,126.57730000000001,11.5415,48.87218045112782
5267,81.29029999999997,9.28909999999999,44.3609022556391
5268,88.23260000000005,9.2466,49.62406015037594
5269,115.3232999999999,7.675099999999986,52.63157894736842
5270,157.76829999999995,8.293399999999991,48.87218045112782
5271,170.27790000000005,8.233000000000004,57.14285714285714
5272,82.2706,9.078199999999981,47.368421052631575
5273,147.46679999999992,5.464199999999991,51.8796992481203
5274,116.87809999999999,9.646199999999993,54.88721804511278
5275,115.14539999999994,16.044299999999993,50.37593984962406
5276,108.32179999999997,7.3799999999999955,45.86466165413533
5277,82.55289999999997,10.168999999999997,43.609022556390975
5278,100.05579999999995,8.157999999999987,45.86466165413533
5279,120.64959999999991,9.04679999999999,49.62406015037594
5280,114.80869999999999,8.219300000000004,50.37593984962406
5281,147.86669999999992,5.921500000000009,53.383458646616546
5282,92.5584,9.0454,52.63157894736842
5283,105.4049,8.573699999999988,48.87218045112782
5284,81.56529999999998,13.8429,48.1203007518797
5285,133.91589999999997,6.6714000000000055,51.127819548872175
5286,92.78780000000003,5.990499999999997,49.62406015037594
5287,120.60849999999996,8.606799999999993,48.87218045112782
5288,108.63749999999999,10.04770000000002,49.62406015037594
5289,177.16819999999996,4.3995000000000175,58.64661654135338
5290,150.14360000000005,8.089899999999972,54.88721804511278
5291,125.73999999999992,8.846699999999998,51.8796992481203
5292,123.89330000000001,6.398899999999998,52.63157894736842
5293,140.20110000000003,4.727100000000007,53.383458646616546
5294,78.94670000000002,11.800600000000003,47.368421052631575
5295,100.08069999999998,9.818399999999997,50.37593984962406
5296,130.88050000000004,15.866899999999987,46.616541353383454
5297,159.63750000000005,7.024799999999971,56.390977443609025
5298,87.02590000000004,8.03479999999999,45.86466165413533
5299,132.33169999999998,15.618099999999998,52.63157894736842
5300,76.88750000000005,11.085399999999993,39.849624060150376
5301,101.41729999999995,9.112400000000008,45.86466165413533
5302,107.0222,6.812599999999989,51.8796992481203
5303,77.8741,8.825199999999995,45.86466165413533
5304,81.5864,7.427799999999991,42.857142857142854
5305,97.29179999999994,13.619,46.616541353383454
5306,104.65169999999998,10.712500000000034,45.86466165413533
5307,127.53819999999996,7.42410000000001,50.37593984962406
5308,97.30539999999996,9.728999999999985,45.11278195488722
5309,84.70309999999995,8.766300000000001,47.368421052631575
5310,86.69789999999995,9.154799999999966,48.1203007518797
5311,148.72600000000006,8.963600000000014,57.14285714285714
5312,99.5908,7.830299999999994,46.616541353383454
5313,83.8605,15.04989999999998,45.11278195488722
5314,91.93889999999999,5.220199999999977,45.86466165413533
5315,87.51080000000002,12.702799999999996,42.857142857142854
5316,116.42349999999999,7.52940000000001,54.88721804511278
5317,141.8375,8.6922,46.616541353383454
5318,137.99609999999998,5.4199999999999875,56.390977443609025
5319,111.57530000000003,12.748199999999997,48.1203007518797
5320,138.04329999999987,8.213499999999982,50.37593984962406
5321,91.7568,8.664000000000001,45.11278195488722
5322,68.98479999999998,9.060400000000016,39.849624060150376
5323,99.91199999999998,5.344200000000001,47.368421052631575
5324,114.26829999999995,9.004200000000026,51.127819548872175
5325,104.85399999999998,14.617899999999992,47.368421052631575
5326,112.47820000000002,8.46090000000001,49.62406015037594
5327,106.30740000000006,10.443100000000001,49.62406015037594
5328,176.26849999999996,5.352800000000002,60.150375939849624
5329,82.52820000000003,5.801600000000008,46.616541353383454
5330,135.22050000000007,4.000000000000028,49.62406015037594
5331,106.22369999999998,5.606299999999976,46.616541353383454
5332,157.85519999999997,6.382800000000003,56.390977443609025
5333,184.9613,10.182299999999941,60.902255639097746
5334,156.0644000000001,10.422700000000006,53.383458646616546
5335,102.60630000000003,9.430199999999985,48.1203007518797
5336,105.67589999999998,8.511199999999988,50.37593984962406
5337,143.75789999999998,9.228300000000004,57.14285714285714
5338,121.24019999999996,7.332700000000017,54.88721804511278
5339,85.35619999999994,8.24920000000003,43.609022556390975
5340,87.20519999999999,7.607200000000006,48.1203007518797
5341,101.90909999999997,4.199299999999994,48.1203007518797
5342,122.92949999999996,9.474000000000004,50.37593984962406
5343,150.7918,5.365899999999982,56.390977443609025
5344,86.2849,8.686800000000005,45.86466165413533
5345,82.09200000000007,9.203699999999998,42.857142857142854
5346,137.83729999999997,5.3903000000000105,53.383458646616546
5347,122.85519999999994,7.282800000000009,49.62406015037594
5348,94.67599999999996,11.727900000000005,47.368421052631575
5349,145.12089999999998,8.329399999999993,49.62406015037594
5350,126.8306,4.629300000000001,54.88721804511278
5351,116.1024999999999,5.9821000000000595,42.857142857142854
5352,100.42559999999997,11.206400000000002,51.127819548872175
5353,145.18040000000005,5.393099999999976,51.127819548872175
5354,81.14229999999998,6.488899999999973,43.609022556390975
5355,124.94429999999994,10.392499999999998,49.62406015037594
5356,116.15719999999996,8.877800000000036,52.63157894736842
5357,129.37390000000002,6.303399999999954,50.37593984962406
5358,122.92769999999999,11.285199999999989,51.127819548872175
5359,52.42319999999998,9.4799,39.097744360902254
5360,118.0651,16.109100000000012,48.1203007518797
5361,90.39330000000001,5.9361999999999995,47.368421052631575
5362,99.96519999999998,9.115799999999993,50.37593984962406
5363,101.81869999999998,13.948099999999982,48.87218045112782
5364,116.8843,5.84099999999998,49.62406015037594
5365,91.54169999999999,8.744599999999991,51.127819548872175
5366,173.6088000000001,3.2920999999999765,56.390977443609025
5367,94.86909999999995,9.7406,51.127819548872175
5368,121.68389999999994,6.666799999999995,52.63157894736842
5369,123.79669999999993,8.256300000000039,54.13533834586466
5370,124.22409999999996,6.766300000000001,53.383458646616546
5371,118.63309999999996,6.766600000000011,52.63157894736842
5372,128.54320000000004,9.196799999999996,49.62406015037594
5373,153.2298,6.884499999999974,56.390977443609025
5374,127.4285999999999,8.882599999999996,54.13533834586466
5375,163.89339999999999,7.72829999999999,54.13533834586466
5376,155.56459999999998,6.0575000000000045,54.13533834586466
5377,150.38049999999998,9.001000000000005,53.383458646616546
5378,92.81029999999998,6.794399999999996,43.609022556390975
5379,99.11079999999998,12.159800000000018,50.37593984962406
5380,127.39150000000006,4.863499999999988,52.63157894736842
5381,124.38790000000006,5.371400000000023,46.616541353383454
5382,89.42490000000004,10.161100000000005,44.3609022556391
5383,123.15719999999999,6.008299999999991,48.1203007518797
5384,156.0815,10.28230000000002,54.88721804511278
5385,78.12029999999999,8.464799999999997,45.86466165413533
5386,140.30669999999998,7.98769999999999,53.383458646616546
5387,109.5489,10.442900000000009,44.3609022556391
5388,98.18119999999993,8.38530000000003,45.11278195488722
5389,115.59040000000002,5.467900000000014,47.368421052631575
5390,115.45429999999996,6.566200000000038,50.37593984962406
5391,158.30650000000003,9.484099999999998,57.14285714285714
5392,111.12889999999999,10.5976,52.63157894736842
5393,100.90179999999992,7.473800000000011,50.37593984962406
5394,155.75229999999996,3.9113000000000113,59.3984962406015
5395,179.71340000000004,4.508199999999988,58.64661654135338
5396,158.7717,6.967799999999983,54.88721804511278
5397,134.34670000000003,5.603499999999997,52.63157894736842
5398,122.97939999999994,9.480599999999995,50.37593984962406
5399,55.78659999999999,10.532200000000003,39.849624060150376
5400,106.42149999999992,6.7789000000000215,44.3609022556391
5401,97.01389999999998,11.418199999999999,43.609022556390975
5402,106.7056,6.595799999999997,51.127819548872175
5403,93.28800000000001,11.358499999999992,47.368421052631575
5404,127.29330000000004,6.13930000000002,52.63157894736842
5405,141.30159999999998,4.705700000000007,46.616541353383454
5406,120.20599999999996,6.558599999999998,51.8796992481203
5407,82.58160000000001,8.552599999999984,43.609022556390975
5408,131.96959999999996,9.711500000000001,54.88721804511278
5409,146.9958000000001,4.255500000000012,57.89473684210527
5410,107.33900000000006,11.866099999999989,47.368421052631575
5411,125.50440000000006,5.253999999999962,48.1203007518797
5412,199.06449999999995,9.183999999999969,58.64661654135338
5413,109.69809999999993,9.269200000000012,48.87218045112782
5414,138.40319999999997,6.826199999999972,51.127819548872175
5415,173.735,5.0408999999999935,54.88721804511278
5416,141.14049999999997,7.176400000000001,55.639097744360896
5417,172.75230000000005,4.251700000000028,60.150375939849624
5418,156.30870000000004,4.661900000000003,56.390977443609025
5419,112.63310000000001,8.288600000000002,50.37593984962406
5420,103.81060000000005,6.588300000000004,45.11278195488722
5421,153.75840000000008,11.833299999999923,54.13533834586466
5422,129.7892,8.5231,51.127819548872175
5423,173.12260000000003,4.531499999999966,54.88721804511278
5424,151.43740000000003,10.093099999999993,55.639097744360896
5425,129.4294,9.165199999999984,53.383458646616546
5426,133.55379999999997,9.553399999999996,49.62406015037594
5427,125.3544,4.3349999999999795,54.88721804511278
5428,75.12039999999999,5.848299999999995,45.86466165413533
5429,140.5405,7.116700000000037,50.37593984962406
5430,135.97449999999998,6.6895999999999844,53.383458646616546
5431,95.32850000000002,6.633099999999999,44.3609022556391
5432,104.97799999999995,5.999000000000009,44.3609022556391
5433,98.49979999999994,6.9589,45.86466165413533
5434,131.12650000000008,7.531999999999982,53.383458646616546
5435,108.23729999999995,6.648400000000009,51.8796992481203
5436,105.11099999999993,6.749599999999987,47.368421052631575
5437,98.19769999999994,7.790900000000022,47.368421052631575
5438,114.18080000000003,10.839300000000009,53.383458646616546
5439,131.36759999999998,3.953399999999988,54.13533834586466
5440,164.0010000000001,5.2792999999999495,53.383458646616546
5441,169.9572,5.233699999999999,54.13533834586466
5442,151.78159999999997,5.3081000000000245,60.150375939849624
5443,124.34679999999997,8.558899999999994,48.87218045112782
5444,141.826,10.025999999999996,54.13533834586466
5445,149.06970000000007,6.617199999999997,53.383458646616546
5446,141.1057,6.002399999999994,54.88721804511278
5447,61.167700000000025,10.8202,41.35338345864661
5448,178.85880000000003,11.516099999999994,63.1578947368421
5449,94.46180000000001,5.826399999999978,45.11278195488722
5450,119.61109999999996,8.44550000000001,46.616541353383454
5451,148.94630000000012,5.208199999999991,52.63157894736842
5452,111.26289999999995,7.128600000000006,48.87218045112782
5453,113.90339999999998,7.438999999999993,46.616541353383454
5454,125.31790000000001,10.201499999999982,54.88721804511278
5455,75.3306,10.454400000000021,45.11278195488722
5456,119.0084,6.477899999999991,51.127819548872175
5457,137.42280000000002,9.480400000000003,53.383458646616546
5458,136.80139999999997,6.890299999999996,52.63157894736842
5459,132.5113,5.100300000000004,46.616541353383454
5460,167.41039999999998,3.6883000000000266,57.89473684210527
5461,123.69200000000001,6.829900000000009,53.383458646616546
5462,125.3872,6.227699999999999,50.37593984962406
5463,129.27750000000003,9.30970000000002,51.8796992481203
5464,118.81869999999998,7.329900000000009,45.86466165413533
5465,144.67460000000003,9.132000000000005,50.37593984962406
5466,116.11689999999999,6.401699999999991,50.37593984962406
5467,139.50320000000002,6.823400000000007,54.13533834586466
5468,121.82310000000001,10.321500000000015,47.368421052631575
5469,97.48649999999995,7.5508000000000095,50.37593984962406
5470,107.15329999999994,5.627400000000023,50.37593984962406
5471,110.22129999999996,6.787400000000019,48.87218045112782
5472,151.9842,5.2272000000000105,54.13533834586466
5473,146.01429999999988,6.272500000000008,56.390977443609025
5474,134.67230000000004,5.902799999999999,49.62406015037594
5475,71.6899,7.5186999999999955,45.86466165413533
5476,99.65839999999997,6.459800000000001,47.368421052631575
5477,90.34,6.494899999999973,43.609022556390975
5478,115.63189999999997,6.286900000000003,48.87218045112782
5479,144.80749999999998,6.0341999999999985,50.37593984962406
5480,180.5999000000001,4.742699999999985,55.639097744360896
5481,106.94650000000001,6.625500000000017,49.62406015037594
5482,117.28429999999997,5.361199999999997,49.62406015037594
5483,74.6737,11.770299999999992,44.3609022556391
5484,71.54899999999998,5.765499999999989,41.35338345864661
5485,101.0188,7.738900000000001,50.37593984962406
5486,87.27089999999998,10.990000000000038,42.10526315789473
5487,141.14439999999993,4.73060000000001,50.37593984962406
5488,112.3732,5.9358,50.37593984962406
5489,81.39790000000005,9.835700000000003,44.3609022556391
5490,163.4344000000001,7.857200000000006,59.3984962406015
5491,67.52999999999997,9.562399999999997,46.616541353383454
5492,118.95630000000003,8.385599999999997,52.63157894736842
5493,98.67070000000001,7.4769000000000005,51.8796992481203
5494,120.25919999999999,6.728000000000009,49.62406015037594
5495,172.8970999999999,6.7287000000000035,57.89473684210527
5496,108.56739999999996,4.6647000000000105,51.8796992481203
5497,157.0048,6.9343000000000075,50.37593984962406
5498,126.63589999999999,6.1751000000000005,49.62406015037594
5499,124.51199999999994,5.916799999999995,52.63157894736842
5500,134.73440000000002,9.294300000000007,53.383458646616546
5501,141.24680000000004,7.119599999999991,54.88721804511278
5502,129.65490000000003,6.37639999999999,53.383458646616546
5503,143.09769999999995,4.732999999999976,55.639097744360896
5504,108.77119999999996,7.789600000000007,47.368421052631575
5505,171.97440000000006,5.799299999999988,57.89473684210527
5506,95.55579999999998,8.494900000000001,51.127819548872175
5507,107.31679999999992,5.971300000000014,49.62406015037594
5508,61.54230000000004,17.02000000000001,46.616541353383454
5509,125.21800000000002,4.849300000000028,51.8796992481203
5510,107.02640000000002,5.879899999999992,51.127819548872175
5511,105.32200000000003,9.757799999999989,45.86466165413533
5512,123.36439999999999,7.104199999999992,51.8796992481203
5513,136.68800000000005,5.402699999999982,53.383458646616546
5514,124.65069999999997,6.252299999999991,47.368421052631575
5515,144.3749,5.599499999999978,55.639097744360896
5516,143.3046,6.521500000000003,51.127819548872175
5517,129.15659999999994,7.057199999999995,50.37593984962406
5518,117.95150000000001,14.781800000000004,50.37593984962406
5519,144.77360000000002,5.599499999999978,57.89473684210527
5520,120.91090000000003,7.393400000000014,48.87218045112782
5521,85.36320000000003,10.804199999999994,42.857142857142854
5522,152.90370000000004,4.598399999999998,57.89473684210527
5523,135.7629,6.372899999999987,54.88721804511278
5524,181.73810000000003,4.777200000000022,54.88721804511278
5525,129.84179999999995,5.1126000000000005,50.37593984962406
5526,147.0771,7.1089000000000055,54.88721804511278
5527,88.87040000000002,6.445699999999988,48.1203007518797
5528,99.95959999999997,8.358400000000017,48.87218045112782
5529,121.09209999999999,6.474899999999991,48.1203007518797
5530,122.0094,6.5009000000000015,52.63157894736842
5531,106.62869999999998,7.281700000000029,45.11278195488722
5532,109.32700000000006,7.1521999999999935,51.127819548872175
5533,120.63149999999996,8.020899999999997,54.88721804511278
5534,100.63830000000002,9.630799999999994,47.368421052631575
5535,88.81830000000002,7.159500000000008,45.11278195488722
5536,96.32729999999998,4.13239999999999,51.8796992481203
5537,152.83230000000006,6.187600000000003,55.639097744360896
5538,89.9434,11.390900000000002,46.616541353383454
5539,66.47459999999998,11.389100000000042,42.857142857142854
5540,95.92950000000002,12.498500000000007,46.616541353383454
5541,160.45409999999993,3.6341999999999928,56.390977443609025
5542,123.66619999999998,4.807000000000002,51.127819548872175
5543,107.51709999999997,7.0642999999999745,46.616541353383454
5544,116.67439999999999,6.580699999999993,50.37593984962406
5545,85.95429999999999,9.4846,48.1203007518797
5546,114.40069999999997,6.093499999999992,51.127819548872175
5547,122.44760000000002,8.776499999999999,54.13533834586466
5548,83.36629999999997,8.713200000000029,42.857142857142854
5549,76.21379999999999,11.168300000000002,46.616541353383454
5550,85.51749999999998,9.090700000000012,47.368421052631575
5551,85.0444,12.655600000000021,42.10526315789473
5552,163.3539,8.060000000000002,56.390977443609025
5553,136.95069999999998,6.238400000000013,52.63157894736842
5554,95.3843,7.231899999999996,45.86466165413533
5555,113.27189999999996,7.48569999999998,48.87218045112782
5556,127.92659999999992,3.573999999999984,45.11278195488722
5557,104.20899999999997,6.940100000000001,51.8796992481203
5558,142.5639,5.379400000000004,53.383458646616546
5559,108.06309999999996,5.107299999999995,54.88721804511278
5560,116.03969999999993,7.231400000000036,48.1203007518797
5561,120.05389999999994,9.245000000000005,48.1203007518797
5562,130.73729999999998,8.224099999999993,51.127819548872175
5563,146.26110000000014,6.118500000000012,54.88721804511278
5564,103.18790000000001,5.321100000000001,46.616541353383454
5565,96.76320000000001,7.805500000000023,48.87218045112782
5566,111.64339999999999,5.371700000000004,48.87218045112782
5567,102.9015,9.915500000000009,47.368421052631575
5568,115.7448,6.239899999999977,54.13533834586466
5569,124.80369999999999,5.070700000000016,49.62406015037594
5570,104.81209999999999,9.313500000000005,48.1203007518797
5571,133.61620000000002,7.1488000000000085,51.8796992481203
5572,118.31079999999997,7.127900000000011,51.8796992481203
5573,123.04919999999998,10.365800000000007,43.609022556390975
5574,121.8066,6.769100000000009,48.1203007518797
5575,173.61309999999992,4.835399999999964,58.64661654135338
5576,121.50479999999988,10.320900000000023,53.383458646616546
5577,131.51220000000006,13.84009999999995,48.87218045112782
5578,111.481,10.360399999999998,45.11278195488722
5579,95.0164,7.954900000000009,46.616541353383454
5580,103.60670000000005,7.649399999999986,49.62406015037594
5581,136.85439999999994,7.771999999999991,53.383458646616546
5582,103.88719999999998,7.538699999999977,50.37593984962406
5583,177.28369999999984,6.4932999999999765,57.14285714285714
5584,111.87530000000004,5.7079000000000235,52.63157894736842
5585,119.71909999999988,6.759899999999988,47.368421052631575
5586,113.55049999999994,10.895600000000002,51.127819548872175
5587,170.1259,5.237300000000005,57.14285714285714
5588,157.77800000000002,6.627600000000001,51.8796992481203
5589,127.80919999999998,6.101699999999994,50.37593984962406
5590,157.70190000000002,5.466499999999996,53.383458646616546
5591,113.22720000000004,6.788999999999987,49.62406015037594
5592,142.55619999999988,5.932400000000001,54.88721804511278
5593,147.41049999999996,6.521799999999999,54.88721804511278
5594,115.72900000000001,6.0201999999999884,46.616541353383454
5595,87.69049999999999,9.276200000000017,46.616541353383454
5596,102.37349999999995,7.203000000000003,49.62406015037594
5597,105.36210000000003,8.582700000000017,54.88721804511278
5598,109.84009999999998,8.758499999999998,52.63157894736842
5599,97.78210000000001,6.946899999999999,45.86466165413533
5600,76.34840000000003,14.5882,42.10526315789473
5601,128.14720000000003,6.795500000000004,54.13533834586466
5602,125.55749999999995,7.948200000000014,47.368421052631575
5603,131.12780000000004,7.022200000000026,52.63157894736842
5604,118.40350000000001,6.3385000000000105,46.616541353383454
5605,111.56379999999999,8.291900000000027,51.127819548872175
5606,130.3148,4.493300000000005,51.127819548872175
5607,144.39449999999997,5.107500000000016,54.13533834586466
5608,107.17349999999999,7.4898000000000025,51.127819548872175
5609,132.30839999999995,6.833400000000012,53.383458646616546
5610,128.77949999999993,9.263400000000019,54.13533834586466
5611,123.00379999999996,6.837500000000006,47.368421052631575
5612,147.3444,7.089999999999975,60.902255639097746
5613,65.61739999999998,15.902299999999997,39.849624060150376
5614,113.57949999999994,6.436399999999992,48.1203007518797
5615,161.05389999999994,5.183200000000028,56.390977443609025
5616,126.56669999999997,7.220200000000034,53.383458646616546
5617,128.51639999999998,6.283100000000005,57.14285714285714
5618,152.8523,6.226399999999984,54.88721804511278
5619,97.81910000000002,8.954600000000028,42.857142857142854
5620,61.72630000000001,9.366800000000012,45.11278195488722
5621,143.63589999999996,6.5190000000000055,54.13533834586466
5622,211.4549,7.822499999999991,61.65413533834586
5623,107.57619999999997,4.243900000000025,46.616541353383454
5624,115.6112,7.419399999999996,47.368421052631575
5625,154.22000000000008,4.49819999999994,57.14285714285714
5626,139.39110000000005,8.41040000000001,53.383458646616546
5627,103.40259999999998,7.75030000000001,46.616541353383454
5628,127.02619999999996,9.979199999999992,48.87218045112782
5629,113.64139999999998,11.3433,47.368421052631575
5630,102.07849999999996,5.978799999999993,46.616541353383454
5631,115.83389999999994,7.9196999999999775,53.383458646616546
5632,145.29949999999997,4.939300000000003,51.8796992481203
5633,107.62979999999999,7.885000000000005,46.616541353383454
5634,148.96419999999995,6.052800000000019,57.14285714285714
5635,138.17089999999993,6.223800000000011,53.383458646616546
5636,113.06209999999999,4.661100000000005,51.127819548872175
5637,101.76099999999997,10.836199999999991,47.368421052631575
5638,83.57549999999998,12.201999999999998,45.86466165413533
5639,132.62560000000005,9.6511,49.62406015037594
5640,129.61519999999993,5.638200000000012,50.37593984962406
5641,122.66409999999996,7.639800000000037,52.63157894736842
5642,152.49419999999995,3.6680000000000064,54.88721804511278
5643,133.25610000000006,7.44550000000001,55.639097744360896
5644,128.53539999999995,6.367399999999975,50.37593984962406
5645,154.14179999999993,6.231900000000024,58.64661654135338
5646,122.26239999999996,9.153900000000007,51.8796992481203
5647,125.36810000000003,9.068399999999968,51.127819548872175
5648,114.51600000000002,4.661899999999989,49.62406015037594
5649,133.06160000000006,6.1089999999999804,50.37593984962406
5650,130.43939999999995,4.526800000000009,48.1203007518797
5651,124.59649999999999,7.401499999999999,48.1203007518797
5652,166.6341000000001,6.678299999999979,55.639097744360896
5653,111.6438,10.349199999999996,50.37593984962406
5654,122.69330000000005,6.561099999999982,50.37593984962406
5655,114.85639999999995,8.282500000000027,55.639097744360896
5656,179.0808,5.010100000000023,52.63157894736842
5657,127.30580000000003,8.551299999999998,49.62406015037594
5658,139.60490000000004,5.289799999999985,54.88721804511278
5659,87.3605,7.743600000000015,45.86466165413533
5660,87.35699999999997,8.282999999999987,44.3609022556391
5661,99.21679999999998,11.408800000000014,49.62406015037594
5662,98.46119999999993,16.30370000000002,48.87218045112782
5663,89.5052,9.122499999999988,42.857142857142854
5664,114.22639999999996,14.159900000000022,51.127819548872175
5665,130.74649999999997,6.505999999999986,53.383458646616546
5666,143.06750000000002,4.9091999999999985,52.63157894736842
5667,154.9618,6.460899999999981,57.14285714285714
5668,148.15489999999997,7.417099999999991,54.13533834586466
5669,149.8438,7.52109999999999,56.390977443609025
5670,91.9742,8.435400000000016,43.609022556390975
5671,82.49129999999997,9.675399999999996,48.1203007518797
5672,109.69759999999997,8.2851,48.1203007518797
5673,166.29680000000008,5.299700000000001,57.89473684210527
5674,153.9001,6.804400000000015,52.63157894736842
5675,108.2227,6.955700000000007,51.8796992481203
5676,110.14929999999998,11.654199999999975,45.86466165413533
5677,120.49240000000003,7.815099999999973,54.13533834586466
5678,106.00380000000001,11.118400000000008,42.857142857142854
5679,96.53859999999997,11.665800000000004,51.8796992481203
5680,130.06480000000002,6.401900000000012,53.383458646616546
5681,109.23519999999999,6.0434999999999945,47.368421052631575
5682,72.38709999999998,12.188299999999998,42.857142857142854
5683,111.02550000000002,7.890299999999996,45.86466165413533
5684,120.05329999999998,6.850600000000014,45.86466165413533
5685,128.86089999999996,6.500700000000023,50.37593984962406
5686,94.31459999999998,9.633399999999995,40.6015037593985
5687,112.23969999999994,5.6650000000000205,46.616541353383454
5688,83.45069999999998,9.351699999999994,48.87218045112782
5689,107.48639999999997,9.292399999999986,46.616541353383454
5690,146.32969999999986,8.397900000000021,51.127819548872175
5691,89.92559999999995,9.03139999999999,45.11278195488722
5692,88.4144,9.525000000000006,45.11278195488722
5693,182.0992,6.746399999999994,60.902255639097746
5694,156.3918,8.242800000000017,57.14285714285714
5695,66.83539999999999,9.27770000000001,42.857142857142854
5696,174.29770000000008,5.251800000000003,54.88721804511278
5697,159.16409999999996,7.794600000000003,52.63157894736842
5698,106.93839999999994,6.516999999999996,45.86466165413533
5699,100.55669999999998,5.7298000000000116,51.8796992481203
5700,135.5315999999999,5.957100000000025,56.390977443609025
5701,112.33420000000001,7.899000000000001,50.37593984962406
5702,120.3127,7.475599999999986,50.37593984962406
5703,114.88119999999998,10.177400000000034,51.127819548872175
5704,104.14030000000002,14.939599999999984,53.383458646616546
5705,134.28300000000002,7.210600000000028,51.127819548872175
5706,89.07130000000001,8.931799999999996,45.86466165413533
5707,133.10009999999997,5.0886,51.127819548872175
5708,133.76040000000006,8.514499999999998,48.87218045112782
5709,50.0874,9.010799999999989,40.6015037593985
5710,137.35049999999995,7.525200000000012,52.63157894736842
5711,156.6386000000001,6.771299999999968,54.13533834586466
5712,115.68679999999998,7.366199999999992,45.11278195488722
5713,102.54229999999995,8.149600000000007,50.37593984962406
5714,169.30849999999998,5.369200000000006,57.89473684210527
5715,113.58059999999992,10.740300000000047,51.8796992481203
5716,119.1232,11.041000000000025,48.1203007518797
5717,69.93610000000001,16.30170000000001,44.3609022556391
5718,133.8714,7.210799999999992,53.383458646616546
5719,116.87950000000001,8.4632,51.127819548872175
5720,64.0581,10.429000000000002,40.6015037593985
5721,111.50909999999996,4.522399999999976,46.616541353383454
5722,89.99909999999994,8.120599999999968,53.383458646616546
5723,114.10339999999997,6.518500000000017,46.616541353383454
5724,158.7496,5.463699999999989,51.8796992481203
5725,95.3666,5.121000000000009,52.63157894736842
5726,90.79169999999999,7.945999999999998,42.857142857142854
5727,101.64209999999994,8.84790000000001,48.1203007518797
5728,123.58749999999998,8.490400000000022,51.8796992481203
5729,99.42349999999999,11.749700000000018,49.62406015037594
5730,101.79599999999994,6.814600000000013,51.8796992481203
5731,88.90339999999998,9.148799999999994,45.86466165413533
5732,141.94560000000004,8.400100000000009,53.383458646616546
5733,105.83069999999998,10.488700000000009,47.368421052631575
5734,120.27309999999994,7.493100000000027,51.8796992481203
5735,103.56410000000002,9.453099999999992,48.1203007518797
5736,95.03890000000001,7.4720999999999975,48.1203007518797
5737,71.69209999999995,9.829099999999997,48.1203007518797
5738,139.9244999999999,8.087199999999996,51.8796992481203
5739,136.4093,4.296999999999997,52.63157894736842
5740,133.13439999999997,8.516300000000001,52.63157894736842
5741,96.8218,7.566200000000009,45.11278195488722
5742,116.13179999999997,14.044600000000003,48.1203007518797
5743,135.86749999999995,10.543000000000006,57.89473684210527
5744,111.8162999999999,9.375299999999982,51.127819548872175
5745,160.61150000000004,10.807299999999998,57.89473684210527
5746,132.0935999999999,6.029600000000016,51.127819548872175
5747,126.34000000000006,5.87939999999999,48.1203007518797
5748,82.37739999999994,6.340199999999982,44.3609022556391
5749,138.17400000000004,9.671300000000002,49.62406015037594
5750,93.3406,17.563199999999995,42.857142857142854
5751,122.00819999999999,9.157900000000012,52.63157894736842
5752,116.50249999999994,6.671899999999994,46.616541353383454
5753,175.30319999999995,5.902000000000015,53.383458646616546
5754,171.6461,8.712099999999964,58.64661654135338
5755,169.40290000000016,13.695299999999946,50.37593984962406
5756,103.0427,11.018200000000007,43.609022556390975
5757,81.84929999999997,10.592799999999997,48.1203007518797
5758,121.72399999999999,9.339399999999983,51.127819548872175
5759,120.45459999999991,8.501899999999992,50.37593984962406
5760,124.75459999999993,5.857300000000009,54.13533834586466
5761,105.5505,5.77709999999999,51.127819548872175
5762,175.27390000000003,5.2363,58.64661654135338
5763,117.04979999999995,4.9894999999999925,51.8796992481203
5764,85.66699999999997,9.918799999999976,43.609022556390975
5765,138.31740000000002,9.732799999999997,53.383458646616546
5766,117.68709999999999,8.039199999999994,51.8796992481203
5767,135.25079999999994,6.4521000000000015,51.127819548872175
5768,169.44099999999997,6.344599999999986,51.127819548872175
5769,109.46859999999998,4.564799999999991,46.616541353383454
5770,92.87799999999999,14.138500000000008,48.87218045112782
5771,123.27280000000002,7.616100000000017,53.383458646616546
5772,80.58890000000002,8.173000000000002,45.86466165413533
5773,109.12129999999996,6.801000000000002,48.1203007518797
5774,60.4957,14.88379999999998,42.10526315789473
5775,112.8372,6.492300000000029,51.8796992481203
5776,106.45859999999999,5.337800000000016,47.368421052631575
5777,100.85879999999997,6.0839,51.127819548872175
5778,102.27100000000002,9.136899999999997,42.857142857142854
5779,127.99339999999995,7.995900000000006,50.37593984962406
5780,117.02249999999998,7.0804999999999865,45.86466165413533
5781,83.12789999999998,7.521500000000003,44.3609022556391
5782,140.4571,6.171500000000009,54.13533834586466
5783,116.51569999999998,5.5911000000000115,47.368421052631575
5784,131.16689999999997,10.56819999999999,50.37593984962406
5785,117.18110000000001,6.789999999999992,51.8796992481203
5786,139.43420000000003,7.2789000000000215,51.127819548872175
5787,120.36919999999992,8.160900000000026,48.87218045112782
5788,136.99159999999992,6.296500000000009,48.87218045112782
5789,106.42069999999998,7.577600000000004,51.127819548872175
5790,141.84479999999996,5.41700000000003,48.1203007518797
5791,100.45369999999997,6.133800000000008,49.62406015037594
5792,102.59209999999999,10.856000000000023,42.857142857142854
5793,148.35879999999995,5.1533000000000015,54.88721804511278
5794,111.69979999999998,6.730199999999996,48.87218045112782
5795,97.90350000000001,6.810299999999998,46.616541353383454
5796,100.33809999999997,7.818899999999999,51.127819548872175
5797,124.15069999999997,8.062299999999993,52.63157894736842
5798,124.43109999999996,5.705600000000004,49.62406015037594
5799,115.41300000000001,7.502600000000001,51.127819548872175
5800,88.08949999999996,5.734800000000007,43.609022556390975
5801,111.17399999999995,9.664299999999969,47.368421052631575
5802,95.26659999999993,7.651200000000017,39.849624060150376
5803,158.6178999999999,11.821499999999986,53.383458646616546
5804,107.45469999999995,8.612799999999993,47.368421052631575
5805,110.88909999999998,13.768199999999979,49.62406015037594
5806,132.82579999999993,5.301799999999986,47.368421052631575
5807,172.24380000000002,5.913900000000012,61.65413533834586
5808,133.98509999999996,7.9547000000000025,54.88721804511278
5809,120.14030000000005,8.788399999999967,54.13533834586466
5810,104.82650000000001,5.356899999999996,45.86466165413533
5811,157.7924,8.153999999999996,52.63157894736842
5812,111.25629999999998,8.4409,50.37593984962406
5813,158.62379999999996,7.967900000000014,54.13533834586466
5814,125.3209,9.442799999999991,54.13533834586466
5815,141.7706,4.274000000000001,57.14285714285714
5816,131.2769,7.510000000000005,46.616541353383454
5817,112.87059999999994,8.282200000000017,45.86466165413533
5818,148.44530000000003,6.163800000000009,54.88721804511278
5819,106.75139999999993,9.120599999999996,45.11278195488722
5820,94.74740000000003,7.544399999999996,48.1203007518797
5821,138.1048,6.567099999999982,48.87218045112782
5822,103.03929999999997,4.427899999999994,48.1203007518797
5823,109.70619999999997,10.174800000000005,46.616541353383454
5824,120.8107,9.502499999999998,56.390977443609025
5825,114.63799999999998,7.761499999999984,42.857142857142854
5826,136.91199999999995,13.0334,55.639097744360896
5827,120.10809999999998,8.51769999999999,50.37593984962406
5828,137.88199999999998,6.211500000000001,53.383458646616546
5829,28.45519999999999,6.7654,39.849624060150376
5830,130.88959999999994,7.268300000000011,52.63157894736842
5831,126.8474,7.1464,50.37593984962406
5832,102.92949999999996,11.135500000000036,50.37593984962406
5833,131.06879999999998,5.5038000000000125,54.13533834586466
5834,118.44429999999994,6.384399999999999,51.127819548872175
5835,128.9184,9.380400000000037,52.63157894736842
5836,113.63039999999998,8.366299999999995,52.63157894736842
5837,118.29079999999999,13.158100000000047,51.127819548872175
5838,124.27179999999993,7.282999999999987,51.127819548872175
5839,145.67999999999992,13.778999999999996,56.390977443609025
5840,80.45029999999997,6.647200000000012,45.86466165413533
5841,100.00739999999996,7.965300000000013,51.127819548872175
5842,114.7704,8.750799999999998,50.37593984962406
5843,120.30699999999996,11.850200000000001,48.87218045112782
5844,161.31059999999997,7.335900000000038,56.390977443609025
5845,144.8987,5.311199999999985,54.13533834586466
5846,110.95080000000002,9.251400000000004,48.1203007518797
5847,149.28880000000004,6.858199999999982,53.383458646616546
5848,126.01969999999997,8.549200000000013,54.13533834586466
5849,150.13729999999998,4.6936000000000035,54.88721804511278
5850,72.356,9.095099999999974,43.609022556390975
5851,124.11509999999998,7.525199999999984,48.1203007518797
5852,109.16739999999999,5.607400000000013,45.11278195488722
5853,165.84630000000004,5.40079999999999,60.902255639097746
5854,118.88840000000005,5.791899999999998,50.37593984962406
5855,91.97690000000003,6.7783000000000015,45.11278195488722
5856,105.63529999999997,5.332400000000007,48.87218045112782
5857,121.78190000000001,7.822699999999969,51.8796992481203
5858,131.18939999999998,9.057500000000005,48.87218045112782
5859,147.3151,6.4432000000000045,57.14285714285714
5860,99.75530000000003,8.403999999999996,41.35338345864661
5861,84.90070000000003,12.633899999999983,45.86466165413533
5862,123.02379999999994,8.698599999999999,47.368421052631575
5863,95.23660000000001,10.600400000000008,43.609022556390975
5864,113.13269999999991,5.883299999999991,50.37593984962406
5865,144.1561,5.176299999999969,54.13533834586466
5866,123.62200000000001,7.8659000000000106,49.62406015037594
5867,127.68489999999997,12.814200000000028,49.62406015037594
5868,113.62130000000002,9.60929999999999,49.62406015037594
5869,117.39689999999996,9.207099999999997,45.86466165413533
5870,130.59459999999999,8.12700000000001,54.13533834586466
5871,97.2295,7.876499999999993,48.1203007518797
5872,104.84629999999993,7.1173,51.127819548872175
5873,73.43879999999996,7.319400000000002,45.11278195488722
5874,122.69930000000002,9.334699999999998,51.127819548872175
5875,170.39309999999995,4.606299999999976,58.64661654135338
5876,129.69610000000003,9.177700000000016,53.383458646616546
5877,148.70260000000005,6.088799999999964,54.88721804511278
5878,143.14670000000007,9.327500000000015,54.88721804511278
5879,117.06189999999992,7.099900000000019,51.8796992481203
5880,170.18809999999996,8.920199999999994,53.383458646616546
5881,121.70649999999995,11.915100000000024,51.8796992481203
5882,127.31429999999995,6.9950000000000045,50.37593984962406
5883,79.64029999999994,5.78600000000003,44.3609022556391
5884,150.8564,9.704000000000008,54.13533834586466
5885,112.16829999999999,6.182000000000016,46.616541353383454
5886,110.38159999999993,15.121200000000002,48.1203007518797
5887,115.4010999999999,10.204700000000003,51.127819548872175
5888,117.10019999999992,6.778100000000023,54.13533834586466
5889,167.4438,3.600999999999999,55.639097744360896
5890,157.9022999999999,7.514100000000013,57.14285714285714
5891,155.01899999999995,7.446300000000008,56.390977443609025
5892,141.83429999999996,4.935300000000012,56.390977443609025
5893,128.85350000000005,9.7243,52.63157894736842
5894,133.47459999999992,6.046099999999967,53.383458646616546
5895,179.91300000000012,6.9646999999999935,56.390977443609025
5896,80.15289999999999,8.48090000000002,47.368421052631575
5897,162.80180000000001,7.849599999999981,51.8796992481203
5898,159.50779999999997,6.597999999999956,51.8796992481203
5899,150.58419999999998,4.173000000000002,48.87218045112782
5900,142.0693,5.383600000000001,55.639097744360896
5901,123.80679999999995,8.345699999999994,45.11278195488722
5902,127.21800000000005,7.935099999999977,53.383458646616546
5903,127.76659999999998,6.023400000000009,50.37593984962406
5904,133.8486999999999,3.723300000000009,48.87218045112782
5905,101.66559999999998,9.906400000000005,48.87218045112782
5906,100.29250000000002,9.461099999999988,45.86466165413533
5907,158.19309999999996,8.204100000000011,56.390977443609025
5908,128.71670000000003,10.627399999999994,52.63157894736842
5909,116.76509999999996,6.4972000000000065,49.62406015037594
5910,135.49899999999997,11.26679999999999,54.13533834586466
5911,148.21879999999996,12.791899999999941,54.88721804511278
5912,94.48259999999996,12.909299999999973,46.616541353383454
5913,121.00270000000006,5.652900000000017,46.616541353383454
5914,79.67360000000002,10.1096,43.609022556390975
5915,98.64099999999996,5.184000000000026,47.368421052631575
5916,48.07340000000002,13.534199999999998,40.6015037593985
5917,113.68669999999997,7.172300000000007,47.368421052631575
5918,174.77690000000018,11.669499999999942,54.88721804511278
5919,152.74669999999992,7.958300000000008,52.63157894736842
5920,55.593199999999996,10.497899999999987,40.6015037593985
5921,147.66459999999998,7.5160999999999945,54.13533834586466
5922,133.9908,14.131299999999982,54.13533834586466
5923,104.09519999999998,6.703699999999998,47.368421052631575
5924,89.7612,9.432999999999993,48.87218045112782
5925,125.28669999999997,9.113299999999995,54.88721804511278
5926,120.73129999999998,4.23520000000002,51.127819548872175
5927,111.39399999999995,5.658900000000017,50.37593984962406
5928,141.80660000000003,5.327800000000025,54.13533834586466
5929,130.67170000000004,9.8716,51.8796992481203
5930,147.21419999999995,5.119599999999991,52.63157894736842
5931,120.54229999999993,6.6019000000000005,51.8796992481203
5932,159.6196,6.281599999999969,54.88721804511278
5933,80.61329999999995,21.756300000000067,43.609022556390975
5934,117.06159999999997,13.389599999999973,49.62406015037594
5935,140.0235,4.30210000000001,52.63157894736842
5936,135.93599999999998,4.975399999999979,60.150375939849624
5937,107.73539999999997,8.251900000000006,53.383458646616546
5938,123.35529999999997,7.3866999999999905,51.127819548872175
5939,116.79810000000003,8.935100000000006,52.63157894736842
5940,147.93880000000001,4.4803,51.127819548872175
5941,100.3666,7.089199999999977,46.616541353383454
5942,115.95669999999998,6.649000000000001,51.127819548872175
5943,131.89199999999997,5.336699999999979,53.383458646616546
5944,153.95469999999997,5.1617999999999995,60.902255639097746
5945,102.45909999999998,4.734600000000029,49.62406015037594
5946,112.11689999999999,7.108000000000004,48.87218045112782
5947,65.18480000000002,9.94489999999999,41.35338345864661
5948,134.02469999999997,5.757700000000028,54.88721804511278
5949,141.5131,11.811600000000055,54.13533834586466
5950,82.78389999999996,8.278099999999995,50.37593984962406
5951,158.73809999999992,6.7136,53.383458646616546
5952,113.4322,6.561800000000005,51.127819548872175
5953,133.30559999999994,7.1451999999999884,46.616541353383454
5954,118.20039999999997,6.735199999999992,57.14285714285714
5955,122.7824,6.523799999999994,49.62406015037594
5956,174.61439999999993,4.019499999999994,58.64661654135338
5957,151.97860000000003,4.310100000000006,58.64661654135338
5958,78.24009999999998,8.04509999999999,41.35338345864661
5959,98.97800000000001,7.795700000000011,43.609022556390975
5960,81.05680000000001,8.8519,46.616541353383454
5961,132.22920000000005,4.501900000000006,48.1203007518797
5962,138.61270000000002,4.6518999999999835,54.13533834586466
5963,152.48419999999996,6.979199999999992,57.14285714285714
5964,97.1582,8.542100000000005,45.86466165413533
5965,126.23170000000005,4.908199999999994,51.127819548872175
5966,86.1232,14.793000000000006,48.1203007518797
5967,146.6368,5.344699999999989,55.639097744360896
5968,122.97989999999999,8.327800000000025,47.368421052631575
5969,94.96829999999994,6.512699999999995,48.87218045112782
5970,195.03730000000002,3.946300000000008,65.41353383458647
5971,95.40010000000001,7.110899999999987,48.1203007518797
5972,112.56369999999998,6.497199999999992,51.8796992481203
5973,112.41349999999997,11.954200000000014,46.616541353383454
5974,120.9768,9.345600000000019,47.368421052631575
5975,111.63279999999992,8.995300000000015,48.87218045112782
5976,121.10999999999996,5.9126999999999725,51.8796992481203
5977,113.68030000000002,3.78540000000001,54.88721804511278
5978,153.20149999999998,5.803200000000004,54.88721804511278
5979,137.4581,4.94459999999998,51.127819548872175
5980,100.66440000000003,6.154200000000003,50.37593984962406
5981,118.93990000000002,8.159600000000012,51.8796992481203
5982,119.43269999999995,6.962300000000013,51.127819548872175
5983,161.25209999999998,8.364100000000008,54.88721804511278
5984,144.79239999999993,9.978700000000003,52.63157894736842
5985,171.1081000000001,5.835300000000018,57.89473684210527
5986,106.97040000000004,5.625499999999988,46.616541353383454
5987,116.56169999999995,8.205400000000026,51.127819548872175
5988,137.8305,6.126900000000006,57.14285714285714
5989,127.78670000000005,5.255100000000027,50.37593984962406
5990,131.7663,8.52849999999998,55.639097744360896
5991,119.35199999999998,7.113400000000013,48.87218045112782
5992,140.1046999999999,12.77300000000001,54.13533834586466
5993,92.24859999999998,7.733499999999978,45.11278195488722
5994,118.69999999999999,7.987899999999996,52.63157894736842
5995,117.13089999999994,7.085900000000038,49.62406015037594
5996,119.09069999999997,6.494900000000001,50.37593984962406
5997,120.6857,6.275800000000004,48.1203007518797
5998,138.56300000000005,7.012599999999992,54.13533834586466
5999,97.1841,11.859400000000008,42.857142857142854
6000,151.8494,4.417400000000015,54.88721804511278
6001,123.08029999999991,7.398700000000019,48.1203007518797
6002,118.14559999999994,7.0297999999999945,48.87218045112782
6003,119.04420000000002,8.30789999999999,57.14285714285714
6004,107.60680000000002,7.90500000000003,49.62406015037594
6005,104.01330000000007,3.8631000000000313,48.87218045112782
6006,88.9656,9.928799999999995,45.86466165413533
6007,129.2515,5.737899999999996,47.368421052631575
6008,106.13620000000003,10.538600000000002,51.127819548872175
6009,138.80280000000002,3.7058000000000106,54.13533834586466
6010,110.62140000000002,9.069099999999992,48.87218045112782
6011,104.33369999999994,10.737099999999998,48.1203007518797
6012,131.7958999999999,5.2202000000000055,55.639097744360896
6013,113.49469999999997,7.592399999999998,51.127819548872175
6014,156.92499999999995,4.6884000000000015,55.639097744360896
6015,147.28970000000007,10.663699999999977,50.37593984962406
6016,112.35619999999992,5.932199999999995,54.13533834586466
6017,109.41149999999999,7.768300000000011,51.127819548872175
6018,81.38309999999998,9.136299999999977,44.3609022556391
6019,142.79939999999993,7.534600000000012,53.383458646616546
6020,97.6394,7.554400000000001,51.127819548872175
6021,184.0413000000001,5.761200000000002,62.40601503759399
6022,98.81660000000002,6.7335000000000065,48.1203007518797
6023,157.69940000000003,4.3995000000000175,56.390977443609025
6024,118.36710000000002,9.557799999999986,51.127819548872175
6025,64.6071,7.850899999999996,37.59398496240601
6026,109.63900000000001,6.656099999999981,50.37593984962406
6027,112.05989999999994,6.323200000000014,49.62406015037594
6028,97.37209999999999,6.1089999999999804,48.1203007518797
6029,140.70400000000004,6.545400000000001,49.62406015037594
6030,112.91199999999992,5.873199999999997,48.1203007518797
6031,137.67770000000007,4.479900000000015,54.13533834586466
6032,106.63489999999996,10.467399999999998,46.616541353383454
6033,111.71169999999995,7.8332000000000335,48.87218045112782
6034,173.0227,3.436399999999992,59.3984962406015
6035,120.5711,10.278999999999996,48.1203007518797
6036,142.75870000000003,5.725899999999996,57.89473684210527
6037,116.84999999999991,13.850300000000033,47.368421052631575
6038,138.7981,4.832799999999992,57.14285714285714
6039,120.63479999999993,10.382000000000033,52.63157894736842
6040,90.57330000000002,5.596400000000003,49.62406015037594
6041,99.32060000000001,8.751000000000019,46.616541353383454
6042,114.85080000000002,6.703699999999998,49.62406015037594
6043,119.35199999999992,7.747500000000002,47.368421052631575
6044,139.01789999999997,8.056300000000022,54.13533834586466
6045,118.80019999999996,6.634299999999996,49.62406015037594
6046,114.08849999999998,6.603600000000029,48.1203007518797
6047,89.03970000000004,9.012199999999979,44.3609022556391
6048,86.29499999999996,8.721499999999992,47.368421052631575
6049,116.51510000000002,7.2179,53.383458646616546
6050,163.79520000000002,4.909600000000012,61.65413533834586
6051,106.63549999999998,8.803799999999995,49.62406015037594
6052,164.54440000000005,6.063600000000008,52.63157894736842
6053,124.35239999999996,6.547300000000007,54.13533834586466
6054,94.19399999999999,7.2821,45.86466165413533
6055,118.10029999999995,6.448399999999992,50.37593984962406
6056,99.84540000000001,11.470100000000002,46.616541353383454
6057,75.66859999999997,9.292500000000004,45.11278195488722
6058,134.79220000000007,6.290599999999998,49.62406015037594
6059,133.1028,5.277600000000035,57.14285714285714
6060,127.95149999999998,8.098399999999998,54.88721804511278
6061,158.81540000000007,5.961800000000039,53.383458646616546
6062,77.96089999999998,8.48230000000001,43.609022556390975
6063,144.09559999999993,7.872700000000009,57.14285714285714
6064,138.1786,3.5001000000000033,54.88721804511278
6065,106.69309999999996,10.561700000000002,49.62406015037594
6066,113.79490000000004,7.925899999999984,51.127819548872175
6067,90.34649999999993,6.1884000000000015,43.609022556390975
6068,114.4924,7.96429999999998,45.11278195488722
6069,122.3175,13.718400000000031,48.1203007518797
6070,69.52930000000003,12.975200000000001,42.10526315789473
6071,107.35059999999996,5.975099999999998,47.368421052631575
6072,87.1252,8.345199999999991,48.1203007518797
6073,116.35489999999999,3.7509000000000015,46.616541353383454
6074,123.17759999999998,4.2111999999999625,51.127819548872175
6075,127.30060000000003,8.076399999999992,56.390977443609025
6076,112.56829999999997,7.736599999999996,50.37593984962406
6077,137.84650000000002,7.797000000000011,54.88721804511278
6078,117.26530000000002,6.479900000000001,49.62406015037594
6079,148.60919999999993,4.423699999999997,54.88721804511278
6080,130.2931,10.036399999999986,55.639097744360896
6081,98.93039999999996,10.731499999999997,50.37593984962406
6082,171.58690000000007,5.691099999999949,54.13533834586466
6083,119.22379999999995,9.59790000000001,52.63157894736842
6084,74.05119999999994,16.420800000000042,46.616541353383454
6085,122.273,4.4506000000000085,49.62406015037594
6086,108.37289999999999,11.872100000000003,45.86466165413533
6087,172.57640000000004,5.332300000000004,62.40601503759399
6088,83.2714,7.700599999999994,41.35338345864661
6089,100.22239999999996,11.29140000000001,49.62406015037594
6090,73.02509999999998,9.92689999999999,42.10526315789473
6091,116.3621,9.154699999999991,48.87218045112782
6092,108.42880000000002,9.723299999999995,51.8796992481203
6093,108.68819999999994,8.404799999999994,46.616541353383454
6094,127.2073,6.584900000000005,48.87218045112782
6095,104.29769999999996,7.106200000000001,43.609022556390975
6096,83.15020000000004,6.879500000000007,47.368421052631575
6097,116.12119999999999,7.878699999999995,53.383458646616546
6098,169.13969999999995,7.290199999999999,57.89473684210527
6099,114.99269999999996,5.401100000000014,54.13533834586466
6100,147.15980000000002,9.07389999999998,54.13533834586466
6101,118.04019999999991,11.824299999999994,48.1203007518797
6102,138.52059999999997,9.214099999999974,54.13533834586466
6103,110.96660000000003,10.263800000000003,50.37593984962406
6104,154.56350000000006,13.670600000000036,54.88721804511278
6105,118.94070000000005,9.851800000000026,40.6015037593985
6106,72.743,11.756200000000007,45.86466165413533
6107,88.49259999999992,7.196400000000011,45.11278195488722
6108,138.71639999999994,11.702300000000022,51.8796992481203
6109,136.32030000000003,7.764399999999966,53.383458646616546
6110,133.337,7.240700000000004,54.88721804511278
6111,126.14159999999998,9.275900000000007,51.8796992481203
6112,135.63729999999993,7.591999999999999,49.62406015037594
6113,141.37230000000008,5.333600000000018,55.639097744360896
6114,104.16179999999997,5.820999999999998,46.616541353383454
6115,95.41189999999995,7.74430000000001,43.609022556390975
6116,132.52620000000002,5.519100000000009,51.127819548872175
6117,128.35410000000002,9.026299999999992,49.62406015037594
6118,125.76989999999995,6.246700000000004,52.63157894736842
6119,116.06079999999997,6.433899999999994,50.37593984962406
6120,102.22319999999996,12.28710000000001,48.87218045112782
6121,164.65640000000002,4.966599999999971,60.902255639097746
6122,145.83229999999998,4.4628999999999905,57.89473684210527
6123,130.78500000000003,4.976799999999997,50.37593984962406
6124,150.72070000000005,15.680599999999998,56.390977443609025
6125,153.85730000000004,4.9055000000000035,52.63157894736842
6126,123.43510000000003,5.8311999999999955,53.383458646616546
6127,110.35769999999997,13.539000000000016,52.63157894736842
6128,132.6079,7.360299999999995,54.13533834586466
6129,179.2194,6.856699999999989,60.902255639097746
6130,127.77700000000002,7.1980000000000075,49.62406015037594
6131,137.37319999999997,5.04310000000001,51.127819548872175
6132,124.11650000000003,7.903399999999991,49.62406015037594
6133,86.2502,8.117199999999997,45.11278195488722
6134,94.36139999999997,5.403899999999993,48.1203007518797
6135,118.41919999999993,8.099400000000003,51.8796992481203
6136,196.73360000000002,3.0197000000000003,60.902255639097746
6137,99.10789999999997,6.977100000000007,42.10526315789473
6138,102.5206,6.661600000000021,46.616541353383454
6139,118.94099999999997,7.193700000000007,48.1203007518797
6140,131.08269999999996,5.2202000000000055,52.63157894736842
6141,158.41770000000008,8.86020000000002,60.150375939849624
6142,121.1865,10.677000000000007,49.62406015037594
6143,158.0664999999999,8.9957,52.63157894736842
6144,164.03280000000007,3.983000000000004,56.390977443609025
6145,146.12360000000004,4.651599999999988,51.127819548872175
6146,122.16609999999997,6.683099999999996,54.13533834586466
6147,132.75369999999995,5.491100000000017,51.8796992481203
6148,153.57930000000002,4.000400000000013,54.13533834586466
6149,107.4296,14.41210000000001,49.62406015037594
6150,127.40639999999996,8.335100000000011,54.88721804511278
6151,127.90380000000005,4.108399999999989,54.13533834586466
6152,70.45189999999997,9.699200000000005,37.59398496240601
6153,109.21210000000002,8.748100000000022,53.383458646616546
6154,138.85649999999998,6.9698999999999955,48.87218045112782
6155,112.46130000000002,7.658500000000004,48.87218045112782
6156,127.91649999999998,5.3700000000000045,49.62406015037594
6157,137.55809999999997,3.9850999999999885,52.63157894736842
6158,135.75229999999996,5.664699999999996,51.8796992481203
6159,146.55429999999996,13.989000000000033,57.89473684210527
6160,137.04089999999997,4.36930000000001,51.8796992481203
6161,142.9887,7.818499999999972,51.8796992481203
6162,96.83630000000002,5.976599999999991,45.86466165413533
6163,105.2875,10.432100000000005,48.87218045112782
6164,102.29219999999998,7.019800000000004,49.62406015037594
6165,103.03250000000003,7.065899999999999,49.62406015037594
6166,146.4085,5.692399999999992,49.62406015037594
6167,104.738,5.659300000000002,44.3609022556391
6168,94.9574,10.020200000000003,45.86466165413533
6169,54.710800000000006,8.014899999999997,36.84210526315789
6170,97.39089999999993,9.430999999999983,46.616541353383454
6171,104.40879999999987,5.679400000000015,45.11278195488722
6172,142.09559999999996,9.346400000000017,51.8796992481203
6173,98.37889999999999,8.925899999999984,45.86466165413533
6174,137.76850000000002,5.5261,51.8796992481203
6175,153.22809999999998,4.397199999999998,57.89473684210527
6176,86.8948,5.745099999999994,46.616541353383454
6177,101.10289999999998,5.972099999999983,47.368421052631575
6178,122.6859,5.482200000000006,47.368421052631575
6179,144.2003,6.003900000000016,52.63157894736842
6180,129.4006,7.931200000000047,53.383458646616546
6181,148.712,7.9550000000000125,54.88721804511278
6182,79.82940000000002,8.79480000000001,44.3609022556391
6183,92.02539999999999,7.374300000000005,48.1203007518797
6184,111.52919999999997,9.901399999999967,49.62406015037594
6185,52.4572,12.994699999999995,39.849624060150376
6186,119.20189999999997,7.587999999999965,47.368421052631575
6187,124.1396,5.958100000000002,56.390977443609025
6188,83.79840000000002,7.029599999999988,44.3609022556391
6189,114.55230000000003,7.867699999999985,48.87218045112782
6190,104.75479999999999,6.8459,51.8796992481203
6191,147.28230000000005,10.175700000000006,59.3984962406015
6192,164.73739999999998,4.307900000000018,54.88721804511278
6193,105.56319999999994,8.76290000000003,50.37593984962406
6194,129.7005,5.1600999999999715,55.639097744360896
6195,123.40549999999996,5.639300000000006,51.127819548872175
6196,106.13860000000005,9.138999999999996,48.87218045112782
6197,141.47609999999995,4.6170999999999935,53.383458646616546
6198,90.47709999999992,8.78179999999999,47.368421052631575
6199,133.9615999999999,11.259600000000034,54.13533834586466
6200,112.8304,8.494199999999978,48.87218045112782
6201,127.61399999999998,6.766000000000005,49.62406015037594
6202,135.4841,8.42659999999998,47.368421052631575
6203,123.33090000000001,9.343000000000018,50.37593984962406
6204,149.36510000000004,4.785599999999988,56.390977443609025
6205,132.9339,11.550799999999981,51.8796992481203
6206,136.37169999999992,5.106999999999971,52.63157894736842
6207,152.03709999999998,4.717300000000023,56.390977443609025
6208,140.2194,8.008899999999997,55.639097744360896
6209,178.09400000000005,5.366099999999989,60.902255639097746
6210,158.8469,4.7736999999999625,55.639097744360896
6211,111.76299999999998,14.238800000000026,49.62406015037594
6212,103.70060000000001,8.521999999999991,49.62406015037594
6213,83.47819999999999,9.32650000000001,45.86466165413533
6214,137.39099999999996,6.6173,51.8796992481203
6215,106.54399999999993,9.290800000000075,45.11278195488722
6216,102.48669999999998,13.518699999999995,50.37593984962406
6217,95.83299999999997,7.370200000000011,42.10526315789473
6218,135.48689999999993,9.365999999999985,49.62406015037594
6219,171.5059000000001,5.302100000000024,55.639097744360896
6220,102.4803,6.381699999999967,51.127819548872175
6221,144.70829999999998,7.513599999999997,54.88721804511278
6222,152.46210000000005,6.745900000000006,57.89473684210527
6223,115.54329999999996,12.347899999999981,49.62406015037594
6224,139.2807,7.3659000000000106,54.13533834586466
6225,162.44530000000015,8.992399999999918,53.383458646616546
6226,77.9556,12.76120000000003,44.3609022556391
6227,109.16500000000002,7.170500000000004,51.127819548872175
6228,112.46660000000003,7.401900000000012,45.86466165413533
6229,123.92240000000001,5.200800000000015,47.368421052631575
6230,111.87589999999994,6.750400000000013,48.1203007518797
6231,123.36929999999995,5.428200000000004,50.37593984962406
6232,101.88990000000001,9.678000000000026,49.62406015037594
6233,124.35740000000004,11.341100000000012,51.8796992481203
6234,102.20979999999994,5.802000000000021,48.87218045112782
6235,153.4427,5.35990000000001,50.37593984962406
6236,133.56779999999998,7.218999999999994,55.639097744360896
6237,132.8037,5.80019999999999,50.37593984962406
6238,128.41679999999997,4.195600000000013,57.14285714285714
6239,124.04699999999997,14.089200000000005,50.37593984962406
6240,111.24949999999995,7.4354999999999905,49.62406015037594
6241,82.14500000000004,9.842599999999976,48.87218045112782
6242,161.23000000000002,7.181200000000018,57.14285714285714
6243,111.27940000000001,6.064899999999994,50.37593984962406
6244,113.15390000000002,7.904500000000013,48.1203007518797
6245,114.2227,11.338600000000014,46.616541353383454
6246,59.40560000000005,11.563500000000005,36.84210526315789
6247,181.5327000000001,4.955900000000014,61.65413533834586
6248,131.86210000000003,6.357099999999974,54.88721804511278
6249,87.0598,8.927100000000024,48.87218045112782
6250,87.53710000000001,6.199900000000014,47.368421052631575
6251,94.21169999999995,7.031400000000005,45.11278195488722
6252,107.30250000000001,5.7324999999999875,45.86466165413533
6253,102.38010000000003,5.4452,48.1203007518797
6254,135.46389999999994,7.376400000000018,51.8796992481203
6255,99.6619,10.657399999999996,50.37593984962406
6256,116.56290000000001,5.408600000000007,44.3609022556391
6257,105.96069999999992,8.385999999999996,51.127819548872175
6258,129.163,6.81389999999999,49.62406015037594
6259,150.77740000000006,5.900200000000012,55.639097744360896
6260,137.38509999999994,10.741500000000002,54.13533834586466
6261,121.26099999999991,7.472300000000004,45.86466165413533
6262,143.882,10.227800000000002,57.14285714285714
6263,153.38360000000006,3.664999999999992,52.63157894736842
6264,110.00070000000002,7.810600000000008,48.87218045112782
6265,134.3108999999999,8.128299999999996,54.13533834586466
6266,105.90389999999996,6.147000000000006,45.86466165413533
6267,123.60589999999996,10.141399999999976,49.62406015037594
6268,96.89769999999999,10.843999999999994,48.1203007518797
6269,95.03090000000006,6.131099999999975,46.616541353383454
6270,99.5462,11.218999999999994,45.86466165413533
6271,84.58440000000002,11.916700000000006,48.87218045112782
6272,122.02190000000002,7.908500000000004,51.127819548872175
6273,129.8163,5.566100000000006,54.13533834586466
6274,108.79579999999999,5.1329000000000065,51.127819548872175
6275,112.38139999999996,5.451300000000003,48.1203007518797
6276,156.18560000000002,3.8833000000000197,55.639097744360896
6277,127.0471,5.520600000000002,53.383458646616546
6278,97.39939999999996,7.87360000000001,48.87218045112782
6279,114.8118,8.310100000000034,54.88721804511278
6280,149.6117,5.2169999999999845,54.88721804511278
6281,97.21049999999997,6.220699999999994,45.11278195488722
6282,162.40569999999997,6.307400000000001,56.390977443609025
6283,134.68349999999998,6.2006999999999834,54.88721804511278
6284,120.43819999999994,11.113399999999984,49.62406015037594
6285,121.05000000000001,5.636300000000006,52.63157894736842
6286,56.26909999999998,20.287400000000005,48.87218045112782
6287,139.47029999999995,5.894800000000004,55.639097744360896
6288,137.07070000000004,6.532099999999986,53.383458646616546
6289,79.1121,12.105400000000003,45.11278195488722
6290,132.99889999999994,6.801500000000004,51.127819548872175
6291,109.78919999999997,5.348700000000008,45.11278195488722
6292,118.24949999999998,8.105000000000004,54.13533834586466
6293,87.0496,6.107299999999995,48.1203007518797
6294,136.4385,5.031199999999984,53.383458646616546
6295,158.2093000000001,5.9211999999999705,52.63157894736842
6296,153.4406,5.106099999999998,53.383458646616546
6297,110.23639999999997,11.5381,51.127819548872175
6298,107.55419999999998,5.381599999999992,49.62406015037594
6299,144.68749999999997,6.80449999999999,56.390977443609025
6300,104.8971,9.197600000000023,45.11278195488722
6301,81.27109999999999,8.638100000000009,45.86466165413533
6302,90.75979999999998,12.258099999999985,46.616541353383454
6303,143.9307,5.837500000000034,49.62406015037594
6304,102.82239999999996,15.861199999999997,46.616541353383454
6305,147.28339999999994,5.5428,50.37593984962406
6306,131.79309999999998,10.86529999999999,54.13533834586466
6307,98.49529999999993,7.8300000000000125,48.87218045112782
6308,105.44120000000004,5.908299999999997,46.616541353383454
6309,123.4480999999999,4.638300000000015,52.63157894736842
6310,141.87250000000012,7.602199999999954,51.127819548872175
6311,111.09230000000005,9.184499999999986,53.383458646616546
6312,111.81620000000004,9.757100000000008,47.368421052631575
6313,92.94539999999995,14.044300000000021,46.616541353383454
6314,103.42149999999998,8.000799999999998,47.368421052631575
6315,126.67929999999996,7.653200000000027,48.1203007518797
6316,144.6457,8.228899999999982,52.63157894736842
6317,111.26219999999998,7.799900000000008,46.616541353383454
6318,127.91929999999996,8.016099999999994,54.13533834586466
6319,86.94219999999996,10.791399999999982,43.609022556390975
6320,52.23270000000002,17.64379999999997,42.10526315789473
6321,89.35929999999996,12.597199999999987,45.11278195488722
6322,191.92250000000007,6.261400000000009,61.65413533834586
6323,61.11760000000001,13.107399999999984,41.35338345864661
6324,104.87789999999998,6.733100000000036,50.37593984962406
6325,96.12599999999998,4.844999999999999,48.87218045112782
6326,109.52699999999999,7.830600000000004,48.87218045112782
6327,74.79710000000003,19.490799999999993,42.10526315789473
6328,96.66300000000004,7.8615999999999815,48.87218045112782
6329,136.19749999999996,4.626999999999981,54.13533834586466
6330,144.8366,7.752600000000001,56.390977443609025
6331,128.27,8.737499999999983,50.37593984962406
6332,79.2964,11.222700000000003,46.616541353383454
6333,140.90799999999993,8.433099999999968,52.63157894736842
6334,155.91430000000005,4.5534000000000106,56.390977443609025
6335,119.6599,4.873899999999992,49.62406015037594
6336,65.45860000000005,7.645499999999998,38.34586466165413
6337,103.98630000000003,7.675899999999999,45.11278195488722
6338,151.8477,8.257400000000004,58.64661654135338
6339,122.47370000000001,8.072700000000026,51.127819548872175
6340,131.86769999999996,7.744000000000028,50.37593984962406
6341,102.2738,6.681100000000015,46.616541353383454
6342,94.34039999999999,8.746199999999988,51.8796992481203
6343,124.33289999999994,5.471299999999999,54.88721804511278
6344,88.9529,8.295199999999994,45.11278195488722
6345,131.85200000000003,6.288199999999989,51.127819548872175
6346,111.08439999999996,7.197499999999991,50.37593984962406
6347,74.19080000000002,10.137100000000004,39.849624060150376
6348,148.15359999999998,5.129199999999997,58.64661654135338
6349,57.48479999999998,6.884900000000016,43.609022556390975
6350,101.76370000000003,7.195499999999996,49.62406015037594
6351,102.31720000000001,8.499800000000008,46.616541353383454
6352,112.40769999999995,10.939999999999998,51.8796992481203
6353,150.29639999999998,6.08420000000001,57.14285714285714
6354,124.0673999999999,6.296699999999987,49.62406015037594
6355,103.13530000000003,9.899900000000002,51.8796992481203
6356,116.69169999999991,9.865200000000016,47.368421052631575
6357,128.21239999999997,5.771300000000011,46.616541353383454
6358,169.1866,4.692299999999989,57.89473684210527
6359,92.19810000000001,7.146600000000021,41.35338345864661
6360,153.26780000000008,8.77460000000002,55.639097744360896
6361,121.10480000000001,7.140500000000031,51.8796992481203
6362,99.07169999999999,10.145600000000002,54.13533834586466
6363,146.93200000000004,8.195599999999999,50.37593984962406
6364,112.8408,12.473799999999997,48.1203007518797
6365,128.01889999999997,9.287099999999981,47.368421052631575
6366,97.41390000000001,7.635499999999993,46.616541353383454
6367,120.39539999999997,10.965500000000006,52.63157894736842
6368,102.27640000000002,7.922200000000004,49.62406015037594
6369,128.23379999999995,6.417100000000005,51.127819548872175
6370,103.38669999999996,6.446499999999986,44.3609022556391
6371,54.87780000000001,11.438400000000001,48.1203007518797
6372,150.5627,5.030799999999999,51.127819548872175
6373,104.61350000000004,6.375399999999999,51.127819548872175
6374,81.7491,10.20790000000001,42.857142857142854
6375,145.72189999999998,6.138599999999997,57.89473684210527
6376,161.52879999999993,8.248499999999979,57.89473684210527
6377,101.27809999999994,12.964400000000012,48.1203007518797
6378,133.85449999999997,6.824300000000008,51.127819548872175
6379,117.61360000000002,8.11439999999999,47.368421052631575
6380,128.4299,9.112099999999998,51.127819548872175
6381,135.45739999999998,10.428699999999992,53.383458646616546
6382,103.29820000000001,12.677299999999974,53.383458646616546
6383,102.80979999999994,9.168000000000035,50.37593984962406
6384,149.95090000000002,3.95059999999998,53.383458646616546
6385,102.16219999999996,6.154000000000011,48.1203007518797
6386,136.45759999999999,6.49969999999999,51.8796992481203
6387,98.41619999999995,15.926199999999994,47.368421052631575
6388,121.46019999999999,9.5659,51.127819548872175
6389,120.36119999999994,9.927999999999997,51.8796992481203
6390,165.99310000000003,3.7229999999999848,56.390977443609025
6391,89.09430000000003,5.611799999999988,51.8796992481203
6392,101.23329999999999,5.281800000000004,46.616541353383454
6393,122.41819999999996,7.717399999999998,47.368421052631575
6394,111.84699999999998,5.692700000000002,46.616541353383454
6395,116.00699999999995,10.53430000000003,48.1203007518797
6396,111.89339999999999,5.8186000000000035,47.368421052631575
6397,149.17970000000003,5.850099999999998,56.390977443609025
6398,90.91790000000003,9.881100000000004,44.3609022556391
6399,64.43190000000004,10.768,39.849624060150376
6400,115.80859999999998,10.52509999999998,46.616541353383454
6401,110.07739999999998,7.24320000000003,51.8796992481203
6402,120.88760000000002,9.211999999999989,55.639097744360896
6403,108.45109999999994,9.32680000000002,46.616541353383454
6404,90.18719999999999,9.003699999999995,45.86466165413533
6405,79.01169999999999,21.316499999999976,49.62406015037594
6406,99.87619999999993,11.36310000000006,42.10526315789473
6407,126.32989999999998,8.663499999999999,48.1203007518797
6408,121.17619999999997,6.0057000000000045,50.37593984962406
6409,179.4158000000001,5.613200000000006,56.390977443609025
6410,126.95010000000005,10.567600000000027,52.63157894736842
6411,125.68970000000002,7.265899999999988,50.37593984962406
6412,111.45179999999993,12.660300000000007,49.62406015037594
6413,119.6275,7.62439999999998,45.86466165413533
6414,166.52810000000005,5.011899999999969,55.639097744360896
6415,159.82530000000003,4.559899999999999,54.13533834586466
6416,90.1019,8.043700000000001,42.857142857142854
6417,131.53040000000007,9.480500000000006,51.8796992481203
6418,148.62259999999998,5.4051000000000045,55.639097744360896
6419,98.96289999999993,7.008800000000008,46.616541353383454
6420,131.9863,19.5711,51.127819548872175
6421,75.5915,9.110300000000024,51.127819548872175
6422,93.5052,5.769599999999997,47.368421052631575
6423,142.5336,7.014400000000009,51.8796992481203
6424,104.02089999999998,9.200799999999987,48.87218045112782
6425,100.77119999999991,9.490300000000005,46.616541353383454
6426,123.89499999999995,6.9173999999999864,51.127819548872175
6427,108.72959999999998,7.996700000000004,45.11278195488722
6428,109.39430000000002,7.95920000000001,47.368421052631575
6429,106.32910000000004,6.763000000000005,49.62406015037594
6430,116.55519999999999,11.52800000000002,51.127819548872175
6431,147.26939999999996,7.921900000000022,57.14285714285714
6432,112.75209999999998,3.829199999999986,52.63157894736842
6433,118.77519999999998,10.096099999999993,48.87218045112782
6434,154.60649999999995,5.169000000000011,54.88721804511278
6435,108.72469999999996,8.824400000000026,56.390977443609025
6436,119.08949999999999,5.781599999999997,51.127819548872175
6437,103.99210000000002,7.561400000000006,48.87218045112782
6438,97.77690000000001,6.5648000000000195,46.616541353383454
6439,133.02799999999985,6.0622000000000185,57.14285714285714
6440,153.19009999999994,12.522199999999998,57.14285714285714
6441,138.05170000000004,3.723099999999988,51.8796992481203
6442,101.09670000000003,13.4195,49.62406015037594
6443,87.82089999999997,9.721699999999998,44.3609022556391
6444,116.15559999999999,5.335799999999992,51.8796992481203
6445,128.82509999999996,7.872599999999991,54.13533834586466
6446,71.20639999999992,9.256500000000017,43.609022556390975
6447,112.30459999999988,9.152199999999993,48.1203007518797
6448,87.39769999999993,18.944600000000037,44.3609022556391
6449,111.30530000000002,8.5411,52.63157894736842
6450,59.73259999999999,9.645299999999992,37.59398496240601
6451,93.27829999999994,8.68289999999999,47.368421052631575
6452,97.8399,10.325999999999993,50.37593984962406
6453,158.688,4.7664999999999935,51.8796992481203
6454,106.16060000000004,6.726799999999997,51.127819548872175
6455,106.89110000000002,4.841300000000018,51.8796992481203
6456,101.22410000000002,14.427999999999997,50.37593984962406
6457,103.16460000000001,5.604700000000008,52.63157894736842
6458,94.02710000000002,8.237500000000011,43.609022556390975
6459,141.90189999999998,7.319299999999998,54.13533834586466
6460,99.92579999999998,6.742900000000006,49.62406015037594
6461,77.39910000000003,4.506200000000035,46.616541353383454
6462,138.12459999999996,5.108100000000036,52.63157894736842
6463,101.06719999999999,9.073900000000009,45.86466165413533
6464,167.28390000000013,7.4179999999999495,52.63157894736842
6465,100.0815,5.3652000000000015,46.616541353383454
6466,73.35070000000002,10.5779,51.127819548872175
6467,124.15869999999995,10.355899999999991,50.37593984962406
6468,169.34900000000005,8.024400000000014,54.88721804511278
6469,111.37069999999994,10.825400000000002,51.127819548872175
6470,104.96179999999998,6.154399999999995,45.86466165413533
6471,147.8197,7.8887,54.13533834586466
6472,114.48269999999997,7.601099999999974,50.37593984962406
6473,189.1937999999999,7.00569999999999,58.64661654135338
6474,99.67119999999994,9.206500000000005,52.63157894736842
6475,82.8725,6.896300000000025,50.37593984962406
6476,144.67880000000005,6.300699999999978,56.390977443609025
6477,112.25679999999994,6.5227,48.87218045112782
6478,130.21189999999996,7.601699999999994,49.62406015037594
6479,139.0678,6.978999999999985,54.13533834586466
6480,117.15020000000001,6.526600000000002,47.368421052631575
6481,155.8356,4.525000000000006,53.383458646616546
6482,129.20730000000015,5.583499999999987,52.63157894736842
6483,73.02860000000004,7.356999999999999,45.11278195488722
6484,108.15249999999997,4.344300000000004,48.87218045112782
6485,93.93700000000001,10.087500000000006,48.1203007518797
6486,148.50099999999992,5.238900000000001,51.127819548872175
6487,84.02319999999997,6.444400000000002,44.3609022556391
6488,157.76700000000005,7.960900000000009,55.639097744360896
6489,117.54570000000001,8.566699999999997,48.87218045112782
6490,152.32330000000002,4.558099999999996,57.14285714285714
6491,130.94109999999998,5.633499999999998,51.8796992481203
6492,118.72120000000001,6.424800000000005,46.616541353383454
6493,98.0607,8.831699999999955,49.62406015037594
6494,84.72490000000002,8.5043,44.3609022556391
6495,106.2679,6.511200000000002,51.127819548872175
6496,105.92250000000004,6.166699999999992,47.368421052631575
6497,122.23769999999999,6.227800000000002,45.11278195488722
6498,96.29910000000001,11.070099999999996,45.86466165413533
6499,174.0027,6.318300000000022,58.64661654135338
6500,168.9644,5.2579000000000065,54.13533834586466
6501,115.89879999999988,7.216200000000043,51.127819548872175
6502,106.91929999999996,8.674099999999981,48.1203007518797
6503,110.57219999999992,7.606400000000008,49.62406015037594
6504,110.58739999999995,8.840300000000013,48.1203007518797
6505,107.81689999999998,6.5785999999999945,52.63157894736842
6506,96.65379999999999,6.472999999999985,46.616541353383454
6507,131.53949999999998,5.703399999999988,42.857142857142854
6508,104.3565999999999,8.14670000000001,53.383458646616546
6509,108.1508,7.025000000000006,45.86466165413533
6510,123.0033,6.348000000000013,54.13533834586466
6511,84.55879999999999,12.642200000000003,48.87218045112782
6512,104.19470000000001,10.23429999999999,48.87218045112782
6513,102.08699999999999,5.224099999999993,47.368421052631575
6514,108.24809999999997,6.805700000000002,45.11278195488722
6515,122.44940000000003,7.191600000000008,51.127819548872175
6516,171.1771,7.9158999999999935,59.3984962406015
6517,78.1071,7.190200000000004,46.616541353383454
6518,125.65549999999996,8.138799999999975,47.368421052631575
6519,113.18520000000001,6.5981000000000165,44.3609022556391
6520,127.46980000000002,5.564099999999996,52.63157894736842
6521,103.11829999999995,5.0645000000000095,46.616541353383454
6522,153.93259999999998,5.30619999999999,58.64661654135338
6523,96.93649999999997,9.703399999999988,45.86466165413533
6524,106.39279999999997,7.171300000000002,44.3609022556391
6525,113.64729999999997,6.631200000000007,52.63157894736842
6526,107.03189999999998,7.369700000000023,48.1203007518797
6527,125.84529999999995,7.0645000000000095,52.63157894736842
6528,113.49610000000001,5.947099999999978,50.37593984962406
6529,97.17769999999996,8.290199999999999,46.616541353383454
6530,123.55940000000001,13.870599999999968,47.368421052631575
6531,117.31719999999996,5.860500000000002,47.368421052631575
6532,143.04759999999996,6.025599999999997,56.390977443609025
6533,118.596,7.0327000000000055,50.37593984962406
6534,62.781999999999954,10.34220000000002,45.11278195488722
6535,100.76709999999997,12.757800000000003,42.857142857142854
6536,143.79929999999996,9.476800000000026,51.127819548872175
6537,107.03439999999995,6.086200000000005,47.368421052631575
6538,130.29749999999996,9.230199999999996,51.127819548872175
6539,82.93130000000002,9.685300000000012,44.3609022556391
6540,128.20889999999991,4.908600000000007,50.37593984962406
6541,111.60650000000004,6.881900000000002,50.37593984962406
6542,107.9725,6.224700000000013,48.1203007518797
6543,163.19010000000014,5.377900000000011,54.13533834586466
6544,143.26709999999997,6.643300000000011,58.64661654135338
6545,92.04429999999996,7.659299999999988,47.368421052631575
6546,152.3791,10.61699999999999,53.383458646616546
6547,130.5182,9.271399999999971,52.63157894736842
6548,95.24930000000006,10.243499999999983,49.62406015037594
6549,126.73999999999995,12.005300000000005,48.1203007518797
6550,75.1438,7.229799999999983,48.1203007518797
6551,89.69550000000004,14.124300000000034,42.10526315789473
6552,80.50389999999999,9.449099999999987,45.86466165413533
6553,131.77689999999996,8.686099999999982,50.37593984962406
6554,102.85659999999996,9.012500000000045,50.37593984962406
6555,86.54340000000002,13.436000000000007,45.11278195488722
6556,94.2724,7.802400000000034,44.3609022556391
6557,142.84729999999993,5.454599999999999,48.1203007518797
6558,62.27109999999999,21.550700000000006,38.34586466165413
6559,125.34410000000003,3.2172000000000196,57.89473684210527
6560,119.23069999999996,12.140199999999965,49.62406015037594
6561,155.70420000000004,9.907600000000002,56.390977443609025
6562,78.68270000000001,10.935400000000001,42.857142857142854
6563,116.04359999999997,9.377900000000011,49.62406015037594
6564,147.7683,5.441199999999981,57.89473684210527
6565,111.57559999999995,8.331500000000005,48.1203007518797
6566,136.24229999999994,4.618500000000012,53.383458646616546
6567,142.82170000000005,6.215399999999988,56.390977443609025
6568,84.32249999999993,10.054500000000004,45.86466165413533
6569,126.14279999999994,6.206600000000037,51.127819548872175
6570,126.87039999999993,6.778400000000005,50.37593984962406
6571,121.08739999999995,9.03049999999999,51.127819548872175
6572,129.58610000000002,7.545600000000007,54.13533834586466
6573,105.52169999999995,8.884200000000007,48.87218045112782
6574,114.21079999999998,6.613800000000012,50.37593984962406
6575,122.13130000000001,7.2047000000000025,51.8796992481203
6576,130.57920000000001,6.723099999999988,52.63157894736842
6577,97.85360000000003,8.086600000000004,54.13533834586466
6578,155.61609999999996,3.574700000000007,57.89473684210527
6579,86.9562,16.380799999999994,45.11278195488722
6580,152.39359999999996,9.670899999999989,57.14285714285714
6581,144.6648,6.326999999999998,53.383458646616546
6582,129.0291000000001,7.243499999999983,57.14285714285714
6583,132.0391,7.935299999999984,49.62406015037594
6584,159.53860000000003,5.67270000000002,56.390977443609025
6585,111.86370000000005,10.592099999999988,51.8796992481203
6586,79.75009999999997,8.983799999999988,43.609022556390975
6587,86.60909999999998,9.306299999999993,48.87218045112782
6588,112.02529999999999,9.186099999999996,49.62406015037594
6589,117.01300000000003,8.263100000000009,48.1203007518797
6590,154.5183,5.649699999999996,60.150375939849624
6591,142.3968,9.708600000000018,56.390977443609025
6592,133.6992,6.755599999999987,48.87218045112782
6593,129.96419999999995,7.835300000000018,51.127819548872175
6594,156.3322,6.5916,55.639097744360896
6595,77.07909999999998,17.315399999999983,44.3609022556391
6596,130.72299999999998,3.8292,59.3984962406015
6597,100.91929999999991,6.911700000000025,46.616541353383454
6598,112.84379999999999,8.386799999999994,50.37593984962406
6599,141.60930000000002,5.749300000000005,50.37593984962406
6600,143.75509999999997,8.669200000000004,51.127819548872175
6601,136.44150000000002,7.518799999999999,54.88721804511278
6602,119.91099999999994,7.765900000000002,49.62406015037594
6603,100.2414,6.744599999999991,45.86466165413533
6604,113.91479999999996,12.803699999999992,49.62406015037594
6605,150.2887,7.647100000000023,51.8796992481203
6606,156.56169999999997,6.941500000000019,57.14285714285714
6607,176.72089999999997,4.841200000000015,56.390977443609025
6608,117.57209999999998,10.767700000000005,50.37593984962406
6609,101.80449999999996,5.7342000000000155,42.857142857142854
6610,101.58439999999996,9.197300000000013,46.616541353383454
6611,65.10299999999995,8.79400000000004,39.849624060150376
6612,104.42389999999995,7.016799999999989,46.616541353383454
6613,109.7439,7.778899999999993,47.368421052631575
6614,122.9502,8.269000000000005,56.390977443609025
6615,130.7687,6.635900000000021,52.63157894736842
6616,139.1783,6.583200000000005,48.87218045112782
6617,109.64889999999997,7.319099999999992,50.37593984962406
6618,162.79840000000013,5.387499999999932,54.88721804511278
6619,156.45100000000002,7.889099999999985,57.89473684210527
6620,130.93489999999997,5.080100000000016,51.127819548872175
6621,95.47979999999995,19.229100000000003,47.368421052631575
6622,137.96529999999998,7.077699999999993,54.88721804511278
6623,98.52410000000003,7.533600000000007,45.86466165413533
6624,134.62059999999997,8.115199999999987,50.37593984962406
6625,66.48399999999998,8.68210000000002,41.35338345864661
6626,130.1921,8.192700000000002,51.8796992481203
6627,126.86809999999991,7.0545999999999935,43.609022556390975
6628,111.94029999999998,4.340999999999994,48.1203007518797
6629,102.4658,7.835099999999997,48.87218045112782
6630,176.50890000000004,5.164899999999989,52.63157894736842
6631,101.56170000000003,7.339100000000002,51.8796992481203
6632,102.017,6.358599999999996,44.3609022556391
6633,108.18740000000003,9.014600000000002,49.62406015037594
6634,100.64620000000002,8.265800000000013,48.1203007518797
6635,113.65480000000005,8.0856,52.63157894736842
6636,135.84480000000005,6.078400000000002,51.8796992481203
6637,115.5951,6.369,51.127819548872175
6638,99.47830000000002,9.151999999999987,43.609022556390975
6639,134.67170000000007,6.88979999999998,52.63157894736842
6640,117.90180000000004,10.047899999999998,44.3609022556391
6641,95.34879999999995,8.14070000000001,47.368421052631575
6642,114.2217,13.208399999999983,51.8796992481203
6643,144.90400000000002,6.8060999999999865,56.390977443609025
6644,164.1368000000001,4.942799999999977,56.390977443609025
6645,115.57829999999998,7.363000000000056,57.14285714285714
6646,110.99329999999998,6.7006000000000085,50.37593984962406
6647,133.81220000000002,8.991099999999989,53.383458646616546
6648,113.20249999999999,7.589300000000009,50.37593984962406
6649,126.7079,6.903599999999997,48.1203007518797
6650,118.98760000000004,8.446699999999993,52.63157894736842
6651,157.34399999999994,4.218099999999993,55.639097744360896
6652,98.68810000000002,4.77860000000004,51.127819548872175
6653,97.8623,14.93719999999999,48.1203007518797
6654,115.6298999999999,8.002300000000048,48.1203007518797
6655,108.73549999999994,9.882499999999979,47.368421052631575
6656,92.66839999999996,6.810100000000006,49.62406015037594
6657,150.04009999999994,8.236499999999978,53.383458646616546
6658,130.53019999999998,8.516200000000026,51.127819548872175
6659,98.25859999999994,9.321200000000005,51.127819548872175
6660,86.93429999999995,8.8305,48.1203007518797
6661,132.46879999999993,5.982900000000029,51.8796992481203
6662,120.21849999999995,6.928699999999992,51.8796992481203
6663,132.94590000000002,5.997700000000009,51.127819548872175
6664,167.15300000000008,5.547699999999992,55.639097744360896
6665,139.9457,7.430700000000002,57.14285714285714
6666,103.74450000000002,7.383599999999973,48.87218045112782
6667,114.2188999999999,6.89500000000001,51.8796992481203
6668,126.47229999999996,9.703800000000001,53.383458646616546
6669,149.23490000000007,4.551099999999991,52.63157894736842
6670,188.69429999999994,5.2424000000000035,61.65413533834586
6671,120.7679,7.965400000000017,51.8796992481203
6672,130.5675,10.127900000000011,45.86466165413533
6673,160.29199999999997,7.258700000000005,51.8796992481203
6674,120.94559999999996,7.8399,50.37593984962406
6675,138.54500000000002,6.2303,52.63157894736842
6676,117.01060000000004,7.748799999999989,48.87218045112782
6677,87.96339999999998,11.04340000000002,45.11278195488722
6678,132.39889999999997,9.7303,54.88721804511278
6679,109.92950000000002,8.917800000000028,57.14285714285714
6680,97.6328,12.722700000000003,45.11278195488722
6681,107.06339999999997,5.3822999999999865,53.383458646616546
6682,121.4966,8.253300000000024,48.87218045112782
6683,104.24749999999992,13.284300000000002,45.86466165413533
6684,79.35829999999999,16.938500000000005,45.11278195488722
6685,101.91119999999995,7.871799999999979,51.127819548872175
6686,108.6505,8.676799999999986,48.1203007518797
6687,136.24199999999993,6.609799999999993,51.8796992481203
6688,141.94349999999997,6.212300000000013,54.13533834586466
6689,105.32409999999996,6.624899999999997,49.62406015037594
6690,143.7918,6.818399999999997,53.383458646616546
6691,110.17699999999996,7.276399999999995,51.8796992481203
6692,68.0248,12.621199999999988,39.097744360902254
6693,94.59329999999994,11.673600000000022,44.3609022556391
6694,120.99699999999996,14.084300000000013,49.62406015037594
6695,118.28699999999998,7.843600000000009,56.390977443609025
6696,104.2269,8.4572,48.87218045112782
6697,111.14000000000001,7.344499999999982,49.62406015037594
6698,101.3194,5.7059,42.857142857142854
6699,140.3918,9.007499999999993,51.127819548872175
6700,88.6406,7.709600000000009,44.3609022556391
6701,118.47979999999995,7.284300000000002,48.1203007518797
6702,136.6525,7.7187000000000126,51.8796992481203
6703,140.67039999999997,9.231299999999976,46.616541353383454
6704,129.19889999999998,6.600500000000011,54.13533834586466
6705,87.10870000000003,10.19629999999998,46.616541353383454
6706,117.31009999999992,9.872500000000002,47.368421052631575
6707,116.8281,6.800999999999988,50.37593984962406
6708,113.71089999999998,7.041000000000025,48.87218045112782
6709,157.64759999999995,5.780600000000021,54.88721804511278
6710,117.39349999999993,6.245900000000006,46.616541353383454
6711,186.30679999999995,4.139899999999983,58.64661654135338
6712,101.29889999999995,5.798599999999993,47.368421052631575
6713,149.1622,6.54910000000001,56.390977443609025
6714,128.14609999999993,5.5916,49.62406015037594
6715,96.39459999999997,8.784599999999983,47.368421052631575
6716,119.88150000000007,7.110299999999995,55.639097744360896
6717,127.12109999999993,6.0271000000000186,47.368421052631575
6718,161.10130000000004,6.785299999999978,58.64661654135338
6719,119.57079999999996,8.674499999999995,52.63157894736842
6720,95.66640000000001,5.22829999999999,50.37593984962406
6721,149.84220000000002,6.762199999999979,52.63157894736842
6722,116.19879999999998,7.955200000000005,47.368421052631575
6723,128.95059999999995,5.06359999999998,53.383458646616546
6724,131.49290000000002,9.09450000000001,52.63157894736842
6725,99.06329999999997,10.545900000000017,47.368421052631575
6726,97.76460000000003,7.482999999999976,47.368421052631575
6727,165.56140000000005,4.335800000000006,56.390977443609025
6728,107.90539999999999,6.95320000000001,49.62406015037594
6729,99.61309999999997,7.702799999999996,48.87218045112782
6730,147.72410000000002,5.391799999999989,54.13533834586466
6731,63.60740000000004,10.812700000000007,42.857142857142854
6732,113.99730000000002,7.473199999999991,45.86466165413533
6733,113.93789999999996,8.499899999999997,51.127819548872175
6734,143.4459000000001,8.19919999999999,48.87218045112782
6735,153.7999,7.818499999999972,54.13533834586466
6736,101.72309999999999,5.912100000000038,45.86466165413533
6737,168.39470000000017,9.369500000000016,59.3984962406015
6738,95.32740000000001,7.800900000000013,50.37593984962406
6739,129.30039999999997,6.215300000000013,54.88721804511278
6740,112.89009999999996,6.3692999999999955,49.62406015037594
6741,92.1054,6.858399999999989,47.368421052631575
6742,106.71819999999997,6.34559999999999,47.368421052631575
6743,108.27009999999996,6.0715000000000146,50.37593984962406
6744,75.52719999999994,9.25490000000002,46.616541353383454
6745,91.43610000000001,11.768399999999986,48.87218045112782
6746,163.80769999999995,6.205500000000029,60.150375939849624
6747,83.75999999999996,9.243000000000023,44.3609022556391
6748,130.94499999999994,10.456700000000012,51.127819548872175
6749,128.7139,9.771500000000003,51.8796992481203
6750,130.61970000000002,4.221899999999977,52.63157894736842
6751,128.4638,6.229799999999983,49.62406015037594
6752,115.10079999999999,4.905399999999986,56.390977443609025
6753,148.26380000000003,9.100200000000015,52.63157894736842
6754,152.20700000000002,7.213700000000017,57.89473684210527
6755,83.47770000000003,8.217099999999988,42.10526315789473
6756,123.75619999999995,9.25849999999997,48.1203007518797
6757,116.97749999999996,8.660700000000006,49.62406015037594
6758,101.16979999999995,7.162500000000023,46.616541353383454
6759,139.5939,4.598799999999983,52.63157894736842
6760,103.08209999999997,7.507400000000018,54.88721804511278
6761,120.83729999999997,5.9298,51.127819548872175
6762,68.36969999999997,5.7184999999999775,43.609022556390975
6763,114.04710000000006,7.0183999999999855,52.63157894736842
6764,101.85700000000003,10.300200000000018,49.62406015037594
6765,111.79819999999995,5.110500000000002,46.616541353383454
6766,51.09870000000001,20.81279999999998,39.097744360902254
6767,88.9992,4.792900000000003,46.616541353383454
6768,126.96949999999993,6.078399999999988,50.37593984962406
6769,116.05959999999999,6.045499999999976,46.616541353383454
6770,126.36299999999997,4.126599999999996,46.616541353383454
6771,112.03839999999997,5.976399999999984,55.639097744360896
6772,93.54219999999998,7.129000000000019,48.1203007518797
6773,74.58500000000001,15.286999999999978,44.3609022556391
6774,96.45979999999997,12.46860000000001,44.3609022556391
6775,109.84849999999992,6.349900000000019,43.609022556390975
6776,137.09369999999993,8.288299999999992,52.63157894736842
6777,143.47469999999998,3.866500000000002,54.88721804511278
6778,162.61090000000002,8.459400000000016,55.639097744360896
6779,107.21439999999996,20.79430000000002,45.11278195488722
6780,122.9152,7.821899999999971,47.368421052631575
6781,95.51360000000003,7.772899999999993,42.10526315789473
6782,115.10379999999998,10.685600000000022,49.62406015037594
6783,123.85389999999995,6.160299999999978,51.8796992481203
6784,112.43119999999999,7.080200000000019,47.368421052631575
6785,118.44649999999996,5.741099999999989,51.127819548872175
6786,91.18649999999997,9.416899999999998,47.368421052631575
6787,137.4856,10.894299999999987,50.37593984962406
6788,98.7038,8.980599999999995,49.62406015037594
6789,101.41769999999997,8.305300000000017,45.86466165413533
6790,153.6638,5.145000000000039,58.64661654135338
6791,96.195,12.5942,47.368421052631575
6792,130.49259999999998,6.789199999999994,54.13533834586466
6793,157.4112,6.629800000000003,51.8796992481203
6794,131.7233,6.209300000000013,55.639097744360896
6795,144.19689999999994,8.093999999999994,51.8796992481203
6796,113.46799999999996,8.627299999999991,48.1203007518797
6797,65.30390000000003,11.151399999999995,42.857142857142854
6798,97.87629999999996,14.665500000000009,46.616541353383454
6799,122.65109999999999,8.835099999999997,52.63157894736842
6800,109.27360000000004,11.50139999999999,47.368421052631575
6801,122.10219999999995,8.20920000000001,47.368421052631575
6802,120.09720000000002,5.747,53.383458646616546
6803,115.55369999999999,6.922799999999995,45.11278195488722
6804,121.7976999999999,5.1410999999999945,52.63157894736842
6805,124.06949999999998,9.524799999999999,45.86466165413533
6806,104.31599999999997,5.201899999999966,51.127819548872175
6807,110.99170000000001,10.118999999999971,51.127819548872175
6808,107.04159999999996,11.556600000000032,48.1203007518797
6809,113.24359999999996,13.553099999999972,49.62406015037594
6810,113.83649999999997,12.114199999999983,51.127819548872175
6811,111.88810000000001,11.19120000000001,52.63157894736842
6812,145.77270000000001,6.078000000000003,57.89473684210527
6813,96.12729999999996,8.889899999999997,48.1203007518797
6814,82.23679999999999,8.312300000000008,42.857142857142854
6815,122.14459999999997,7.053900000000027,51.8796992481203
6816,89.41469999999998,11.948200000000014,51.8796992481203
6817,72.49529999999999,12.411900000000003,39.849624060150376
6818,116.01320000000001,11.439900000000009,50.37593984962406
6819,87.40129999999994,6.715199999999982,48.87218045112782
6820,102.61330000000004,9.227800000000002,40.6015037593985
6821,94.18299999999999,9.346699999999998,51.127819548872175
6822,99.1234,7.050000000000011,45.11278195488722
6823,91.1216,6.583300000000008,48.87218045112782
6824,117.24819999999994,10.885100000000023,53.383458646616546
6825,102.99539999999993,9.064399999999978,45.86466165413533
6826,114.13469999999998,5.858999999999952,45.11278195488722
6827,122.10889999999995,6.624000000000024,51.8796992481203
6828,97.4128,5.503600000000006,46.616541353383454
6829,109.55849999999998,7.606699999999989,51.8796992481203
6830,93.13729999999998,8.43259999999998,51.8796992481203
6831,112.27089999999998,13.200599999999994,50.37593984962406
6832,173.2021000000001,4.594399999999979,58.64661654135338
6833,102.2242,13.334400000000002,45.86466165413533
6834,118.7944,5.967700000000008,49.62406015037594
6835,72.26530000000002,5.300799999999995,45.11278195488722
6836,121.69440000000003,7.330100000000002,53.383458646616546
6837,102.8569,7.040400000000034,49.62406015037594
6838,126.36770000000001,11.521699999999981,56.390977443609025
6839,106.41539999999998,5.411900000000003,52.63157894736842
6840,155.9297,7.63190000000003,51.127819548872175
6841,134.78750000000002,6.167200000000008,51.127819548872175
6842,119.53439999999995,12.442799999999977,50.37593984962406
6843,94.34299999999996,13.339399999999983,51.8796992481203
6844,112.82739999999995,8.146599999999978,47.368421052631575
6845,101.0335,8.4208,48.87218045112782
6846,104.71890000000002,9.801099999999991,49.62406015037594
6847,99.48519999999996,9.258799999999994,48.87218045112782
6848,102.94009999999997,9.76939999999999,50.37593984962406
6849,109.46439999999998,9.051799999999986,48.87218045112782
6850,171.47660000000008,4.223900000000015,60.150375939849624
6851,144.96530000000007,5.2363,53.383458646616546
6852,68.75690000000003,10.13839999999999,39.097744360902254
6853,166.1228000000001,4.9681000000000495,54.88721804511278
6854,80.0429,7.258399999999995,44.3609022556391
6855,138.88579999999996,7.8822999999999865,51.127819548872175
6856,164.0457,6.735799999999998,54.13533834586466
6857,110.89410000000004,5.370999999999981,49.62406015037594
6858,122.50479999999999,13.047600000000017,48.87218045112782
6859,124.34379999999999,13.760700000000014,51.8796992481203
6860,167.85739999999998,5.488699999999994,54.13533834586466
6861,147.6412,9.295699999999982,53.383458646616546
6862,112.46169999999995,10.301900000000003,51.8796992481203
6863,112.03199999999998,11.829500000000024,47.368421052631575
6864,89.60419999999993,8.002200000000016,48.1203007518797
6865,148.52290000000008,4.0064000000000135,57.14285714285714
6866,92.49119999999999,7.012900000000002,48.1203007518797
6867,115.60830000000004,6.238699999999994,52.63157894736842
6868,134.20000000000002,11.52600000000001,48.87218045112782
6869,120.52869999999996,7.540300000000002,52.63157894736842
6870,164.22199999999998,6.623999999999995,54.13533834586466
6871,123.96409999999997,5.91549999999998,53.383458646616546
6872,89.83769999999998,10.214600000000019,48.1203007518797
6873,98.1687,7.761599999999987,45.86466165413533
6874,110.96089999999998,5.79200000000003,48.87218045112782
6875,107.2106,9.427500000000009,48.87218045112782
6876,130.17660000000004,5.909700000000015,54.88721804511278
6877,105.09929999999997,19.084400000000002,48.1203007518797
6878,145.61120000000003,7.475200000000029,55.639097744360896
6879,99.71490000000006,11.810300000000012,51.8796992481203
6880,141.33720000000002,7.610199999999992,54.88721804511278
6881,100.80590000000001,11.522700000000015,50.37593984962406
6882,97.68010000000001,14.787399999999963,45.86466165413533
6883,84.6816,7.828600000000009,45.86466165413533
6884,69.50449999999998,9.067800000000005,40.6015037593985
6885,111.01799999999997,11.673400000000015,49.62406015037594
6886,119.293,5.865100000000012,53.383458646616546
6887,143.7757,5.151800000000009,53.383458646616546
6888,74.31389999999996,12.846000000000032,39.849624060150376
6889,124.46169999999998,5.051900000000003,51.8796992481203
6890,79.01159999999999,10.289000000000016,42.857142857142854
6891,159.5795,7.588000000000022,53.383458646616546
6892,128.63160000000002,13.028400000000005,49.62406015037594
6893,168.5168000000001,4.961999999999989,54.88721804511278
6894,92.24100000000004,9.2637,48.1203007518797
6895,146.29499999999993,6.227800000000002,48.87218045112782
6896,116.7613,6.474199999999996,52.63157894736842
6897,117.54409999999993,4.710400000000007,51.127819548872175
6898,115.3639,9.94019999999999,49.62406015037594
6899,148.70619999999997,7.086100000000016,52.63157894736842
6900,144.19910000000002,6.3711999999999875,50.37593984962406
6901,75.87269999999998,12.043900000000008,43.609022556390975
6902,96.55590000000001,6.3289999999999935,48.87218045112782
6903,103.22990000000001,5.579899999999952,48.87218045112782
6904,110.88099999999997,12.929000000000002,48.87218045112782
6905,102.5025,6.395699999999977,49.62406015037594
6906,116.18509999999995,7.5565,50.37593984962406
6907,122.02929999999992,5.609799999999993,51.127819548872175
6908,90.46579999999994,7.100800000000021,42.857142857142854
6909,124.27819999999997,5.12469999999999,51.8796992481203
6910,114.24739999999997,11.012500000000045,50.37593984962406
6911,88.78339999999997,9.092099999999988,42.857142857142854
6912,135.36239999999998,8.16319999999999,57.89473684210527
6913,171.61829999999998,8.250799999999998,58.64661654135338
6914,106.36719999999997,8.74780000000004,51.127819548872175
6915,172.41959999999995,8.573999999999998,60.150375939849624
6916,124.57539999999995,5.896100000000004,48.1203007518797
6917,45.942200000000014,12.583799999999997,42.857142857142854
6918,88.76989999999998,9.770800000000008,41.35338345864661
6919,118.56609999999995,10.437799999999982,50.37593984962406
6920,126.71269999999998,9.218100000000021,54.13533834586466
6921,136.94399999999996,5.896999999999991,53.383458646616546
6922,118.5546,5.511200000000002,49.62406015037594
6923,153.40290000000002,5.848300000000009,51.127819548872175
6924,113.68509999999998,9.973399999999998,47.368421052631575
6925,89.46530000000001,7.973299999999995,44.3609022556391
6926,119.23929999999996,9.220199999999991,52.63157894736842
6927,136.35559999999998,5.038000000000011,51.8796992481203
6928,112.7379,4.4983,48.87218045112782
6929,174.88940000000002,3.7376000000000147,57.89473684210527
6930,119.8107,10.337200000000024,51.127819548872175
6931,120.34699999999998,10.033199999999994,53.383458646616546
6932,125.61559999999997,10.964200000000005,50.37593984962406
6933,128.50530000000006,7.273600000000016,52.63157894736842
6934,139.14889999999997,3.35390000000001,48.1203007518797
6935,97.61650000000003,9.803700000000006,43.609022556390975
6936,93.66219999999996,9.492500000000007,51.127819548872175
6937,98.18129999999996,8.628800000000012,47.368421052631575
6938,86.17650000000003,11.882000000000005,45.11278195488722
6939,92.67819999999995,5.924199999999999,48.1203007518797
6940,151.33729999999994,7.048699999999997,54.88721804511278
6941,128.7979,7.37590000000003,50.37593984962406
6942,106.8682,8.224700000000013,48.87218045112782
6943,144.89339999999993,10.815600000000018,51.8796992481203
6944,65.4194,9.576600000000013,42.10526315789473
6945,125.53129999999999,5.386300000000006,45.86466165413533
6946,83.40619999999996,5.569699999999983,40.6015037593985
6947,94.99119999999999,9.097800000000007,46.616541353383454
6948,145.89869999999993,4.988399999999984,56.390977443609025
6949,97.32389999999995,11.604500000000002,51.127819548872175
6950,76.92569999999998,12.133499999999998,44.3609022556391
6951,105.7749,5.234099999999998,48.87218045112782
6952,94.78630000000001,11.741899999999987,45.86466165413533
6953,119.59449999999998,8.029799999999994,51.127819548872175
6954,71.78750000000002,11.13470000000001,43.609022556390975
6955,96.7115,16.180199999999985,48.1203007518797
6956,133.19759999999997,5.265899999999988,55.639097744360896
6957,129.47680000000003,4.3093000000000075,51.8796992481203
6958,127.31289999999996,9.968699999999956,51.8796992481203
6959,151.08610000000002,5.3489999999999895,54.88721804511278
6960,96.62540000000004,9.59920000000001,44.3609022556391
6961,134.25489999999994,7.214199999999977,51.8796992481203
6962,113.64210000000003,6.2982000000000085,48.1203007518797
6963,102.48499999999996,6.143000000000001,53.383458646616546
6964,157.6798,6.4237999999999715,59.3984962406015
6965,128.8727,14.780299999999983,53.383458646616546
6966,137.6362,4.146600000000035,55.639097744360896
6967,116.79259999999994,5.7205000000000155,51.127819548872175
6968,128.08779999999996,7.137200000000007,53.383458646616546
6969,111.63,10.391400000000004,53.383458646616546
6970,86.02140000000003,6.8174000000000206,45.86466165413533
6971,140.31519999999992,5.958900000000028,47.368421052631575
6972,147.1252,7.262900000000002,55.639097744360896
6973,110.87869999999998,5.400199999999984,45.11278195488722
6974,146.74420000000003,6.780099999999976,60.150375939849624
6975,84.24509999999998,9.052899999999994,44.3609022556391
6976,122.22980000000001,8.888900000000007,49.62406015037594
6977,71.15719999999993,8.101500000000016,45.86466165413533
6978,109.06709999999998,12.25739999999999,51.127819548872175
6979,100.49580000000003,10.0394,51.127819548872175
6980,52.64580000000001,13.09920000000001,39.849624060150376
6981,86.07699999999994,8.355500000000006,47.368421052631575
6982,133.4572999999999,6.445700000000016,54.13533834586466
6983,88.20159999999998,12.347499999999997,40.6015037593985
6984,116.89719999999994,5.896500000000003,50.37593984962406
6985,103.42550000000003,7.842100000000002,49.62406015037594
6986,136.45850000000004,8.506500000000017,48.87218045112782
6987,119.64879999999994,5.678100000000029,52.63157894736842
6988,111.19240000000002,6.04379999999999,46.616541353383454
6989,111.01429999999999,6.664199999999994,46.616541353383454
6990,100.71419999999995,10.339100000000002,45.86466165413533
6991,95.30989999999991,8.859700000000032,48.87218045112782
6992,113.4083,8.132699999999986,51.8796992481203
6993,129.7646,8.9859,50.37593984962406
6994,117.98549999999994,5.767099999999999,45.86466165413533
6995,83.89479999999998,11.475099999999998,43.609022556390975
6996,104.98520000000002,10.358399999999989,49.62406015037594
6997,99.90799999999999,5.240799999999979,51.127819548872175
6998,107.16970000000003,9.188999999999993,47.368421052631575
6999,144.27989999999994,5.367400000000032,54.13533834586466
7000,86.19970000000006,8.1147,46.616541353383454
7001,105.3032,11.234300000000005,49.62406015037594
7002,121.09460000000001,15.761400000000037,50.37593984962406
7003,149.15709999999999,3.620299999999986,53.383458646616546
7004,102.49880000000002,8.395700000000005,54.13533834586466
7005,137.59609999999998,6.9938000000000216,51.8796992481203
7006,123.6796,8.307099999999991,51.127819548872175
7007,118.97309999999999,7.120500000000021,51.127819548872175
7008,162.6633999999999,4.979299999999995,53.383458646616546
7009,159.04469999999998,6.2727999999999895,52.63157894736842
7010,61.504200000000026,6.840999999999994,44.3609022556391
7011,134.82980000000003,6.045099999999991,54.13533834586466
7012,91.34919999999997,7.1096,40.6015037593985
7013,114.16269999999997,6.149699999999996,53.383458646616546
7014,129.8863999999999,5.8595000000000255,57.14285714285714
7015,118.99829999999997,7.287300000000016,48.1203007518797
7016,153.72570000000002,4.499999999999972,53.383458646616546
7017,67.19579999999999,9.716000000000008,41.35338345864661
7018,87.96550000000002,10.420999999999992,48.1203007518797
7019,115.88909999999998,6.092100000000016,52.63157894736842
7020,110.08219999999997,9.196799999999996,50.37593984962406
7021,113.75779999999997,7.949100000000001,52.63157894736842
7022,132.29360000000003,6.918299999999988,55.639097744360896
7023,138.21759999999998,6.223900000000015,53.383458646616546
7024,112.22709999999995,6.18610000000001,46.616541353383454
7025,96.201,5.702300000000008,48.1203007518797
7026,107.52579999999998,10.084600000000023,46.616541353383454
7027,126.77210000000002,11.637600000000006,54.13533834586466
7028,148.89679999999998,6.854399999999998,52.63157894736842
7029,108.25549999999998,7.036799999999971,51.8796992481203
7030,130.35599999999997,6.513899999999978,52.63157894736842
7031,165.40799999999996,6.877900000000011,54.88721804511278
7032,69.48400000000001,10.155299999999983,40.6015037593985
7033,105.91729999999995,9.253500000000031,46.616541353383454
7034,106.707,10.958400000000012,46.616541353383454
7035,102.96030000000002,4.651899999999998,44.3609022556391
7036,108.26580000000004,9.0411,51.8796992481203
7037,136.8585,7.858800000000002,54.88721804511278
7038,95.91319999999996,7.539699999999996,45.86466165413533
7039,84.28980000000001,10.714800000000011,42.857142857142854
7040,54.001900000000006,8.759,42.857142857142854
7041,151.8772,3.8292000000000144,55.639097744360896
7042,126.4938,8.0642,48.87218045112782
7043,112.8252,7.728200000000015,49.62406015037594
7044,108.55219999999997,8.131399999999985,50.37593984962406
7045,114.87719999999993,8.613700000000009,51.8796992481203
7046,153.90830000000003,7.272099999999995,51.8796992481203
7047,121.78199999999998,8.28559999999996,48.1203007518797
7048,104.34640000000002,9.321600000000004,44.3609022556391
7049,100.18609999999995,8.869,50.37593984962406
7050,116.13989999999995,6.622399999999985,50.37593984962406
7051,160.8089000000001,7.573599999999999,57.89473684210527
7052,101.64239999999995,8.120900000000006,48.87218045112782
7053,121.84960000000007,8.845999999999975,53.383458646616546
7054,147.95040000000003,10.23879999999997,54.13533834586466
7055,70.85590000000002,11.257599999999996,45.11278195488722
7056,111.80869999999999,8.214200000000005,48.1203007518797
7057,136.36679999999996,4.758700000000005,48.1203007518797
7058,83.26959999999991,14.205700000000007,46.616541353383454
7059,117.16260000000005,7.064400000000006,53.383458646616546
7060,127.9974,8.503100000000003,55.639097744360896
7061,150.16410000000005,4.2161000000000115,57.14285714285714
7062,87.81329999999997,10.0912,46.616541353383454
7063,109.63220000000001,5.423500000000004,49.62406015037594
7064,82.50220000000004,7.622699999999995,44.3609022556391
7065,121.49330000000003,8.005300000000005,49.62406015037594
7066,121.49429999999998,6.508100000000013,48.87218045112782
7067,114.44939999999997,7.0535,57.14285714285714
7068,99.13139999999993,6.23090000000002,52.63157894736842
7069,167.08200000000005,3.6762999999999977,58.64661654135338
7070,95.559,13.608199999999982,49.62406015037594
7071,154.38390000000007,5.6614,57.14285714285714
7072,121.0080999999999,10.115300000000019,54.13533834586466
7073,120.79619999999994,8.501299999999986,49.62406015037594
7074,162.67809999999997,4.878100000000046,57.89473684210527
7075,149.12040000000002,5.210900000000009,57.14285714285714
7076,167.19370000000004,6.066299999999984,57.89473684210527
7077,130.6393999999999,9.612000000000052,47.368421052631575
7078,120.55399999999992,9.055199999999985,49.62406015037594
7079,133.04999999999995,8.93010000000001,51.8796992481203
7080,114.11229999999992,5.982100000000031,48.87218045112782
7081,115.73579999999995,7.690499999999986,45.86466165413533
7082,149.5756,5.650800000000004,52.63157894736842
7083,126.08659999999998,5.989000000000004,49.62406015037594
7084,160.06130000000002,5.25030000000001,54.88721804511278
7085,115.95939999999999,13.431499999999971,53.383458646616546
7086,152.87150000000008,4.991099999999989,50.37593984962406
7087,115.40629999999999,9.724600000000038,48.1203007518797
7088,136.0239,4.189899999999994,51.8796992481203
7089,105.40370000000001,9.019800000000004,47.368421052631575
7090,102.30520000000001,7.323599999999999,51.127819548872175
7091,112.06289999999996,11.270600000000002,45.86466165413533
7092,176.0347999999999,4.5882000000000005,57.89473684210527
7093,113.5274,9.9255,48.1203007518797
7094,170.23730000000006,8.605299999999943,55.639097744360896
7095,137.35989999999995,6.8352999999999895,57.14285714285714
7096,156.99200000000002,7.9410000000000025,53.383458646616546
7097,134.78119999999996,5.3463999999999885,54.88721804511278
7098,125.24879999999993,5.835799999999978,53.383458646616546
7099,123.4916,6.813300000000027,51.127819548872175
7100,141.85369999999998,4.980400000000003,53.383458646616546
7101,165.899,5.997800000000012,54.88721804511278
7102,119.8649999999999,6.000699999999995,46.616541353383454
7103,100.95699999999997,8.016399999999976,51.127819548872175
7104,99.47950000000003,10.206099999999992,48.1203007518797
7105,109.18509999999998,8.439899999999994,51.8796992481203
7106,164.93719999999996,10.225299999999976,55.639097744360896
7107,100.91910000000004,5.574399999999997,46.616541353383454
7108,142.8238,5.540900000000008,57.14285714285714
7109,148.76770000000002,3.881200000000007,51.127819548872175
7110,133.42520000000005,11.871999999999986,49.62406015037594
7111,113.82830000000004,5.625800000000027,57.89473684210527
7112,102.43159999999995,8.24260000000001,44.3609022556391
7113,127.82130000000001,8.389100000000013,50.37593984962406
7114,124.83619999999996,8.991499999999974,53.383458646616546
7115,101.45060000000001,8.185300000000012,48.1203007518797
7116,145.0733000000001,7.522199999999998,56.390977443609025
7117,143.1104,4.322699999999969,51.8796992481203
7118,110.35949999999997,6.782099999999986,50.37593984962406
7119,99.774,9.319600000000008,49.62406015037594
7120,100.54509999999999,6.70259999999999,53.383458646616546
7121,106.90659999999997,8.047399999999996,48.87218045112782
7122,104.01119999999997,7.614099999999979,48.87218045112782
7123,146.2575,4.8390999999999735,60.150375939849624
7124,130.39419999999998,6.035100000000028,48.87218045112782
7125,134.9887,5.29740000000001,53.383458646616546
7126,106.68879999999996,6.8596,45.11278195488722
7127,87.76229999999995,9.291399999999996,48.1203007518797
7128,148.34560000000002,4.467199999999991,57.89473684210527
7129,141.00680000000003,10.90349999999998,51.127819548872175
7130,147.73070000000004,4.503799999999998,52.63157894736842
7131,103.89990000000006,7.647399999999976,49.62406015037594
7132,93.78880000000004,4.431400000000025,51.8796992481203
7133,131.18750000000003,6.345799999999997,51.8796992481203
7134,75.2173,11.698399999999992,45.86466165413533
7135,97.47200000000004,4.048699999999997,50.37593984962406
7136,133.52049999999997,4.203699999999998,52.63157894736842
7137,164.3994,7.072400000000016,54.13533834586466
7138,115.93909999999994,10.188699999999983,48.1203007518797
7139,128.74749999999995,4.6115999999999815,49.62406015037594
7140,157.5179,6.987899999999996,56.390977443609025
7141,120.10170000000002,5.842199999999991,51.8796992481203
7142,146.07029999999995,8.433999999999997,51.127819548872175
7143,124.60679999999994,9.804900000000004,51.8796992481203
7144,154.75580000000002,4.602299999999985,58.64661654135338
7145,52.9769,12.5582,41.35338345864661
7146,171.7254999999999,5.5077,57.14285714285714
7147,154.36059999999995,8.61639999999997,56.390977443609025
7148,79.49209999999994,6.213999999999999,45.86466165413533
7149,136.28979999999999,7.552999999999969,52.63157894736842
7150,161.54270000000008,6.115300000000019,56.390977443609025
7151,115.56089999999998,6.11639999999997,49.62406015037594
7152,113.43889999999999,4.1240999999999985,50.37593984962406
7153,131.459,6.393100000000004,48.1203007518797
7154,145.58059999999995,6.96380000000002,53.383458646616546
7155,99.40109999999999,10.31519999999999,45.86466165413533
7156,81.6719,5.266599999999997,45.86466165413533
7157,156.28209999999996,4.45320000000001,54.88721804511278
7158,100.01589999999999,5.791100000000029,50.37593984962406
7159,122.30590000000001,6.6222000000000065,54.13533834586466
7160,108.77749999999992,5.403700000000015,50.37593984962406
7161,95.14379999999997,6.473500000000001,45.86466165413533
7162,126.55400000000003,6.643100000000004,47.368421052631575
7163,110.37880000000001,7.78370000000001,52.63157894736842
7164,151.72620000000012,8.172300000000007,54.13533834586466
7165,161.6001,4.293400000000005,51.8796992481203
7166,107.3459,7.466499999999996,46.616541353383454
7167,130.21460000000002,6.012400000000014,50.37593984962406
7168,83.56289999999996,6.73599999999999,45.86466165413533
7169,108.78909999999996,9.229200000000006,49.62406015037594
7170,111.81959999999995,14.898100000000028,48.87218045112782
7171,69.3621,14.6841,39.097744360902254
7172,115.28299999999996,10.547200000000004,50.37593984962406
7173,137.2211,9.518199999999979,53.383458646616546
7174,144.6438,5.992499999999978,51.127819548872175
7175,143.39460000000003,9.471100000000007,53.383458646616546
7176,111.52819999999994,9.309399999999982,51.127819548872175
7177,143.65429999999992,8.0308,51.8796992481203
7178,89.85219999999998,15.0103,45.86466165413533
7179,122.51169999999996,5.153099999999995,49.62406015037594
7180,93.82220000000007,6.086199999999991,51.127819548872175
7181,103.14989999999995,11.271500000000003,49.62406015037594
7182,142.37299999999996,10.323200000000014,52.63157894736842
7183,93.55039999999997,8.49629999999999,45.11278195488722
7184,135.32299999999992,10.5668,51.8796992481203
7185,97.45689999999996,7.076999999999998,45.11278195488722
7186,113.19019999999998,9.686099999999982,46.616541353383454
7187,87.00200000000001,7.540400000000005,39.097744360902254
7188,132.26029999999997,6.04189999999997,53.383458646616546
7189,75.58420000000001,8.50739999999999,45.86466165413533
7190,95.28550000000001,5.594999999999999,48.1203007518797
7191,103.6576,8.434499999999986,44.3609022556391
7192,142.3309,6.765800000000013,53.383458646616546
7193,154.77700000000004,7.043299999999988,54.13533834586466
7194,138.16110000000003,6.325199999999967,54.13533834586466
7195,150.27519999999996,6.074399999999969,57.14285714285714
7196,99.68309999999994,6.258200000000016,50.37593984962406
7197,123.40930000000003,7.846599999999967,54.13533834586466
7198,147.01590000000004,9.979200000000006,54.13533834586466
7199,87.3631,8.261500000000012,46.616541353383454
7200,91.76129999999998,14.196100000000001,44.3609022556391
7201,134.4326,8.822600000000023,51.127819548872175
7202,96.08239999999998,8.242500000000007,48.87218045112782
7203,94.53699999999995,6.09729999999999,45.11278195488722
7204,128.77819999999994,6.2226,60.150375939849624
7205,131.76809999999995,7.053599999999989,53.383458646616546
7206,136.8562,7.165900000000022,54.13533834586466
7207,129.49099999999996,11.553899999999999,51.8796992481203
7208,151.22500000000002,4.611799999999988,54.13533834586466
7209,112.54050000000001,7.306599999999989,49.62406015037594
7210,100.58539999999999,7.313199999999995,49.62406015037594
7211,145.56179999999995,7.767600000000016,52.63157894736842
7212,94.86269999999996,6.440300000000008,42.857142857142854
7213,125.99369999999999,5.732299999999981,48.87218045112782
7214,142.05319999999998,8.016800000000003,53.383458646616546
7215,111.95059999999998,8.412299999999988,49.62406015037594
7216,112.46190000000007,8.886000000000024,48.87218045112782
7217,80.14430000000004,13.963300000000004,45.86466165413533
7218,143.0728,5.996900000000011,51.127819548872175
7219,86.12899999999996,6.9821999999999775,45.11278195488722
7220,108.12279999999998,11.702100000000002,52.63157894736842
7221,153.8220000000001,7.1761000000000195,54.13533834586466
7222,106.07850000000002,10.357400000000013,48.87218045112782
7223,147.34130000000002,8.251099999999994,54.13533834586466
7224,102.47219999999993,8.55370000000002,45.11278195488722
7225,99.8612,10.267300000000006,42.857142857142854
7226,94.98239999999998,8.011300000000006,45.11278195488722
7227,99.77890000000002,10.325499999999977,47.368421052631575
7228,110.05399999999997,6.617399999999989,45.86466165413533
7229,66.34529999999995,15.154599999999988,40.6015037593985
7230,117.2045,6.36760000000001,54.88721804511278
7231,100.56249999999994,8.8887,46.616541353383454
7232,160.91629999999998,4.863100000000003,58.64661654135338
7233,120.1302,10.922900000000027,47.368421052631575
7234,151.0049,8.381900000000002,58.64661654135338
7235,116.91839999999996,5.990700000000004,51.127819548872175
7236,152.64930000000007,9.758900000000011,57.14285714285714
7237,106.17510000000001,7.418199999999999,53.383458646616546
7238,105.15690000000001,8.90160000000003,48.1203007518797
7239,99.27589999999998,4.6334999999999695,48.1203007518797
7240,95.2773,6.021999999999991,48.1203007518797
7241,93.55250000000001,11.042999999999992,46.616541353383454
7242,86.65449999999998,10.895299999999992,48.1203007518797
7243,134.59899999999993,9.339200000000005,53.383458646616546
7244,119.6594,8.188699999999997,51.127819548872175
7245,166.89059999999995,9.152200000000022,60.150375939849624
7246,134.4047,6.474999999999994,55.639097744360896
7247,138.57529999999997,9.997199999999964,51.127819548872175
7248,106.96240000000003,10.046899999999994,53.383458646616546
7249,102.73750000000001,5.347300000000004,51.8796992481203
7250,98.92869999999999,11.1841,50.37593984962406
7251,129.64620000000002,6.975200000000001,51.127819548872175
7252,135.35789999999994,5.732600000000019,51.8796992481203
7253,110.46969999999993,4.755499999999984,52.63157894736842
7254,122.44619999999998,6.7882999999999925,52.63157894736842
7255,102.81370000000004,8.445300000000003,50.37593984962406
7256,160.2430000000001,5.186399999999992,54.13533834586466
7257,92.00099999999998,5.217000000000013,43.609022556390975
7258,58.11700000000002,12.500900000000001,44.3609022556391
7259,119.9273,22.950200000000024,51.127819548872175
7260,103.51429999999999,8.22580000000002,51.127819548872175
7261,103.08210000000003,3.829199999999986,49.62406015037594
7262,125.22039999999998,8.668499999999966,47.368421052631575
7263,153.54400000000004,5.536099999999976,59.3984962406015
7264,101.10139999999993,6.6621000000000095,51.127819548872175
7265,162.31310000000002,6.119500000000002,57.89473684210527
7266,132.6164999999999,5.25120000000004,53.383458646616546
7267,114.01429999999993,6.016599999999997,48.1203007518797
7268,137.69359999999998,5.652200000000022,55.639097744360896
7269,153.5376,5.220199999999977,61.65413533834586
7270,119.92309999999992,5.248999999999995,51.8796992481203
7271,145.86490000000003,12.28879999999998,49.62406015037594
7272,121.17259999999993,6.018700000000024,50.37593984962406
7273,101.95539999999994,8.104,46.616541353383454
7274,108.38539999999995,8.739800000000002,51.8796992481203
7275,75.47480000000002,7.432999999999993,42.10526315789473
7276,135.6558,7.181600000000003,55.639097744360896
7277,170.35889999999995,5.801400000000029,56.390977443609025
7278,163.8053000000001,6.491099999999989,59.3984962406015
7279,139.26659999999998,7.616900000000015,56.390977443609025
7280,148.03879999999995,5.0297999999999945,51.8796992481203
7281,122.96309999999997,9.013499999999993,52.63157894736842
7282,116.88049999999998,8.512299999999982,48.1203007518797
7283,90.54669999999993,12.358000000000004,45.86466165413533
7284,177.62509999999997,7.4041,61.65413533834586
7285,110.43399999999997,9.637799999999999,50.37593984962406
7286,101.36370000000002,12.931900000000013,43.609022556390975
7287,107.34190000000001,9.695599999999999,45.86466165413533
7288,127.78330000000005,7.025999999999982,53.383458646616546
7289,170.10299999999995,5.326600000000013,54.88721804511278
7290,97.42329999999993,10.156200000000013,49.62406015037594
7291,123.76789999999997,5.29910000000001,52.63157894736842
7292,118.66000000000005,6.821899999999999,51.127819548872175
7293,158.399,8.059499999999957,54.13533834586466
7294,114.53189999999992,5.865899999999996,48.87218045112782
7295,108.93860000000001,8.777299999999968,48.1203007518797
7296,108.28570000000005,10.153299999999987,48.87218045112782
7297,120.13809999999995,7.115100000000012,50.37593984962406
7298,149.73739999999995,6.379599999999996,49.62406015037594
7299,81.66020000000003,12.0766,44.3609022556391
7300,131.9492,5.7654,54.88721804511278
7301,71.4253,9.13969999999999,42.857142857142854
7302,86.04140000000001,6.506,44.3609022556391
7303,112.21029999999999,11.728800000000035,45.11278195488722
7304,126.72070000000002,9.553499999999985,52.63157894736842
7305,113.74079999999998,16.75309999999999,51.127819548872175
7306,81.40819999999997,12.01630000000003,48.87218045112782
7307,115.87760000000003,9.114900000000006,48.1203007518797
7308,128.4463,10.14330000000001,50.37593984962406
7309,141.07979999999998,6.401800000000037,51.8796992481203
7310,119.75689999999997,7.017400000000009,48.1203007518797
7311,100.97829999999999,6.621799999999979,46.616541353383454
7312,135.63460000000006,7.78619999999998,48.1203007518797
7313,107.56740000000002,12.87899999999999,42.857142857142854
7314,73.655,5.336100000000002,45.86466165413533
7315,149.77060000000003,5.239400000000003,54.88721804511278
7316,128.59730000000002,6.324599999999975,48.1203007518797
7317,118.95049999999998,4.392000000000024,50.37593984962406
7318,124.89379999999997,8.834800000000001,53.383458646616546
7319,88.64069999999998,7.330100000000016,49.62406015037594
7320,115.5856,10.122099999999989,55.639097744360896
7321,105.40339999999998,5.590299999999985,53.383458646616546
7322,115.23000000000002,5.799499999999995,51.8796992481203
7323,163.26600000000008,6.198200000000014,55.639097744360896
7324,110.98499999999996,5.611000000000004,50.37593984962406
7325,119.46280000000002,7.4898000000000025,47.368421052631575
7326,100.17509999999999,9.803799999999995,47.368421052631575
7327,92.1447,9.9572,48.1203007518797
7328,112.78890000000001,6.903500000000008,51.127819548872175
7329,93.06360000000006,10.632300000000015,49.62406015037594
7330,169.83870000000002,5.879199999999997,52.63157894736842
7331,135.33559999999994,6.435400000000001,50.37593984962406
7332,105.72539999999995,4.738099999999989,45.11278195488722
7333,138.58879999999994,10.974099999999993,51.8796992481203
7334,151.6144999999999,7.8108,51.8796992481203
7335,162.35770000000014,5.513599999999997,53.383458646616546
7336,92.006,12.844400000000007,42.857142857142854
7337,159.29269999999997,4.05540000000002,52.63157894736842
7338,158.79929999999996,4.427199999999999,50.37593984962406
7339,145.36090000000004,6.245599999999996,50.37593984962406
7340,131.5323,9.71739999999997,55.639097744360896
7341,137.27030000000008,10.812299999999993,54.13533834586466
7342,110.62689999999992,8.864800000000002,51.8796992481203
7343,110.45610000000005,7.8200999999999965,48.87218045112782
7344,161.47679999999997,4.016299999999973,60.150375939849624
7345,117.73119999999997,9.549599999999998,50.37593984962406
7346,90.19530000000003,10.016400000000004,42.857142857142854
7347,169.85690000000005,6.886500000000012,51.8796992481203
7348,100.7699,7.105299999999971,48.87218045112782
7349,133.0271000000001,5.871399999999994,55.639097744360896
7350,114.94520000000003,13.715999999999994,47.368421052631575
7351,139.0742999999999,5.129400000000032,53.383458646616546
7352,55.60079999999999,13.0094,42.857142857142854
7353,72.0104,14.614099999999993,45.11278195488722
7354,123.38699999999994,6.824399999999997,51.8796992481203
7355,140.4283,4.904800000000009,48.87218045112782
7356,107.67140000000006,6.077799999999996,49.62406015037594
7357,150.47659999999996,3.8292000000000144,54.13533834586466
7358,138.6426,7.936299999999989,57.14285714285714
7359,162.64879999999994,7.868499999999997,51.8796992481203
7360,141.17940000000002,6.816400000000016,51.8796992481203
7361,115.398,7.930399999999992,51.8796992481203
7362,124.29829999999998,5.497600000000006,50.37593984962406
7363,159.80909999999994,10.170900000000017,54.88721804511278
7364,141.9744,6.389299999999963,52.63157894736842
7365,88.66680000000002,12.98599999999999,48.87218045112782
7366,114.54679999999996,7.979299999999995,47.368421052631575
7367,114.75329999999994,7.3319000000000045,45.86466165413533
7368,115.87360000000001,10.935200000000009,48.87218045112782
7369,118.22169999999997,8.58450000000002,48.1203007518797
7370,87.52009999999999,10.604000000000013,43.609022556390975
7371,98.37789999999998,10.081500000000005,48.1203007518797
7372,123.2192,8.020500000000027,50.37593984962406
7373,149.3500999999999,8.03140000000002,50.37593984962406
7374,129.15619999999996,6.724499999999992,50.37593984962406
7375,101.23899999999998,11.160700000000006,47.368421052631575
7376,164.54450000000003,5.417100000000005,57.14285714285714
7377,100.91019999999997,7.979000000000013,47.368421052631575
7378,120.46719999999999,7.229700000000008,54.13533834586466
7379,98.95139999999995,10.132400000000004,45.11278195488722
7380,141.80370000000002,5.184699999999992,51.8796992481203
7381,100.30149999999998,7.045100000000019,49.62406015037594
7382,138.05620000000005,8.745900000000006,53.383458646616546
7383,140.44659999999996,4.399900000000002,55.639097744360896
7384,170.25480000000005,7.013900000000007,58.64661654135338
7385,115.19759999999997,7.309500000000014,45.86466165413533
7386,69.80179999999999,15.165800000000004,43.609022556390975
7387,107.01259999999996,7.441099999999977,45.86466165413533
7388,114.91070000000002,5.967999999999989,46.616541353383454
7389,136.31220000000002,6.584999999999994,51.127819548872175
7390,89.84700000000004,8.210000000000036,39.849624060150376
7391,84.33770000000001,8.948499999999996,44.3609022556391
7392,126.13379999999995,12.032200000000003,50.37593984962406
7393,88.37799999999996,12.034700000000015,47.368421052631575
7394,87.86249999999995,11.859199999999987,45.86466165413533
7395,126.48989999999995,4.815200000000004,54.13533834586466
7396,94.69029999999998,7.0899,52.63157894736842
7397,144.35320000000002,5.698599999999971,49.62406015037594
7398,86.74429999999992,9.016100000000023,48.1203007518797
7399,67.56580000000002,17.033299999999997,46.616541353383454
7400,95.2672,4.700999999999993,45.86466165413533
7401,90.15839999999992,13.732600000000048,48.87218045112782
7402,148.4789,5.605599999999981,54.88721804511278
7403,127.70050000000003,4.442700000000002,54.13533834586466
7404,100.31280000000004,7.1007999999999925,45.11278195488722
7405,149.16739999999993,5.047600000000045,50.37593984962406
7406,132.3382,7.611600000000038,47.368421052631575
7407,58.3185,9.132199999999997,42.10526315789473
7408,114.30999999999995,8.245400000000004,45.86466165413533
7409,141.14490000000006,5.715000000000003,48.87218045112782
7410,104.32839999999999,7.7964000000000055,54.88721804511278
7411,102.7713,22.75540000000001,51.127819548872175
7412,96.21820000000002,5.686400000000006,45.11278195488722
7413,114.47029999999995,16.65010000000001,51.8796992481203
7414,119.91439999999994,6.5822,52.63157894736842
7415,96.40180000000001,5.523799999999994,44.3609022556391
7416,91.69179999999994,12.264499999999998,45.86466165413533
7417,97.33989999999994,10.601799999999997,48.87218045112782
7418,82.2681,5.291399999999982,43.609022556390975
7419,46.7697,15.384299999999996,38.34586466165413
7420,73.34369999999996,8.153300000000002,40.6015037593985
7421,88.10209999999998,14.700000000000017,46.616541353383454
7422,145.47910000000005,4.671199999999999,53.383458646616546
7423,94.7285,7.793699999999987,45.11278195488722
7424,97.45179999999999,11.643599999999992,46.616541353383454
7425,68.45140000000004,11.171600000000012,37.59398496240601
7426,133.8614,7.2660999999999945,51.127819548872175
7427,132.39690000000002,9.270299999999992,51.127819548872175
7428,105.61650000000003,7.261000000000024,46.616541353383454
7429,121.89689999999996,8.68310000000001,51.127819548872175
7430,136.37039999999993,9.985299999999995,50.37593984962406
7431,98.56809999999993,16.782700000000034,48.87218045112782
7432,101.46719999999999,6.693100000000015,44.3609022556391
7433,102.29869999999997,15.404399999999995,48.1203007518797
7434,119.24339999999998,7.078900000000004,51.8796992481203
7435,96.53359999999998,8.997900000000001,50.37593984962406
7436,128.59979999999996,9.02600000000001,54.13533834586466
7437,123.05709999999996,5.480099999999993,53.383458646616546
7438,151.06240000000005,8.495800000000031,55.639097744360896
7439,94.54989999999998,7.6810999999999865,48.87218045112782
7440,77.1268,10.184800000000024,46.616541353383454
7441,129.52679999999998,4.791500000000013,52.63157894736842
7442,160.90099999999995,6.5382000000000176,59.3984962406015
7443,90.60850000000002,7.599799999999988,45.11278195488722
7444,143.12380000000002,7.078099999999992,54.13533834586466
7445,85.57200000000003,11.307400000000001,41.35338345864661
7446,143.94489999999993,6.801500000000004,57.89473684210527
7447,107.78119999999996,7.150499999999994,51.8796992481203
7448,152.79780000000002,5.2202000000000055,50.37593984962406
7449,122.76670000000001,11.621699999999976,50.37593984962406
7450,105.91290000000004,7.199099999999987,48.1203007518797
7451,104.10859999999997,10.964699999999993,45.86466165413533
7452,121.4082,7.8781999999999925,53.383458646616546
7453,178.10920000000004,5.2409000000000106,58.64661654135338
7454,134.16250000000002,7.9979999999999905,56.390977443609025
7455,102.14919999999995,9.763800000000003,48.1203007518797
7456,93.82490000000001,8.867100000000022,47.368421052631575
7457,147.29590000000007,4.4894999999999925,60.150375939849624
7458,162.70679999999993,9.235700000000008,53.383458646616546
7459,91.76059999999995,9.574300000000022,50.37593984962406
7460,132.55620000000002,8.489500000000021,51.8796992481203
7461,153.11430000000007,7.405200000000036,54.88721804511278
7462,86.4572,7.825500000000005,47.368421052631575
7463,131.87489999999997,6.773899999999998,51.127819548872175
7464,130.15460000000002,6.428600000000017,54.88721804511278
7465,118.0534999999999,12.065700000000021,50.37593984962406
7466,115.46779999999998,7.9459999999999695,44.3609022556391
7467,135.05570000000003,5.542400000000001,55.639097744360896
7468,126.09019999999995,7.602699999999999,56.390977443609025
7469,126.57249999999999,4.402999999999992,51.8796992481203
7470,88.84649999999999,10.00030000000001,46.616541353383454
7471,80.9059,10.623000000000005,42.10526315789473
7472,87.20589999999999,13.602799999999974,45.11278195488722
7473,162.76890000000003,4.880499999999998,54.13533834586466
7474,146.27999999999997,7.866499999999974,52.63157894736842
7475,104.77840000000003,3.971700000000027,48.1203007518797
7476,109.82,14.092800000000011,45.86466165413533
7477,143.33409999999998,5.539999999999992,53.383458646616546
7478,121.7027,8.297600000000017,50.37593984962406
7479,139.03339999999997,7.346800000000002,54.88721804511278
7480,112.51909999999998,7.027600000000007,51.127819548872175
7481,124.43679999999995,6.472399999999993,51.8796992481203
7482,120.75810000000001,9.566799999999972,51.8796992481203
7483,109.85720000000003,8.675600000000003,48.1203007518797
7484,127.70889999999997,7.124300000000005,51.127819548872175
7485,145.21630000000002,5.24560000000001,53.383458646616546
7486,134.5254,4.7779000000000025,52.63157894736842
7487,136.76630000000006,5.4051000000000045,51.127819548872175
7488,97.46809999999999,8.623000000000019,48.1203007518797
7489,123.81860000000003,6.738499999999988,41.35338345864661
7490,97.88099999999997,11.110799999999998,45.86466165413533
7491,133.07499999999993,6.231900000000024,54.88721804511278
7492,125.59370000000001,5.0589999999999975,54.88721804511278
7493,109.70699999999994,4.351600000000019,50.37593984962406
7494,100.037,11.288899999999984,45.86466165413533
7495,116.82469999999995,7.677499999999981,45.86466165413533
7496,97.62709999999998,11.952200000000005,45.11278195488722
7497,110.5122,5.080699999999979,48.87218045112782
7498,147.93600000000012,9.043599999999998,56.390977443609025
7499,114.44919999999993,7.925599999999974,51.8796992481203
7500,147.70870000000014,8.491199999999964,57.14285714285714
7501,80.66539999999998,11.08529999999999,44.3609022556391
7502,129.72579999999996,7.750699999999995,51.8796992481203
7503,130.22339999999997,8.847100000000012,49.62406015037594
7504,110.33969999999997,6.006799999999998,50.37593984962406
7505,101.15179999999992,8.532999999999987,47.368421052631575
7506,157.8247,5.316900000000004,55.639097744360896
7507,148.47870000000006,5.667100000000005,53.383458646616546
7508,106.24000000000001,9.395799999999994,49.62406015037594
7509,123.31619999999995,7.68889999999999,49.62406015037594
7510,89.22379999999998,6.1089000000000055,41.35338345864661
7511,114.74960000000002,15.068099999999987,51.127819548872175
7512,112.47199999999998,6.337099999999992,44.3609022556391
7513,144.78289999999996,10.409500000000008,55.639097744360896
7514,151.68159999999997,6.795199999999994,55.639097744360896
7515,117.30059999999992,6.392899999999997,45.11278195488722
7516,104.71489999999997,10.82080000000002,48.1203007518797
7517,147.33760000000004,5.569900000000018,54.88721804511278
7518,114.13799999999998,6.675000000000011,50.37593984962406
7519,117.8472999999999,8.49600000000001,47.368421052631575
7520,149.74859999999998,7.444900000000018,51.8796992481203
7521,81.49959999999999,9.2055,46.616541353383454
7522,112.2618,5.461300000000023,52.63157894736842
7523,138.6338,8.787400000000005,54.13533834586466
7524,115.451,10.10039999999998,48.87218045112782
7525,147.14840000000004,4.636100000000027,51.127819548872175
7526,115.16129999999998,6.2517,51.127819548872175
7527,146.62170000000006,3.671199999999999,55.639097744360896
7528,183.66199999999998,7.361199999999997,59.3984962406015
7529,87.42640000000003,14.118099999999998,45.86466165413533
7530,75.07900000000001,8.805700000000002,42.857142857142854
7531,62.78190000000001,14.157900000000012,40.6015037593985
7532,113.44870000000003,9.433899999999994,47.368421052631575
7533,125.6533,8.404100000000028,50.37593984962406
7534,103.10719999999998,12.698000000000008,48.87218045112782
7535,108.84950000000003,9.493800000000022,46.616541353383454
7536,136.17980000000006,6.536299999999983,56.390977443609025
7537,169.07819999999998,4.651900000000012,54.88721804511278
7538,140.81069999999997,4.282699999999977,54.13533834586466
7539,115.98420000000002,7.606499999999983,54.88721804511278
7540,130.34850000000003,6.648699999999991,60.150375939849624
7541,136.68699999999995,7.187600000000003,54.88721804511278
7542,156.64550000000008,3.8292000000000144,58.64661654135338
7543,158.7527,6.732299999999995,57.89473684210527
7544,162.66860000000003,5.9062000000000126,59.3984962406015
7545,139.09580000000003,5.490700000000004,57.89473684210527
7546,139.17400000000006,7.248300000000029,54.13533834586466
7547,126.14279999999994,12.210499999999996,48.1203007518797
7548,113.02969999999999,9.070599999999999,52.63157894736842
7549,125.5981999999999,13.633200000000002,50.37593984962406
7550,91.44399999999999,15.579100000000011,45.11278195488722
7551,170.96550000000002,5.980700000000013,55.639097744360896
7552,122.03029999999995,12.126099999999994,53.383458646616546
7553,149.0788,8.358799999999974,57.89473684210527
7554,146.20559999999992,6.782500000000027,54.13533834586466
7555,155.61230000000003,5.669400000000024,51.8796992481203
7556,121.40540000000001,12.974500000000006,48.1203007518797
7557,116.70050000000006,4.4011,49.62406015037594
7558,112.32379999999995,9.096000000000004,44.3609022556391
7559,151.89149999999998,5.3633000000000095,51.127819548872175
7560,121.57549999999995,6.269599999999997,51.8796992481203
7561,118.90489999999991,14.85110000000003,48.87218045112782
7562,111.28369999999995,7.380200000000002,53.383458646616546
7563,95.3612,12.860000000000014,47.368421052631575
7564,116.85689999999997,7.770099999999999,46.616541353383454
7565,123.9083,5.089400000000012,51.127819548872175
7566,129.0575,7.520700000000005,50.37593984962406
7567,95.21729999999997,9.401299999999992,45.86466165413533
7568,119.09020000000004,8.092599999999976,46.616541353383454
7569,141.31390000000005,4.950299999999999,49.62406015037594
7570,131.53009999999998,6.144600000000025,48.1203007518797
7571,94.79230000000004,8.0779,47.368421052631575
7572,92.6825,10.510800000000017,43.609022556390975
7573,139.91690000000003,8.584600000000023,52.63157894736842
7574,157.80549999999994,4.2172999999999945,59.3984962406015
7575,120.73799999999994,6.013000000000005,50.37593984962406
7576,115.6609,5.033200000000022,52.63157894736842
7577,127.93700000000001,5.045199999999966,51.8796992481203
7578,90.17770000000002,7.888599999999997,44.3609022556391
7579,125.77159999999998,6.797699999999992,52.63157894736842
7580,98.279,8.840000000000032,47.368421052631575
7581,188.17560000000003,6.137599999999992,60.902255639097746
7582,96.76379999999995,11.825400000000002,48.87218045112782
7583,100.23020000000005,6.767399999999981,48.87218045112782
7584,125.50900000000007,15.06049999999999,48.87218045112782
7585,100.26950000000005,8.088099999999969,47.368421052631575
7586,81.29769999999999,10.088999999999999,46.616541353383454
7587,106.03449999999998,5.491399999999999,49.62406015037594
7588,112.52010000000001,6.039100000000019,49.62406015037594
7589,130.5586,4.786200000000008,49.62406015037594
7590,118.69569999999999,7.260799999999989,49.62406015037594
7591,161.9807,5.1480999999999995,55.639097744360896
7592,179.05650000000003,7.82480000000001,54.88721804511278
7593,142.80359999999996,4.949900000000014,61.65413533834586
7594,126.86839999999995,5.6650000000000205,50.37593984962406
7595,159.49810000000002,7.915199999999999,57.14285714285714
7596,141.35680000000002,7.803899999999999,51.8796992481203
7597,149.74920000000006,10.105999999999995,54.13533834586466
7598,114.32839999999999,10.572499999999991,49.62406015037594
7599,136.07129999999998,5.925099999999986,51.8796992481203
7600,104.69189999999992,13.583500000000043,45.11278195488722
7601,129.2172,5.729900000000015,54.13533834586466
7602,101.08999999999997,11.013599999999997,48.87218045112782
7603,115.72690000000003,10.365399999999994,50.37593984962406
7604,63.35880000000003,7.508399999999995,46.616541353383454
7605,98.66380000000001,6.575099999999992,50.37593984962406
7606,134.4077,7.47290000000001,53.383458646616546
7607,59.44630000000001,7.205299999999994,40.6015037593985
7608,149.18829999999997,6.535699999999991,53.383458646616546
7609,177.08049999999997,4.1059999999999945,63.90977443609023
7610,75.6148,17.5848,43.609022556390975
7611,69.42750000000001,8.918800000000005,39.097744360902254
7612,90.7141,7.616400000000027,47.368421052631575
7613,154.58020000000002,4.357599999999991,54.88721804511278
7614,114.73549999999997,6.173600000000022,49.62406015037594
7615,64.09610000000006,6.573300000000003,39.849624060150376
7616,122.47059999999999,8.548300000000012,55.639097744360896
7617,107.86940000000004,5.963400000000036,45.11278195488722
7618,133.2732,6.272700000000015,54.88721804511278
7619,99.42319999999995,7.452300000000037,47.368421052631575
7620,92.70600000000002,16.331499999999977,45.11278195488722
7621,107.89990000000003,6.6954000000000065,51.127819548872175
7622,122.07070000000002,7.572599999999994,53.383458646616546
7623,92.23749999999998,8.102099999999979,44.3609022556391
7624,102.26369999999994,14.089300000000009,51.127819548872175
7625,100.67029999999994,8.062600000000003,48.1203007518797
7626,101.85750000000007,6.479500000000002,48.1203007518797
7627,135.05569999999994,6.611699999999985,55.639097744360896
7628,132.2082,9.099499999999978,52.63157894736842
7629,80.27369999999996,11.537499999999966,41.35338345864661
7630,133.533,9.873400000000004,51.8796992481203
7631,132.01899999999992,6.321000000000026,54.13533834586466
7632,114.66319999999996,5.2742000000000075,46.616541353383454
7633,111.8629,6.9938999999999965,48.87218045112782
7634,98.28989999999999,10.017000000000024,48.1203007518797
7635,114.7464,7.203399999999988,44.3609022556391
7636,121.84809999999993,7.549400000000006,46.616541353383454
7637,117.40010000000001,6.123299999999972,45.86466165413533
7638,153.3447,5.925799999999995,57.14285714285714
7639,195.67520000000002,5.1292000000000115,57.14285714285714
7640,115.32829999999996,7.402000000000015,50.37593984962406
7641,107.00940000000003,4.863900000000001,54.13533834586466
7642,100.03699999999998,10.352699999999999,49.62406015037594
7643,153.96809999999996,6.007999999999996,55.639097744360896
7644,153.28029999999995,3.9872000000000014,53.383458646616546
7645,100.74030000000005,10.063199999999995,45.86466165413533
7646,111.9527,8.146400000000028,45.86466165413533
7647,104.6644,5.090499999999992,51.8796992481203
7648,154.1831000000001,9.674299999999988,54.88721804511278
7649,156.61930000000007,5.031000000000006,57.14285714285714
7650,48.06950000000003,9.11239999999998,38.34586466165413
7651,115.13659999999999,5.520099999999985,48.87218045112782
7652,103.41219999999998,7.010400000000004,49.62406015037594
7653,114.88579999999999,7.07950000000001,49.62406015037594
7654,102.45769999999999,7.628599999999977,48.1203007518797
7655,115.11430000000007,7.078299999999999,45.86466165413533
7656,104.36290000000002,7.864899999999992,49.62406015037594
7657,101.43379999999999,7.2076999999999884,44.3609022556391
7658,131.50759999999997,5.558099999999996,51.127819548872175
7659,130.72979999999995,7.8677000000000135,50.37593984962406
7660,123.6719,6.192200000000014,46.616541353383454
7661,49.04879999999997,18.105500000000006,47.368421052631575
7662,125.75799999999995,8.039000000000001,54.13533834586466
7663,102.99430000000001,6.149599999999992,46.616541353383454
7664,114.46249999999998,5.770999999999987,54.88721804511278
7665,129.60039999999998,6.570100000000011,48.1203007518797
7666,135.24069999999995,8.516199999999998,52.63157894736842
7667,142.0977,10.046999999999997,55.639097744360896
7668,82.42059999999998,9.583699999999965,45.86466165413533
7669,152.2271,4.973600000000005,51.8796992481203
7670,86.9264,11.919700000000006,45.86466165413533
7671,100.32039999999995,5.537700000000029,43.609022556390975
7672,117.41319999999996,9.785700000000006,49.62406015037594
7673,135.28339999999994,7.851399999999998,51.127819548872175
7674,123.01770000000005,10.731800000000021,47.368421052631575
7675,114.59989999999999,7.111400000000003,51.8796992481203
7676,125.35810000000001,6.696899999999999,53.383458646616546
7677,131.6828,9.481899999999996,49.62406015037594
7678,116.11009999999999,8.730899999999991,49.62406015037594
7679,165.74959999999987,7.3474000000000075,54.88721804511278
7680,74.46570000000003,8.581099999999992,44.3609022556391
7681,127.94729999999993,7.081999999999994,52.63157894736842
7682,114.06519999999995,7.973799999999983,48.1203007518797
7683,114.58969999999994,9.45580000000001,49.62406015037594
7684,116.7473,7.765799999999999,47.368421052631575
7685,112.3315,8.642399999999995,45.11278195488722
7686,116.6694,6.600500000000011,52.63157894736842
7687,122.87699999999995,9.845199999999977,48.87218045112782
7688,117.3852,7.150000000000006,45.86466165413533
7689,106.80719999999997,8.974100000000021,44.3609022556391
7690,141.1185,7.465599999999995,51.127819548872175
7691,107.1026,6.450400000000002,47.368421052631575
7692,147.886,6.938700000000011,54.13533834586466
7693,137.7327,3.6736999999999966,51.8796992481203
7694,144.97300000000007,7.592199999999991,55.639097744360896
7695,110.4127,3.856599999999986,51.127819548872175
7696,77.36339999999996,8.258100000000013,46.616541353383454
7697,143.3946,6.209300000000013,53.383458646616546
7698,125.18759999999997,7.39409999999998,50.37593984962406
7699,130.12339999999995,9.282399999999996,49.62406015037594
7700,102.27139999999997,9.258899999999997,45.86466165413533
7701,119.59259999999995,13.872500000000002,53.383458646616546
7702,78.7758,6.930500000000023,48.87218045112782
7703,132.14389999999995,4.758200000000016,54.88721804511278
7704,87.72019999999998,12.586700000000008,48.1203007518797
7705,177.2724,6.972699999999975,58.64661654135338
7706,121.40609999999998,7.869,50.37593984962406
7707,78.21749999999997,10.234100000000012,45.11278195488722
7708,113.18939999999992,7.510900000000021,53.383458646616546
7709,72.0762,11.811799999999977,46.616541353383454
7710,108.08999999999997,20.589200000000005,48.87218045112782
7711,79.83539999999999,11.381799999999998,46.616541353383454
7712,131.45369999999997,7.82080000000002,49.62406015037594
7713,99.9872,4.962099999999992,45.11278195488722
7714,168.16090000000008,5.976399999999998,56.390977443609025
7715,122.10999999999996,8.590699999999998,46.616541353383454
7716,118.78849999999991,4.95229999999998,48.87218045112782
7717,112.57330000000002,6.938500000000005,51.8796992481203
7718,55.047600000000045,9.974199999999996,43.609022556390975
7719,114.19510000000002,7.4798999999999864,51.8796992481203
7720,137.9356,4.746900000000011,49.62406015037594
7721,94.31900000000002,7.898499999999984,48.1203007518797
7722,147.82049999999998,11.478200000000015,56.390977443609025
7723,84.983,5.976399999999998,55.639097744360896
7724,110.19379999999998,8.172300000000007,45.86466165413533
7725,119.59970000000001,9.582799999999992,51.8796992481203
7726,94.88829999999996,6.518000000000001,51.8796992481203
7727,114.9169,12.168200000000013,48.1203007518797
7728,143.66270000000003,8.941800000000029,50.37593984962406
7729,133.13200000000003,5.635799999999989,48.1203007518797
7730,125.6952,9.284899999999993,51.127819548872175
7731,109.27680000000004,9.802700000000016,57.14285714285714
7732,139.8248,12.445700000000045,54.88721804511278
7733,121.05989999999997,5.857100000000003,54.13533834586466
7734,113.49089999999998,5.019800000000004,49.62406015037594
7735,108.06039999999999,7.234000000000009,50.37593984962406
7736,157.77430000000004,7.7076999999999884,53.383458646616546
7737,181.08190000000002,4.5686000000000035,57.89473684210527
7738,130.59720000000002,8.276600000000002,51.8796992481203
7739,156.3515999999999,8.33080000000001,54.13533834586466
7740,115.0847,7.889500000000027,51.127819548872175
7741,46.130600000000015,15.965099999999978,42.10526315789473
7742,132.9317,5.432099999999991,52.63157894736842
7743,120.44899999999998,5.8108,47.368421052631575
7744,119.92469999999997,7.774900000000002,48.87218045112782
7745,137.74509999999995,10.88669999999999,49.62406015037594
7746,122.04410000000007,7.28389999999996,49.62406015037594
7747,87.59679999999997,7.659499999999994,48.87218045112782
7748,89.98910000000001,18.262699999999995,47.368421052631575
7749,107.90379999999999,6.408599999999993,48.1203007518797
7750,138.25659999999996,8.4572,51.127819548872175
7751,116.03209999999993,11.43810000000002,50.37593984962406
7752,132.9056,4.47120000000001,54.13533834586466
7753,95.41679999999997,8.732700000000023,45.86466165413533
7754,169.17790000000002,7.927199999999999,52.63157894736842
7755,151.7926,6.380999999999972,54.88721804511278
7756,111.5444,7.5201000000000136,43.609022556390975
7757,92.39999999999998,11.243799999999993,45.86466165413533
7758,165.03650000000005,4.047499999999999,56.390977443609025
7759,57.82660000000001,13.125,39.849624060150376
7760,157.86829999999998,5.065600000000018,52.63157894736842
7761,95.78630000000004,5.599500000000006,44.3609022556391
7762,95.96999999999994,8.642300000000006,52.63157894736842
7763,151.42,4.4406999999999925,57.89473684210527
7764,115.5257,9.6186,51.8796992481203
7765,133.3924,6.510400000000004,57.14285714285714
7766,114.47020000000003,6.291000000000011,48.1203007518797
7767,141.48760000000001,8.199299999999994,55.639097744360896
7768,102.40729999999996,9.702400000000011,45.11278195488722
7769,110.67259999999999,10.721699999999998,48.1203007518797
7770,127.01269999999997,12.548000000000002,57.89473684210527
7771,123.79079999999993,7.229699999999994,52.63157894736842
7772,105.14629999999994,8.63930000000002,51.8796992481203
7773,119.91709999999995,9.076400000000007,48.87218045112782
7774,85.67439999999999,8.185000000000002,48.1203007518797
7775,87.12680000000003,8.884000000000015,43.609022556390975
7776,122.91370000000003,8.365400000000022,56.390977443609025
7777,137.28899999999996,9.665899999999993,54.13533834586466
7778,130.0891,5.441599999999994,51.127819548872175
7779,147.33999999999997,9.928500000000042,54.13533834586466
7780,113.22199999999995,10.766699999999986,51.8796992481203
7781,97.91929999999999,9.583600000000018,48.1203007518797
7782,78.28419999999997,8.894800000000004,47.368421052631575
7783,112.44049999999999,7.345100000000002,49.62406015037594
7784,143.87159999999992,6.953300000000013,53.383458646616546
7785,85.744,16.0231,44.3609022556391
7786,99.55490000000003,5.892099999999999,45.86466165413533
7787,156.57030000000003,4.748799999999989,57.89473684210527
7788,148.219,8.98230000000001,55.639097744360896
7789,88.01569999999992,12.245300000000015,44.3609022556391
7790,112.35390000000004,6.834800000000001,44.3609022556391
7791,152.18249999999998,11.634699999999981,54.13533834586466
7792,121.00799999999998,5.759899999999988,47.368421052631575
7793,131.92440000000005,5.849100000000007,52.63157894736842
7794,134.02089999999998,5.803500000000014,54.88721804511278
7795,147.5696,8.199000000000012,60.902255639097746
7796,115.04950000000002,7.239600000000024,49.62406015037594
7797,185.09199999999998,9.291799999999967,57.14285714285714
7798,103.60819999999998,5.809699999999992,46.616541353383454
7799,117.89439999999996,9.085199999999986,54.13533834586466
7800,81.45500000000004,9.357500000000002,45.11278195488722
7801,163.77239999999995,5.633299999999963,57.89473684210527
7802,118.37559999999993,7.356599999999986,45.86466165413533
7803,132.56919999999994,5.304000000000002,48.1203007518797
7804,53.70380000000003,6.483800000000002,37.59398496240601
7805,97.92690000000005,6.789099999999962,48.1203007518797
7806,101.71819999999994,6.4033000000000015,50.37593984962406
7807,105.13619999999992,11.049800000000005,47.368421052631575
7808,151.47959999999998,7.463599999999985,56.390977443609025
7809,110.64780000000005,6.147100000000023,47.368421052631575
7810,112.5959,6.236699999999999,48.1203007518797
7811,112.27779999999993,9.711199999999991,51.8796992481203
7812,93.39670000000001,13.437600000000003,44.3609022556391
7813,146.64560000000006,5.6644000000000005,58.64661654135338
7814,98.00989999999999,6.637000000000029,50.37593984962406
7815,82.58919999999995,8.351500000000044,41.35338345864661
7816,103.88459999999995,7.2714,52.63157894736842
7817,158.40860000000004,7.656599999999969,53.383458646616546
7818,84.66750000000002,11.0043,44.3609022556391
7819,127.52280000000002,8.99339999999998,50.37593984962406
7820,101.34249999999997,9.914800000000014,45.86466165413533
7821,100.92120000000006,8.375900000000001,44.3609022556391
7822,147.23239999999996,4.636499999999998,51.8796992481203
7823,122.32309999999995,8.62700000000001,47.368421052631575
7824,66.40820000000002,8.225900000000024,43.609022556390975
7825,99.33560000000003,11.332700000000003,52.63157894736842
7826,121.46449999999996,10.871399999999994,45.86466165413533
7827,120.08329999999992,5.71929999999999,48.87218045112782
7828,99.80000000000001,7.354700000000008,52.63157894736842
7829,134.29279999999994,6.800999999999988,53.383458646616546
7830,107.68949999999995,5.533699999999996,48.1203007518797
7831,103.02880000000002,8.764099999999985,49.62406015037594
7832,140.58089999999999,5.769900000000007,57.89473684210527
7833,120.12629999999996,7.678299999999979,48.87218045112782
7834,156.07029999999997,6.416299999999978,57.89473684210527
7835,123.82489999999996,5.742899999999992,48.87218045112782
7836,132.59290000000007,7.1200000000000045,50.37593984962406
7837,152.9923,6.51509999999999,53.383458646616546
7838,94.47619999999998,8.985600000000005,48.87218045112782
7839,97.43159999999992,6.871600000000029,49.62406015037594
7840,188.49670000000003,7.752599999999916,61.65413533834586
7841,111.01600000000002,4.565599999999989,48.87218045112782
7842,83.90450000000004,12.12360000000001,48.1203007518797
7843,146.16809999999995,5.091399999999993,57.14285714285714
7844,114.64669999999995,7.390699999999981,42.857142857142854
7845,157.21550000000002,5.871099999999998,52.63157894736842
7846,100.03829999999999,9.53279999999998,48.1203007518797
7847,86.09639999999999,10.773899999999998,41.35338345864661
7848,150.54310000000004,10.5231,48.87218045112782
7849,160.2831,4.953000000000003,55.639097744360896
7850,145.07359999999994,4.192599999999999,54.13533834586466
7851,132.53369999999995,5.861700000000013,54.88721804511278
7852,140.20729999999998,6.906900000000007,56.390977443609025
7853,158.65909999999997,4.707599999999985,58.64661654135338
7854,125.38959999999997,7.6524000000000285,46.616541353383454
7855,115.9382,10.059499999999986,45.11278195488722
7856,108.84179999999998,11.111199999999997,48.1203007518797
7857,150.63039999999998,7.714100000000002,50.37593984962406
7858,72.34140000000002,12.645600000000002,42.857142857142854
7859,95.2287,7.837100000000007,50.37593984962406
7860,100.04820000000001,5.50830000000002,42.10526315789473
7861,104.37430000000003,4.7468000000000075,51.8796992481203
7862,139.30369999999994,5.6562000000000126,51.127819548872175
7863,143.71299999999997,6.1954000000000065,53.383458646616546
7864,101.56819999999999,11.823600000000013,50.37593984962406
7865,132.17759999999996,6.131500000000017,49.62406015037594
7866,117.76009999999997,11.049800000000005,45.86466165413533
7867,149.56189999999992,4.2701999999999884,52.63157894736842
7868,133.53340000000003,7.68210000000002,53.383458646616546
7869,127.80069999999998,7.034700000000001,54.13533834586466
7870,104.14149999999998,13.015199999999993,48.1203007518797
7871,130.8376,7.6754999999999995,50.37593984962406
7872,143.40750000000003,6.542599999999993,52.63157894736842
7873,115.04379999999998,7.227000000000032,51.127819548872175
7874,116.56130000000002,4.034800000000004,57.14285714285714
7875,110.24009999999998,6.994799999999998,48.1203007518797
7876,87.6269,11.144800000000004,42.10526315789473
7877,101.66369999999995,8.160899999999998,46.616541353383454
7878,113.18910000000002,7.256799999999998,49.62406015037594
7879,159.38,7.34190000000001,52.63157894736842
7880,135.9272,7.515100000000018,56.390977443609025
7881,131.92659999999995,12.921599999999984,53.383458646616546
7882,147.78179999999998,5.775199999999984,54.13533834586466
7883,111.29919999999998,8.275999999999982,50.37593984962406
7884,96.79630000000003,6.027399999999972,49.62406015037594
7885,133.40090000000004,5.383899999999983,52.63157894736842
7886,92.71780000000001,8.374700000000004,48.1203007518797
7887,181.86460000000005,4.255800000000022,62.40601503759399
7888,123.98499999999996,8.660200000000003,51.127819548872175
7889,116.62599999999998,7.130599999999987,48.1203007518797
7890,125.5003999999999,4.441699999999997,48.1203007518797
7891,98.94089999999994,10.736899999999991,45.86466165413533
7892,106.6474,9.442499999999995,50.37593984962406
7893,84.05659999999997,8.995100000000036,45.86466165413533
7894,116.50010000000003,9.4906,54.13533834586466
7895,97.61789999999996,9.456000000000017,45.86466165413533
7896,167.32459999999992,6.129600000000011,56.390977443609025
7897,141.8904,7.5896999999999935,51.127819548872175
7898,118.74709999999993,8.420999999999992,48.87218045112782
7899,108.45759999999996,7.666899999999998,48.87218045112782
7900,159.92860000000002,5.084199999999981,54.13533834586466
7901,163.70189999999997,5.793399999999991,50.37593984962406
7902,129.0113,6.209300000000013,54.88721804511278
7903,118.36500000000001,9.49920000000003,51.127819548872175
7904,106.55299999999994,5.051400000000001,53.383458646616546
7905,120.29380000000003,8.062699999999978,53.383458646616546
7906,176.10190000000006,9.385900000000007,59.3984962406015
7907,156.85460000000012,5.979799999999983,57.14285714285714
7908,130.57279999999997,6.152600000000007,54.88721804511278
7909,131.95749999999998,6.702799999999996,51.8796992481203
7910,119.22099999999995,7.971899999999977,51.127819548872175
7911,149.55790000000007,6.4225999999999885,51.8796992481203
7912,179.79420000000005,4.7056999999999505,59.3984962406015
7913,73.1439,7.672900000000013,45.11278195488722
7914,139.5306,5.267300000000006,51.8796992481203
7915,87.62079999999995,10.618399999999994,47.368421052631575
7916,152.503,4.815299999999979,56.390977443609025
7917,94.97420000000005,7.511300000000006,49.62406015037594
7918,120.87610000000001,7.152000000000015,53.383458646616546
7919,120.41489999999993,7.801100000000005,48.1203007518797
7920,169.0661,5.775199999999984,52.63157894736842
7921,96.81189999999998,8.039699999999982,50.37593984962406
7922,134.10379999999995,7.153500000000008,51.127819548872175
7923,90.90679999999998,7.966500000000011,42.857142857142854
7924,113.5282,9.53949999999999,51.8796992481203
7925,127.41380000000001,6.665999999999997,49.62406015037594
7926,143.757,12.268499999999989,58.64661654135338
7927,143.8079,7.109199999999987,52.63157894736842
7928,108.37939999999995,7.412199999999984,49.62406015037594
7929,157.48739999999998,6.650100000000009,53.383458646616546
7930,105.07220000000001,6.112200000000001,46.616541353383454
7931,128.36939999999998,6.125699999999995,54.88721804511278
7932,85.81279999999998,8.573199999999986,47.368421052631575
7933,157.85710000000006,4.687299999999993,55.639097744360896
7934,117.53960000000001,5.735799999999983,51.8796992481203
7935,123.07499999999996,10.852800000000002,52.63157894736842
7936,126.77169999999995,4.79159999999996,49.62406015037594
7937,149.62419999999995,5.46550000000002,57.89473684210527
7938,57.505799999999965,9.164100000000005,46.616541353383454
7939,148.7818000000001,5.610800000000012,56.390977443609025
7940,108.91459999999995,5.983400000000017,49.62406015037594
7941,126.26309999999995,8.718700000000013,54.88721804511278
7942,90.55420000000001,11.477499999999992,52.63157894736842
7943,113.01869999999997,7.163799999999981,53.383458646616546
7944,181.46929999999998,6.1480999999999995,60.150375939849624
7945,111.8288,15.268799999999999,54.13533834586466
7946,82.745,13.593000000000018,42.10526315789473
7947,82.49260000000004,9.147400000000005,45.11278195488722
7948,121.66219999999998,7.750800000000012,48.87218045112782
7949,110.30109999999996,4.6591999999999985,52.63157894736842
7950,125.14340000000001,6.2265000000000015,45.86466165413533
7951,148.3787,4.6100999999999885,57.14285714285714
7952,143.5702,5.861699999999985,54.88721804511278
7953,88.392,6.138599999999997,47.368421052631575
7954,120.33179999999996,9.153800000000004,53.383458646616546
7955,105.17919999999998,6.480199999999982,51.8796992481203
7956,130.75269999999998,7.448299999999989,54.88721804511278
7957,107.27670000000003,10.109099999999984,48.1203007518797
7958,106.09939999999997,9.534800000000004,51.127819548872175
7959,118.64289999999994,7.0335999999999785,46.616541353383454
7960,121.76549999999997,5.052099999999996,48.87218045112782
7961,97.04339999999996,9.18810000000002,48.1203007518797
7962,115.30599999999993,7.392400000000009,51.127819548872175
7963,109.22409999999996,6.051400000000001,46.616541353383454
7964,94.39059999999995,6.72350000000003,43.609022556390975
7965,117.9416,6.889700000000005,46.616541353383454
7966,113.00129999999996,9.316900000000032,51.8796992481203
7967,96.85300000000004,8.669100000000014,48.1203007518797
7968,130.4497,5.772300000000001,51.8796992481203
7969,171.17239999999993,5.316700000000026,56.390977443609025
7970,95.56620000000004,11.94659999999999,45.11278195488722
7971,110.102,5.497399999999999,45.86466165413533
7972,91.84630000000004,8.864299999999957,47.368421052631575
7973,104.09480000000002,8.189800000000005,42.857142857142854
7974,51.34010000000001,8.1177,36.84210526315789
7975,41.446199999999976,10.583799999999997,36.84210526315789
7976,110.90010000000001,7.180700000000002,48.1203007518797
7977,99.84870000000001,10.700500000000005,47.368421052631575
7978,132.97350000000006,5.773799999999994,48.1203007518797
7979,82.94210000000001,5.5264000000000095,45.86466165413533
7980,72.46609999999998,8.126000000000005,40.6015037593985
7981,144.1831,4.908500000000004,58.64661654135338
7982,130.63340000000005,6.666899999999998,54.88721804511278
7983,144.34680000000006,6.231599999999929,53.383458646616546
7984,155.16830000000004,7.946200000000005,57.14285714285714
7985,175.62800000000004,6.8238999999999805,62.40601503759399
7986,49.71350000000001,13.882599999999996,39.849624060150376
7987,114.07779999999997,5.404000000000025,53.383458646616546
7988,120.76610000000002,6.987899999999968,51.8796992481203
7989,113.23750000000001,6.0874999999999915,48.1203007518797
7990,133.62719999999996,7.901299999999992,54.13533834586466
7991,139.48979999999997,7.282300000000021,53.383458646616546
7992,121.74199999999996,9.781800000000004,53.383458646616546
7993,102.33499999999998,8.192700000000002,45.11278195488722
7994,110.71869999999996,8.350099999999998,49.62406015037594
7995,114.26869999999997,7.354199999999992,49.62406015037594
7996,133.0109,6.38069999999999,53.383458646616546
7997,156.74,6.114700000000013,54.13533834586466
7998,103.06749999999997,6.029100000000028,47.368421052631575
7999,130.0404,5.3426000000000045,51.127819548872175
8000,115.50200000000007,7.1477,50.37593984962406
8001,123.72409999999996,7.049700000000001,49.62406015037594
8002,144.46779999999998,8.773499999999984,58.64661654135338
8003,157.72450000000003,8.776600000000002,55.639097744360896
8004,77.9032,9.386600000000016,41.35338345864661
8005,179.81990000000013,7.078700000000026,56.390977443609025
8006,97.31089999999995,11.207300000000004,47.368421052631575
8007,104.38869999999991,6.5593000000000075,51.8796992481203
8008,71.9522,12.926899999999975,42.857142857142854
8009,138.94090000000003,7.644400000000019,53.383458646616546
8010,117.89609999999996,10.640100000000004,49.62406015037594
8011,118.80790000000002,7.0552000000000135,48.1203007518797
8012,104.77789999999999,6.532300000000021,47.368421052631575
8013,114.46869999999996,4.996200000000016,48.1203007518797
8014,65.11879999999996,12.411300000000011,43.609022556390975
8015,139.95029999999994,7.9589,54.13533834586466
8016,68.12469999999999,7.025299999999987,45.11278195488722
8017,100.9862,9.433400000000006,45.11278195488722
8018,164.47900000000004,7.6924999999999955,58.64661654135338
8019,108.22999999999993,9.319000000000017,50.37593984962406
8020,117.99239999999998,7.070899999999995,45.86466165413533
8021,76.5866,7.202200000000005,42.857142857142854
8022,98.54179999999997,7.088999999999999,42.10526315789473
8023,91.75929999999994,7.599800000000002,51.127819548872175
8024,130.83089999999999,5.184899999999999,51.8796992481203
8025,118.01869999999994,9.731300000000005,48.1203007518797
8026,127.37599999999998,5.6347999999999985,48.1203007518797
8027,76.42229999999998,5.738599999999991,48.87218045112782
8028,120.81739999999996,5.121000000000009,52.63157894736842
8029,112.11759999999998,7.73090000000002,54.13533834586466
8030,136.7089,6.574600000000004,52.63157894736842
8031,116.10449999999997,10.565300000000008,49.62406015037594
8032,152.30869999999996,8.117000000000019,53.383458646616546
8033,123.81990000000002,8.734099999999984,51.8796992481203
8034,109.67729999999995,8.658899999999988,48.1203007518797
8035,90.81119999999999,13.141100000000023,51.127819548872175
8036,114.78359999999995,7.522899999999993,52.63157894736842
8037,155.9894,4.194000000000017,55.639097744360896
8038,162.89210000000003,5.192900000000009,59.3984962406015
8039,170.06349999999998,6.203400000000016,55.639097744360896
8040,96.54140000000001,8.700299999999999,50.37593984962406
8041,128.53119999999996,7.018200000000007,54.13533834586466
8042,128.79179999999994,7.670699999999982,51.8796992481203
8043,158.88880000000006,5.3004999999999995,53.383458646616546
8044,102.8263,9.120599999999996,51.127819548872175
8045,123.53999999999996,6.906100000000009,48.1203007518797
8046,122.94169999999997,4.572599999999994,51.8796992481203
8047,184.36559999999992,4.525099999999952,60.150375939849624
8048,106.21159999999992,6.477599999999995,45.11278195488722
8049,143.1025,5.359399999999994,55.639097744360896
8050,133.35659999999996,7.849000000000018,57.14285714285714
8051,155.43299999999996,4.424299999999988,50.37593984962406
8052,89.57469999999995,8.211300000000023,45.86466165413533
8053,133.24280000000005,5.111999999999966,52.63157894736842
8054,101.04900000000004,10.909899999999993,48.1203007518797
8055,111.23959999999994,6.030099999999976,49.62406015037594
8056,130.2337,8.160699999999991,49.62406015037594
8057,130.39789999999996,6.856900000000024,52.63157894736842
8058,111.19979999999995,11.26890000000003,45.86466165413533
8059,123.1839,6.86760000000001,57.89473684210527
8060,98.89829999999995,8.747799999999984,43.609022556390975
8061,77.23340000000002,10.48169999999999,48.1203007518797
8062,136.13619999999995,5.647199999999998,53.383458646616546
8063,117.3211,6.189199999999971,53.383458646616546
8064,144.77650000000003,6.629000000000019,51.127819548872175
8065,115.565,6.992800000000017,52.63157894736842
8066,132.28109999999995,7.3674000000000035,49.62406015037594
8067,115.87979999999996,5.463300000000004,51.127819548872175
8068,92.65199999999999,9.0749,45.86466165413533
8069,118.83370000000005,7.346599999999995,51.8796992481203
8070,104.12559999999999,8.487399999999994,51.8796992481203
8071,105.95289999999997,7.0385000000000275,51.127819548872175
8072,160.17759999999998,5.524699999999996,59.3984962406015
8073,130.1426,4.564400000000006,56.390977443609025
8074,110.79609999999997,8.484400000000022,50.37593984962406
8075,135.09029999999998,9.870900000000006,54.13533834586466
8076,114.32619999999997,9.773299999999978,51.8796992481203
8077,97.11879999999996,7.787099999999981,48.1203007518797
8078,136.57909999999998,4.394200000000012,54.88721804511278
8079,90.16570000000002,8.20029999999997,46.616541353383454
8080,188.99930000000012,5.510099999999994,59.3984962406015
8081,150.38909999999993,5.266199999999998,53.383458646616546
8082,125.48699999999997,7.1817999999999955,53.383458646616546
8083,132.72639999999996,8.864299999999986,50.37593984962406
8084,97.8613,9.812399999999997,47.368421052631575
8085,139.22899999999998,8.137,55.639097744360896
8086,152.0627000000001,8.804200000000009,53.383458646616546
8087,101.505,12.860200000000006,42.10526315789473
8088,78.50139999999996,12.860500000000002,42.10526315789473
8089,106.51569999999992,9.092099999999988,45.86466165413533
8090,79.83839999999998,10.854900000000043,45.11278195488722
8091,131.64899999999994,5.736000000000047,48.87218045112782
8092,86.34559999999999,10.314899999999994,47.368421052631575
8093,163.1123,8.478499999999997,56.390977443609025
8094,188.90949999999998,4.438299999999998,60.150375939849624
8095,130.4948,5.635600000000011,54.88721804511278
8096,111.60239999999993,7.006599999999992,52.63157894736842
8097,101.64509999999999,10.084400000000016,49.62406015037594
8098,95.54520000000005,6.508600000000001,48.1203007518797
8099,88.92669999999998,14.47699999999999,41.35338345864661
8100,131.46209999999988,6.370599999999996,54.88721804511278
8101,72.23829999999998,6.730499999999978,42.857142857142854
8102,108.29599999999996,11.264300000000006,41.35338345864661
8103,93.05119999999997,5.2727,52.63157894736842
8104,82.64280000000002,9.294900000000013,48.1203007518797
8105,129.39290000000003,6.3230000000000075,52.63157894736842
8106,93.34449999999998,6.801000000000002,50.37593984962406
8107,124.46030000000002,6.27770000000001,56.390977443609025
8108,137.37810000000002,6.799199999999985,54.88721804511278
8109,112.8748,8.107100000000003,54.88721804511278
8110,136.26720000000003,8.397599999999997,53.383458646616546
8111,130.33829999999998,6.906000000000006,51.8796992481203
8112,88.5197,10.715999999999994,42.857142857142854
8113,99.9282,6.976599999999991,44.3609022556391
8114,88.91460000000001,5.547700000000006,48.1203007518797
8115,126.95330000000001,6.47059999999999,54.13533834586466
8116,104.45409999999998,7.654399999999995,43.609022556390975
8117,133.02810000000005,6.65379999999999,49.62406015037594
8118,126.61939999999998,4.045200000000008,58.64661654135338
8119,142.01419999999996,8.8459,52.63157894736842
8120,114.58999999999989,7.023799999999994,48.1203007518797
8121,115.5096,6.969799999999964,53.383458646616546
8122,122.36950000000002,10.197699999999998,44.3609022556391
8123,151.4878,12.261799999999994,54.13533834586466
8124,165.23240000000004,7.910399999999996,56.390977443609025
8125,104.68240000000003,8.957799999999992,46.616541353383454
8126,146.859,8.096299999999985,57.89473684210527
8127,110.3703999999999,8.3292,47.368421052631575
8128,152.295,8.86960000000002,51.127819548872175
8129,103.74019999999996,11.217299999999994,47.368421052631575
8130,142.93790000000004,7.041799999999995,56.390977443609025
8131,142.90239999999991,5.730099999999993,53.383458646616546
8132,108.33769999999996,9.222600000000014,45.11278195488722
8133,130.6223,9.408199999999994,48.1203007518797
8134,95.75880000000001,8.459300000000013,46.616541353383454
8135,93.18239999999997,10.885199999999998,46.616541353383454
8136,126.3731,8.374600000000015,45.86466165413533
8137,112.96259999999995,8.403899999999993,49.62406015037594
8138,146.42579999999995,8.869800000000012,51.8796992481203
8139,121.01429999999999,4.100999999999999,51.127819548872175
8140,116.44189999999998,7.047999999999973,48.1203007518797
8141,112.49300000000002,7.456400000000002,51.8796992481203
8142,126.82479999999998,8.0762,46.616541353383454
8143,90.05079999999998,8.72580000000005,41.35338345864661
8144,137.34579999999997,6.325799999999987,54.13533834586466
8145,108.11649999999997,8.327399999999983,47.368421052631575
8146,95.89109999999994,12.055900000000008,46.616541353383454
8147,121.69149999999996,8.907100000000014,51.127819548872175
8148,114.40559999999994,6.065599999999989,52.63157894736842
8149,80.30070000000006,15.184299999999979,47.368421052631575
8150,121.63910000000001,7.145099999999985,52.63157894736842
8151,144.21549999999996,6.071300000000008,50.37593984962406
8152,150.58639999999997,5.4188000000000045,56.390977443609025
8153,116.90659999999994,8.8399,51.8796992481203
8154,87.21560000000002,9.700999999999965,43.609022556390975
8155,97.42629999999997,7.733799999999988,48.87218045112782
8156,136.534,6.839499999999987,52.63157894736842
8157,103.8553,14.103199999999987,48.87218045112782
8158,133.05059999999995,5.404700000000005,48.1203007518797
8159,104.60519999999997,8.092800000000011,49.62406015037594
8160,90.61469999999997,10.425900000000013,44.3609022556391
8161,75.27539999999999,16.20320000000001,46.616541353383454
8162,115.86039999999997,9.961899999999986,53.383458646616546
8163,122.74789999999993,6.549599999999998,48.87218045112782
8164,149.16139999999993,6.366299999999995,54.13533834586466
8165,81.97960000000003,10.76120000000003,42.857142857142854
8166,91.37019999999998,10.411999999999992,43.609022556390975
8167,120.23399999999992,5.396199999999993,48.87218045112782
8168,66.12720000000002,11.484800000000007,41.35338345864661
8169,114.34419999999997,9.145600000000002,52.63157894736842
8170,112.65729999999996,9.227200000000039,49.62406015037594
8171,116.77699999999999,7.612799999999993,48.1203007518797
8172,144.6308,5.65440000000001,55.639097744360896
8173,95.25750000000002,17.084599999999995,47.368421052631575
8174,118.31379999999996,5.504100000000008,51.8796992481203
8175,106.09880000000001,5.971600000000009,51.8796992481203
8176,108.94739999999996,6.627299999999991,48.1203007518797
8177,190.39379999999994,8.091800000000006,62.40601503759399
8178,110.51210000000003,6.8673,53.383458646616546
8179,124.10179999999997,6.638699999999986,51.8796992481203
8180,121.02659999999997,7.0548,50.37593984962406
8181,108.11709999999994,8.495200000000011,51.8796992481203
8182,140.73479999999995,6.895499999999998,51.8796992481203
8183,105.96639999999996,8.7988,52.63157894736842
8184,125.05059999999997,5.150799999999975,51.8796992481203
8185,145.12929999999997,4.9056999999999675,52.63157894736842
8186,124.39360000000002,8.020800000000008,54.88721804511278
8187,155.8822,4.488500000000016,52.63157894736842
8188,110.88349999999994,6.986400000000003,56.390977443609025
8189,95.68539999999996,7.1340000000000146,45.86466165413533
8190,125.83459999999997,6.4920999999999935,51.127819548872175
8191,70.9667,14.770200000000003,45.86466165413533
8192,119.70419999999996,8.161100000000005,52.63157894736842
8193,102.34190000000001,10.713499999999982,48.1203007518797
8194,124.9292999999999,6.546800000000019,45.11278195488722
8195,113.98179999999996,7.079499999999996,46.616541353383454
8196,144.61309999999992,5.6614,53.383458646616546
8197,128.49269999999996,4.751599999999996,51.8796992481203
8198,122.93069999999994,6.112600000000015,51.127819548872175
8199,106.12799999999999,16.008499999999998,48.87218045112782
8200,118.74920000000003,5.909599999999983,45.86466165413533
8201,128.6022,7.034400000000005,48.1203007518797
8202,121.0378,9.402500000000032,46.616541353383454
8203,119.79059999999998,11.243800000000022,48.1203007518797
8204,136.93179999999992,8.210199999999986,51.127819548872175
8205,112.42210000000003,5.329999999999998,49.62406015037594
8206,109.92739999999998,8.68640000000002,47.368421052631575
8207,87.07009999999994,9.222899999999996,48.87218045112782
8208,135.663,9.1053,51.127819548872175
8209,123.80289999999997,5.814400000000006,51.8796992481203
8210,111.31210000000004,9.16919999999999,53.383458646616546
8211,103.20989999999998,13.184999999999988,48.1203007518797
8212,179.90659999999997,6.142899999999997,62.40601503759399
8213,151.68900000000002,5.823899999999995,55.639097744360896
8214,133.33810000000005,6.679699999999997,57.89473684210527
8215,98.4742,12.194999999999993,48.87218045112782
8216,126.79969999999992,6.1451999999999884,51.8796992481203
8217,113.67230000000006,4.238099999999989,50.37593984962406
8218,120.65829999999997,6.975500000000011,51.127819548872175
8219,154.88250000000005,4.811099999999996,52.63157894736842
8220,89.50549999999993,6.740600000000001,43.609022556390975
8221,159.54370000000006,5.982399999999998,58.64661654135338
8222,114.1779,5.661000000000001,51.127819548872175
8223,120.18559999999994,4.69459999999998,49.62406015037594
8224,112.49520000000001,5.657200000000003,51.127819548872175
8225,128.70729999999995,5.452500000000015,50.37593984962406
8226,68.21040000000005,10.280400000000014,44.3609022556391
8227,102.7047,9.684699999999992,49.62406015037594
8228,120.39150000000001,12.307500000000005,51.127819548872175
8229,141.61460000000005,5.721599999999995,49.62406015037594
8230,95.98679999999999,12.135799999999989,50.37593984962406
8231,156.05150000000003,6.1988999999999805,52.63157894736842
8232,102.87599999999998,8.363700000000023,49.62406015037594
8233,150.0766999999999,8.754400000000004,50.37593984962406
8234,155.94329999999997,4.978500000000011,54.88721804511278
8235,135.10849999999994,10.673100000000005,52.63157894736842
8236,112.95070000000004,8.367099999999994,50.37593984962406
8237,168.39829999999995,3.953300000000013,51.8796992481203
8238,129.3493,5.876499999999993,51.127819548872175
8239,78.3185,7.185000000000002,43.609022556390975
8240,137.92489999999998,5.793199999999999,56.390977443609025
8241,138.34449999999998,6.2149,52.63157894736842
8242,107.79019999999997,6.573099999999954,48.1203007518797
8243,109.69169999999997,6.410000000000025,48.1203007518797
8244,123.80609999999996,8.802800000000019,50.37593984962406
8245,62.799499999999995,9.243500000000012,42.10526315789473
8246,136.98870000000002,4.647100000000023,59.3984962406015
8247,145.99429999999995,7.876499999999993,55.639097744360896
8248,122.83789999999999,9.592199999999991,48.87218045112782
8249,143.27849999999992,6.768000000000001,53.383458646616546
8250,127.18409999999994,9.617499999999978,48.1203007518797
8251,131.6128,6.855199999999996,52.63157894736842
8252,116.75909999999999,6.537599999999998,48.87218045112782
8253,138.43749999999994,16.010200000000026,52.63157894736842
8254,132.99429999999995,15.955600000000004,49.62406015037594
8255,99.52659999999997,8.428600000000003,47.368421052631575
8256,93.58230000000003,11.114000000000004,46.616541353383454
8257,125.57000000000002,6.7327999999999975,51.8796992481203
8258,115.97189999999995,8.892300000000034,52.63157894736842
8259,136.57849999999996,7.950799999999958,50.37593984962406
8260,124.87810000000002,5.515199999999993,48.1203007518797
8261,147.12389999999996,5.524499999999989,57.14285714285714
8262,104.5103,7.933800000000019,50.37593984962406
8263,118.11059999999998,7.543899999999994,49.62406015037594
8264,136.35860000000002,5.1503999999999905,50.37593984962406
8265,162.77200000000005,4.379599999999996,56.390977443609025
8266,122.70609999999996,9.357099999999974,52.63157894736842
8267,158.22819999999996,6.291100000000029,59.3984962406015
8268,155.55870000000002,10.768100000000004,54.88721804511278
8269,149.5557000000001,6.450999999999993,55.639097744360896
8270,124.38179999999994,6.382499999999993,49.62406015037594
8271,98.41219999999998,10.820300000000032,47.368421052631575
8272,153.1671,5.558599999999984,52.63157894736842
8273,95.08279999999999,10.797100000000015,47.368421052631575
8274,100.58729999999997,6.769199999999998,51.8796992481203
8275,123.39829999999995,9.375499999999988,51.127819548872175
8276,126.53829999999996,5.5167,50.37593984962406
8277,144.6496999999999,6.559499999999986,54.88721804511278
8278,146.4323,8.941599999999994,53.383458646616546
8279,44.29770000000002,8.116400000000013,44.3609022556391
8280,117.61630000000002,6.203800000000001,48.87218045112782
8281,141.5583,4.955800000000011,52.63157894736842
8282,128.73309999999995,6.200699999999998,49.62406015037594
8283,97.0342,9.738900000000001,47.368421052631575
8284,186.77820000000003,5.585300000000004,59.3984962406015
8285,139.04690000000002,7.506,50.37593984962406
8286,46.96089999999998,9.386800000000008,35.338345864661655
8287,137.73059999999995,5.837400000000002,53.383458646616546
8288,106.45139999999998,7.877299999999991,46.616541353383454
8289,134.5562,7.249200000000002,51.127819548872175
8290,96.0469,6.753899999999987,45.86466165413533
8291,140.68270000000004,4.56159999999997,48.87218045112782
8292,51.548700000000025,16.591099999999997,34.58646616541353
8293,79.75559999999996,6.309400000000039,42.857142857142854
8294,135.96399999999997,5.613000000000028,58.64661654135338
8295,127.70399999999995,5.931500000000028,49.62406015037594
8296,109.47600000000003,10.694400000000002,52.63157894736842
8297,125.64319999999998,5.166399999999982,51.8796992481203
8298,96.23860000000002,12.6644,45.11278195488722
8299,87.27469999999997,8.609700000000004,49.62406015037594
8300,122.83640000000003,13.270700000000005,54.88721804511278
8301,157.17089999999996,5.877400000000023,55.639097744360896
8302,106.21979999999996,7.1813999999999965,51.8796992481203
8303,95.53249999999997,13.688600000000008,43.609022556390975
8304,97.12969999999996,11.029599999999988,51.127819548872175
8305,128.9482000000001,8.0522,52.63157894736842
8306,84.48419999999999,10.554699999999997,45.11278195488722
8307,98.80139999999997,6.183099999999996,48.1203007518797
8308,100.49099999999999,5.898599999999988,51.127819548872175
8309,87.60079999999994,6.638299999999987,46.616541353383454
8310,152.56839999999997,6.785900000000012,55.639097744360896
8311,122.70579999999995,9.027900000000017,55.639097744360896
8312,140.25050000000007,6.244400000000013,57.14285714285714
8313,106.57219999999998,10.888100000000009,51.8796992481203
8314,134.11470000000006,8.82480000000001,53.383458646616546
8315,84.57099999999997,6.027200000000008,52.63157894736842
8316,153.11249999999998,4.975800000000021,54.13533834586466
8317,129.83809999999997,4.791500000000013,50.37593984962406
8318,162.27339999999992,7.280400000000043,56.390977443609025
8319,116.58549999999991,7.774100000000004,48.87218045112782
8320,127.12629999999996,5.903700000000001,51.127819548872175
8321,106.89210000000003,11.150900000000007,50.37593984962406
8322,102.2595,10.510200000000026,47.368421052631575
8323,115.27829999999997,8.566100000000006,51.127819548872175
8324,108.18090000000001,6.429200000000009,47.368421052631575
8325,150.48149999999995,5.5789999999999935,52.63157894736842
8326,129.51339999999993,5.930700000000002,54.13533834586466
8327,153.1115,6.833000000000027,57.14285714285714
8328,153.8792,11.3716,54.88721804511278
8329,143.44770000000005,8.032499999999999,52.63157894736842
8330,146.35979999999998,5.374599999999987,51.8796992481203
8331,123.0668,7.116299999999995,49.62406015037594
8332,134.70200000000003,4.919499999999999,48.87218045112782
8333,105.82189999999997,6.641899999999993,47.368421052631575
8334,137.23810000000003,5.966099999999997,50.37593984962406
8335,104.31760000000003,5.164500000000004,49.62406015037594
8336,118.45269999999996,16.34559999999999,48.1203007518797
8337,164.86860000000001,6.1678,57.89473684210527
8338,70.44799999999998,9.702699999999993,43.609022556390975
8339,138.71,6.363099999999989,52.63157894736842
8340,152.5230999999999,7.008999999999986,55.639097744360896
8341,101.9377,12.377700000000033,49.62406015037594
8342,91.57740000000001,12.963400000000007,52.63157894736842
8343,134.02830000000003,7.7435999999999865,54.13533834586466
8344,151.44509999999997,7.518200000000007,56.390977443609025
8345,142.05399999999997,4.856400000000008,54.88721804511278
8346,102.07149999999999,11.570899999999995,45.86466165413533
8347,122.27459999999999,6.109799999999979,51.8796992481203
8348,108.19179999999997,8.410899999999998,45.11278195488722
8349,142.3142,9.825699999999983,51.127819548872175
8350,126.50319999999999,8.405000000000001,52.63157894736842
8351,99.72549999999995,11.70429999999996,46.616541353383454
8352,136.62199999999999,8.202699999999993,51.8796992481203
8353,103.51439999999991,10.795300000000054,48.87218045112782
8354,66.84340000000003,8.9739,37.59398496240601
8355,126.2849,10.062599999999975,48.1203007518797
8356,98.05019999999996,10.5428,49.62406015037594
8357,109.4651,9.83910000000003,46.616541353383454
8358,106.8605,10.411400000000015,48.1203007518797
8359,156.3664000000001,10.671699999999987,54.88721804511278
8360,138.6981,5.8703000000000145,55.639097744360896
8361,126.99899999999997,6.522299999999973,53.383458646616546
8362,132.40029999999996,5.155300000000011,57.14285714285714
8363,113.44459999999992,8.456700000000012,53.383458646616546
8364,133.11230000000003,6.553500000000014,49.62406015037594
8365,131.5592,9.616600000000005,51.127819548872175
8366,142.90130000000002,5.84650000000002,56.390977443609025
8367,102.09000000000003,10.3827,49.62406015037594
8368,147.0945,6.092900000000014,52.63157894736842
8369,143.37320000000003,6.210499999999996,54.88721804511278
8370,146.6082,6.625000000000028,54.13533834586466
8371,133.62549999999993,7.565899999999999,48.87218045112782
8372,157.5716,4.399500000000003,57.14285714285714
8373,184.45010000000002,6.1641999999999655,56.390977443609025
8374,139.12140000000002,6.087100000000021,59.3984962406015
8375,163.70009999999996,6.4635000000000105,56.390977443609025
8376,68.9382,17.336500000000015,44.3609022556391
8377,95.0095,9.3382,48.1203007518797
8378,97.27519999999998,10.445800000000006,46.616541353383454
8379,102.30470000000008,5.941100000000006,48.1203007518797
8380,99.0618,9.409999999999997,51.8796992481203
8381,90.51409999999998,7.555499999999995,46.616541353383454
8382,148.7446000000001,3.7376000000000005,54.13533834586466
8383,146.36429999999996,7.811499999999995,51.127819548872175
8384,103.73949999999996,11.543199999999999,46.616541353383454
8385,124.55489999999998,5.987900000000025,54.13533834586466
8386,134.32909999999998,6.3962999999999965,54.13533834586466
8387,71.69890000000001,12.034899999999993,43.609022556390975
8388,117.80099999999999,6.323599999999999,56.390977443609025
8389,129.56499999999997,7.3641999999999825,49.62406015037594
8390,141.70769999999996,11.081199999999995,53.383458646616546
8391,101.0643,9.589699999999993,43.609022556390975
8392,113.16420000000002,9.4786,54.13533834586466
8393,129.8802,7.324700000000007,49.62406015037594
8394,120.12030000000004,10.177800000000019,47.368421052631575
8395,103.11670000000004,7.803899999999999,48.1203007518797
8396,102.36589999999998,6.587799999999987,49.62406015037594
8397,79.33169999999998,9.986799999999988,45.86466165413533
8398,160.98580000000004,11.002099999999928,53.383458646616546
8399,146.17290000000008,9.223799999999983,50.37593984962406
8400,146.22669999999997,7.361700000000013,48.1203007518797
8401,73.67180000000002,9.635599999999997,45.11278195488722
8402,156.54409999999996,7.3262,54.88721804511278
8403,157.9017,5.697099999999992,52.63157894736842
8404,144.0862,8.801399999999973,53.383458646616546
8405,83.70039999999995,10.3733,46.616541353383454
8406,109.28980000000007,9.236199999999997,49.62406015037594
8407,99.94089999999994,11.068299999999994,47.368421052631575
8408,93.50819999999993,9.976699999999994,47.368421052631575
8409,84.44280000000003,14.04679999999999,45.86466165413533
8410,168.8406,7.600999999999999,57.14285714285714
8411,104.09820000000002,7.976700000000022,43.609022556390975
8412,122.33859999999993,7.7789000000000215,49.62406015037594
8413,119.81459999999996,5.9298,52.63157894736842
8414,151.94660000000005,7.278700000000015,54.88721804511278
8415,99.1979,12.210899999999981,42.857142857142854
8416,87.64440000000008,16.984399999999965,44.3609022556391
8417,121.5864,9.991399999999999,51.127819548872175
8418,135.30340000000004,5.2363,51.127819548872175
8419,146.436,5.320599999999985,54.88721804511278
8420,112.07479999999998,5.88919999999996,53.383458646616546
8421,153.3181000000001,4.695300000000032,51.8796992481203
8422,34.06139999999999,25.316500000000005,41.35338345864661
8423,144.84939999999997,7.246299999999991,51.127819548872175
8424,141.33400000000003,8.906300000000002,54.13533834586466
8425,99.11450000000008,6.30319999999999,45.11278195488722
8426,149.7417,3.9598000000000013,57.89473684210527
8427,89.32680000000002,4.74730000000001,47.368421052631575
8428,149.42500000000004,6.640699999999981,55.639097744360896
8429,113.42289999999991,6.567000000000007,42.10526315789473
8430,162.17059999999992,5.90270000000001,56.390977443609025
8431,134.12259999999995,5.309899999999999,57.89473684210527
8432,102.81300000000002,7.373700000000014,50.37593984962406
8433,136.84539999999993,8.142599999999987,50.37593984962406
8434,49.6533,9.734100000000012,42.857142857142854
8435,113.47679999999994,6.7198999999999955,53.383458646616546
8436,82.80510000000001,11.746399999999994,41.35338345864661
8437,137.1473,5.508199999999988,48.87218045112782
8438,128.2119,6.9418999999999755,52.63157894736842
8439,81.52140000000003,6.779600000000002,43.609022556390975
8440,155.48539999999997,5.016699999999986,54.13533834586466
8441,156.48879999999997,8.234800000000007,51.8796992481203
8442,145.57109999999992,7.052099999999996,56.390977443609025
8443,91.69069999999994,6.624800000000022,50.37593984962406
8444,119.59839999999997,4.603599999999972,54.13533834586466
8445,135.35760000000002,7.84699999999998,54.13533834586466
8446,108.83420000000001,8.326099999999997,52.63157894736842
8447,108.70749999999998,6.231899999999996,54.13533834586466
8448,111.40329999999997,6.5009000000000015,50.37593984962406
8449,88.81559999999996,6.619,50.37593984962406
8450,103.38159999999993,9.301400000000001,43.609022556390975
8451,133.17399999999998,5.967900000000014,54.88721804511278
8452,107.43710000000002,6.851400000000012,45.11278195488722
8453,106.792,8.411699999999996,51.127819548872175
8454,133.02550000000002,9.418699999999973,52.63157894736842
8455,136.98090000000002,5.284100000000024,56.390977443609025
8456,139.18869999999995,11.77709999999999,54.13533834586466
8457,97.00530000000003,11.43289999999999,46.616541353383454
8458,115.22670000000005,9.607200000000006,51.8796992481203
8459,114.99019999999996,8.919700000000006,52.63157894736842
8460,151.18299999999996,4.2316000000000145,53.383458646616546
8461,123.70119999999997,7.191200000000009,51.8796992481203
8462,63.61770000000001,11.502300000000005,42.857142857142854
8463,106.72660000000002,8.989200000000011,48.87218045112782
8464,113.81400000000002,7.408199999999994,51.127819548872175
8465,121.75139999999996,11.726600000000005,51.8796992481203
8466,144.1923999999999,9.744400000000013,53.383458646616546
8467,113.41179999999997,8.367799999999988,45.86466165413533
8468,108.88499999999999,8.688399999999973,49.62406015037594
8469,147.37190000000012,8.596400000000003,53.383458646616546
8470,142.7443,7.046300000000002,54.88721804511278
8471,149.56130000000002,5.759299999999996,56.390977443609025
8472,83.82659999999998,9.387799999999984,45.11278195488722
8473,89.1737,5.897599999999997,46.616541353383454
8474,104.98249999999996,17.68100000000001,45.11278195488722
8475,111.90289999999999,9.0,46.616541353383454
8476,129.86199999999997,4.922399999999996,54.88721804511278
8477,115.20889999999994,4.986000000000004,47.368421052631575
8478,119.55599999999993,4.618799999999993,49.62406015037594
8479,112.029,8.781000000000006,51.127819548872175
8480,119.57909999999998,6.441600000000022,54.13533834586466
8481,113.10049999999995,5.862199999999973,48.87218045112782
8482,97.03809999999999,7.6658999999999935,48.87218045112782
8483,121.63229999999999,5.67519999999999,48.1203007518797
8484,156.7000000000001,4.525099999999981,60.150375939849624
8485,175.92089999999996,4.9605999999999995,55.639097744360896
8486,83.4947,10.611399999999975,44.3609022556391
8487,70.86899999999997,10.289900000000003,42.857142857142854
8488,120.29599999999999,10.024799999999999,48.1203007518797
8489,118.88280000000003,9.8159,57.14285714285714
8490,86.46430000000001,12.2928,46.616541353383454
8491,109.36340000000001,10.64009999999999,45.86466165413533
8492,70.95120000000003,15.527299999999997,45.86466165413533
8493,127.23699999999997,6.670399999999987,52.63157894736842
8494,74.86259999999999,7.006200000000007,43.609022556390975
8495,113.11939999999998,7.8553,50.37593984962406
8496,122.74669999999998,8.6524,56.390977443609025
8497,119.9289,10.777600000000007,48.1203007518797
8498,120.08129999999989,9.235299999999995,45.86466165413533
8499,79.11170000000001,7.648600000000016,47.368421052631575
8500,82.44149999999996,8.799499999999995,45.86466165413533
8501,112.61770000000001,7.22969999999998,48.1203007518797
8502,107.01819999999998,6.058400000000006,52.63157894736842
8503,123.43120000000002,6.875699999999995,51.127819548872175
8504,126.65249999999995,7.2450000000000045,51.8796992481203
8505,116.6252,9.5916,50.37593984962406
8506,110.39370000000002,8.984299999999962,48.1203007518797
8507,111.9597,7.658399999999972,49.62406015037594
8508,114.42879999999994,8.856200000000001,53.383458646616546
8509,129.7345,6.636099999999999,49.62406015037594
8510,107.73079999999999,5.052400000000006,50.37593984962406
8511,115.66299999999995,9.175200000000004,49.62406015037594
8512,106.13869999999997,7.691999999999979,51.8796992481203
8513,102.06699999999998,6.302900000000022,47.368421052631575
8514,167.11640000000006,5.265500000000031,54.88721804511278
8515,118.93079999999998,7.405400000000043,51.8796992481203
8516,158.57979999999998,5.272999999999996,51.8796992481203
8517,82.35140000000001,9.454199999999986,43.609022556390975
8518,136.5323,6.652900000000017,54.13533834586466
8519,83.88639999999998,11.039399999999986,45.11278195488722
8520,138.375,8.048999999999978,52.63157894736842
8521,83.33800000000002,11.093599999999995,48.1203007518797
8522,143.1815000000001,7.5709999999999695,53.383458646616546
8523,142.33880000000005,6.209299999999985,50.37593984962406
8524,134.45239999999998,5.082400000000007,54.88721804511278
8525,98.74369999999999,8.6978,47.368421052631575
8526,101.43900000000002,6.644800000000004,48.1203007518797
8527,114.08770000000001,11.016900000000007,51.127819548872175
8528,125.6509999999999,6.004500000000007,48.1203007518797
8529,122.05420000000001,7.667100000000005,48.1203007518797
8530,87.89209999999997,9.0946,46.616541353383454
8531,134.45809999999997,4.70599999999996,55.639097744360896
8532,123.91779999999994,8.913900000000012,48.87218045112782
8533,132.0051,6.408800000000014,52.63157894736842
8534,151.64540000000002,4.628399999999999,49.62406015037594
8535,123.85639999999995,5.982600000000005,53.383458646616546
8536,91.98290000000003,11.491500000000002,48.1203007518797
8537,86.55079999999998,8.9041,48.87218045112782
8538,113.40260000000004,9.301699999999997,48.1203007518797
8539,116.1672999999999,6.302799999999991,51.8796992481203
8540,84.59689999999995,7.672200000000004,46.616541353383454
8541,100.49180000000004,9.386199999999974,48.1203007518797
8542,164.0765,8.360399999999998,57.89473684210527
8543,98.48350000000005,12.904499999999985,45.86466165413533
8544,155.60160000000008,5.393099999999976,55.639097744360896
8545,186.37599999999986,7.254800000000017,52.63157894736842
8546,98.31199999999998,6.623800000000003,45.86466165413533
8547,110.45510000000002,7.218099999999993,52.63157894736842
8548,154.02040000000005,7.530699999999996,52.63157894736842
8549,112.46800000000002,4.579799999999992,54.13533834586466
8550,128.74340000000004,7.51339999999999,53.383458646616546
8551,116.66549999999998,6.239399999999989,47.368421052631575
8552,144.87020000000004,6.1355000000000075,56.390977443609025
8553,133.03139999999996,5.315499999999986,50.37593984962406
8554,116.04139999999995,6.138900000000007,49.62406015037594
8555,82.5128,9.806000000000012,45.11278195488722
8556,122.80289999999988,6.799200000000013,48.1203007518797
8557,104.25099999999998,9.494500000000016,49.62406015037594
8558,121.32079999999996,6.872700000000009,49.62406015037594
8559,167.26650000000006,6.8408000000000015,54.88721804511278
8560,129.71709999999996,5.713700000000017,48.87218045112782
8561,121.20829999999998,3.711900000000014,48.87218045112782
8562,75.71930000000003,9.019800000000032,48.1203007518797
8563,118.47739999999999,7.333899999999971,51.127819548872175
8564,107.13490000000002,9.35250000000002,48.87218045112782
8565,126.55840000000003,6.227800000000002,51.8796992481203
8566,109.58960000000002,6.9202000000000226,46.616541353383454
8567,107.7654,6.8984999999999985,45.86466165413533
8568,130.45429999999993,10.559399999999997,54.13533834586466
8569,120.12399999999997,6.9613000000000085,54.13533834586466
8570,130.8387,5.595100000000002,55.639097744360896
8571,95.07990000000001,9.686700000000002,48.1203007518797
8572,113.78179999999998,8.471400000000017,54.88721804511278
8573,141.3647999999999,5.737300000000005,50.37593984962406
8574,86.65120000000005,14.647199999999998,45.86466165413533
8575,103.78640000000001,9.787399999999991,48.87218045112782
8576,124.22010000000003,11.312900000000013,48.87218045112782
8577,170.88940000000008,6.608299999999986,54.13533834586466
8578,106.96350000000001,7.6355000000000075,51.127819548872175
8579,108.91779999999994,6.629899999999992,48.87218045112782
8580,186.20880000000005,5.073299999999989,60.150375939849624
8581,138.68989999999997,12.684300000000007,57.14285714285714
8582,124.78640000000001,4.496600000000001,48.1203007518797
8583,138.13389999999995,9.83669999999998,53.383458646616546
8584,130.23229999999995,5.424599999999998,54.13533834586466
8585,121.82190000000003,5.596199999999996,47.368421052631575
8586,124.15890000000002,7.03570000000002,46.616541353383454
8587,123.27569999999994,4.957200000000029,49.62406015037594
8588,128.2492999999999,8.42179999999999,49.62406015037594
8589,104.21530000000001,7.584399999999988,50.37593984962406
8590,83.65499999999997,13.4178,42.10526315789473
8591,155.98829999999995,8.168599999999998,59.3984962406015
8592,99.74740000000003,9.567199999999971,46.616541353383454
8593,97.06849999999994,7.108899999999977,42.857142857142854
8594,111.1574,11.16210000000001,48.87218045112782
8595,117.03330000000003,9.1892,51.127819548872175
8596,98.49970000000008,6.005099999999999,48.87218045112782
8597,111.1171,13.483700000000056,49.62406015037594
8598,97.79209999999995,6.061000000000007,48.87218045112782
8599,51.09230000000002,10.399199999999993,45.86466165413533
8600,88.39819999999992,9.758600000000001,45.86466165413533
8601,122.16050000000001,4.015999999999991,53.383458646616546
8602,126.0831,8.47569999999999,48.87218045112782
8603,92.64610000000002,11.600500000000011,44.3609022556391
8604,66.14710000000002,9.403600000000012,46.616541353383454
8605,89.38799999999992,9.839300000000009,48.1203007518797
8606,178.25429999999994,8.117400000000004,57.89473684210527
8607,146.23999999999995,5.7135000000000105,57.14285714285714
8608,145.07360000000003,6.826899999999995,52.63157894736842
8609,109.17589999999998,13.58359999999999,49.62406015037594
8610,146.64279999999997,6.00330000000001,53.383458646616546
8611,124.38689999999994,8.674599999999998,52.63157894736842
8612,220.4361,7.0978000000000065,60.902255639097746
8613,128.73869999999997,4.782799999999995,54.13533834586466
8614,120.05599999999998,9.284899999999993,53.383458646616546
8615,122.28169999999994,8.054399999999987,48.87218045112782
8616,100.26639999999998,7.497199999999992,48.87218045112782
8617,148.72790000000003,7.802899999999994,54.13533834586466
8618,169.74240000000003,5.092399999999998,53.383458646616546
8619,103.22349999999994,11.396500000000003,48.87218045112782
8620,198.48910000000006,5.048100000000005,62.40601503759399
8621,145.20000000000007,6.2975999999999885,51.8796992481203
8622,116.92319999999995,6.614300000000014,52.63157894736842
8623,114.46499999999997,8.177200000000028,44.3609022556391
8624,68.44199999999998,9.183699999999988,43.609022556390975
8625,94.9246,6.099999999999994,45.86466165413533
8626,117.73379999999997,9.725600000000014,51.127819548872175
8627,117.57310000000001,9.097800000000007,53.383458646616546
8628,121.76259999999994,9.873000000000005,50.37593984962406
8629,142.8165,6.338100000000026,57.89473684210527
8630,118.95909999999989,8.74539999999999,48.87218045112782
8631,141.98609999999996,5.238399999999984,53.383458646616546
8632,115.7226,5.323900000000009,51.127819548872175
8633,125.01480000000004,6.6924999999999955,54.88721804511278
8634,125.30179999999996,8.109500000000025,51.8796992481203
8635,114.18959999999993,7.586399999999998,50.37593984962406
8636,116.1017,6.72199999999998,47.368421052631575
8637,126.11129999999997,6.192200000000014,56.390977443609025
8638,116.32060000000001,7.447199999999995,46.616541353383454
8639,128.07300000000006,10.229199999999992,51.8796992481203
8640,46.3271,18.537899999999993,42.857142857142854
8641,153.1641,7.096000000000004,56.390977443609025
8642,134.13239999999993,8.209499999999991,54.13533834586466
8643,163.2233,6.337099999999992,52.63157894736842
8644,87.40720000000002,8.697100000000006,45.11278195488722
8645,135.0145,4.15270000000001,48.87218045112782
8646,129.78489999999996,7.800000000000011,45.86466165413533
8647,132.87679999999995,9.678899999999999,51.8796992481203
8648,108.83299999999997,8.817900000000009,48.87218045112782
8649,147.23919999999995,8.002699999999976,50.37593984962406
8650,132.50310000000002,9.188500000000005,51.8796992481203
8651,136.12779999999992,8.458300000000008,48.1203007518797
8652,102.81120000000001,6.544200000000004,47.368421052631575
8653,90.36449999999996,11.939499999999995,46.616541353383454
8654,118.47689999999997,8.913600000000002,49.62406015037594
8655,112.83509999999995,13.354399999999998,50.37593984962406
8656,110.03880000000004,7.255599999999987,49.62406015037594
8657,151.27220000000003,7.017699999999991,54.13533834586466
8658,94.8401,9.152000000000001,47.368421052631575
8659,93.672,11.206600000000009,57.89473684210527
8660,85.1968,10.16810000000001,51.127819548872175
8661,92.00689999999997,12.431099999999986,49.62406015037594
8662,172.04489999999998,4.36099999999999,57.14285714285714
8663,99.4358,10.428899999999999,43.609022556390975
8664,120.09189999999998,5.648700000000019,53.383458646616546
8665,113.57589999999996,6.602900000000005,52.63157894736842
8666,140.12489999999997,3.957899999999995,51.127819548872175
8667,146.35839999999993,9.093200000000024,53.383458646616546
8668,86.38919999999996,9.680299999999988,49.62406015037594
8669,130.96949999999995,6.497199999999992,50.37593984962406
8670,75.47519999999997,11.158100000000019,41.35338345864661
8671,109.40189999999998,9.340500000000006,49.62406015037594
8672,142.32829999999998,10.528500000000008,52.63157894736842
8673,129.71829999999997,9.510400000000033,46.616541353383454
8674,91.4699,7.6584,48.1203007518797
8675,109.86160000000001,13.310999999999993,48.87218045112782
8676,155.02790000000002,4.9036000000000115,48.1203007518797
8677,148.47939999999997,12.840199999999982,53.383458646616546
8678,183.22300000000007,7.4465999999999894,54.88721804511278
8679,151.12730000000005,3.4154000000000053,53.383458646616546
8680,95.3485,11.276300000000006,46.616541353383454
8681,102.04180000000002,5.083100000000002,49.62406015037594
8682,123.39460000000003,7.2764000000000095,47.368421052631575
8683,107.86529999999999,12.3566,48.87218045112782
8684,139.87370000000004,7.478800000000007,54.13533834586466
8685,118.36110000000002,9.039199999999994,51.8796992481203
8686,115.79950000000002,6.364699999999999,54.13533834586466
8687,70.35919999999999,7.557299999999998,45.11278195488722
8688,105.5805,12.735099999999989,45.11278195488722
8689,121.47799999999998,8.079300000000018,46.616541353383454
8690,114.61989999999994,5.355500000000006,51.8796992481203
8691,178.17869999999994,3.8292,57.14285714285714
8692,147.66350000000006,7.071400000000011,55.639097744360896
8693,84.57819999999998,10.84660000000001,45.11278195488722
8694,143.25989999999993,10.576400000000007,51.8796992481203
8695,110.30259999999996,7.551899999999989,48.1203007518797
8696,134.80179999999996,5.221600000000024,51.127819548872175
8697,122.94919999999999,5.954499999999996,50.37593984962406
8698,62.45829999999998,9.688799999999986,40.6015037593985
8699,146.1173,5.048100000000034,54.88721804511278
8700,89.14359999999999,13.418199999999985,46.616541353383454
8701,113.52700000000004,9.645899999999983,48.1203007518797
8702,150.15350000000004,7.01939999999999,57.14285714285714
8703,135.505,8.540600000000012,53.383458646616546
8704,80.92729999999997,5.984300000000005,44.3609022556391
8705,108.18640000000005,7.150199999999984,47.368421052631575
8706,114.99850000000004,6.741100000000017,47.368421052631575
8707,107.59020000000004,10.2603,48.87218045112782
8708,121.88709999999998,6.477199999999982,53.383458646616546
8709,105.00600000000003,10.790899999999993,45.11278195488722
8710,96.92109999999997,3.518100000000004,50.37593984962406
8711,135.91999999999996,7.022500000000008,53.383458646616546
8712,149.66719999999995,6.231899999999996,53.383458646616546
8713,129.50430000000003,9.869900000000001,51.127819548872175
8714,48.73480000000001,11.365400000000008,38.34586466165413
8715,83.2704,15.542299999999983,48.87218045112782
8716,153.47329999999994,5.626599999999996,53.383458646616546
8717,98.32589999999999,5.750399999999999,50.37593984962406
8718,130.1439,8.367800000000003,51.127819548872175
8719,88.50619999999998,8.987099999999998,46.616541353383454
8720,139.06320000000005,6.405400000000014,52.63157894736842
8721,86.95600000000002,10.258699999999976,43.609022556390975
8722,114.00549999999998,4.815200000000004,54.13533834586466
8723,127.1542,8.488399999999999,48.87218045112782
8724,154.17239999999998,5.124300000000005,57.89473684210527
8725,118.83759999999995,5.399900000000002,53.383458646616546
8726,144.12380000000002,8.640900000000016,48.87218045112782
8727,130.49499999999992,9.444500000000005,49.62406015037594
8728,138.04420000000005,8.327699999999993,52.63157894736842
8729,123.98059999999998,5.090599999999995,50.37593984962406
8730,126.61609999999993,5.229700000000008,51.8796992481203
8731,95.56880000000001,8.904200000000003,48.87218045112782
8732,98.06490000000002,8.494899999999973,46.616541353383454
8733,120.63499999999999,7.837099999999992,51.8796992481203
8734,164.18450000000007,6.433099999999968,56.390977443609025
8735,127.24629999999996,8.135800000000017,50.37593984962406
8736,89.21039999999994,6.644800000000004,53.383458646616546
8737,95.95399999999995,4.963999999999999,45.11278195488722
8738,88.53639999999999,13.5916,45.86466165413533
8739,119.19120000000004,8.085300000000004,51.8796992481203
8740,107.96159999999998,5.787599999999998,48.1203007518797
8741,151.2962,6.9454000000000065,57.89473684210527
8742,143.59860000000003,7.289099999999991,54.88721804511278
8743,156.20450000000005,6.19980000000001,51.8796992481203
8744,140.1523,6.039499999999975,59.3984962406015
8745,114.72230000000002,4.503799999999984,50.37593984962406
8746,139.93219999999997,5.934599999999989,52.63157894736842
8747,118.46300000000002,8.784400000000005,57.14285714285714
8748,132.48279999999994,4.594699999999989,52.63157894736842
8749,74.79959999999997,11.287499999999994,42.857142857142854
8750,92.07280000000006,11.512299999999996,45.11278195488722
8751,101.47889999999995,9.52370000000002,48.87218045112782
8752,124.8902,7.377600000000001,48.87218045112782
8753,112.30170000000004,6.844200000000001,52.63157894736842
8754,107.839,8.961799999999997,51.8796992481203
8755,132.71759999999998,8.855999999999995,54.13533834586466
8756,87.53960000000001,12.32589999999999,48.1203007518797
8757,128.19939999999994,7.057400000000001,56.390977443609025
8758,104.61410000000001,11.620499999999993,53.383458646616546
8759,115.02069999999995,7.711899999999986,55.639097744360896
8760,120.06369999999998,5.4898000000000025,48.87218045112782
8761,100.5625,14.180000000000035,48.87218045112782
8762,129.42300000000003,8.367399999999975,48.87218045112782
8763,134.6614999999999,11.14209999999997,51.127819548872175
8764,124.06360000000001,9.792200000000008,48.1203007518797
8765,113.22229999999996,9.770700000000005,50.37593984962406
8766,62.66489999999999,22.673799999999986,39.097744360902254
8767,114.31169999999997,6.237099999999998,50.37593984962406
8768,112.22389999999996,7.921300000000002,49.62406015037594
8769,112.38859999999994,6.624300000000034,48.1203007518797
8770,174.4726,6.450300000000027,53.383458646616546
8771,158.06759999999997,9.447600000000023,50.37593984962406
8772,146.31740000000008,7.685100000000006,54.13533834586466
8773,79.4314,5.161200000000008,45.86466165413533
8774,121.32500000000002,10.236899999999991,51.8796992481203
8775,172.75430000000006,7.264200000000017,59.3984962406015
8776,125.11219999999994,9.784600000000012,51.8796992481203
8777,79.32809999999998,12.081000000000017,41.35338345864661
8778,112.41650000000001,7.229900000000001,53.383458646616546
8779,160.3325999999999,15.883499999999998,52.63157894736842
8780,96.14559999999994,10.312099999999987,48.87218045112782
8781,86.17910000000006,7.880799999999994,42.10526315789473
8782,113.04849999999999,8.744000000000014,54.13533834586466
8783,89.77130000000002,6.012100000000004,42.857142857142854
8784,103.43249999999998,10.643299999999996,52.63157894736842
8785,129.48149999999995,6.947400000000002,56.390977443609025
8786,132.50240000000002,7.450800000000015,50.37593984962406
8787,126.49029999999999,6.261799999999994,54.13533834586466
8788,124.1611,7.157999999999987,55.639097744360896
8789,109.97569999999996,9.110000000000014,51.127819548872175
8790,169.03750000000002,9.726599999999962,60.902255639097746
8791,112.48979999999989,6.272200000000026,49.62406015037594
8792,130.7688,10.261200000000002,48.87218045112782
8793,117.28680000000003,5.548000000000002,53.383458646616546
8794,139.38399999999996,5.262400000000014,54.13533834586466
8795,58.68129999999999,12.710099999999983,43.609022556390975
8796,130.1303,4.705100000000016,49.62406015037594
8797,176.6535,12.493099999999998,56.390977443609025
8798,126.14109999999997,6.295400000000001,49.62406015037594
8799,145.46410000000003,9.9683,52.63157894736842
8800,104.38400000000001,12.511800000000008,48.87218045112782
8801,151.57330000000007,7.047200000000004,52.63157894736842
8802,115.0324,7.649599999999992,48.1203007518797
8803,123.4854,6.591500000000025,48.87218045112782
8804,129.55089999999993,5.758700000000005,52.63157894736842
8805,117.05109999999996,5.455500000000001,50.37593984962406
8806,138.09559999999993,10.258599999999973,49.62406015037594
8807,129.6616,4.456499999999977,48.1203007518797
8808,143.16669999999993,6.075599999999994,53.383458646616546
8809,123.17860000000002,8.396299999999997,51.8796992481203
8810,108.08339999999998,7.045700000000011,49.62406015037594
8811,72.17719999999997,7.892799999999994,43.609022556390975
8812,89.7387,6.537499999999994,48.1203007518797
8813,96.733,6.088300000000004,46.616541353383454
8814,114.78239999999994,6.935400000000001,54.13533834586466
8815,93.37309999999997,11.209000000000003,48.87218045112782
8816,127.59679999999992,6.459499999999991,53.383458646616546
8817,115.22310000000004,7.096900000000005,53.383458646616546
8818,123.12630000000001,7.755900000000011,52.63157894736842
8819,88.0067,7.338799999999992,48.87218045112782
8820,132.7885,5.305099999999982,53.383458646616546
8821,113.44029999999998,7.701999999999998,53.383458646616546
8822,181.22980000000007,7.272200000000026,56.390977443609025
8823,112.8683,9.598800000000011,52.63157894736842
8824,119.43249999999995,16.11790000000002,49.62406015037594
8825,96.51510000000002,7.834300000000013,48.87218045112782
8826,137.5736999999999,6.843900000000019,52.63157894736842
8827,132.04039999999995,7.219600000000014,50.37593984962406
8828,63.46640000000002,8.842800000000011,44.3609022556391
8829,103.76070000000004,11.990300000000005,47.368421052631575
8830,112.95159999999998,8.596399999999988,50.37593984962406
8831,123.75550000000001,6.106999999999971,53.383458646616546
8832,91.02589999999998,8.566599999999994,45.86466165413533
8833,117.74760000000009,8.19380000000001,57.89473684210527
8834,106.80810000000002,5.411200000000008,51.8796992481203
8835,109.7396,16.424999999999983,46.616541353383454
8836,133.491,8.979199999999992,52.63157894736842
8837,134.0475999999999,5.888499999999993,51.8796992481203
8838,83.74880000000002,8.1374,42.10526315789473
8839,129.59760000000003,8.876899999999978,51.8796992481203
8840,129.54360000000008,7.717499999999973,53.383458646616546
8841,84.93099999999998,10.289799999999985,45.86466165413533
8842,100.86630000000002,7.5642,46.616541353383454
8843,92.57549999999998,8.041500000000013,48.87218045112782
8844,123.50339999999991,9.388700000000028,49.62406015037594
8845,108.73429999999999,6.405199999999979,47.368421052631575
8846,105.54409999999996,6.956700000000012,53.383458646616546
8847,91.6317,7.6702999999999975,49.62406015037594
8848,167.28779999999995,6.054600000000022,58.64661654135338
8849,141.325,6.121899999999982,51.8796992481203
8850,135.9584,7.4924000000000035,51.127819548872175
8851,106.8948,8.297899999999998,47.368421052631575
8852,91.18869999999998,8.484499999999997,50.37593984962406
8853,120.7371,8.842700000000008,52.63157894736842
8854,78.09129999999999,10.083400000000012,43.609022556390975
8855,124.47269999999997,11.137699999999995,55.639097744360896
8856,104.29249999999996,4.828600000000023,48.1203007518797
8857,75.09469999999999,11.44119999999998,47.368421052631575
8858,122.4305,12.923900000000032,50.37593984962406
8859,141.52199999999996,8.89269999999999,51.127819548872175
8860,149.58050000000006,4.84050000000002,57.14285714285714
8861,81.53549999999996,7.515299999999996,48.87218045112782
8862,104.7894,12.574500000000029,51.127819548872175
8863,147.26339999999996,6.177799999999991,51.127819548872175
8864,140.77579999999995,12.666699999999992,50.37593984962406
8865,86.79509999999999,10.325000000000003,48.87218045112782
8866,142.47820000000002,5.642599999999987,53.383458646616546
8867,179.22820000000002,5.8914999999999935,58.64661654135338
8868,92.26729999999998,13.458799999999997,47.368421052631575
8869,109.70470000000003,7.518799999999999,46.616541353383454
8870,128.73300000000003,5.810100000000006,46.616541353383454
8871,135.2275,5.385999999999996,54.88721804511278
8872,108.41149999999999,8.870400000000018,48.1203007518797
8873,111.75239999999994,5.474799999999988,46.616541353383454
8874,97.86020000000002,5.622099999999989,45.86466165413533
8875,104.3861,6.983100000000007,49.62406015037594
8876,55.01860000000002,13.719000000000008,37.59398496240601
8877,118.77159999999998,8.889499999999998,48.1203007518797
8878,160.0367,5.4773,54.88721804511278
8879,99.01179999999997,7.324999999999989,51.8796992481203
8880,145.9729999999999,6.696899999999999,54.13533834586466
8881,116.20479999999998,10.5668,50.37593984962406
8882,119.04920000000001,6.579299999999989,48.87218045112782
8883,140.1469,9.069200000000023,50.37593984962406
8884,108.00879999999995,8.8673,51.8796992481203
8885,96.82039999999998,10.617499999999978,48.87218045112782
8886,114.18259999999998,9.469899999999996,44.3609022556391
8887,125.7208,7.372000000000014,52.63157894736842
8888,88.49610000000001,9.28200000000001,45.11278195488722
8889,92.99170000000004,10.566600000000008,47.368421052631575
8890,98.60310000000004,9.436499999999981,48.1203007518797
8891,140.02739999999994,8.796099999999967,51.127819548872175
8892,127.55139999999994,8.636100000000027,53.383458646616546
8893,138.88349999999994,5.665000000000006,50.37593984962406
8894,135.8519,6.946899999999999,54.13533834586466
8895,149.36139999999992,7.203000000000003,57.14285714285714
8896,124.84359999999995,8.028300000000002,49.62406015037594
8897,108.92470000000003,5.598799999999983,49.62406015037594
8898,101.38889999999992,7.949600000000004,51.8796992481203
8899,145.7111,8.257799999999975,54.88721804511278
8900,118.66589999999997,5.411199999999994,53.383458646616546
8901,110.16980000000001,7.1392999999999915,48.87218045112782
8902,90.49119999999999,6.393500000000003,47.368421052631575
8903,103.07740000000001,13.031000000000006,48.1203007518797
8904,123.7722,5.202499999999986,52.63157894736842
8905,110.10640000000001,7.038200000000003,51.8796992481203
8906,86.32999999999998,9.987199999999973,45.86466165413533
8907,147.83980000000003,5.6551000000000045,57.14285714285714
8908,87.27269999999999,8.893400000000014,49.62406015037594
8909,127.72269999999997,6.748099999999994,54.88721804511278
8910,173.60540000000015,5.632000000000005,60.150375939849624
8911,147.05769999999998,6.3537000000000035,51.8796992481203
8912,121.00579999999997,8.572699999999998,51.127819548872175
8913,100.56239999999997,7.997900000000001,51.8796992481203
8914,93.8614,8.444900000000018,45.86466165413533
8915,95.52189999999999,10.445399999999978,42.857142857142854
8916,111.40869999999998,8.578199999999995,48.87218045112782
8917,126.89500000000001,7.461300000000023,53.383458646616546
8918,135.04859999999996,7.494100000000003,54.13533834586466
8919,134.6324,6.465899999999976,51.8796992481203
8920,139.80580000000003,7.287000000000006,51.127819548872175
8921,91.40269999999998,7.908500000000004,47.368421052631575
8922,108.33819999999997,6.942299999999989,49.62406015037594
8923,137.33150000000006,5.386899999999997,54.13533834586466
8924,139.70809999999997,8.732,52.63157894736842
8925,109.6626,7.887800000000027,49.62406015037594
8926,105.5863,6.002400000000023,50.37593984962406
8927,123.42390000000006,7.417700000000011,52.63157894736842
8928,108.4024,12.144799999999975,48.87218045112782
8929,123.72229999999999,6.287000000000006,54.13533834586466
8930,120.20629999999997,12.813499999999976,48.87218045112782
8931,109.98630000000003,9.97120000000001,46.616541353383454
8932,132.14869999999993,6.939499999999981,50.37593984962406
8933,103.1266,9.494900000000001,49.62406015037594
8934,154.21279999999996,6.290400000000005,53.383458646616546
8935,104.60840000000005,9.271600000000007,47.368421052631575
8936,126.43579999999997,6.9011,52.63157894736842
8937,128.97309999999993,8.520199999999988,49.62406015037594
8938,126.04050000000001,7.400199999999998,46.616541353383454
8939,112.20139999999998,9.670999999999992,51.8796992481203
8940,121.30710000000005,7.334800000000001,45.86466165413533
8941,95.94859999999994,9.443600000000004,47.368421052631575
8942,90.87129999999999,7.485900000000001,42.857142857142854
8943,128.58979999999997,8.277900000000002,52.63157894736842
8944,120.80149999999998,9.593200000000024,56.390977443609025
8945,156.48979999999995,7.652699999999996,54.13533834586466
8946,93.36009999999999,8.078900000000004,43.609022556390975
8947,189.82349999999997,5.524000000000001,57.89473684210527
8948,139.14609999999993,4.558900000000023,55.639097744360896
8949,96.85630000000003,7.512700000000024,49.62406015037594
8950,115.67619999999994,12.287199999999984,50.37593984962406
8951,111.90020000000001,6.066199999999995,51.127819548872175
8952,100.52779999999996,7.9713999999999885,45.86466165413533
8953,126.29570000000001,8.634999999999991,48.1203007518797
8954,133.9711,7.68719999999999,53.383458646616546
8955,116.50999999999999,9.212199999999996,48.87218045112782
8956,109.78970000000001,5.497199999999992,46.616541353383454
8957,113.58349999999996,9.704800000000034,51.127819548872175
8958,93.93549999999999,5.3666999999999945,48.87218045112782
8959,142.60419999999996,4.129000000000019,56.390977443609025
8960,101.44339999999997,5.837500000000006,46.616541353383454
8961,151.91950000000003,6.701300000000003,52.63157894736842
8962,100.6498,6.068500000000029,51.8796992481203
8963,94.70770000000007,6.783600000000007,54.13533834586466
8964,142.91439999999997,11.293200000000013,54.13533834586466
8965,91.55670000000003,7.967100000000016,47.368421052631575
8966,96.57190000000003,6.197300000000013,51.8796992481203
8967,137.81599999999997,9.432399999999973,53.383458646616546
8968,51.786099999999976,20.10510000000002,40.6015037593985
8969,106.79499999999996,9.687500000000028,49.62406015037594
8970,84.57089999999994,4.807199999999995,46.616541353383454
8971,75.89170000000004,10.600899999999996,46.616541353383454
8972,122.39669999999995,5.500099999999975,55.639097744360896
8973,52.49679999999998,18.082499999999996,39.849624060150376
8974,84.83589999999995,14.9161,47.368421052631575
8975,131.75549999999998,4.822599999999994,51.8796992481203
8976,129.25889999999995,6.954800000000034,54.88721804511278
8977,110.36950000000002,5.823100000000011,51.127819548872175
8978,120.58650000000003,6.678699999999992,47.368421052631575
8979,102.87849999999997,9.205600000000032,43.609022556390975
8980,132.29079999999993,7.2988,49.62406015037594
8981,186.99850000000004,5.209099999999978,54.13533834586466
8982,142.74670000000003,7.6952,56.390977443609025
8983,89.99019999999993,11.263400000000019,45.11278195488722
8984,89.90829999999997,10.702799999999996,46.616541353383454
8985,93.14169999999996,7.820599999999985,48.87218045112782
8986,132.17560000000003,8.744100000000003,53.383458646616546
8987,145.00480000000007,5.893000000000015,54.13533834586466
8988,99.80270000000002,4.054699999999997,50.37593984962406
8989,98.08869999999999,11.346399999999988,52.63157894736842
8990,60.98810000000003,10.910899999999998,42.857142857142854
8991,108.59939999999997,10.416999999999973,47.368421052631575
8992,156.24519999999995,5.236300000000028,54.88721804511278
8993,97.36039999999997,10.380499999999984,45.11278195488722
8994,125.68159999999997,8.071200000000005,52.63157894736842
8995,180.7385000000001,8.081299999999999,57.89473684210527
8996,106.27870000000007,9.70070000000004,46.616541353383454
8997,79.72680000000003,7.109100000000012,42.10526315789473
8998,141.11319999999998,7.67819999999999,54.13533834586466
8999,95.72660000000002,11.44750000000002,51.8796992481203
9000,157.30129999999997,6.362500000000011,48.1203007518797
9001,91.54539999999994,8.461100000000016,48.1203007518797
9002,87.50019999999995,15.370000000000005,44.3609022556391
9003,109.35250000000002,6.341200000000001,46.616541353383454
9004,114.08410000000003,11.998899999999992,51.8796992481203
9005,181.82299999999998,4.582899999999995,59.3984962406015
9006,86.81849999999997,8.3082,44.3609022556391
9007,144.26660000000004,8.2076,57.14285714285714
9008,118.69560000000001,10.136799999999994,49.62406015037594
9009,147.74400000000006,4.589499999999958,54.13533834586466
9010,85.52290000000005,8.15400000000001,45.11278195488722
9011,128.84939999999995,9.341800000000006,55.639097744360896
9012,111.2411999999999,7.796000000000021,51.127819548872175
9013,71.32499999999999,7.624399999999994,43.609022556390975
9014,92.88159999999996,9.58250000000001,45.11278195488722
9015,126.90459999999999,7.876800000000003,51.127819548872175
9016,96.41760000000005,7.420900000000003,45.86466165413533
9017,136.25680000000003,6.080700000000007,54.88721804511278
9018,92.94229999999999,7.2166,49.62406015037594
9019,89.27899999999994,14.255200000000002,48.1203007518797
9020,86.9588,11.5244,43.609022556390975
9021,135.81329999999983,5.065100000000001,54.88721804511278
9022,145.83550000000005,8.149699999999996,57.14285714285714
9023,101.60960000000003,11.9983,43.609022556390975
9024,102.1402,4.2683999999999855,45.11278195488722
9025,160.8967,7.16840000000002,56.390977443609025
9026,187.67110000000002,5.011899999999997,61.65413533834586
9027,115.8107,8.800399999999996,51.8796992481203
9028,77.24870000000004,7.9836999999999705,44.3609022556391
9029,148.12799999999987,5.366700000000009,51.127819548872175
9030,154.79940000000005,7.705299999999994,50.37593984962406
9031,90.11019999999996,8.73060000000001,45.11278195488722
9032,93.97479999999996,14.959600000000023,44.3609022556391
9033,142.00059999999993,9.261500000000012,48.87218045112782
9034,109.52109999999999,8.787399999999991,49.62406015037594
9035,114.00919999999996,5.876000000000005,51.127819548872175
9036,152.5073,6.319999999999993,51.8796992481203
9037,154.97039999999993,5.20950000000002,55.639097744360896
9038,109.55649999999991,11.509800000000013,48.87218045112782
9039,117.3298,10.366699999999994,48.1203007518797
9040,132.23579999999995,7.514200000000017,54.13533834586466
9041,133.0477,8.8707,54.13533834586466
9042,142.27799999999996,4.477599999999995,50.37593984962406
9043,84.88400000000001,8.704099999999997,48.1203007518797
9044,117.36799999999997,10.342199999999991,50.37593984962406
9045,76.59079999999994,14.812399999999997,45.86466165413533
9046,97.3648,5.7834,47.368421052631575
9047,115.30869999999999,6.974300000000028,48.87218045112782
9048,127.45420000000001,4.762500000000017,53.383458646616546
9049,86.6637,9.278999999999996,43.609022556390975
9050,96.14579999999995,8.295800000000014,47.368421052631575
9051,154.8281,6.9007000000000005,52.63157894736842
9052,94.36290000000002,12.88489999999996,48.87218045112782
9053,91.36839999999995,6.609300000000019,46.616541353383454
9054,138.07200000000003,8.46720000000002,59.3984962406015
9055,86.26430000000002,11.274400000000014,48.87218045112782
9056,123.11630000000002,7.140500000000003,48.87218045112782
9057,139.33449999999996,4.414999999999992,51.8796992481203
9058,146.43650000000005,8.080900000000014,51.127819548872175
9059,114.0824,8.85759999999999,52.63157894736842
9060,136.7821,5.484399999999994,52.63157894736842
9061,142.49479999999997,6.066600000000022,56.390977443609025
9062,129.5091,6.657200000000003,49.62406015037594
9063,99.13139999999996,5.237299999999976,48.87218045112782
9064,86.89690000000002,9.79389999999998,46.616541353383454
9065,160.61400000000003,5.975700000000003,58.64661654135338
9066,191.5986000000001,4.9561999999999955,64.66165413533834
9067,72.30259999999998,10.839300000000009,37.59398496240601
9068,124.85339999999997,7.1732000000000085,45.11278195488722
9069,93.23660000000001,8.582699999999988,45.86466165413533
9070,130.4141,7.855399999999975,51.127819548872175
9071,147.75439999999995,6.594300000000004,51.8796992481203
9072,131.5576,5.606899999999996,54.88721804511278
9073,110.80839999999995,7.106799999999993,50.37593984962406
9074,117.49770000000001,5.240600000000001,46.616541353383454
9075,111.83759999999998,8.309500000000014,47.368421052631575
9076,86.18690000000007,8.305000000000007,47.368421052631575
9077,97.6165,6.783900000000003,48.1203007518797
9078,112.48889999999994,8.584100000000007,48.1203007518797
9079,118.79599999999999,8.298100000000005,46.616541353383454
9080,115.61120000000003,8.798900000000017,51.127819548872175
9081,93.51660000000001,10.290599999999998,47.368421052631575
9082,140.96729999999997,8.699200000000019,55.639097744360896
9083,94.7602,7.326700000000017,45.11278195488722
9084,70.01839999999999,9.918399999999991,43.609022556390975
9085,90.60479999999995,8.02810000000001,45.11278195488722
9086,132.82099999999994,6.711200000000019,47.368421052631575
9087,149.76919999999998,4.699300000000022,57.89473684210527
9088,96.02859999999998,7.8202,48.1203007518797
9089,162.1728,6.016799999999989,55.639097744360896
9090,116.12119999999996,6.463599999999985,52.63157894736842
9091,138.12699999999998,6.721000000000004,50.37593984962406
9092,144.144,6.302700000000016,58.64661654135338
9093,105.35259999999994,7.336699999999979,45.11278195488722
9094,137.96749999999992,9.436500000000024,52.63157894736842
9095,104.15199999999996,11.018100000000004,48.87218045112782
9096,127.5069,8.208300000000008,51.127819548872175
9097,69.47590000000002,10.641400000000004,45.11278195488722
9098,153.0945,3.8242000000000047,57.14285714285714
9099,186.91100000000006,6.2841999999999985,58.64661654135338
9100,119.46899999999994,9.299700000000016,50.37593984962406
9101,172.09530000000007,5.234300000000019,59.3984962406015
9102,53.1738,7.580799999999996,39.097744360902254
9103,72.34730000000002,16.75479999999999,40.6015037593985
9104,106.52789999999999,6.776800000000009,45.86466165413533
9105,178.30279999999993,4.889099999999985,61.65413533834586
9106,102.17339999999996,12.278999999999996,47.368421052631575
9107,92.16579999999999,12.342499999999973,48.1203007518797
9108,86.57940000000002,17.906400000000005,47.368421052631575
9109,141.5815000000001,16.19629999999998,52.63157894736842
9110,85.21659999999997,8.119099999999989,48.87218045112782
9111,154.91949999999997,6.543399999999963,54.88721804511278
9112,121.85799999999998,7.963900000000024,48.87218045112782
9113,194.43389999999994,5.489599999999996,57.14285714285714
9114,109.957,11.210399999999993,48.1203007518797
9115,143.08650000000003,6.692700000000002,51.8796992481203
9116,113.3743,5.340899999999991,49.62406015037594
9117,106.28019999999998,7.963400000000007,49.62406015037594
9118,62.00350000000003,8.38069999999999,42.857142857142854
9119,109.92099999999999,8.733299999999986,44.3609022556391
9120,109.69809999999998,8.59499999999997,45.11278195488722
9121,123.70320000000004,6.981499999999983,49.62406015037594
9122,103.87609999999998,8.016999999999996,49.62406015037594
9123,96.3015,8.899599999999992,48.1203007518797
9124,131.94459999999998,4.52000000000001,47.368421052631575
9125,73.59120000000001,10.042000000000002,42.857142857142854
9126,89.0102,10.415599999999998,51.127819548872175
9127,114.68409999999994,6.440900000000056,45.86466165413533
9128,120.60099999999994,10.027600000000007,48.1203007518797
9129,116.06129999999999,8.793000000000006,52.63157894736842
9130,71.76960000000003,12.555599999999998,47.368421052631575
9131,123.74969999999996,7.572800000000001,49.62406015037594
9132,118.89109999999997,4.632000000000005,51.8796992481203
9133,110.95960000000005,7.469100000000012,52.63157894736842
9134,120.38919999999996,5.392099999999999,48.1203007518797
9135,177.47350000000006,5.852400000000017,57.89473684210527
9136,137.61710000000008,6.659400000000005,54.13533834586466
9137,70.71899999999994,12.496500000000026,42.857142857142854
9138,95.64300000000003,9.7132,51.8796992481203
9139,138.6576,5.920900000000017,51.8796992481203
9140,107.40980000000002,7.98090000000002,47.368421052631575
9141,60.37099999999998,20.2282,43.609022556390975
9142,146.5124,5.758999999999986,54.13533834586466
9143,116.14420000000001,4.379000000000019,47.368421052631575
9144,144.60000000000005,6.0685,58.64661654135338
9145,114.2510999999999,7.918200000000013,48.1203007518797
9146,116.93700000000001,7.7316000000000145,46.616541353383454
9147,136.8948,3.9091999999999985,54.88721804511278
9148,147.69439999999997,6.7409000000000106,56.390977443609025
9149,119.2027,10.50279999999998,50.37593984962406
9150,98.61039999999997,15.404899999999998,50.37593984962406
9151,159.1603,5.363800000000012,57.14285714285714
9152,124.66160000000002,5.674799999999976,51.8796992481203
9153,115.84539999999996,8.396100000000018,51.127819548872175
9154,122.1148,7.1614999999999895,48.87218045112782
9155,98.20460000000003,13.521899999999988,47.368421052631575
9156,134.30030000000005,8.209000000000003,48.1203007518797
9157,105.34450000000004,6.917099999999991,52.63157894736842
9158,114.85649999999995,8.041899999999998,50.37593984962406
9159,166.11119999999994,6.302799999999991,56.390977443609025
9160,162.16500000000008,12.333199999999977,53.383458646616546
9161,101.15439999999992,5.8947,45.11278195488722
9162,154.66470000000004,6.821299999999994,54.13533834586466
9163,149.29119999999998,7.567599999999999,57.89473684210527
9164,103.1522,9.564499999999995,46.616541353383454
9165,118.7903,8.348100000000002,51.8796992481203
9166,123.10820000000004,4.766499999999979,49.62406015037594
9167,126.94540000000006,8.327200000000005,52.63157894736842
9168,126.77290000000002,11.544900000000013,53.383458646616546
9169,121.76680000000005,6.3429,48.87218045112782
9170,123.99099999999999,9.16689999999997,51.8796992481203
9171,81.35210000000001,8.186999999999983,45.86466165413533
9172,77.91719999999998,6.6425000000000125,44.3609022556391
9173,109.91399999999993,9.683300000000003,49.62406015037594
9174,184.61250000000018,6.427799999999991,58.64661654135338
9175,105.6071,10.509100000000018,51.127819548872175
9176,115.90159999999997,8.16210000000001,52.63157894736842
9177,153.21620000000001,6.4269999999999925,54.88721804511278
9178,113.90299999999999,6.572199999999995,55.639097744360896
9179,105.20690000000002,9.93719999999999,47.368421052631575
9180,101.5889,7.482599999999991,51.127819548872175
9181,79.37529999999998,6.091099999999997,43.609022556390975
9182,117.65949999999992,5.450400000000002,54.13533834586466
9183,87.5086,6.764100000000013,45.86466165413533
9184,122.89859999999999,4.839700000000022,52.63157894736842
9185,149.10969999999998,5.0844000000000165,55.639097744360896
9186,131.10699999999994,5.917100000000005,47.368421052631575
9187,104.01909999999995,7.493400000000008,46.616541353383454
9188,109.24669999999992,8.677800000000019,51.8796992481203
9189,164.59629999999993,7.624300000000034,57.14285714285714
9190,96.77600000000001,4.02849999999998,48.1203007518797
9191,133.58159999999998,4.758299999999991,53.383458646616546
9192,83.85119999999995,8.534599999999983,43.609022556390975
9193,112.6137,6.546599999999984,47.368421052631575
9194,114.49469999999991,5.7601999999999975,50.37593984962406
9195,128.2139,5.919499999999999,54.88721804511278
9196,107.09319999999997,10.597800000000007,45.86466165413533
9197,130.48240000000004,6.174199999999985,51.127819548872175
9198,130.39459999999994,5.852699999999999,54.13533834586466
9199,168.38640000000004,8.690000000000026,60.150375939849624
9200,144.40099999999998,6.7882000000000176,51.8796992481203
9201,103.02079999999995,8.691700000000026,49.62406015037594
9202,133.83380000000002,4.6188000000000216,52.63157894736842
9203,58.948699999999974,12.320800000000006,41.35338345864661
9204,104.74160000000003,9.732,48.87218045112782
9205,131.74330000000003,10.821299999999951,51.8796992481203
9206,151.28849999999994,3.016200000000026,57.89473684210527
9207,93.9631,10.633300000000006,41.35338345864661
9208,127.91409999999993,6.384199999999993,50.37593984962406
9209,116.06479999999999,9.414700000000039,45.86466165413533
9210,157.65030000000002,6.616299999999995,53.383458646616546
9211,144.40860000000004,7.3566000000000145,55.639097744360896
9212,117.60359999999994,12.475700000000018,54.13533834586466
9213,120.17869999999999,7.062900000000013,58.64661654135338
9214,114.41489999999999,6.516599999999983,51.8796992481203
9215,82.45939999999996,7.227599999999995,46.616541353383454
9216,125.339,4.833300000000008,50.37593984962406
9217,151.47709999999998,6.69380000000001,55.639097744360896
9218,132.25150000000008,4.992899999999992,48.1203007518797
9219,107.91229999999999,5.795400000000001,42.10526315789473
9220,137.55020000000005,6.450100000000006,48.87218045112782
9221,110.83239999999995,8.728800000000007,50.37593984962406
9222,73.5118,14.098700000000008,45.11278195488722
9223,129.4348,6.76400000000001,50.37593984962406
9224,98.99409999999997,8.109900000000039,42.10526315789473
9225,101.56269999999992,15.415400000000005,43.609022556390975
9226,75.90910000000002,15.144900000000007,45.86466165413533
9227,100.5473,8.24860000000001,47.368421052631575
9228,126.24309999999997,7.153999999999996,52.63157894736842
9229,110.57339999999996,9.5364,51.127819548872175
9230,108.80269999999996,11.899999999999977,48.1203007518797
9231,154.91970000000003,3.8765999999999963,53.383458646616546
9232,92.93310000000002,7.609300000000005,48.1203007518797
9233,124.7868,5.317700000000002,51.8796992481203
9234,119.86049999999997,7.228300000000019,51.8796992481203
9235,110.16719999999998,9.978800000000035,49.62406015037594
9236,114.85520000000002,8.190300000000008,51.127819548872175
9237,115.46259999999992,6.525800000000004,50.37593984962406
9238,120.57289999999995,9.762099999999975,49.62406015037594
9239,113.8921,7.26209999999999,47.368421052631575
9240,87.00229999999999,8.082899999999995,45.11278195488722
9241,127.69179999999994,10.535399999999981,54.13533834586466
9242,113.14440000000002,6.096199999999996,48.87218045112782
9243,108.34729999999996,5.667800000000028,49.62406015037594
9244,125.50060000000002,7.5327000000000055,51.127819548872175
9245,125.01239999999993,9.402800000000013,49.62406015037594
9246,130.2118,7.518200000000036,49.62406015037594
9247,171.1253000000001,6.112700000000004,54.88721804511278
9248,48.37389999999999,7.273400000000009,45.11278195488722
9249,132.7033,7.1892,51.127819548872175
9250,120.43279999999999,5.516900000000021,56.390977443609025
9251,111.90870000000001,8.57529999999997,48.87218045112782
9252,114.84319999999997,8.572900000000004,46.616541353383454
9253,95.62390000000005,4.316099999999992,51.127819548872175
9254,107.1409999999999,7.169599999999974,51.8796992481203
9255,94.1413,5.649000000000001,52.63157894736842
9256,105.2285,7.548600000000022,51.8796992481203
9257,122.90079999999998,6.171199999999999,52.63157894736842
9258,124.06239999999994,8.275899999999979,54.13533834586466
9259,155.4417,5.826600000000013,53.383458646616546
9260,108.76389999999998,15.981799999999993,45.11278195488722
9261,170.99779999999998,5.943799999999982,60.902255639097746
9262,150.7209,6.9857000000000085,49.62406015037594
9263,141.30029999999994,8.64330000000001,50.37593984962406
9264,145.55649999999991,6.290300000000002,54.13533834586466
9265,130.89999999999995,6.569099999999992,51.127819548872175
9266,77.92640000000006,15.134899999999988,42.10526315789473
9267,85.60679999999996,8.349899999999991,44.3609022556391
9268,115.1628,7.619299999999981,48.1203007518797
9269,121.78599999999994,6.326900000000023,49.62406015037594
9270,115.40369999999996,7.097899999999996,48.87218045112782
9271,121.54229999999998,5.29200000000003,49.62406015037594
9272,98.03429999999997,7.915400000000005,51.127819548872175
9273,109.69319999999999,5.862399999999994,51.8796992481203
9274,151.25870000000003,6.862599999999986,55.639097744360896
9275,69.08639999999997,8.6541,48.1203007518797
9276,85.3108,13.726700000000008,48.87218045112782
9277,100.31359999999995,9.425600000000003,48.87218045112782
9278,75.71019999999999,9.86,39.849624060150376
9279,139.3308,6.275500000000022,49.62406015037594
9280,62.669399999999996,7.942300000000017,39.849624060150376
9281,102.24329999999998,8.398300000000006,50.37593984962406
9282,87.82679999999999,7.386099999999999,50.37593984962406
9283,137.00249999999997,8.72829999999999,53.383458646616546
9284,110.41189999999995,5.761800000000008,48.87218045112782
9285,98.45519999999999,10.358900000000006,43.609022556390975
9286,135.03290000000004,5.803200000000004,51.127819548872175
9287,110.74779999999993,6.8892999999999915,50.37593984962406
9288,140.41379999999995,5.487000000000009,52.63157894736842
9289,107.58749999999992,6.633600000000001,50.37593984962406
9290,110.22550000000001,9.213700000000017,47.368421052631575
9291,103.38539999999995,8.28109999999998,49.62406015037594
9292,100.72089999999992,7.98060000000001,51.8796992481203
9293,118.49199999999996,12.642500000000041,49.62406015037594
9294,108.80969999999999,5.830700000000007,48.87218045112782
9295,96.83030000000005,7.404800000000023,49.62406015037594
9296,112.2944,12.346199999999982,44.3609022556391
9297,108.65679999999998,13.639100000000013,44.3609022556391
9298,141.38199999999998,4.43070000000003,52.63157894736842
9299,117.94539999999998,9.391599999999983,44.3609022556391
9300,133.2952,7.904200000000003,50.37593984962406
9301,137.9771,8.665599999999984,54.13533834586466
9302,102.64520000000005,8.3386,48.1203007518797
9303,70.41930000000002,10.417299999999997,42.10526315789473
9304,144.41480000000004,7.7136,54.88721804511278
9305,133.17329999999995,5.6366999999999905,53.383458646616546
9306,130.15109999999999,10.37269999999998,52.63157894736842
9307,106.03009999999995,6.0367999999999995,52.63157894736842
9308,95.48149999999998,8.638899999999992,48.87218045112782
9309,114.14389999999997,12.154300000000035,49.62406015037594
9310,121.71880000000004,8.777100000000004,50.37593984962406
9311,74.856,9.539199999999994,44.3609022556391
9312,125.55529999999999,7.460700000000003,52.63157894736842
9313,88.40009999999998,7.876700000000028,48.87218045112782
9314,103.44350000000003,6.637699999999995,47.368421052631575
9315,116.90209999999999,7.8603999999999985,48.1203007518797
9316,78.35010000000005,10.608899999999977,42.857142857142854
9317,89.69869999999997,6.430499999999995,48.87218045112782
9318,157.1494,5.016199999999969,57.14285714285714
9319,130.43099999999993,6.415700000000015,51.127819548872175
9320,150.45970000000005,8.585200000000015,50.37593984962406
9321,121.04649999999998,9.588599999999985,57.14285714285714
9322,122.06889999999999,7.024799999999999,46.616541353383454
9323,134.68209999999996,9.760500000000008,51.8796992481203
9324,107.25119999999998,7.485500000000002,49.62406015037594
9325,151.61269999999993,5.791199999999975,52.63157894736842
9326,131.32829999999996,7.745200000000011,54.88721804511278
9327,137.17899999999992,7.3263999999999925,51.8796992481203
9328,117.4119,6.473200000000006,51.8796992481203
9329,105.92939999999993,6.134800000000013,53.383458646616546
9330,119.5522,7.1053,45.86466165413533
9331,93.95319999999998,14.132100000000008,48.1203007518797
9332,107.20299999999997,11.805000000000007,45.11278195488722
9333,121.3424,10.660799999999995,45.11278195488722
9334,151.52139999999991,4.084999999999994,57.89473684210527
9335,55.44470000000001,12.286000000000001,48.1203007518797
9336,99.87940000000003,9.897899999999993,49.62406015037594
9337,108.64160000000001,9.385899999999992,50.37593984962406
9338,107.73050000000003,8.560399999999987,50.37593984962406
9339,132.66299999999998,6.652300000000011,58.64661654135338
9340,95.7242,6.682300000000026,47.368421052631575
9341,88.0963999999999,11.558900000000008,45.11278195488722
9342,106.42879999999991,10.98520000000002,43.609022556390975
9343,132.20429999999993,4.860199999999992,48.1203007518797
9344,162.47019999999998,6.368399999999994,59.3984962406015
9345,112.67239999999998,10.060800000000029,48.87218045112782
9346,144.70079999999993,10.30510000000001,54.13533834586466
9347,74.26930000000002,11.984800000000007,39.849624060150376
9348,119.7405,9.677000000000007,47.368421052631575
9349,144.86909999999997,7.566599999999994,54.88721804511278
9350,149.74450000000002,8.401500000000027,62.40601503759399
9351,127.19280000000003,7.287499999999966,50.37593984962406
9352,131.199,7.5154999999999745,55.639097744360896
9353,84.24969999999996,7.9587999999999965,45.86466165413533
9354,106.93110000000001,4.139899999999983,46.616541353383454
9355,129.58150000000006,11.574799999999996,53.383458646616546
9356,195.02480000000003,3.4005000000000223,57.89473684210527
9357,116.5127,9.053600000000003,53.383458646616546
9358,102.767,7.869,42.857142857142854
9359,127.69480000000001,9.385400000000004,52.63157894736842
9360,120.64299999999997,6.291900000000027,49.62406015037594
9361,123.5547,6.823800000000006,52.63157894736842
9362,91.34440000000001,8.888300000000015,41.35338345864661
9363,128.47259999999997,7.966799999999978,48.1203007518797
9364,112.5118,10.543300000000002,47.368421052631575
9365,139.17949999999996,6.382300000000001,56.390977443609025
9366,118.69449999999995,6.9117999999999995,51.127819548872175
9367,69.40539999999999,4.859700000000004,44.3609022556391
9368,90.5539,8.279799999999994,51.127819548872175
9369,133.38309999999998,4.225899999999996,54.13533834586466
9370,145.13049999999996,5.296399999999977,50.37593984962406
9371,87.16890000000001,14.058999999999997,45.86466165413533
9372,98.9649,12.47160000000001,51.127819548872175
9373,96.54179999999997,12.533699999999996,51.8796992481203
9374,136.89889999999994,4.968800000000016,51.127819548872175
9375,116.58299999999997,5.862300000000005,47.368421052631575
9376,103.69679999999994,7.062200000000004,44.3609022556391
9377,137.26250000000002,10.254500000000007,51.8796992481203
9378,84.25429999999997,13.529599999999988,46.616541353383454
9379,127.25859999999997,5.017700000000019,54.88721804511278
9380,114.53060000000002,4.245699999999999,49.62406015037594
9381,172.0918999999999,5.073400000000007,57.89473684210527
9382,149.84339999999995,4.81189999999998,51.8796992481203
9383,96.6593,8.747900000000016,49.62406015037594
9384,110.11419999999998,7.735000000000014,46.616541353383454
9385,114.60050000000004,8.8108,47.368421052631575
9386,134.12889999999993,7.9007000000000005,51.8796992481203
9387,125.84799999999996,8.1327,54.13533834586466
9388,134.16249999999997,6.100499999999997,49.62406015037594
9389,126.99589999999995,5.034999999999997,51.127819548872175
9390,107.08770000000004,10.56580000000001,51.127819548872175
9391,89.6345,9.927400000000006,49.62406015037594
9392,141.14530000000002,5.453499999999991,55.639097744360896
9393,143.79779999999988,5.492800000000017,54.13533834586466
9394,115.1319,13.26279999999997,51.8796992481203
9395,126.06319999999994,7.3519000000000005,53.383458646616546
9396,132.58499999999998,4.882800000000003,49.62406015037594
9397,102.5308,8.482399999999984,43.609022556390975
9398,70.51369999999997,10.775800000000004,42.857142857142854
9399,130.93069999999997,5.427399999999977,50.37593984962406
9400,129.52989999999997,4.953800000000001,56.390977443609025
9401,126.59449999999998,7.075199999999995,48.87218045112782
9402,126.01499999999996,8.034600000000012,51.127819548872175
9403,151.10299999999998,9.086399999999998,53.383458646616546
9404,85.00849999999997,16.0925,46.616541353383454
9405,122.73549999999994,7.1817999999999955,52.63157894736842
9406,97.28869999999995,12.127400000000023,52.63157894736842
9407,156.53780000000006,5.2363,58.64661654135338
9408,99.33659999999992,7.776499999999999,48.1203007518797
9409,118.3672,6.716899999999981,50.37593984962406
9410,136.06269999999992,7.415000000000006,52.63157894736842
9411,115.8346,13.374500000000012,50.37593984962406
9412,120.94209999999998,11.299299999999988,45.86466165413533
9413,132.7997,9.415199999999999,50.37593984962406
9414,109.9648,5.915099999999995,48.87218045112782
9415,151.654,4.131899999999973,54.13533834586466
9416,74.8853,8.858300000000014,41.35338345864661
9417,118.61999999999989,5.046300000000002,50.37593984962406
9418,68.01800000000003,8.002300000000005,45.11278195488722
9419,134.86909999999995,5.352800000000002,55.639097744360896
9420,118.35380000000004,4.732900000000001,52.63157894736842
9421,107.81019999999992,7.333700000000022,48.87218045112782
9422,90.26979999999998,7.605500000000006,43.609022556390975
9423,82.6216,6.2286,40.6015037593985
9424,85.95089999999993,9.069700000000012,48.87218045112782
9425,102.53429999999997,7.538300000000021,51.127819548872175
9426,104.18549999999999,7.4879999999999995,50.37593984962406
9427,87.02679999999995,6.538400000000024,47.368421052631575
9428,111.03409999999997,5.279899999999969,49.62406015037594
9429,177.23860000000013,8.008799999999994,53.383458646616546
9430,86.59469999999996,10.876900000000035,48.87218045112782
9431,87.78109999999998,9.856800000000021,43.609022556390975
9432,114.7346,8.069799999999987,48.1203007518797
9433,130.38939999999994,11.098100000000017,51.127819548872175
9434,116.5967,3.18119999999999,51.127819548872175
9435,146.2515999999999,5.250500000000002,57.89473684210527
9436,79.01659999999998,9.832800000000006,42.10526315789473
9437,92.93420000000003,9.350200000000001,48.87218045112782
9438,107.53929999999997,6.895299999999992,48.1203007518797
9439,93.31659999999997,10.412200000000013,45.11278195488722
9440,61.09010000000001,10.846799999999973,42.10526315789473
9441,159.7867,5.266400000000004,51.127819548872175
9442,122.91760000000002,7.778700000000015,53.383458646616546
9443,113.09019999999992,9.6695,47.368421052631575
9444,105.02080000000001,8.324599999999975,47.368421052631575
9445,59.20400000000001,7.6768,42.10526315789473
9446,96.78809999999999,8.304299999999984,48.1203007518797
9447,98.202,7.958400000000012,45.86466165413533
9448,108.7653,7.948100000000011,51.127819548872175
9449,165.248,9.916199999999975,54.13533834586466
9450,122.22449999999998,5.889899999999983,48.87218045112782
9451,103.8125,6.307299999999998,48.87218045112782
9452,93.19769999999994,10.032200000000017,47.368421052631575
9453,103.41990000000001,9.381900000000002,46.616541353383454
9454,117.94990000000004,9.825800000000001,51.8796992481203
9455,91.45049999999998,8.940100000000001,45.11278195488722
9456,112.6679,6.406300000000016,54.13533834586466
9457,122.4753,8.769999999999982,54.88721804511278
9458,194.30560000000003,2.426400000000001,62.40601503759399
9459,143.10260000000002,6.9471000000000345,54.13533834586466
9460,98.14259999999999,12.653000000000006,50.37593984962406
9461,80.16409999999996,12.293200000000013,39.849624060150376
9462,167.4321000000001,14.687400000000011,55.639097744360896
9463,141.60530000000003,5.5627999999999815,48.87218045112782
9464,88.55379999999997,9.664299999999997,43.609022556390975
9465,138.5706,6.080299999999966,56.390977443609025
9466,84.0111,9.623999999999995,46.616541353383454
9467,107.86689999999999,5.867899999999992,47.368421052631575
9468,111.1502999999999,7.092999999999989,48.1203007518797
9469,84.97379999999998,11.447699999999998,42.857142857142854
9470,143.12849999999997,4.551199999999994,49.62406015037594
9471,84.71679999999998,13.073399999999992,48.87218045112782
9472,106.7987,6.850700000000003,45.86466165413533
9473,128.47680000000003,9.340599999999995,51.127819548872175
9474,102.79750000000001,12.328099999999978,46.616541353383454
9475,147.24200000000002,6.389999999999986,54.88721804511278
9476,106.33579999999998,14.036200000000008,47.368421052631575
9477,124.71270000000004,6.926600000000008,52.63157894736842
9478,104.93319999999994,12.504000000000005,52.63157894736842
9479,103.9140999999999,11.497000000000014,47.368421052631575
9480,136.59709999999993,10.58929999999998,45.86466165413533
9481,129.78959999999995,6.610500000000002,49.62406015037594
9482,143.48559999999995,6.438800000000015,53.383458646616546
9483,122.52739999999994,6.287900000000008,49.62406015037594
9484,94.31099999999998,5.808400000000006,47.368421052631575
9485,142.9934,7.061499999999995,54.13533834586466
9486,144.3157,3.552199999999999,53.383458646616546
9487,156.42369999999994,6.498699999999985,51.8796992481203
9488,128.9193,12.989800000000002,52.63157894736842
9489,102.62690000000003,10.8442,48.87218045112782
9490,154.39890000000003,6.828399999999988,59.3984962406015
9491,141.76239999999999,6.089799999999997,51.8796992481203
9492,138.79729999999995,7.497600000000006,51.8796992481203
9493,106.10509999999994,9.036200000000008,48.1203007518797
9494,109.68989999999997,6.616400000000027,44.3609022556391
9495,122.99379999999994,6.8485999999999905,56.390977443609025
9496,145.60200000000003,5.018900000000002,51.8796992481203
9497,154.68030000000005,5.808899999999994,59.3984962406015
9498,103.59160000000003,5.0219000000000165,49.62406015037594
9499,153.60099999999994,7.704200000000014,55.639097744360896
9500,132.73750000000004,8.058599999999984,56.390977443609025
9501,100.35039999999998,7.8851999999999975,48.1203007518797
9502,93.95270000000002,6.083700000000022,50.37593984962406
9503,110.88380000000001,9.984300000000019,51.127819548872175
9504,123.99960000000004,5.508200000000016,51.127819548872175
9505,155.6592000000001,7.127199999999988,57.89473684210527
9506,149.64830000000003,6.260699999999957,53.383458646616546
9507,89.90499999999997,12.75630000000001,48.87218045112782
9508,136.49549999999994,8.946799999999996,52.63157894736842
9509,122.63640000000004,3.8522000000000105,50.37593984962406
9510,92.47859999999997,7.0097999999999985,46.616541353383454
9511,95.8193,5.891199999999998,45.11278195488722
9512,135.18499999999992,5.444500000000005,52.63157894736842
9513,128.23219999999995,10.34790000000001,46.616541353383454
9514,106.91589999999997,5.580500000000001,47.368421052631575
9515,94.8107,7.445000000000022,42.857142857142854
9516,161.86420000000004,5.627999999999986,55.639097744360896
9517,133.6435,7.853899999999996,51.8796992481203
9518,107.93570000000003,10.0171,47.368421052631575
9519,155.4738,4.782800000000009,57.14285714285714
9520,65.93629999999996,13.857500000000002,41.35338345864661
9521,114.93,6.70689999999999,45.11278195488722
9522,139.49949999999995,5.661400000000015,55.639097744360896
9523,97.86800000000002,9.819299999999998,47.368421052631575
9524,156.85579999999993,6.816499999999991,55.639097744360896
9525,105.60730000000001,7.746400000000023,48.1203007518797
9526,108.72139999999996,8.713899999999995,45.86466165413533
9527,141.3601,7.262400000000014,56.390977443609025
9528,114.39919999999998,10.954899999999995,48.1203007518797
9529,110.7849,4.856400000000008,46.616541353383454
9530,102.37110000000001,8.278999999999996,48.87218045112782
9531,88.30359999999999,7.0493999999999915,45.86466165413533
9532,89.8365,19.186300000000003,49.62406015037594
9533,79.94040000000001,7.733800000000002,46.616541353383454
9534,124.37219999999996,3.8292,51.127819548872175
9535,108.44349999999997,7.492399999999975,49.62406015037594
9536,156.0394,9.566999999999993,58.64661654135338
9537,67.6172,17.0796,45.11278195488722
9538,119.02939999999998,10.845199999999977,51.8796992481203
9539,82.524,7.186399999999992,47.368421052631575
9540,160.55800000000005,8.96210000000002,55.639097744360896
9541,119.76909999999998,6.329899999999981,49.62406015037594
9542,163.12369999999999,3.2461000000000126,60.902255639097746
9543,135.26799999999997,14.84680000000003,53.383458646616546
9544,113.83259999999999,7.281599999999997,42.10526315789473
9545,101.6925,6.735199999999992,49.62406015037594
9546,159.31099999999998,7.798400000000015,55.639097744360896
9547,154.34359999999998,7.846599999999995,53.383458646616546
9548,123.76439999999997,18.1944,49.62406015037594
9549,78.71789999999996,7.648500000000013,47.368421052631575
9550,133.61050000000003,5.882000000000005,49.62406015037594
9551,122.88999999999999,4.579499999999996,47.368421052631575
9552,119.32449999999994,8.857500000000002,50.37593984962406
9553,91.81189999999998,8.212299999999999,45.11278195488722
9554,90.21359999999999,11.358699999999999,45.86466165413533
9555,118.56459999999998,7.40209999999999,52.63157894736842
9556,110.31909999999999,11.418400000000005,50.37593984962406
9557,125.44430000000003,7.448599999999999,54.13533834586466
9558,146.86989999999994,8.7196,56.390977443609025
9559,105.02189999999993,7.365100000000012,47.368421052631575
9560,90.36019999999996,18.584700000000055,51.127819548872175
9561,107.91660000000002,5.302400000000006,53.383458646616546
9562,131.28939999999992,6.100000000000023,51.127819548872175
9563,117.28550000000001,11.494599999999991,50.37593984962406
9564,151.9229,10.376599999999996,52.63157894736842
9565,99.65469999999999,12.216000000000008,44.3609022556391
9566,109.01930000000002,4.84729999999999,48.1203007518797
9567,106.99440000000004,5.504400000000032,45.11278195488722
9568,141.4991,5.384500000000003,56.390977443609025
9569,114.75660000000005,10.637799999999999,47.368421052631575
9570,95.96490000000006,6.231899999999996,51.8796992481203
9571,123.9657,10.367099999999994,51.127819548872175
9572,112.8161,11.047300000000007,47.368421052631575
9573,95.71489999999994,7.205199999999991,51.127819548872175
9574,77.82190000000003,8.481700000000004,42.857142857142854
9575,142.39609999999993,6.293900000000036,51.8796992481203
9576,164.26440000000002,5.953099999999949,55.639097744360896
9577,106.39169999999999,10.002099999999984,53.383458646616546
9578,143.14289999999997,6.310099999999977,55.639097744360896
9579,147.44439999999994,6.458500000000015,52.63157894736842
9580,128.74679999999995,9.72720000000001,51.8796992481203
9581,114.81719999999996,7.056200000000004,46.616541353383454
9582,93.4485,11.392599999999987,45.86466165413533
9583,87.33839999999998,6.112600000000015,51.127819548872175
9584,131.56780000000003,8.673599999999993,52.63157894736842
9585,125.92329999999998,9.714499999999987,51.8796992481203
9586,131.51289999999995,8.2243,49.62406015037594
9587,79.85090000000002,12.29180000000001,41.35338345864661
9588,123.97249999999997,6.762599999999992,52.63157894736842
9589,132.42020000000002,10.199099999999987,45.11278195488722
9590,98.36399999999998,12.228200000000015,45.86466165413533
9591,87.40380000000002,6.862799999999993,48.1203007518797
9592,111.72720000000001,7.448100000000011,46.616541353383454
9593,111.50089999999994,6.3408000000000015,47.368421052631575
9594,71.76289999999995,17.281800000000032,43.609022556390975
9595,119.88369999999998,5.199100000000016,50.37593984962406
9596,115.9048,5.198800000000006,54.13533834586466
9597,124.86729999999991,11.7791,51.8796992481203
9598,97.82669999999996,6.660599999999988,46.616541353383454
9599,122.95049999999992,5.6650000000000205,52.63157894736842
9600,135.22530000000003,7.7198999999999955,48.87218045112782
9601,109.7396,7.4176000000000215,50.37593984962406
9602,100.95589999999999,7.525899999999979,54.88721804511278
9603,95.17179999999996,5.884799999999984,45.11278195488722
9604,88.87969999999996,13.041400000000039,45.11278195488722
9605,142.13950000000003,7.200099999999992,53.383458646616546
9606,88.69819999999999,9.943700000000007,49.62406015037594
9607,105.61899999999997,6.356699999999989,48.87218045112782
9608,131.49959999999996,8.391299999999973,50.37593984962406
9609,87.1123,8.450199999999995,45.86466165413533
9610,105.76150000000001,6.34839999999997,47.368421052631575
9611,160.914,5.965599999999995,56.390977443609025
9612,112.26110000000003,8.017600000000002,46.616541353383454
9613,111.0504,6.700800000000015,53.383458646616546
9614,109.06510000000003,9.688999999999993,45.86466165413533
9615,152.4298000000001,7.323199999999986,58.64661654135338
9616,149.42940000000002,8.073399999999992,58.64661654135338
9617,85.5924,11.30729999999997,43.609022556390975
9618,117.55259999999998,9.739300000000014,45.86466165413533
9619,134.7649999999999,3.8308999999999997,51.127819548872175
9620,114.08870000000002,10.732400000000013,51.127819548872175
9621,119.18829999999997,11.071800000000025,47.368421052631575
9622,157.81600000000003,6.343800000000016,54.13533834586466
9623,65.51229999999998,11.260999999999996,39.097744360902254
9624,125.24349999999998,8.078700000000026,45.11278195488722
9625,105.5754,7.627999999999986,42.857142857142854
9626,113.25519999999995,11.097800000000007,48.87218045112782
9627,84.84870000000001,8.935999999999979,45.86466165413533
9628,126.89349999999996,6.5578000000000145,49.62406015037594
9629,119.85070000000002,5.2363,51.8796992481203
9630,156.8529000000001,6.115499999999997,56.390977443609025
9631,144.77179999999998,6.774300000000011,58.64661654135338
9632,135.41080000000005,4.281099999999981,54.13533834586466
9633,122.3947,5.208100000000002,50.37593984962406
9634,70.6377,12.590300000000013,45.86466165413533
9635,109.4574,13.9067,48.87218045112782
9636,138.10419999999996,8.928800000000024,50.37593984962406
9637,112.4101,9.854699999999994,48.1203007518797
9638,162.1892999999999,5.391700000000014,56.390977443609025
9639,92.4247,7.303699999999992,46.616541353383454
9640,121.7438,10.011199999999988,54.88721804511278
9641,137.851,7.749800000000008,57.14285714285714
9642,104.33119999999997,11.526499999999999,44.3609022556391
9643,128.12429999999995,6.550100000000015,47.368421052631575
9644,124.08119999999997,4.276799999999994,47.368421052631575
9645,164.03430000000003,5.468699999999984,51.8796992481203
9646,95.29979999999998,7.437999999999988,48.1203007518797
9647,85.62190000000004,7.242999999999995,45.86466165413533
9648,66.0634,12.8296,42.857142857142854
9649,105.5609,9.188500000000005,45.86466165413533
9650,129.3775,7.793399999999991,51.8796992481203
9651,121.1103,10.445599999999985,48.1203007518797
9652,78.62579999999997,9.927999999999997,44.3609022556391
9653,159.14830000000018,9.391999999999939,52.63157894736842
9654,84.61449999999996,12.4983,46.616541353383454
9655,87.56849999999997,11.0471,46.616541353383454
9656,82.38259999999997,8.142399999999995,45.11278195488722
9657,135.5388,8.012999999999977,52.63157894736842
9658,143.75509999999997,4.9676000000000045,53.383458646616546
9659,90.61769999999999,4.995299999999986,45.86466165413533
9660,111.15539999999993,6.639499999999998,51.8796992481203
9661,92.55789999999999,13.916899999999998,47.368421052631575
9662,89.267,6.8081000000000245,47.368421052631575
9663,140.00549999999996,7.406900000000007,52.63157894736842
9664,94.46989999999994,6.777300000000011,50.37593984962406
9665,109.24119999999994,12.732499999999987,50.37593984962406
9666,138.2309,7.688299999999998,54.13533834586466
9667,143.9762,11.236599999999996,55.639097744360896
9668,124.80799999999994,7.705100000000016,48.87218045112782
9669,64.89030000000002,15.122299999999996,43.609022556390975
9670,140.29610000000005,5.07510000000002,47.368421052631575
9671,119.2157,7.086299999999966,53.383458646616546
9672,105.72829999999996,7.422600000000017,51.8796992481203
9673,114.12950000000001,8.688999999999993,48.87218045112782
9674,123.48550000000003,7.285500000000013,51.8796992481203
9675,99.91199999999995,13.331400000000002,51.127819548872175
9676,112.20159999999998,6.858700000000013,51.127819548872175
9677,104.71319999999997,8.626100000000008,48.87218045112782
9678,128.35819999999995,7.296599999999984,57.14285714285714
9679,104.22949999999997,10.841200000000015,51.8796992481203
9680,134.4416,5.3733,53.383458646616546
9681,125.86899999999991,6.340199999999982,55.639097744360896
9682,86.3218,8.656899999999993,47.368421052631575
9683,150.4016,9.136900000000026,57.89473684210527
9684,160.3084,4.738499999999988,51.8796992481203
9685,135.6167,10.550600000000003,54.13533834586466
9686,169.74179999999996,5.969100000000026,56.390977443609025
9687,130.6301,5.861699999999999,50.37593984962406
9688,32.7876,15.029599999999988,36.84210526315789
9689,89.80120000000005,11.456699999999984,47.368421052631575
9690,144.9796,6.844300000000004,52.63157894736842
9691,149.57150000000001,7.265999999999991,54.88721804511278
9692,80.65629999999996,10.256500000000045,47.368421052631575
9693,107.25759999999997,14.385899999999992,50.37593984962406
9694,82.8476,10.313400000000001,46.616541353383454
9695,132.96219999999997,7.026600000000002,48.1203007518797
9696,102.75729999999993,6.3018,42.857142857142854
9697,100.0847,9.803600000000017,41.35338345864661
9698,121.67129999999997,5.2923999999999864,51.127819548872175
9699,133.57189999999994,5.667100000000005,51.8796992481203
9700,138.12,6.209499999999991,53.383458646616546
9701,99.91569999999999,6.602000000000004,48.87218045112782
9702,141.17399999999998,5.675300000000021,54.88721804511278
9703,134.69689999999997,9.02090000000004,48.87218045112782
9704,110.7099,5.216300000000018,50.37593984962406
9705,112.27010000000001,7.862899999999968,48.87218045112782
9706,110.3209,6.036200000000008,50.37593984962406
9707,161.29790000000003,7.7353999999999985,52.63157894736842
9708,92.51150000000001,7.954500000000024,44.3609022556391
9709,115.86449999999996,10.169500000000028,46.616541353383454
9710,92.99470000000005,7.951599999999985,43.609022556390975
9711,138.9875,5.697200000000009,54.13533834586466
9712,93.80169999999998,6.387800000000027,44.3609022556391
9713,140.43179999999995,7.986000000000018,50.37593984962406
9714,146.14129999999992,5.686099999999996,54.88721804511278
9715,145.59479999999994,5.4746000000000095,54.13533834586466
9716,116.245,8.224199999999996,48.1203007518797
9717,92.97120000000001,11.26769999999999,46.616541353383454
9718,100.89270000000005,5.905299999999983,54.88721804511278
9719,115.57310000000001,5.865499999999997,47.368421052631575
9720,113.86350000000002,7.26249999999996,48.1203007518797
9721,109.95779999999996,7.599400000000031,48.1203007518797
9722,88.85919999999999,8.116800000000012,46.616541353383454
9723,121.57409999999996,6.304300000000012,48.1203007518797
9724,91.84339999999997,9.736400000000003,45.86466165413533
9725,98.37799999999996,10.78370000000001,49.62406015037594
9726,115.77780000000001,6.405799999999999,51.8796992481203
9727,154.46470000000002,4.34190000000001,51.8796992481203
9728,159.164,5.552500000000009,59.3984962406015
9729,132.6302,5.6259000000000015,44.3609022556391
9730,114.50669999999991,13.464000000000027,53.383458646616546
9731,119.65809999999993,7.164500000000004,50.37593984962406
9732,112.2174,9.105900000000005,50.37593984962406
9733,105.07279999999997,5.752299999999991,47.368421052631575
9734,131.36419999999998,9.382599999999968,49.62406015037594
9735,137.97069999999997,9.10099999999997,54.13533834586466
9736,116.61689999999999,5.601700000000008,48.87218045112782
9737,84.79819999999995,10.642800000000022,45.86466165413533
9738,124.50519999999989,5.678799999999995,50.37593984962406
9739,151.40890000000005,6.6571,57.14285714285714
9740,83.94190000000003,6.512699999999995,45.11278195488722
9741,172.53610000000003,4.49169999999998,57.14285714285714
9742,123.03949999999998,4.987800000000007,54.13533834586466
9743,102.22259999999997,6.629100000000022,47.368421052631575
9744,71.69229999999999,9.232500000000002,39.849624060150376
9745,135.07149999999996,4.486500000000007,55.639097744360896
9746,105.53349999999995,9.0882,45.11278195488722
9747,62.16160000000002,12.586199999999991,39.849624060150376
9748,119.77720000000002,6.791599999999988,53.383458646616546
9749,145.64169999999996,7.765999999999991,51.127819548872175
9750,164.29510000000005,4.145500000000027,57.14285714285714
9751,118.65359999999998,10.61099999999999,52.63157894736842
9752,131.18629999999996,7.208699999999993,53.383458646616546
9753,138.4436,11.477700000000027,52.63157894736842
9754,125.37389999999996,7.738799999999998,44.3609022556391
9755,98.43579999999997,9.691300000000012,45.86466165413533
9756,121.2390999999999,7.476800000000026,49.62406015037594
9757,151.15189999999998,5.027899999999988,51.127819548872175
9758,133.74559999999997,7.798299999999998,52.63157894736842
9759,137.00689999999997,9.273199999999989,50.37593984962406
9760,114.3742,5.954200000000014,50.37593984962406
9761,104.91469999999998,12.1909,51.8796992481203
9762,149.14099999999996,6.006299999999996,54.13533834586466
9763,137.15329999999997,7.143100000000004,55.639097744360896
9764,127.15189999999996,6.664699999999996,54.88721804511278
9765,138.9828,7.477199999999982,54.88721804511278
9766,79.08119999999997,6.73599999999999,50.37593984962406
9767,118.38709999999998,7.870500000000007,50.37593984962406
9768,135.9434999999999,9.423100000000034,49.62406015037594
9769,87.21340000000004,8.969800000000006,42.10526315789473
9770,154.50430000000006,8.292199999999994,57.14285714285714
9771,150.55979999999997,6.7605000000000075,55.639097744360896
9772,112.41400000000004,6.563500000000005,45.86466165413533
9773,68.94780000000003,10.06649999999999,42.10526315789473
9774,107.8743,7.5236999999999625,48.87218045112782
9775,130.55389999999994,7.587999999999994,56.390977443609025
9776,162.13260000000002,7.190799999999996,58.64661654135338
9777,141.83679999999995,7.473399999999998,53.383458646616546
9778,93.82510000000002,11.534800000000004,44.3609022556391
9779,163.03449999999998,6.800100000000015,59.3984962406015
9780,194.25300000000004,4.10650000000004,60.150375939849624
9781,121.18809999999996,9.27230000000003,52.63157894736842
9782,142.26239999999993,9.0,50.37593984962406
9783,123.40890000000002,6.5198999999999785,50.37593984962406
9784,99.09979999999999,7.366900000000015,52.63157894736842
9785,81.97939999999997,7.865899999999996,40.6015037593985
9786,141.19809999999995,5.366199999999992,51.127819548872175
9787,88.93080000000003,9.197699999999998,46.616541353383454
9788,110.0139,5.900099999999981,47.368421052631575
9789,148.04799999999997,4.381900000000002,57.14285714285714
9790,101.54489999999998,9.676999999999992,48.87218045112782
9791,144.37349999999992,3.8851000000000226,56.390977443609025
9792,131.0665,4.276700000000005,51.127819548872175
9793,85.10670000000002,9.028199999999998,46.616541353383454
9794,97.94560000000001,10.588800000000006,53.383458646616546
9795,73.68069999999997,7.21459999999999,49.62406015037594
9796,109.5687,6.6148000000000025,50.37593984962406
9797,130.71519999999998,6.437400000000025,49.62406015037594
9798,94.86489999999998,15.322100000000006,50.37593984962406
9799,125.53970000000004,8.883500000000026,54.88721804511278
9800,118.0453,5.977800000000002,47.368421052631575
9801,115.24419999999995,8.959199999999996,48.1203007518797
9802,154.2477,4.425799999999995,54.88721804511278
9803,118.61639999999994,10.05279999999999,48.1203007518797
9804,107.40389999999994,7.3186000000000035,50.37593984962406
9805,65.61479999999997,8.708300000000008,40.6015037593985
9806,112.48109999999997,9.279000000000025,51.127819548872175
9807,128.18230000000003,5.336200000000019,51.127819548872175
9808,124.05439999999999,10.364400000000003,49.62406015037594
9809,84.49649999999997,17.184800000000024,44.3609022556391
9810,102.404,12.15640000000002,50.37593984962406
9811,118.76339999999999,9.639599999999973,48.87218045112782
9812,137.92689999999993,7.96720000000002,48.87218045112782
9813,131.08589999999995,7.899499999999989,55.639097744360896
9814,111.64840000000004,6.161900000000003,50.37593984962406
9815,96.88859999999997,9.849699999999999,46.616541353383454
9816,99.12889999999999,10.201300000000003,46.616541353383454
9817,99.73179999999999,6.500699999999995,50.37593984962406
9818,110.77099999999999,9.822199999999995,50.37593984962406
9819,98.15460000000002,10.550399999999996,45.86466165413533
9820,95.90409999999989,8.774499999999989,45.86466165413533
9821,118.26499999999993,9.28970000000001,49.62406015037594
9822,110.64129999999994,8.408299999999997,48.1203007518797
9823,114.28769999999997,9.490100000000012,50.37593984962406
9824,160.72079999999988,7.964200000000005,56.390977443609025
9825,101.8057,10.5779,50.37593984962406
9826,154.41660000000002,4.016599999999983,58.64661654135338
9827,124.89359999999999,5.299599999999998,49.62406015037594
9828,134.6225,8.107200000000006,48.87218045112782
9829,39.33600000000001,19.715900000000033,36.84210526315789
9830,99.18050000000005,7.518400000000014,48.1203007518797
9831,86.22210000000001,6.400999999999982,45.86466165413533
9832,114.12280000000004,13.724699999999984,51.127819548872175
9833,89.45479999999998,13.295500000000004,51.127819548872175
9834,115.64529999999996,5.3200999999999965,50.37593984962406
9835,104.86379999999997,8.904799999999994,48.1203007518797
9836,110.16530000000006,8.550200000000018,48.87218045112782
9837,123.2878,6.824100000000016,55.639097744360896
9838,160.49970000000008,6.483199999999982,51.8796992481203
9839,104.4939,7.722700000000003,46.616541353383454
9840,166.26319999999993,6.009399999999999,63.1578947368421
9841,112.66699999999997,4.918599999999998,52.63157894736842
9842,116.55739999999997,6.031800000000004,46.616541353383454
9843,138.10549999999995,8.013300000000015,47.368421052631575
9844,138.45079999999993,6.687899999999985,51.127819548872175
9845,109.32919999999999,14.477099999999979,46.616541353383454
9846,152.03760000000003,7.255500000000012,57.89473684210527
9847,136.8477,15.40140000000001,55.639097744360896
9848,96.61930000000001,10.262299999999982,51.127819548872175
9849,145.7728,8.469700000000017,56.390977443609025
9850,50.84360000000004,14.64689999999996,40.6015037593985
9851,137.12270000000004,9.3386,51.8796992481203
9852,94.54980000000003,8.028300000000002,44.3609022556391
9853,126.49709999999993,5.430900000000037,49.62406015037594
9854,129.97699999999998,6.500799999999998,51.8796992481203
9855,118.29490000000004,7.115599999999972,49.62406015037594
9856,142.80920000000003,6.407200000000046,51.127819548872175
9857,95.3013,10.715000000000003,46.616541353383454
9858,90.30310000000003,13.232999999999976,41.35338345864661
9859,88.63579999999996,9.395000000000039,44.3609022556391
9860,161.74650000000008,4.4898000000000025,58.64661654135338
9861,59.48070000000001,16.117400000000004,41.35338345864661
9862,137.16799999999998,5.137499999999989,55.639097744360896
9863,124.26110000000006,5.382400000000018,52.63157894736842
9864,142.03500000000003,5.889100000000042,54.13533834586466
9865,99.85629999999998,7.378200000000007,45.86466165413533
9866,103.98049999999995,10.819400000000002,45.86466165413533
9867,138.4081,5.84839999999997,51.8796992481203
9868,102.1012,7.663800000000009,54.13533834586466
9869,108.97310000000004,7.453699999999998,51.127819548872175
9870,113.1474,6.693000000000012,54.13533834586466
9871,109.26010000000008,6.816900000000004,54.88721804511278
9872,95.88579999999996,6.8571999999999775,47.368421052631575
9873,110.70719999999994,10.816500000000019,48.87218045112782
9874,117.55739999999997,10.298999999999978,53.383458646616546
9875,122.48629999999997,5.1107000000000085,54.13533834586466
9876,139.92950000000002,5.4550000000000125,52.63157894736842
9877,120.71359999999996,6.125,52.63157894736842
9878,110.45309999999995,8.31310000000002,50.37593984962406
9879,97.33159999999998,12.221000000000004,44.3609022556391
9880,82.4625,7.208600000000004,43.609022556390975
9881,150.01530000000002,5.305799999999991,54.13533834586466
9882,110.11779999999999,8.877899999999997,48.1203007518797
9883,73.6498,7.41810000000001,41.35338345864661
9884,92.31839999999994,10.677400000000034,47.368421052631575
9885,154.9197,7.3759000000000015,54.88721804511278
9886,98.08050000000003,6.198800000000006,48.87218045112782
9887,101.87169999999998,6.905699999999996,50.37593984962406
9888,114.0118,6.8209999999999695,48.1203007518797
9889,92.43110000000001,12.875699999999995,43.609022556390975
9890,132.52240000000006,5.831199999999967,54.13533834586466
9891,153.32930000000005,5.667100000000005,54.88721804511278
9892,130.36860000000001,6.629700000000014,49.62406015037594
9893,121.47649999999999,8.655200000000008,46.616541353383454
9894,119.25439999999992,7.661500000000018,50.37593984962406
9895,127.73759999999999,8.84429999999999,50.37593984962406
9896,164.7209999999999,5.45559999999999,60.902255639097746
9897,124.60489999999993,5.4336999999999875,51.127819548872175
9898,163.44550000000004,5.062700000000007,57.14285714285714
9899,142.323,8.263000000000005,54.88721804511278
9900,78.86059999999998,11.341599999999971,42.10526315789473
9901,121.28569999999996,11.960499999999996,46.616541353383454
9902,102.18529999999993,8.202499999999986,48.1203007518797
9903,141.02760000000006,7.510300000000001,54.88721804511278
9904,136.6613,5.479099999999988,50.37593984962406
9905,120.83299999999994,5.737600000000015,49.62406015037594
9906,138.34120000000004,6.178000000000026,55.639097744360896
9907,97.31569999999999,10.960799999999992,46.616541353383454
9908,92.91380000000004,6.379199999999997,48.1203007518797
9909,80.37129999999996,12.124099999999984,45.11278195488722
9910,140.60429999999994,5.440500000000014,51.127819548872175
9911,103.3358,7.650800000000004,51.8796992481203
9912,158.70469999999995,5.3747000000000185,51.8796992481203
9913,60.768100000000004,18.359300000000005,46.616541353383454
9914,113.82629999999995,6.6484999999999985,45.11278195488722
9915,114.62039999999999,8.556699999999992,45.11278195488722
9916,102.28020000000004,7.159599999999983,46.616541353383454
9917,65.14429999999999,11.412499999999994,44.3609022556391
9918,150.0504,6.436799999999977,51.8796992481203
9919,103.0824,7.076099999999997,51.8796992481203
9920,68.28529999999995,5.293400000000005,42.857142857142854
9921,112.70619999999997,6.131800000000027,51.8796992481203
9922,155.02410000000003,5.317300000000003,54.88721804511278
9923,125.27859999999998,7.702800000000025,51.8796992481203
9924,140.42839999999998,6.965000000000003,50.37593984962406
9925,81.46459999999999,15.660600000000017,43.609022556390975
9926,61.523300000000006,5.9010000000000105,39.849624060150376
9927,147.52280000000002,8.269900000000007,54.13533834586466
9928,146.80630000000008,6.653400000000005,55.639097744360896
9929,91.87790000000001,12.039500000000004,47.368421052631575
9930,101.27950000000001,10.52900000000001,50.37593984962406
9931,121.97649999999996,7.76570000000001,53.383458646616546
9932,142.77750000000017,7.984799999999979,57.89473684210527
9933,160.85180000000014,3.9598000000000013,54.13533834586466
9934,83.54719999999998,12.248899999999992,45.11278195488722
9935,111.58229999999998,8.844400000000007,57.14285714285714
9936,137.1481,6.947299999999984,50.37593984962406
9937,104.77879999999999,5.864699999999999,47.368421052631575
9938,164.10350000000005,6.011500000000012,54.13533834586466
9939,122.47390000000001,9.658100000000005,51.127819548872175
9940,118.66669999999999,9.100100000000012,47.368421052631575
9941,136.06119999999996,11.492000000000004,52.63157894736842
9942,110.55239999999998,11.40319999999997,47.368421052631575
9943,115.2944,9.667600000000022,50.37593984962406
9944,95.9975,7.037700000000001,49.62406015037594
9945,101.87599999999998,6.814499999999995,45.11278195488722
9946,84.1147,12.3579,44.3609022556391
9947,70.26460000000006,11.590099999999978,42.10526315789473
9948,128.65210000000002,3.7922999999999973,51.8796992481203
9949,114.80529999999996,10.477300000000014,49.62406015037594
9950,116.37969999999996,10.530699999999996,51.8796992481203
9951,108.8295,9.14609999999999,49.62406015037594
9952,116.95649999999995,8.65440000000001,48.87218045112782
9953,76.93359999999998,7.252399999999994,41.35338345864661
9954,116.04969999999997,5.148899999999998,53.383458646616546
9955,113.11959999999999,7.379299999999986,49.62406015037594
9956,126.41219999999998,9.798500000000004,49.62406015037594
9957,116.30169999999998,10.841300000000004,51.127819548872175
9958,158.31849999999997,7.581400000000031,54.13533834586466
9959,122.44989999999999,7.255200000000002,49.62406015037594
9960,110.3084,6.372700000000009,47.368421052631575
9961,84.55150000000003,15.34689999999999,48.1203007518797
9962,84.27819999999997,6.880899999999997,44.3609022556391
9963,135.17830000000004,7.7187000000000126,53.383458646616546
9964,95.76399999999998,7.944999999999993,42.10526315789473
9965,98.13560000000001,11.415100000000024,44.3609022556391
9966,143.2777,5.201000000000022,58.64661654135338
9967,110.6155,6.760099999999994,47.368421052631575
9968,148.73110000000003,7.16119999999998,54.88721804511278
9969,116.3279,4.709599999999995,48.87218045112782
9970,68.86959999999999,7.6562000000000126,37.59398496240601
9971,124.25029999999995,8.064899999999966,48.87218045112782
9972,114.86890000000002,11.973899999999986,48.87218045112782
9973,97.36749999999995,12.56880000000001,48.87218045112782
9974,132.4759,4.536599999999993,51.8796992481203
9975,102.87109999999998,11.06859999999999,46.616541353383454
9976,133.1348,11.341700000000003,54.88721804511278
9977,73.17329999999998,10.807799999999986,39.849624060150376
9978,166.50360000000012,3.8292,56.390977443609025
9979,154.8660000000001,6.567099999999982,56.390977443609025
9980,155.16500000000005,6.462699999999998,53.383458646616546
9981,123.94419999999994,7.147199999999998,50.37593984962406
9982,129.99309999999997,4.247799999999984,54.13533834586466
9983,89.39819999999997,7.101800000000011,46.616541353383454
9984,121.7328,4.668999999999983,51.127819548872175
9985,121.18799999999999,5.6644000000000005,48.87218045112782
9986,87.886,7.217500000000001,48.87218045112782
9987,122.02780000000001,8.099199999999996,51.8796992481203
9988,126.47389999999996,8.552699999999987,50.37593984962406
9989,122.39460000000003,7.219200000000015,49.62406015037594
9990,160.15039999999993,6.302100000000024,54.88721804511278
9991,133.79119999999995,6.066900000000032,47.368421052631575
9992,109.73509999999993,7.015500000000003,45.86466165413533
9993,180.98680000000002,4.275799999999975,57.89473684210527
9994,129.1928,7.09069999999997,53.383458646616546
9995,101.43580000000003,9.654499999999999,48.87218045112782
9996,115.15539999999999,8.900300000000001,48.87218045112782
9997,150.29709999999994,5.845400000000012,58.64661654135338
9998,169.385,5.750799999999998,54.88721804511278
9999,156.03349999999995,6.048100000000005,60.150375939849624
