simulacion,pnl_final,max_drawdown,win_rate
0,41.571500000000015,4.435500000000019,44.285714285714285
1,48.297799999999995,6.520700000000005,50.0
2,33.5437,7.9418999999999755,55.714285714285715
3,53.00630000000001,3.074399999999997,54.285714285714285
4,72.10149999999999,3.6632000000000033,55.714285714285715
5,55.91719999999998,3.663199999999989,64.28571428571429
6,65.85720000000003,4.834400000000002,60.0
7,51.90090000000001,3.0936000000000092,50.0
8,56.76460000000003,2.9377999999999815,58.57142857142858
9,91.63529999999997,3.2280000000000086,68.57142857142857
10,56.988,6.920500000000004,55.714285714285715
11,31.545000000000016,5.708600000000004,45.714285714285715
12,81.9819,4.270700000000005,55.714285714285715
13,69.79360000000003,2.4927000000000135,64.28571428571429
14,54.54130000000001,4.724199999999982,61.42857142857143
15,69.84880000000001,5.560600000000022,57.14285714285714
16,55.04910000000001,5.8459,55.714285714285715
17,45.481400000000036,5.321100000000001,48.57142857142857
18,52.3844,4.300399999999996,52.85714285714286
19,69.53930000000003,4.626299999999986,55.714285714285715
20,39.057300000000026,4.580600000000004,48.57142857142857
21,42.38670000000002,3.872399999999999,48.57142857142857
22,67.64690000000002,5.199499999999986,61.42857142857143
23,54.21440000000001,6.280699999999996,51.42857142857142
24,57.8904,6.318399999999997,51.42857142857142
25,56.29599999999999,3.066100000000006,57.14285714285714
26,49.422200000000004,3.024400000000014,51.42857142857142
27,41.1687,4.568399999999997,41.42857142857143
28,67.31130000000002,3.3011999999999944,61.42857142857143
29,46.37530000000001,4.566599999999994,48.57142857142857
30,51.29230000000001,4.6658999999999935,54.285714285714285
31,65.47509999999994,2.766599999999997,57.14285714285714
32,52.318899999999985,4.5767999999999915,52.85714285714286
33,57.199299999999994,4.184100000000001,55.714285714285715
34,54.95949999999999,3.7672000000000025,52.85714285714286
35,45.801300000000026,6.1281999999999925,50.0
36,45.827,3.4071,54.285714285714285
37,55.0351,3.5367999999999995,58.57142857142858
38,63.1832,2.5386000000000024,61.42857142857143
39,54.572599999999994,4.898200000000003,51.42857142857142
40,57.5009,5.169099999999986,60.0
41,48.0624,2.7404999999999973,55.714285714285715
42,51.08479999999997,4.1813999999999965,48.57142857142857
43,97.27809999999997,3.56219999999999,68.57142857142857
44,79.09750000000003,3.5410999999999717,60.0
45,60.92009999999999,3.4466999999999928,55.714285714285715
46,56.14089999999999,4.450799999999987,54.285714285714285
47,73.99289999999996,1.8278999999999996,62.857142857142854
48,58.206999999999994,3.775599999999997,60.0
49,68.35140000000001,5.54340000000002,55.714285714285715
50,47.92500000000001,4.65179999999998,47.14285714285714
51,79.42160000000001,4.484399999999994,67.14285714285714
52,58.74949999999998,4.144400000000019,60.0
53,41.892799999999994,7.687200000000004,51.42857142857142
54,35.10149999999999,5.9343000000000075,44.285714285714285
55,73.6404,3.915299999999988,60.0
56,30.387400000000014,4.224999999999994,45.714285714285715
57,37.08949999999999,4.582799999999992,45.714285714285715
58,60.31030000000001,4.5120000000000005,55.714285714285715
59,70.7414,3.2190999999999974,61.42857142857143
60,52.643,5.465999999999994,52.85714285714286
61,26.698800000000006,6.234000000000009,42.857142857142854
62,88.78140000000002,5.90679999999999,62.857142857142854
63,57.40960000000001,2.630599999999987,55.714285714285715
64,63.75749999999999,6.4313999999999965,61.42857142857143
65,53.45010000000002,2.6470000000000056,52.85714285714286
66,79.54209999999998,3.7117000000000075,60.0
67,79.9801,2.740000000000009,62.857142857142854
68,45.906800000000004,4.536599999999993,55.714285714285715
69,53.316100000000006,7.388599999999997,52.85714285714286
70,73.6354,3.209699999999998,55.714285714285715
71,40.9674,6.0064000000000135,54.285714285714285
72,57.77499999999998,4.204599999999999,58.57142857142858
73,51.03850000000003,6.015600000000006,42.857142857142854
74,64.04719999999998,2.5833999999999975,62.857142857142854
75,66.77010000000001,2.5834000000000117,64.28571428571429
76,66.46280000000002,3.146899999999988,58.57142857142858
77,85.0967,2.242199999999997,64.28571428571429
78,69.3947,2.532999999999987,60.0
79,15.731099999999998,10.731500000000011,45.714285714285715
80,65.34270000000001,8.815600000000003,58.57142857142858
81,54.56649999999996,4.678799999999995,57.14285714285714
82,69.02709999999999,3.405699999999996,58.57142857142858
83,60.948999999999984,3.315899999999999,60.0
84,71.52310000000003,2.8419999999999845,64.28571428571429
85,46.47579999999999,5.763300000000015,52.85714285714286
86,47.809799999999996,3.328800000000001,52.85714285714286
87,55.545199999999994,4.313499999999991,55.714285714285715
88,59.18639999999999,5.827200000000005,54.285714285714285
89,94.80149999999998,2.7927999999999997,67.14285714285714
90,67.27749999999997,2.852199999999982,60.0
91,61.380799999999965,2.6066000000000003,57.14285714285714
92,92.11449999999996,2.8097999999999956,70.0
93,36.97809999999998,8.060999999999993,48.57142857142857
94,54.432800000000015,5.447199999999995,57.14285714285714
95,52.68679999999998,2.5564999999999998,57.14285714285714
96,60.758399999999995,3.6485999999999876,55.714285714285715
97,45.199900000000014,4.081299999999999,50.0
98,57.57790000000003,4.152999999999992,62.857142857142854
99,55.5634,5.388999999999996,55.714285714285715
100,47.699900000000014,5.266100000000023,51.42857142857142
101,53.657700000000006,4.0501000000000005,52.85714285714286
102,41.00290000000001,6.8429,55.714285714285715
103,79.56200000000001,5.45059999999998,61.42857142857143
104,49.7775,4.364599999999996,50.0
105,48.595200000000006,4.680199999999985,55.714285714285715
106,36.2483,5.361099999999993,45.714285714285715
107,51.332899999999995,3.7117000000000075,55.714285714285715
108,51.80600000000001,6.213799999999992,57.14285714285714
109,64.61899999999997,3.6402000000000214,57.14285714285714
110,53.78299999999999,3.9358000000000004,51.42857142857142
111,42.85899999999998,4.076599999999985,47.14285714285714
112,57.5402,3.065100000000001,52.85714285714286
113,49.39359999999999,4.572500000000005,51.42857142857142
114,76.0806,3.341700000000003,62.857142857142854
115,68.22439999999997,3.363900000000001,54.285714285714285
116,58.6165,3.2438000000000073,60.0
117,51.25380000000001,3.7116999999999933,60.0
118,41.919399999999996,4.099900000000005,48.57142857142857
119,55.52080000000001,2.5955999999999904,62.857142857142854
120,78.9025,3.142700000000005,64.28571428571429
121,54.182500000000005,4.215600000000009,51.42857142857142
122,56.489499999999964,5.442900000000009,55.714285714285715
123,52.333500000000015,2.829900000000009,54.285714285714285
124,62.256399999999985,3.8138000000000005,61.42857142857143
125,40.817199999999985,4.155700000000024,48.57142857142857
126,74.73380000000003,2.345700000000008,58.57142857142858
127,55.19409999999999,3.7557000000000045,50.0
128,47.000699999999995,5.43780000000001,55.714285714285715
129,35.009900000000016,10.619299999999981,51.42857142857142
130,47.7397,4.0789999999999935,54.285714285714285
131,43.481300000000005,3.326599999999999,52.85714285714286
132,64.77770000000001,2.8521999999999963,54.285714285714285
133,45.26820000000001,4.457900000000009,45.714285714285715
134,78.36529999999999,2.836199999999991,61.42857142857143
135,45.40349999999998,11.574299999999994,55.714285714285715
136,38.85340000000002,4.888599999999997,51.42857142857142
137,83.24889999999999,3.6632000000000033,62.857142857142854
138,72.12310000000002,4.066500000000019,58.57142857142858
139,44.42530000000002,5.673399999999987,50.0
140,44.286,5.934399999999997,54.285714285714285
141,43.39160000000001,4.4636,47.14285714285714
142,49.21449999999999,5.84699999999998,50.0
143,66.76410000000004,9.066300000000012,58.57142857142858
144,39.525000000000006,4.1233,44.285714285714285
145,56.985299999999995,6.25030000000001,58.57142857142858
146,80.4666,4.008900000000011,65.71428571428571
147,55.56830000000002,8.004199999999969,51.42857142857142
148,31.81400000000002,4.5371000000000095,44.285714285714285
149,52.370000000000005,6.761700000000005,58.57142857142858
150,38.02370000000002,6.941900000000004,45.714285714285715
151,44.03560000000002,5.589799999999997,45.714285714285715
152,49.28480000000002,3.9861999999999966,48.57142857142857
153,50.349199999999996,4.367200000000011,54.285714285714285
154,60.074299999999994,10.962400000000002,60.0
155,54.83530000000002,4.587400000000002,52.85714285714286
156,52.4119,6.920199999999994,51.42857142857142
157,71.75399999999999,3.8798000000000172,55.714285714285715
158,67.65819999999997,1.779299999999978,58.57142857142858
159,56.4135,4.215600000000009,60.0
160,66.83539999999999,3.7524000000000086,57.14285714285714
161,34.7799,6.6507000000000005,50.0
162,60.9042,4.145300000000006,54.285714285714285
163,75.358,8.064900000000023,57.14285714285714
164,53.2679,7.683599999999984,54.285714285714285
165,42.15379999999999,6.419600000000003,47.14285714285714
166,84.4981,2.8522000000000105,64.28571428571429
167,61.11829999999998,2.9174000000000007,54.285714285714285
168,69.75080000000003,8.162300000000016,62.857142857142854
169,37.05619999999999,9.497199999999992,45.714285714285715
170,46.89780000000002,4.506699999999995,60.0
171,84.69290000000001,4.620699999999999,64.28571428571429
172,36.5171,5.5899,50.0
173,34.357399999999984,3.569999999999993,42.857142857142854
174,34.85339999999999,3.9406000000000176,45.714285714285715
175,52.95229999999998,3.7494000000000085,60.0
176,61.135999999999996,3.55510000000001,55.714285714285715
177,57.75720000000001,3.079999999999984,60.0
178,48.22219999999999,3.9354000000000156,54.285714285714285
179,36.21350000000001,4.857400000000013,48.57142857142857
180,68.71840000000003,3.150299999999987,55.714285714285715
181,61.65299999999999,4.738699999999994,58.57142857142858
182,57.80590000000001,2.8070999999999913,52.85714285714286
183,53.76689999999999,4.021000000000001,55.714285714285715
184,40.206199999999995,3.629100000000008,47.14285714285714
185,45.342400000000026,3.733699999999999,55.714285714285715
186,60.86280000000002,4.136400000000009,57.14285714285714
187,71.11619999999999,3.642499999999984,62.857142857142854
188,49.45740000000001,5.4361999999999995,55.714285714285715
189,55.41850000000002,5.090699999999998,50.0
190,56.17580000000001,3.0667000000000115,51.42857142857142
191,50.4213,6.177899999999994,61.42857142857143
192,46.477900000000005,4.292900000000003,54.285714285714285
193,59.1292,3.5973999999999933,60.0
194,54.758099999999985,4.318699999999993,54.285714285714285
195,52.199299999999994,3.450499999999991,52.85714285714286
196,59.64580000000001,3.0483999999999867,52.85714285714286
197,44.87560000000002,5.816699999999997,51.42857142857142
198,62.386799999999994,3.7105999999999995,54.285714285714285
199,39.41750000000002,7.426299999999998,48.57142857142857
200,66.31590000000003,2.5490999999999815,61.42857142857143
201,55.90519999999998,4.3459,52.85714285714286
202,53.773300000000006,7.300399999999996,50.0
203,80.82849999999996,3.1370999999999754,60.0
204,41.06700000000001,5.650500000000008,58.57142857142858
205,52.47040000000004,5.142799999999994,47.14285714285714
206,39.3647,5.868499999999997,47.14285714285714
207,32.0582,5.492499999999993,51.42857142857142
208,66.90860000000004,3.211699999999979,55.714285714285715
209,67.13260000000002,3.0989999999999895,62.857142857142854
210,65.23599999999999,4.273699999999991,64.28571428571429
211,51.10040000000001,2.5855999999999995,54.285714285714285
212,62.04310000000001,5.278500000000008,61.42857142857143
213,40.74169999999998,4.289799999999985,54.285714285714285
214,55.99340000000001,4.582299999999989,52.85714285714286
215,83.61500000000001,4.249800000000008,61.42857142857143
216,49.16890000000001,3.4011999999999887,52.85714285714286
217,80.33840000000004,2.6572000000000173,67.14285714285714
218,42.47409999999999,7.147600000000011,57.14285714285714
219,43.41149999999999,3.733699999999999,55.714285714285715
220,61.47260000000003,7.124600000000015,58.57142857142858
221,41.914000000000016,6.2771999999999935,45.714285714285715
222,57.99169999999998,5.9101,55.714285714285715
223,65.3141,4.750799999999998,51.42857142857142
224,54.28450000000001,5.20259999999999,54.285714285714285
225,61.0617,4.947300000000013,58.57142857142858
226,32.496399999999994,9.211700000000008,41.42857142857143
227,50.36439999999999,4.5234999999999985,60.0
228,19.2761,6.680099999999996,42.857142857142854
229,28.46260000000001,5.057399999999987,45.714285714285715
230,58.250699999999995,2.5720000000000027,54.285714285714285
231,66.77460000000002,3.9258999999999844,62.857142857142854
232,61.458500000000015,5.3685999999999865,58.57142857142858
233,50.73570000000001,2.761099999999999,58.57142857142858
234,54.4571,2.3400999999999925,61.42857142857143
235,58.5959,3.3881000000000085,57.14285714285714
236,57.98849999999999,3.433099999999996,60.0
237,50.99950000000001,3.895300000000006,58.57142857142858
238,54.95179999999999,3.9266999999999825,51.42857142857142
239,67.70659999999998,3.094399999999993,54.285714285714285
240,81.8202,2.8892999999999915,64.28571428571429
241,66.40730000000002,3.7117000000000075,62.857142857142854
242,52.05759999999998,4.759600000000006,58.57142857142858
243,59.958500000000015,5.8613,54.285714285714285
244,63.8579,6.349500000000006,61.42857142857143
245,50.3759,6.651800000000009,52.85714285714286
246,46.052599999999984,5.915700000000001,54.285714285714285
247,68.4547,4.087199999999996,57.14285714285714
248,48.43960000000001,5.879199999999997,50.0
249,50.75490000000002,4.492699999999999,57.14285714285714
250,47.2287,5.03449999999998,50.0
251,48.0941,3.663199999999989,47.14285714285714
252,50.7475,3.4887000000000086,54.285714285714285
253,55.6807,4.329000000000008,54.285714285714285
254,76.49740000000003,3.798500000000004,62.857142857142854
255,60.5059,4.742399999999975,58.57142857142858
256,60.012400000000014,2.7667000000000144,52.85714285714286
257,60.13380000000001,3.997700000000009,50.0
258,47.120000000000005,4.888599999999997,47.14285714285714
259,42.671700000000016,4.396000000000001,50.0
260,68.02339999999998,6.896000000000001,58.57142857142858
261,69.53029999999998,2.491500000000002,60.0
262,58.60500000000002,4.888599999999997,52.85714285714286
263,42.107699999999994,3.372999999999962,51.42857142857142
264,42.96509999999998,3.576699999999988,57.14285714285714
265,81.36970000000002,2.8421000000000163,61.42857142857143
266,36.46609999999998,4.3652000000000015,44.285714285714285
267,78.22179999999997,4.815200000000004,64.28571428571429
268,50.110600000000005,5.451000000000008,55.714285714285715
269,40.06370000000001,2.8954999999999984,48.57142857142857
270,44.2612,5.5146000000000015,51.42857142857142
271,61.879099999999994,3.195099999999968,58.57142857142858
272,46.438500000000005,4.276700000000005,52.85714285714286
273,58.39280000000002,2.7428999999999917,57.14285714285714
274,64.47660000000002,3.4372999999999934,61.42857142857143
275,64.882,2.7980000000000302,54.285714285714285
276,49.543499999999995,4.313499999999976,57.14285714285714
277,64.5016,5.862200000000001,57.14285714285714
278,51.01999999999998,8.154899999999998,52.85714285714286
279,78.97120000000001,3.7956000000000074,58.57142857142858
280,52.872299999999996,5.1825999999999794,52.85714285714286
281,63.452499999999986,3.9102000000000032,60.0
282,61.52959999999999,3.043700000000001,60.0
283,27.5009,5.167199999999994,51.42857142857142
284,54.46709999999999,3.1603000000000065,61.42857142857143
285,39.875399999999985,5.129900000000006,48.57142857142857
286,50.2158,4.007899999999992,52.85714285714286
287,66.71980000000002,1.9733999999999696,60.0
288,41.20780000000002,4.493499999999983,50.0
289,40.884000000000015,4.751100000000008,52.85714285714286
290,71.88370000000003,3.494500000000002,57.14285714285714
291,57.26090000000002,5.719400000000007,58.57142857142858
292,45.90680000000003,7.076899999999995,54.285714285714285
293,63.66380000000001,2.3401000000000067,57.14285714285714
294,64.57589999999999,8.694000000000003,58.57142857142858
295,29.706999999999994,4.374599999999987,42.857142857142854
296,46.407700000000006,4.849400000000003,48.57142857142857
297,32.24350000000001,9.14779999999999,45.714285714285715
298,62.9855,2.7073000000000036,57.14285714285714
299,51.58340000000001,3.8378999999999905,47.14285714285714
300,55.026399999999995,9.581800000000015,50.0
301,72.51829999999995,3.9705000000000013,55.714285714285715
302,97.15659999999997,3.290700000000001,67.14285714285714
303,62.914799999999985,3.4265999999999934,60.0
304,74.90519999999998,3.2087999999999965,62.857142857142854
305,60.859700000000004,3.874500000000012,61.42857142857143
306,33.26569999999998,11.122599999999991,42.857142857142854
307,30.715100000000007,7.033299999999997,48.57142857142857
308,61.25,5.221599999999995,64.28571428571429
309,73.93619999999999,5.137200000000007,61.42857142857143
310,47.68939999999998,4.304200000000009,55.714285714285715
311,58.26329999999999,6.216399999999993,62.857142857142854
312,60.131,4.777699999999996,52.85714285714286
313,41.36269999999999,3.5137,47.14285714285714
314,59.44669999999999,2.3063000000000073,60.0
315,75.58320000000003,3.273600000000016,65.71428571428571
316,35.10540000000003,9.98599999999999,47.14285714285714
317,48.528699999999986,8.095200000000006,48.57142857142857
318,22.045200000000023,6.460499999999996,42.857142857142854
319,58.8441,7.358599999999996,55.714285714285715
320,57.44799999999998,4.577699999999993,61.42857142857143
321,43.71180000000001,5.042000000000002,48.57142857142857
322,54.469600000000014,4.496099999999998,55.714285714285715
323,34.03229999999999,4.848700000000008,45.714285714285715
324,71.15730000000002,2.595100000000002,58.57142857142858
325,62.066900000000004,3.3371999999999957,55.714285714285715
326,54.45870000000002,4.986599999999996,52.85714285714286
327,53.32560000000001,6.129899999999992,54.285714285714285
328,75.62699999999998,3.405699999999996,67.14285714285714
329,66.89170000000001,4.302500000000009,55.714285714285715
330,53.740099999999984,6.0597000000000065,57.14285714285714
331,60.0564,5.566399999999987,65.71428571428571
332,60.641099999999994,4.101500000000016,55.714285714285715
333,41.2885,7.969799999999992,50.0
334,51.81399999999999,4.63069999999999,54.285714285714285
335,41.3904,4.2952999999999975,55.714285714285715
336,44.381399999999985,5.8315000000000055,51.42857142857142
337,41.52679999999998,3.832099999999997,51.42857142857142
338,87.16550000000001,3.6872999999999934,64.28571428571429
339,65.5764,2.5201999999999884,57.14285714285714
340,38.72489999999999,3.761099999999999,54.285714285714285
341,44.321,2.8300000000000125,48.57142857142857
342,32.70090000000002,5.482999999999976,48.57142857142857
343,50.52950000000001,3.5555999999999983,52.85714285714286
344,40.674499999999995,6.626500000000007,40.0
345,44.173100000000005,3.644199999999998,57.14285714285714
346,66.13220000000001,3.191100000000006,61.42857142857143
347,47.53430000000003,3.801099999999991,51.42857142857142
348,86.22189999999998,2.4923,57.14285714285714
349,56.403999999999996,3.288599999999988,57.14285714285714
350,72.03120000000001,4.582300000000004,61.42857142857143
351,51.19209999999998,3.145700000000005,47.14285714285714
352,58.88750000000002,2.6273999999999944,60.0
353,55.72750000000002,5.937100000000001,55.714285714285715
354,58.24520000000001,4.078400000000002,58.57142857142858
355,35.8501,4.468800000000016,45.714285714285715
356,45.0822,2.950099999999992,50.0
357,48.877700000000004,4.385299999999972,48.57142857142857
358,56.1464,3.7272999999999854,54.285714285714285
359,42.78440000000003,6.984499999999997,47.14285714285714
360,44.129999999999995,4.906000000000006,54.285714285714285
361,26.6113,6.3770000000000095,47.14285714285714
362,77.69189999999998,3.477800000000002,67.14285714285714
363,59.202,5.014099999999999,54.285714285714285
364,43.13799999999998,4.704299999999989,48.57142857142857
365,65.0093,4.194099999999992,52.85714285714286
366,56.1893,4.078900000000004,57.14285714285714
367,62.60140000000001,6.167999999999992,61.42857142857143
368,30.801800000000014,10.116,44.285714285714285
369,45.93470000000002,3.7434999999999974,54.285714285714285
370,45.55090000000001,5.370199999999997,48.57142857142857
371,73.2586,3.8378000000000156,57.14285714285714
372,36.18990000000002,9.152699999999996,47.14285714285714
373,56.17840000000001,5.407499999999999,51.42857142857142
374,50.7441,5.721999999999994,50.0
375,59.57670000000002,3.981099999999998,58.57142857142858
376,37.47209999999998,5.965299999999999,54.285714285714285
377,78.2978,4.601500000000016,61.42857142857143
378,51.609200000000016,3.169099999999986,47.14285714285714
379,50.527499999999975,5.673299999999983,55.714285714285715
380,79.037,5.221599999999995,70.0
381,72.5584,4.676299999999969,64.28571428571429
382,63.87760000000003,2.5108000000000175,54.285714285714285
383,61.161400000000015,3.4148999999999887,52.85714285714286
384,37.10480000000001,6.984899999999996,50.0
385,36.9042,8.733400000000003,47.14285714285714
386,26.695499999999996,7.942700000000002,52.85714285714286
387,62.18920000000003,6.033699999999982,58.57142857142858
388,55.303200000000004,3.887900000000002,57.14285714285714
389,44.00749999999999,10.40519999999998,50.0
390,43.3082,6.0808999999999855,51.42857142857142
391,59.75810000000001,3.713300000000004,57.14285714285714
392,73.64760000000001,4.0035000000000025,64.28571428571429
393,41.81309999999999,4.370899999999992,50.0
394,48.50729999999999,4.652999999999992,47.14285714285714
395,45.85910000000001,4.973699999999994,48.57142857142857
396,53.75719999999998,3.5697000000000116,57.14285714285714
397,67.7167,3.9584000000000117,57.14285714285714
398,88.7407,1.591700000000003,74.28571428571429
399,62.535499999999985,4.044300000000007,52.85714285714286
400,45.956500000000005,3.7139999999999986,44.285714285714285
401,41.61840000000001,3.9362999999999886,47.14285714285714
402,83.13439999999997,3.551200000000023,64.28571428571429
403,68.99120000000002,2.2896999999999963,55.714285714285715
404,40.5231,3.712299999999999,54.285714285714285
405,63.49119999999999,4.468499999999992,61.42857142857143
406,66.96039999999999,3.6631,64.28571428571429
407,30.802300000000002,8.131,48.57142857142857
408,85.6386,3.7113999999999976,60.0
409,78.08309999999994,2.922699999999992,61.42857142857143
410,49.65890000000002,3.720899999999972,51.42857142857142
411,65.90499999999997,4.522199999999998,57.14285714285714
412,54.06989999999999,3.447800000000001,55.714285714285715
413,72.6114,2.2242999999999995,64.28571428571429
414,39.89609999999999,12.296999999999997,50.0
415,65.7011,5.053100000000001,57.14285714285714
416,71.51020000000003,1.973399999999998,54.285714285714285
417,56.45190000000002,3.569999999999993,55.714285714285715
418,71.6344,2.3400999999999925,61.42857142857143
419,52.42669999999998,4.932299999999998,60.0
420,65.74739999999997,3.3915999999999826,64.28571428571429
421,55.113200000000035,2.9184000000000054,60.0
422,59.094899999999996,4.552800000000005,58.57142857142858
423,70.21789999999999,5.837600000000009,54.285714285714285
424,38.544700000000006,10.209599999999995,47.14285714285714
425,78.24489999999997,2.4314999999999998,60.0
426,58.6644,5.050199999999961,55.714285714285715
427,23.74929999999999,4.582499999999996,38.57142857142858
428,75.03210000000001,3.259900000000016,65.71428571428571
429,50.6934,2.975200000000001,57.14285714285714
430,47.21039999999999,4.65509999999999,52.85714285714286
431,52.9418,5.925300000000007,54.285714285714285
432,48.03660000000002,3.2593999999999994,50.0
433,65.38760000000002,3.580600000000004,54.285714285714285
434,83.38580000000002,3.6503000000000156,67.14285714285714
435,63.6678,3.1193999999999846,55.714285714285715
436,56.424799999999976,3.9142999999999972,57.14285714285714
437,63.62779999999998,5.987899999999996,54.285714285714285
438,71.27179999999998,4.277600000000007,52.85714285714286
439,70.48930000000001,6.845500000000001,61.42857142857143
440,44.41259999999997,4.2461999999999875,57.14285714285714
441,80.452,5.223699999999994,64.28571428571429
442,55.21639999999999,5.7882999999999925,47.14285714285714
443,54.51050000000001,4.245399999999989,52.85714285714286
444,60.083500000000015,4.018900000000002,58.57142857142858
445,65.96770000000001,4.079000000000008,54.285714285714285
446,84.2284,3.5123999999999853,62.857142857142854
447,42.572900000000004,3.2335999999999956,45.714285714285715
448,91.28339999999997,1.738900000000001,60.0
449,62.9769,4.667000000000002,54.285714285714285
450,46.643400000000014,5.383299999999991,48.57142857142857
451,67.84109999999998,4.8378999999999905,60.0
452,51.95089999999999,4.0789999999999935,60.0
453,62.45320000000001,4.334000000000003,61.42857142857143
454,50.73700000000002,5.782899999999998,54.285714285714285
455,57.884799999999984,5.826899999999995,55.714285714285715
456,54.18430000000001,3.617599999999996,51.42857142857142
457,65.2338,2.242199999999997,60.0
458,62.0574,3.2214000000000027,60.0
459,41.42259999999999,5.406800000000004,54.285714285714285
460,64.45710000000003,6.2216999999999985,57.14285714285714
461,53.56710000000001,4.1484999999999985,58.57142857142858
462,47.546899999999994,6.89379999999997,55.714285714285715
463,66.80310000000003,3.2687999999999704,52.85714285714286
464,64.5258,3.45780000000002,57.14285714285714
465,53.64529999999999,4.6892999999999745,48.57142857142857
466,68.2029,5.432199999999966,60.0
467,69.03150000000002,4.0660000000000025,58.57142857142858
468,65.97069999999997,4.396000000000001,64.28571428571429
469,75.8492,4.8785000000000025,67.14285714285714
470,83.88900000000001,5.039299999999997,67.14285714285714
471,75.79109999999997,3.866199999999992,62.857142857142854
472,35.714800000000025,5.382600000000011,44.285714285714285
473,58.086599999999976,3.8296000000000276,55.714285714285715
474,34.80430000000001,3.957100000000011,50.0
475,61.311499999999995,4.377199999999988,57.14285714285714
476,35.995900000000006,6.003299999999996,51.42857142857142
477,66.49689999999998,3.262900000000002,65.71428571428571
478,48.23419999999999,5.460400000000021,54.285714285714285
479,40.565499999999986,11.140699999999995,51.42857142857142
480,58.01229999999998,5.798099999999977,58.57142857142858
481,56.88720000000001,4.3250999999999635,57.14285714285714
482,75.2783,3.2113999999999976,60.0
483,61.75319999999999,4.034099999999995,61.42857142857143
484,27.6755,5.730400000000003,47.14285714285714
485,71.0026,4.798000000000002,58.57142857142858
486,57.702499999999986,4.960200000000015,62.857142857142854
487,53.29140000000001,4.056600000000003,57.14285714285714
488,55.468399999999974,4.360300000000009,52.85714285714286
489,63.39959999999999,3.3561000000000263,58.57142857142858
490,57.203100000000006,2.579800000000006,52.85714285714286
491,87.8765,2.748800000000017,64.28571428571429
492,54.17059999999998,3.7830000000000013,47.14285714285714
493,69.41080000000002,3.0505999999999887,58.57142857142858
494,69.88810000000001,3.349900000000005,55.714285714285715
495,54.2808,3.5593999999999824,54.285714285714285
496,60.1704,2.862099999999998,57.14285714285714
497,45.87129999999999,4.313499999999976,52.85714285714286
498,55.90620000000001,3.5985000000000014,48.57142857142857
499,46.89789999999999,4.484399999999994,55.714285714285715
500,45.0822,7.206099999999992,51.42857142857142
501,43.58080000000001,4.110600000000005,45.714285714285715
502,51.75480000000002,2.7882999999999925,51.42857142857142
503,65.87299999999999,2.823599999999999,55.714285714285715
504,68.09900000000002,3.8315000000000055,61.42857142857143
505,72.22839999999997,4.176299999999998,60.0
506,70.02279999999999,2.6469999999999914,58.57142857142858
507,61.967600000000004,6.427400000000006,61.42857142857143
508,56.40469999999999,4.748100000000022,55.714285714285715
509,56.18960000000001,2.554699999999997,55.714285714285715
510,45.92040000000003,3.219399999999993,50.0
511,80.04879999999997,3.593299999999985,61.42857142857143
512,38.05839999999998,5.034400000000005,48.57142857142857
513,60.08369999999999,3.094300000000004,61.42857142857143
514,51.30959999999999,4.536599999999993,51.42857142857142
515,56.94550000000001,2.896899999999988,54.285714285714285
516,56.301499999999976,4.7714,57.14285714285714
517,80.78199999999998,4.234300000000019,67.14285714285714
518,47.64080000000001,4.983499999999992,54.285714285714285
519,56.96890000000002,5.3863999999999805,52.85714285714286
520,64.94729999999998,3.7698999999999785,57.14285714285714
521,58.979600000000005,3.782800000000009,52.85714285714286
522,57.4787,2.874300000000005,60.0
523,68.31849999999997,2.397500000000008,61.42857142857143
524,69.30130000000003,2.669000000000011,57.14285714285714
525,41.380600000000015,7.646199999999993,51.42857142857142
526,48.362899999999996,4.318899999999999,44.285714285714285
527,76.12020000000001,3.066100000000006,62.857142857142854
528,68.93100000000001,4.4894999999999925,62.857142857142854
529,66.6757,2.8512999999999806,57.14285714285714
530,55.746700000000004,4.408500000000004,60.0
531,54.391700000000014,5.495599999999968,57.14285714285714
532,64.0675,4.130200000000002,58.57142857142858
533,72.03609999999998,3.145700000000005,57.14285714285714
534,59.77359999999999,4.686999999999998,55.714285714285715
535,46.04859999999999,5.8747000000000185,52.85714285714286
536,60.23270000000002,3.5235999999999876,57.14285714285714
537,70.37439999999998,2.740099999999998,65.71428571428571
538,51.468199999999996,3.414500000000004,51.42857142857142
539,71.83790000000002,4.109399999999994,60.0
540,28.908600000000007,7.017900000000012,44.285714285714285
541,42.024400000000014,3.9168999999999983,50.0
542,42.546100000000024,6.287399999999991,54.285714285714285
543,53.14269999999999,3.4250999999999863,55.714285714285715
544,38.10990000000001,3.755899999999997,51.42857142857142
545,61.86880000000002,3.3220999999999776,55.714285714285715
546,52.16990000000001,2.2234000000000123,52.85714285714286
547,44.54880000000003,7.3399,50.0
548,45.649,4.645600000000002,54.285714285714285
549,86.53749999999997,2.8512000000000057,61.42857142857143
550,36.939899999999994,5.242199999999997,52.85714285714286
551,36.414800000000014,5.270799999999994,50.0
552,55.741299999999995,2.842099999999988,50.0
553,48.6636,5.308900000000008,52.85714285714286
554,57.774,5.87469999999999,60.0
555,68.18860000000001,4.263099999999994,55.714285714285715
556,70.0507,1.9986000000000104,58.57142857142858
557,66.27709999999999,4.129300000000001,58.57142857142858
558,42.465299999999985,3.6895999999999987,50.0
559,72.73229999999998,6.863500000000002,57.14285714285714
560,69.97129999999999,2.252299999999991,62.857142857142854
561,52.17590000000001,4.078999999999979,54.285714285714285
562,81.1155,3.019299999999987,64.28571428571429
563,64.16210000000001,5.819800000000001,55.714285714285715
564,47.02959999999999,3.4956999999999994,54.285714285714285
565,47.38959999999997,4.582300000000004,52.85714285714286
566,29.934300000000007,7.868399999999994,47.14285714285714
567,75.02170000000001,3.290900000000022,57.14285714285714
568,30.670000000000016,4.422700000000006,44.285714285714285
569,101.69749999999996,2.3401000000000067,74.28571428571429
570,51.0034,5.511099999999999,51.42857142857142
571,58.729600000000005,4.471000000000004,64.28571428571429
572,44.07769999999999,7.2213999999999885,51.42857142857142
573,58.178200000000004,2.3401000000000067,57.14285714285714
574,18.212699999999998,5.654699999999991,48.57142857142857
575,44.739900000000006,3.8843999999999994,48.57142857142857
576,70.25009999999997,5.89139999999999,60.0
577,49.137,2.6450999999999993,57.14285714285714
578,54.232699999999994,2.610200000000006,58.57142857142858
579,47.68979999999999,4.393100000000004,48.57142857142857
580,57.420500000000004,4.137200000000007,54.285714285714285
581,71.0729,6.170999999999992,55.714285714285715
582,72.47140000000002,1.8935999999999922,52.85714285714286
583,24.396900000000016,6.719200000000001,42.857142857142854
584,67.8688,4.6511,54.285714285714285
585,69.83620000000002,3.6539999999999964,54.285714285714285
586,61.31190000000004,5.2838999999999885,54.285714285714285
587,34.59910000000002,4.993200000000002,48.57142857142857
588,54.38669999999999,3.712299999999999,57.14285714285714
589,53.14280000000002,4.484399999999994,55.714285714285715
590,66.96099999999998,3.9026999999999816,64.28571428571429
591,40.10190000000003,4.332099999999997,52.85714285714286
592,59.742200000000025,4.44319999999999,52.85714285714286
593,53.272999999999996,3.6544999999999987,60.0
594,46.62310000000002,4.0789999999999935,52.85714285714286
595,73.0145,2.2896999999999963,58.57142857142858
596,58.131,2.7077999999999918,60.0
597,59.18760000000003,2.3401000000000067,52.85714285714286
598,57.82650000000001,3.6263999999999896,50.0
599,28.934399999999982,8.069999999999993,40.0
600,64.8671,4.304800000000014,58.57142857142858
601,60.17489999999998,6.116800000000012,58.57142857142858
602,56.553,3.137500000000003,52.85714285714286
603,72.21200000000002,5.949299999999994,55.714285714285715
604,58.272099999999995,4.830100000000002,60.0
605,72.78679999999997,2.894999999999996,64.28571428571429
606,57.38140000000001,5.900099999999995,60.0
607,73.44489999999999,4.042000000000002,62.857142857142854
608,60.93549999999999,4.143700000000024,54.285714285714285
609,29.935900000000004,4.32820000000001,38.57142857142858
610,41.5813,6.345100000000002,48.57142857142857
611,47.56820000000002,4.2631000000000085,47.14285714285714
612,79.92900000000003,3.8223999999999876,58.57142857142858
613,78.7475,2.9812999999999903,60.0
614,33.30619999999999,3.456099999999992,42.857142857142854
615,58.3664,3.014700000000005,55.714285714285715
616,48.9658,5.189499999999995,57.14285714285714
617,49.81639999999999,3.8393999999999977,55.714285714285715
618,54.1893,3.9217000000000013,57.14285714285714
619,74.6137,2.631699999999995,58.57142857142858
620,84.77800000000002,3.0508000000000095,58.57142857142858
621,52.503900000000016,3.850200000000001,52.85714285714286
622,48.86840000000001,7.9007000000000005,45.714285714285715
623,69.01920000000004,2.3401000000000067,61.42857142857143
624,57.32129999999998,4.077500000000015,57.14285714285714
625,26.799599999999998,7.7379999999999995,45.714285714285715
626,72.19489999999996,3.015599999999992,65.71428571428571
627,54.38560000000001,6.709600000000009,55.714285714285715
628,53.14609999999999,3.511799999999994,57.14285714285714
629,62.70060000000001,4.309499999999986,51.42857142857142
630,34.30430000000001,4.219799999999964,48.57142857142857
631,91.73919999999993,3.6417000000000144,65.71428571428571
632,77.79229999999998,2.543600000000012,60.0
633,59.5446,3.8887,60.0
634,31.19399999999999,5.3994,47.14285714285714
635,46.751599999999996,3.997700000000009,57.14285714285714
636,73.54399999999998,3.9926999999999992,61.42857142857143
637,63.8826,3.442299999999989,54.285714285714285
638,30.533999999999992,5.372800000000012,42.857142857142854
639,84.03379999999999,3.90209999999999,54.285714285714285
640,75.85500000000002,2.8863000000000056,65.71428571428571
641,67.5067,6.314999999999998,58.57142857142858
642,53.82470000000001,5.541300000000007,57.14285714285714
643,48.600100000000026,4.433300000000003,48.57142857142857
644,52.7038,5.887599999999992,51.42857142857142
645,58.389999999999986,3.6502000000000123,62.857142857142854
646,53.35589999999999,2.9749999999999943,57.14285714285714
647,51.61200000000002,4.1884000000000015,48.57142857142857
648,76.881,3.9111000000000047,57.14285714285714
649,54.02480000000003,3.5801999999999907,54.285714285714285
650,29.226500000000016,3.2264000000000124,44.285714285714285
651,59.387099999999975,4.801500000000004,54.285714285714285
652,51.9777,4.356699999999989,55.714285714285715
653,53.11020000000002,3.5833999999999975,50.0
654,37.822299999999984,4.503399999999999,48.57142857142857
655,48.86189999999999,5.819700000000012,50.0
656,63.430199999999985,4.079000000000008,57.14285714285714
657,75.72890000000001,2.5860000000000127,65.71428571428571
658,44.974500000000006,3.580200000000005,55.714285714285715
659,56.505199999999974,2.9961000000000126,58.57142857142858
660,44.2636,6.041299999999993,60.0
661,59.29400000000001,4.026399999999995,52.85714285714286
662,55.08760000000001,3.2386999999999944,48.57142857142857
663,47.63470000000001,3.2357000000000085,51.42857142857142
664,67.30060000000003,2.617599999999996,57.14285714285714
665,79.80609999999996,4.502600000000001,64.28571428571429
666,34.48609999999999,7.2490999999999985,48.57142857142857
667,46.52709999999999,5.072000000000003,48.57142857142857
668,80.398,2.655600000000021,67.14285714285714
669,67.3689,6.565799999999996,57.14285714285714
670,19.924099999999996,15.449100000000001,47.14285714285714
671,49.934500000000014,4.441999999999993,54.285714285714285
672,49.41080000000002,3.7350000000000136,54.285714285714285
673,59.6301,4.443799999999996,55.714285714285715
674,53.01140000000001,5.995999999999995,51.42857142857142
675,56.551199999999994,6.643000000000001,55.714285714285715
676,73.27679999999998,3.2045999999999992,58.57142857142858
677,53.313000000000045,5.370100000000008,57.14285714285714
678,51.50289999999998,7.294600000000003,54.285714285714285
679,69.5753,6.551500000000004,61.42857142857143
680,70.03040000000004,3.0137,61.42857142857143
681,53.213300000000004,2.497799999999998,62.857142857142854
682,47.032099999999986,4.574300000000008,57.14285714285714
683,56.4657,4.8271000000000015,57.14285714285714
684,51.6703,6.340899999999991,52.85714285714286
685,43.39639999999997,4.472700000000003,52.85714285714286
686,54.60480000000001,5.988500000000002,52.85714285714286
687,61.038700000000006,4.035799999999995,60.0
688,51.7868,4.898799999999994,57.14285714285714
689,54.34530000000001,2.730000000000004,48.57142857142857
690,44.875699999999995,3.667899999999989,58.57142857142858
691,87.88909999999998,4.243499999999983,64.28571428571429
692,38.38829999999999,3.3963999999999857,50.0
693,67.78229999999996,3.63900000000001,58.57142857142858
694,51.96979999999999,3.1304000000000087,58.57142857142858
695,79.53679999999997,2.3401000000000067,71.42857142857143
696,46.3528,7.527800000000013,48.57142857142857
697,47.45939999999999,6.9990999999999985,50.0
698,32.193299999999994,4.6777000000000015,45.714285714285715
699,67.45480000000003,4.601799999999997,52.85714285714286
700,52.310900000000004,2.967799999999997,50.0
701,49.36669999999998,5.905799999999999,57.14285714285714
702,60.9975,2.6487999999999943,57.14285714285714
703,51.72300000000001,3.0198000000000036,55.714285714285715
704,53.92640000000003,3.9990999999999985,55.714285714285715
705,51.050099999999986,3.7117000000000075,54.285714285714285
706,76.47219999999999,2.242200000000011,61.42857142857143
707,84.0607,2.1569999999999965,67.14285714285714
708,63.95780000000002,3.0527000000000015,60.0
709,71.631,4.313500000000005,64.28571428571429
710,74.74559999999997,2.564700000000016,62.857142857142854
711,59.38720000000001,5.182000000000002,54.285714285714285
712,69.58710000000002,3.6717999999999904,58.57142857142858
713,67.86109999999996,2.4311000000000007,62.857142857142854
714,63.67879999999997,2.8815000000000026,57.14285714285714
715,55.90450000000001,4.446200000000005,54.285714285714285
716,60.491900000000015,4.2908999999999935,50.0
717,65.62960000000001,4.284099999999995,65.71428571428571
718,35.93600000000001,4.484399999999994,48.57142857142857
719,62.86079999999998,3.893900000000002,52.85714285714286
720,57.77189999999999,3.0382999999999925,52.85714285714286
721,48.883399999999995,3.7117000000000075,51.42857142857142
722,55.82850000000002,3.4209999999999923,50.0
723,59.0419,3.750399999999999,61.42857142857143
724,47.13050000000001,6.480899999999991,62.857142857142854
725,76.54579999999999,6.437100000000015,67.14285714285714
726,54.07339999999999,6.5471,52.85714285714286
727,54.73610000000002,4.448799999999991,57.14285714285714
728,52.149400000000014,3.8877999999999986,57.14285714285714
729,80.38479999999998,2.886199999999974,60.0
730,65.4162,3.8146999999999878,60.0
731,64.732,6.566900000000004,57.14285714285714
732,79.46489999999997,2.748800000000003,61.42857142857143
733,72.97970000000001,3.3736999999999995,62.857142857142854
734,50.184,3.8884999999999934,58.57142857142858
735,55.04089999999999,3.5301999999999794,54.285714285714285
736,42.94040000000001,4.215599999999995,52.85714285714286
737,38.229600000000005,6.434200000000004,54.285714285714285
738,78.10229999999999,4.057799999999986,58.57142857142858
739,44.09870000000001,6.512500000000003,52.85714285714286
740,79.11429999999996,8.21520000000001,61.42857142857143
741,51.240999999999985,4.14609999999999,60.0
742,71.20689999999999,3.414500000000004,61.42857142857143
743,64.85250000000002,4.695999999999998,51.42857142857142
744,71.82720000000003,3.0690000000000026,60.0
745,44.64330000000001,5.977000000000004,52.85714285714286
746,63.69999999999999,3.341700000000003,54.285714285714285
747,78.51409999999998,4.523400000000009,61.42857142857143
748,32.405100000000004,4.614199999999997,51.42857142857142
749,33.8066,8.81159999999997,48.57142857142857
750,43.02010000000001,6.554299999999998,54.285714285714285
751,62.47479999999999,4.685300000000012,57.14285714285714
752,80.2678,2.5956999999999937,62.857142857142854
753,57.301199999999994,5.6218000000000075,50.0
754,67.2141,4.058599999999984,60.0
755,69.77859999999998,2.135600000000011,58.57142857142858
756,41.51859999999999,4.9285,48.57142857142857
757,55.79130000000001,4.680199999999999,58.57142857142858
758,65.24199999999999,3.086999999999989,58.57142857142858
759,70.43349999999998,3.796900000000022,67.14285714285714
760,42.634299999999996,4.6434,54.285714285714285
761,27.86720000000001,8.392899999999997,41.42857142857143
762,41.929,3.769900000000007,52.85714285714286
763,56.385400000000004,5.0789999999999935,64.28571428571429
764,48.079999999999984,3.0497000000000014,51.42857142857142
765,87.44869999999997,2.2937999999999903,68.57142857142857
766,68.02050000000003,2.3401000000000067,57.14285714285714
767,41.608000000000004,6.7393,45.714285714285715
768,65.3632,2.985800000000012,54.285714285714285
769,43.21690000000001,3.802599999999998,47.14285714285714
770,78.55510000000001,3.489599999999996,65.71428571428571
771,67.82619999999997,6.767699999999991,60.0
772,51.60040000000001,4.138099999999994,55.714285714285715
773,68.30479999999997,4.1577000000000055,64.28571428571429
774,34.84220000000002,5.061800000000005,47.14285714285714
775,62.006399999999985,4.628999999999991,52.85714285714286
776,81.39409999999998,3.981099999999998,62.857142857142854
777,66.47910000000002,4.318700000000007,61.42857142857143
778,74.02789999999999,2.446700000000007,55.714285714285715
779,52.565200000000004,6.4964999999999975,55.714285714285715
780,50.5215,5.633599999999987,54.285714285714285
781,47.4033,3.712299999999999,51.42857142857142
782,43.42550000000003,2.4424999999999955,52.85714285714286
783,40.31229999999999,6.6233999999999895,47.14285714285714
784,42.456199999999995,5.880400000000009,50.0
785,70.86899999999997,3.5351,62.857142857142854
786,66.9527,3.9805000000000064,55.714285714285715
787,78.2399,4.209699999999998,67.14285714285714
788,51.492999999999995,3.9879999999999995,52.85714285714286
789,51.490500000000026,3.3083000000000027,51.42857142857142
790,67.3606,4.7637,55.714285714285715
791,57.726800000000026,3.3954999999999984,55.714285714285715
792,38.36669999999998,3.946799999999996,51.42857142857142
793,58.6764,2.5797999999999917,55.714285714285715
794,55.3732,4.6285000000000025,55.714285714285715
795,43.29820000000001,2.529200000000003,50.0
796,49.49349999999998,3.5349999999999824,55.714285714285715
797,50.231300000000005,3.674299999999988,54.285714285714285
798,61.20099999999999,5.685399999999987,60.0
799,40.949600000000004,4.707799999999992,44.285714285714285
800,73.94239999999999,2.4598999999999904,62.857142857142854
801,72.96690000000001,2.6670000000000016,65.71428571428571
802,50.8905,3.3303999999999974,50.0
803,21.5753,5.536699999999996,44.285714285714285
804,60.16679999999997,4.960800000000006,55.714285714285715
805,88.18380000000002,4.809600000000017,67.14285714285714
806,60.94120000000001,3.1593000000000018,61.42857142857143
807,56.392799999999994,5.192299999999989,60.0
808,66.2964,2.529200000000003,62.857142857142854
809,67.53980000000001,3.539999999999992,54.285714285714285
810,59.32830000000001,3.063199999999995,60.0
811,62.43549999999999,2.7949999999999875,57.14285714285714
812,86.25399999999999,2.911200000000008,67.14285714285714
813,56.0223,5.553699999999992,52.85714285714286
814,56.90080000000003,2.8827,52.85714285714286
815,62.262,3.8100000000000023,58.57142857142858
816,56.25100000000003,5.899299999999997,55.714285714285715
817,63.747600000000034,2.242199999999997,58.57142857142858
818,67.01779999999997,3.9254999999999995,58.57142857142858
819,66.46440000000001,7.244899999999973,57.14285714285714
820,58.08330000000001,4.276900000000012,55.714285714285715
821,57.89080000000001,2.4656999999999982,48.57142857142857
822,48.51410000000001,4.940300000000008,58.57142857142858
823,61.323499999999996,2.4632999999999754,55.714285714285715
824,65.29849999999999,4.457100000000011,60.0
825,93.0496,3.1595000000000084,64.28571428571429
826,53.091200000000015,2.356099999999998,54.285714285714285
827,75.05439999999999,3.363700000000023,57.14285714285714
828,34.8322,6.905799999999999,45.714285714285715
829,64.85050000000001,2.5321,54.285714285714285
830,39.61130000000003,5.523400000000009,52.85714285714286
831,75.6397,2.807299999999998,54.285714285714285
832,37.1523,8.7466,45.714285714285715
833,37.97340000000003,5.032200000000003,48.57142857142857
834,63.63739999999996,2.9528999999999996,60.0
835,73.5161,3.7007999999999868,60.0
836,84.3551,2.1286999999999807,60.0
837,44.56460000000001,3.8253999999999735,45.714285714285715
838,42.6952,4.376599999999996,52.85714285714286
839,34.70350000000002,6.816199999999981,48.57142857142857
840,45.65610000000001,4.620400000000004,55.714285714285715
841,61.2012,4.6875,57.14285714285714
842,71.73149999999998,3.463399999999993,61.42857142857143
843,58.9203,4.498400000000004,51.42857142857142
844,33.284099999999995,4.6738,47.14285714285714
845,80.27839999999998,4.383400000000009,68.57142857142857
846,52.32729999999998,6.7783000000000015,55.714285714285715
847,60.09680000000003,2.757199999999983,64.28571428571429
848,61.63990000000001,4.046500000000009,61.42857142857143
849,44.64189999999999,4.48660000000001,54.285714285714285
850,43.77969999999999,3.5908000000000015,52.85714285714286
851,56.8913,5.503599999999992,60.0
852,49.00400000000002,6.040800000000004,52.85714285714286
853,69.69739999999999,3.966700000000003,60.0
854,64.53809999999999,4.483600000000024,58.57142857142858
855,62.87140000000002,2.734999999999985,58.57142857142858
856,50.75630000000001,2.21459999999999,57.14285714285714
857,39.48599999999999,5.845300000000009,44.285714285714285
858,82.82929999999999,2.2422000000000253,68.57142857142857
859,48.774399999999986,7.757099999999994,54.285714285714285
860,64.5951,3.2790999999999997,50.0
861,50.24889999999999,3.2051999999999907,58.57142857142858
862,38.377099999999984,6.1141999999999825,47.14285714285714
863,43.835500000000025,6.5430999999999955,50.0
864,77.86659999999998,6.353999999999999,60.0
865,39.53390000000002,8.714300000000009,52.85714285714286
866,40.40730000000002,7.8378999999999905,51.42857142857142
867,81.48859999999999,4.034400000000005,70.0
868,69.1714,4.655100000000019,54.285714285714285
869,86.67949999999996,4.323599999999999,58.57142857142858
870,40.04139999999998,6.024299999999997,51.42857142857142
871,65.67519999999999,3.177500000000009,55.714285714285715
872,51.649,5.07080000000002,52.85714285714286
873,53.55439999999999,5.1236999999999995,58.57142857142858
874,56.5745,3.663199999999989,58.57142857142858
875,32.33440000000002,4.215599999999995,51.42857142857142
876,60.52199999999999,4.176199999999994,57.14285714285714
877,36.019800000000004,6.602100000000007,51.42857142857142
878,83.87669999999997,4.1562999999999874,68.57142857142857
879,49.56990000000002,4.0486000000000075,54.285714285714285
880,59.416,3.6447000000000003,54.285714285714285
881,57.42329999999998,4.495800000000003,58.57142857142858
882,58.42300000000003,2.6983999999999924,51.42857142857142
883,46.12549999999999,6.512699999999995,52.85714285714286
884,70.12330000000003,3.393199999999993,57.14285714285714
885,57.16039999999998,5.3152999999999935,55.714285714285715
886,62.016400000000004,3.663199999999989,58.57142857142858
887,61.2551,4.045600000000007,51.42857142857142
888,77.92700000000002,5.192299999999989,61.42857142857143
889,71.8281,3.6677999999999997,65.71428571428571
890,51.39760000000004,5.299499999999995,55.714285714285715
891,64.92840000000001,5.0077,52.85714285714286
892,62.729799999999955,5.741,54.285714285714285
893,53.338899999999995,7.511600000000001,51.42857142857142
894,67.13220000000001,2.8634999999999877,55.714285714285715
895,47.60329999999999,3.216300000000004,57.14285714285714
896,66.5156,4.462999999999994,54.285714285714285
897,55.042699999999996,3.776900000000012,54.285714285714285
898,61.6934,5.5645000000000095,60.0
899,64.2835,6.929699999999997,64.28571428571429
900,66.14179999999999,9.016099999999994,62.857142857142854
901,79.52769999999998,4.301799999999986,61.42857142857143
902,64.33260000000001,5.646499999999975,54.285714285714285
903,56.29759999999999,6.832099999999997,54.285714285714285
904,50.08789999999999,4.915699999999987,58.57142857142858
905,66.50919999999999,3.4757000000000176,60.0
906,79.76259999999999,2.579800000000006,62.857142857142854
907,40.851200000000006,5.233299999999986,48.57142857142857
908,28.173900000000003,6.045999999999992,45.714285714285715
909,57.35850000000002,6.7154000000000025,51.42857142857142
910,40.2662,3.2449000000000012,50.0
911,68.0349,5.226299999999995,62.857142857142854
912,68.14099999999996,4.4705000000000155,55.714285714285715
913,54.1378,3.789600000000007,55.714285714285715
914,59.664499999999975,2.738299999999981,58.57142857142858
915,55.1429,3.957899999999995,52.85714285714286
916,55.70330000000001,3.8581999999999965,57.14285714285714
917,68.61470000000003,2.9084000000000003,61.42857142857143
918,65.65980000000002,2.8185000000000002,61.42857142857143
919,55.33749999999998,5.606799999999964,55.714285714285715
920,52.91859999999997,5.843299999999999,52.85714285714286
921,45.0446,4.805800000000005,55.714285714285715
922,52.80029999999999,4.3048,54.285714285714285
923,77.61180000000002,2.510799999999989,62.857142857142854
924,63.25120000000001,1.9011000000000138,57.14285714285714
925,43.32159999999999,5.032000000000011,47.14285714285714
926,56.41950000000003,5.6640000000000015,54.285714285714285
927,41.649699999999996,2.3401000000000067,51.42857142857142
928,60.21210000000002,2.9749999999999943,55.714285714285715
929,29.160300000000007,4.970600000000005,41.42857142857143
930,54.04699999999997,3.1598999999999933,55.714285714285715
931,63.18719999999999,2.1665000000000134,62.857142857142854
932,27.58460000000001,6.028699999999986,44.285714285714285
933,22.165000000000006,3.9394000000000062,48.57142857142857
934,57.12479999999999,4.391799999999989,60.0
935,74.04499999999996,2.748800000000017,62.857142857142854
936,77.35839999999996,3.1414000000000044,62.857142857142854
937,59.1593,4.403700000000001,50.0
938,54.93350000000001,6.603200000000015,54.285714285714285
939,74.13559999999995,4.215600000000009,57.14285714285714
940,63.576100000000025,3.4643999999999835,58.57142857142858
941,43.150000000000006,5.2553999999999945,48.57142857142857
942,61.481599999999986,3.3408000000000015,60.0
943,62.27109999999999,3.7276999999999987,58.57142857142858
944,59.893400000000014,6.667199999999994,61.42857142857143
945,77.36150000000004,3.6820000000000164,64.28571428571429
946,61.33840000000001,4.377800000000008,58.57142857142858
947,50.62269999999998,2.242199999999997,52.85714285714286
948,36.35559999999998,4.163199999999989,44.285714285714285
949,69.52430000000004,4.302499999999995,52.85714285714286
950,23.824099999999987,3.605800000000002,47.14285714285714
951,43.13890000000001,4.522800000000004,58.57142857142858
952,56.631099999999975,4.069400000000002,60.0
953,49.55299999999997,4.277899999999988,54.285714285714285
954,53.289500000000004,6.157099999999986,51.42857142857142
955,74.91579999999993,4.806900000000013,61.42857142857143
956,72.35330000000005,5.233199999999982,65.71428571428571
957,71.1044,3.93719999999999,61.42857142857143
958,89.7267,1.8406999999999982,68.57142857142857
959,51.39929999999998,4.804400000000015,55.714285714285715
960,76.9845,5.4299000000000035,54.285714285714285
961,54.5634,4.753,50.0
962,70.60840000000002,3.150299999999987,57.14285714285714
963,66.4094,4.387699999999995,58.57142857142858
964,62.311800000000005,3.7042,62.857142857142854
965,63.260099999999994,3.1593000000000018,61.42857142857143
966,57.009900000000016,4.259999999999991,55.714285714285715
967,43.27019999999999,2.7883999999999958,50.0
968,43.0317,4.422800000000009,50.0
969,44.76260000000002,5.5057000000000045,51.42857142857142
970,36.8775,5.14609999999999,48.57142857142857
971,68.58879999999996,2.738299999999981,60.0
972,63.458,3.243799999999993,62.857142857142854
973,35.55220000000003,3.86760000000001,52.85714285714286
974,79.25300000000004,4.609699999999975,52.85714285714286
975,49.485300000000024,7.067800000000005,54.285714285714285
976,85.91459999999995,2.694300000000027,62.857142857142854
977,92.63329999999999,4.609999999999985,70.0
978,52.25150000000002,5.720400000000012,52.85714285714286
979,76.1293,4.075199999999995,62.857142857142854
980,96.78169999999994,2.3401000000000067,64.28571428571429
981,13.882999999999996,5.3448999999999955,38.57142857142858
982,62.15289999999999,3.1159999999999854,57.14285714285714
983,58.802700000000016,4.906100000000009,54.285714285714285
984,19.824300000000008,9.382599999999996,41.42857142857143
985,58.07239999999996,7.735600000000005,61.42857142857143
986,51.345,4.054999999999993,55.714285714285715
987,55.158800000000014,7.017399999999995,57.14285714285714
988,40.125699999999995,4.257300000000001,50.0
989,47.57130000000001,7.341000000000008,51.42857142857142
990,39.3193,4.060599999999994,50.0
991,50.70149999999998,2.648399999999981,57.14285714285714
992,63.8176,7.717700000000008,57.14285714285714
993,70.12790000000001,5.372599999999977,57.14285714285714
994,28.2183,2.895300000000006,52.85714285714286
995,58.380600000000015,3.9805000000000064,57.14285714285714
996,78.74149999999997,4.6404,62.857142857142854
997,72.78800000000001,5.600700000000003,58.57142857142858
998,35.71290000000002,5.8566,41.42857142857143
999,47.670799999999986,6.023699999999991,55.714285714285715
1000,72.44250000000002,2.562899999999999,60.0
1001,68.922,2.4095999999999975,60.0
1002,71.88499999999999,5.7988,62.857142857142854
1003,55.53290000000001,5.385999999999996,55.714285714285715
1004,50.159400000000005,4.484399999999994,55.714285714285715
1005,29.253899999999987,6.684899999999999,45.714285714285715
1006,63.189100000000025,5.089100000000002,48.57142857142857
1007,74.5181,1.738900000000001,61.42857142857143
1008,41.76309999999998,3.4333000000000027,57.14285714285714
1009,51.36959999999999,2.6988000000000056,54.285714285714285
1010,51.73060000000001,4.484399999999994,61.42857142857143
1011,55.08410000000001,5.3315000000000055,57.14285714285714
1012,47.43380000000002,5.462800000000016,47.14285714285714
1013,56.396799999999985,6.42949999999999,51.42857142857142
1014,68.89350000000002,4.582700000000003,58.57142857142858
1015,44.50060000000002,3.9213999999999913,58.57142857142858
1016,73.305,3.981099999999998,57.14285714285714
1017,67.72889999999995,3.5290999999999997,70.0
1018,75.45609999999999,2.3401000000000067,61.42857142857143
1019,57.6746,6.406199999999984,54.285714285714285
1020,74.8399,3.093500000000006,71.42857142857143
1021,85.11779999999999,3.7258999999999958,68.57142857142857
1022,55.64349999999999,4.260599999999997,50.0
1023,50.32530000000003,4.314999999999998,52.85714285714286
1024,41.245599999999996,5.449700000000007,51.42857142857142
1025,45.38229999999999,4.835900000000009,47.14285714285714
1026,19.400300000000016,7.631399999999985,38.57142857142858
1027,66.81479999999999,5.888599999999997,60.0
1028,40.77940000000001,5.80210000000001,48.57142857142857
1029,59.15639999999999,4.427799999999991,61.42857142857143
1030,56.46800000000002,2.7404999999999973,54.285714285714285
1031,38.585199999999986,3.6533000000000015,51.42857142857142
1032,53.7337,3.613900000000001,54.285714285714285
1033,63.96169999999998,2.242199999999997,57.14285714285714
1034,57.20839999999998,4.692299999999989,62.857142857142854
1035,65.96260000000001,4.24890000000002,61.42857142857143
1036,63.698500000000024,4.132000000000005,54.285714285714285
1037,34.8374,9.317899999999995,47.14285714285714
1038,43.541499999999985,7.4916999999999945,48.57142857142857
1039,66.3118,4.031499999999994,61.42857142857143
1040,49.23779999999999,4.622399999999999,57.14285714285714
1041,60.67410000000001,4.220699999999994,55.714285714285715
1042,61.43640000000002,2.149000000000001,57.14285714285714
1043,73.08960000000002,4.89070000000001,61.42857142857143
1044,59.521000000000015,4.226699999999994,61.42857142857143
1045,49.0754,3.991199999999992,50.0
1046,65.81540000000001,4.143500000000003,65.71428571428571
1047,62.282700000000006,4.7286,55.714285714285715
1048,69.7362,4.037599999999998,60.0
1049,61.41639999999998,4.430299999999988,60.0
1050,47.12180000000001,5.9968000000000075,54.285714285714285
1051,55.332299999999975,3.4773999999999887,55.714285714285715
1052,49.51319999999998,2.9305999999999983,54.285714285714285
1053,58.070100000000025,5.204200000000014,55.714285714285715
1054,40.73769999999999,4.453499999999991,47.14285714285714
1055,43.936499999999995,4.049599999999998,52.85714285714286
1056,60.824600000000004,3.463400000000007,58.57142857142858
1057,76.33810000000003,8.20780000000002,60.0
1058,61.183400000000006,5.540499999999994,61.42857142857143
1059,42.829999999999984,4.104799999999997,44.285714285714285
1060,39.926800000000014,7.023599999999988,50.0
1061,73.71270000000001,3.3678000000000026,54.285714285714285
1062,58.94229999999999,4.609599999999972,54.285714285714285
1063,77.55370000000002,2.998800000000003,64.28571428571429
1064,72.90300000000002,2.1811000000000007,65.71428571428571
1065,62.936499999999995,2.3401000000000067,64.28571428571429
1066,64.41309999999999,4.078399999999988,61.42857142857143
1067,58.42829999999998,4.505899999999997,60.0
1068,63.41460000000001,5.954499999999996,64.28571428571429
1069,60.2509,3.9805000000000064,60.0
1070,28.798100000000005,4.277300000000011,42.857142857142854
1071,59.2388,4.637799999999999,58.57142857142858
1072,67.96440000000001,4.662499999999994,60.0
1073,57.92690000000002,5.816699999999997,52.85714285714286
1074,53.00740000000002,2.3401000000000067,57.14285714285714
1075,65.08709999999999,2.6820999999999913,64.28571428571429
1076,46.71770000000001,7.005199999999988,50.0
1077,48.393700000000024,4.571300000000008,47.14285714285714
1078,67.92919999999998,5.195699999999988,55.714285714285715
1079,44.858900000000006,6.162000000000006,55.714285714285715
1080,57.73610000000002,5.569900000000004,54.285714285714285
1081,66.45219999999998,3.3145999999999987,52.85714285714286
1082,41.47300000000001,4.3285999999999945,52.85714285714286
1083,65.25239999999997,3.7708000000000084,54.285714285714285
1084,74.93289999999996,4.808899999999994,67.14285714285714
1085,59.83500000000001,3.2438000000000073,60.0
1086,48.599800000000016,7.643799999999999,51.42857142857142
1087,63.50309999999999,5.7627000000000095,62.857142857142854
1088,55.99340000000001,5.366200000000006,55.714285714285715
1089,71.22040000000004,4.244999999999976,58.57142857142858
1090,44.579800000000006,3.115300000000005,57.14285714285714
1091,49.01089999999999,3.560200000000009,52.85714285714286
1092,34.97300000000001,3.6537999999999897,45.714285714285715
1093,56.44469999999998,6.452399999999983,57.14285714285714
1094,54.835999999999984,8.6447,54.285714285714285
1095,60.53690000000003,5.59529999999998,55.714285714285715
1096,65.72890000000001,3.5212999999999965,60.0
1097,42.38380000000001,5.072199999999995,48.57142857142857
1098,60.965299999999985,4.273899999999998,58.57142857142858
1099,25.600100000000012,11.866900000000015,42.857142857142854
1100,39.36759999999998,3.2894000000000005,47.14285714285714
1101,48.600300000000004,5.399399999999986,47.14285714285714
1102,62.4297,2.915699999999987,58.57142857142858
1103,45.87220000000002,4.466800000000006,54.285714285714285
1104,62.1165,3.8468000000000018,58.57142857142858
1105,41.720200000000006,4.7964000000000055,45.714285714285715
1106,64.89639999999997,3.3944000000000045,58.57142857142858
1107,48.23270000000002,6.385899999999992,55.714285714285715
1108,85.83259999999999,3.1132999999999953,65.71428571428571
1109,55.18320000000003,4.4809999999999945,51.42857142857142
1110,45.83620000000002,2.397899999999993,51.42857142857142
1111,36.704200000000014,6.443799999999996,51.42857142857142
1112,54.1165,7.8463999999999885,57.14285714285714
1113,58.724699999999984,1.9734000000000123,55.714285714285715
1114,43.58419999999998,3.4354000000000156,48.57142857142857
1115,68.79749999999996,2.8952000000000027,55.714285714285715
1116,32.9915,6.267700000000005,44.285714285714285
1117,68.13310000000001,2.8307000000000073,51.42857142857142
1118,48.76859999999999,5.860299999999995,52.85714285714286
1119,66.3075,4.643199999999993,58.57142857142858
1120,80.36909999999997,3.028700000000015,65.71428571428571
1121,74.3852,4.34620000000001,57.14285714285714
1122,50.14659999999998,6.471800000000002,45.714285714285715
1123,60.86009999999999,5.039300000000011,62.857142857142854
1124,69.72550000000001,2.8950000000000102,57.14285714285714
1125,66.22130000000001,3.2664000000000044,57.14285714285714
1126,40.5847,3.6003000000000043,52.85714285714286
1127,68.7285,2.133400000000023,52.85714285714286
1128,47.155699999999996,6.720400000000012,50.0
1129,51.07860000000002,6.376299999999986,52.85714285714286
1130,36.439100000000025,8.0762,50.0
1131,31.093400000000003,5.761899999999997,44.285714285714285
1132,59.7209,4.596999999999994,55.714285714285715
1133,56.30959999999999,6.245700000000028,54.285714285714285
1134,83.11249999999998,4.375200000000007,67.14285714285714
1135,60.9915,4.3992000000000075,61.42857142857143
1136,66.43350000000001,5.900199999999998,58.57142857142858
1137,78.51999999999998,5.428099999999972,58.57142857142858
1138,75.67629999999997,3.9860999999999933,61.42857142857143
1139,28.948000000000008,7.2149,42.857142857142854
1140,67.15190000000001,6.097799999999978,57.14285714285714
1141,61.91539999999998,4.309400000000011,57.14285714285714
1142,34.6953,4.0260000000000105,54.285714285714285
1143,84.6565,6.288499999999999,61.42857142857143
1144,59.973900000000015,4.137299999999982,57.14285714285714
1145,60.75080000000003,3.6572999999999922,54.285714285714285
1146,59.216199999999986,3.4631000000000114,48.57142857142857
1147,65.74340000000001,2.579800000000006,62.857142857142854
1148,56.41559999999998,3.1599000000000217,60.0
1149,57.84109999999998,4.197099999999978,55.714285714285715
1150,60.53029999999998,3.145700000000005,57.14285714285714
1151,54.07040000000001,3.761099999999999,54.285714285714285
1152,66.24680000000004,4.440799999999967,55.714285714285715
1153,64.6876,4.985900000000001,55.714285714285715
1154,59.43979999999999,3.069999999999993,60.0
1155,42.55329999999998,5.801599999999993,45.714285714285715
1156,49.223299999999995,4.90349999999998,55.714285714285715
1157,69.82139999999998,4.101800000000011,60.0
1158,53.3792,4.017399999999995,50.0
1159,38.60899999999998,5.673299999999998,51.42857142857142
1160,69.97180000000003,2.8814999999999884,57.14285714285714
1161,57.57679999999999,4.599099999999993,57.14285714285714
1162,45.91919999999999,5.2897000000000105,50.0
1163,86.96600000000001,2.409800000000004,65.71428571428571
1164,64.12239999999997,4.207800000000006,58.57142857142858
1165,31.164299999999997,7.834000000000003,45.714285714285715
1166,58.84359999999998,3.540300000000002,48.57142857142857
1167,35.55500000000001,8.622200000000007,40.0
1168,35.685299999999984,8.205699999999993,48.57142857142857
1169,60.041300000000035,2.3290999999999826,57.14285714285714
1170,77.20779999999996,3.2593999999999994,65.71428571428571
1171,18.943399999999997,4.958299999999994,48.57142857142857
1172,69.6654,3.484800000000007,70.0
1173,80.87799999999999,2.6529000000000025,70.0
1174,53.737599999999986,3.5389000000000124,57.14285714285714
1175,56.12560000000002,3.7901999999999987,54.285714285714285
1176,49.99600000000001,4.680099999999996,58.57142857142858
1177,47.1815,3.180800000000005,50.0
1178,43.837500000000006,6.01639999999999,48.57142857142857
1179,37.9196,2.601399999999998,47.14285714285714
1180,73.76959999999997,4.215599999999995,64.28571428571429
1181,78.08399999999995,2.796599999999998,67.14285714285714
1182,44.89580000000001,3.91640000000001,54.285714285714285
1183,41.70930000000001,9.122299999999996,54.285714285714285
1184,54.456500000000005,4.097000000000008,54.285714285714285
1185,59.7989,3.5763000000000034,51.42857142857142
1186,39.185599999999994,8.3814,51.42857142857142
1187,55.90469999999999,8.322299999999984,55.714285714285715
1188,59.399100000000004,4.328400000000016,54.285714285714285
1189,67.71859999999998,4.0214,61.42857142857143
1190,83.56289999999996,1.9162999999999784,58.57142857142858
1191,57.739300000000014,5.373400000000004,51.42857142857142
1192,68.16839999999996,6.524000000000001,61.42857142857143
1193,30.30959999999999,6.197599999999994,47.14285714285714
1194,46.78909999999999,5.6357,48.57142857142857
1195,66.68699999999998,3.851699999999994,58.57142857142858
1196,52.86540000000002,3.923100000000005,45.714285714285715
1197,41.77810000000002,4.504199999999997,44.285714285714285
1198,51.151700000000005,7.098500000000001,51.42857142857142
1199,69.0974,6.314300000000003,65.71428571428571
1200,46.86070000000001,5.950800000000015,57.14285714285714
1201,63.483799999999974,3.602400000000003,54.285714285714285
1202,69.68950000000001,3.771500000000003,50.0
1203,72.87939999999998,1.4915000000000305,64.28571428571429
1204,47.38120000000001,2.862700000000004,50.0
1205,68.47970000000001,3.476600000000005,61.42857142857143
1206,41.3811,5.2464999999999975,54.285714285714285
1207,86.303,3.25030000000001,64.28571428571429
1208,67.1505,3.3508999999999958,47.14285714285714
1209,56.522999999999996,9.167900000000003,62.857142857142854
1210,56.633399999999995,3.872799999999998,57.14285714285714
1211,46.12759999999997,5.114900000000006,50.0
1212,46.997000000000014,6.588099999999997,55.714285714285715
1213,34.09730000000002,5.802400000000006,48.57142857142857
1214,28.13409999999999,5.631299999999996,44.285714285714285
1215,72.8877,3.3363999999999976,55.714285714285715
1216,65.81539999999995,4.1270999999999844,50.0
1217,46.822100000000006,4.0172000000000025,51.42857142857142
1218,50.744699999999995,2.8345999999999947,48.57142857142857
1219,78.89409999999998,5.103999999999985,58.57142857142858
1220,60.181700000000006,3.81219999999999,61.42857142857143
1221,58.669399999999996,3.8833000000000197,57.14285714285714
1222,84.98939999999999,3.7985999999999933,70.0
1223,53.2756,4.257200000000012,57.14285714285714
1224,94.53139999999996,1.738900000000001,70.0
1225,60.238,3.4170000000000016,54.285714285714285
1226,88.26569999999998,2.2421999999999684,67.14285714285714
1227,92.31439999999998,2.3401000000000067,75.71428571428571
1228,56.5668,4.100899999999996,60.0
1229,53.623699999999985,5.171399999999991,55.714285714285715
1230,61.1199,2.5285999999999973,55.714285714285715
1231,89.3632,3.863500000000002,65.71428571428571
1232,41.1695,2.8763000000000005,54.285714285714285
1233,74.8999,3.566200000000009,57.14285714285714
1234,54.78489999999999,3.2117000000000075,57.14285714285714
1235,58.79510000000005,4.752499999999998,51.42857142857142
1236,50.38730000000001,4.291399999999996,58.57142857142858
1237,77.18629999999999,2.3721000000000174,64.28571428571429
1238,47.00909999999999,4.612300000000005,50.0
1239,59.43860000000001,4.059799999999967,57.14285714285714
1240,46.005600000000015,6.322599999999994,51.42857142857142
1241,38.2423,5.782699999999991,51.42857142857142
1242,30.928500000000014,3.941200000000009,48.57142857142857
1243,38.0864,7.1813999999999965,57.14285714285714
1244,36.41669999999999,4.665999999999997,50.0
1245,45.57769999999999,4.976300000000009,54.285714285714285
1246,71.65530000000001,2.90979999999999,57.14285714285714
1247,38.26420000000002,5.698700000000002,40.0
1248,53.1506,8.229199999999992,58.57142857142858
1249,58.201899999999995,6.514700000000005,50.0
1250,75.86169999999998,5.406800000000004,58.57142857142858
1251,61.446800000000025,7.116800000000012,61.42857142857143
1252,60.542699999999996,3.981099999999998,52.85714285714286
1253,41.22239999999999,3.981100000000012,60.0
1254,60.470500000000015,3.164199999999994,60.0
1255,39.057799999999986,4.616899999999987,51.42857142857142
1256,49.459299999999985,8.641900000000007,54.285714285714285
1257,54.01169999999999,3.2848999999999933,55.714285714285715
1258,77.54669999999999,4.727800000000002,52.85714285714286
1259,61.12639999999999,6.8857,54.285714285714285
1260,40.7902,4.765900000000002,48.57142857142857
1261,42.178200000000004,3.852799999999988,47.14285714285714
1262,64.14569999999998,4.273699999999991,61.42857142857143
1263,70.06590000000003,5.259299999999996,61.42857142857143
1264,67.87299999999999,7.031499999999994,52.85714285714286
1265,66.07049999999998,3.0666999999999973,60.0
1266,38.230800000000016,4.166499999999999,48.57142857142857
1267,63.4991,10.240700000000004,57.14285714285714
1268,61.283000000000015,4.374600000000015,60.0
1269,59.40199999999999,6.135199999999969,60.0
1270,51.88379999999998,5.4783999999999935,52.85714285714286
1271,51.031600000000026,4.598600000000005,47.14285714285714
1272,49.4179,3.832100000000011,54.285714285714285
1273,31.001499999999993,7.919300000000007,42.857142857142854
1274,56.06999999999999,4.18780000000001,57.14285714285714
1275,75.81039999999996,3.569999999999993,62.857142857142854
1276,34.70779999999999,6.2039999999999935,50.0
1277,61.6148,2.7579000000000065,62.857142857142854
1278,54.23779999999999,4.877399999999994,51.42857142857142
1279,71.09800000000001,3.656000000000006,52.85714285714286
1280,52.35899999999998,4.850999999999999,52.85714285714286
1281,53.2723,5.617599999999996,52.85714285714286
1282,49.47090000000003,7.708299999999994,44.285714285714285
1283,42.1601,4.1074999999999875,52.85714285714286
1284,78.58700000000002,4.833200000000005,62.857142857142854
1285,61.0369,5.4839000000000055,57.14285714285714
1286,72.62719999999999,3.9107999999999947,55.714285714285715
1287,73.02420000000001,2.5834000000000117,62.857142857142854
1288,45.10980000000001,5.427399999999992,50.0
1289,39.41420000000002,6.4101,45.714285714285715
1290,51.3809,3.8518000000000114,48.57142857142857
1291,50.64439999999999,9.555700000000002,54.285714285714285
1292,60.25120000000001,3.5204999999999984,52.85714285714286
1293,45.83080000000001,3.7216999999999985,54.285714285714285
1294,58.52109999999999,3.6269000000000062,58.57142857142858
1295,39.1936,5.655200000000008,51.42857142857142
1296,64.1276,3.3839000000000112,60.0
1297,59.2518,2.889899999999983,57.14285714285714
1298,58.92460000000003,3.3588000000000022,58.57142857142858
1299,47.194800000000015,4.0116999999999905,47.14285714285714
1300,47.26740000000001,5.005899999999997,47.14285714285714
1301,57.872900000000016,2.950099999999992,55.714285714285715
1302,54.6344,8.750200000000007,55.714285714285715
1303,48.82990000000001,8.587400000000002,54.285714285714285
1304,63.27430000000001,2.716099999999983,48.57142857142857
1305,39.80189999999999,7.697099999999992,57.14285714285714
1306,45.54220000000004,9.063299999999998,44.285714285714285
1307,61.62179999999998,3.740700000000004,55.714285714285715
1308,57.13299999999998,5.940000000000026,51.42857142857142
1309,46.404000000000025,4.546299999999988,52.85714285714286
1310,62.185599999999994,5.884800000000013,58.57142857142858
1311,51.90129999999999,4.098700000000008,51.42857142857142
1312,65.9733,2.7986999999999824,60.0
1313,52.49290000000002,3.8807999999999936,58.57142857142858
1314,55.694199999999995,6.379299999999972,60.0
1315,49.44720000000001,4.265899999999988,55.714285714285715
1316,67.6328,3.911800000000028,57.14285714285714
1317,45.36170000000001,4.12469999999999,44.285714285714285
1318,45.060100000000006,4.2420999999999935,45.714285714285715
1319,67.01710000000003,4.215599999999995,61.42857142857143
1320,50.8304,4.939900000000009,51.42857142857142
1321,69.43509999999998,3.6200000000000045,54.285714285714285
1322,46.082899999999995,4.862799999999993,48.57142857142857
1323,71.6114,2.5386000000000024,55.714285714285715
1324,39.0737,3.5401999999999987,47.14285714285714
1325,51.39570000000003,4.467099999999988,51.42857142857142
1326,67.50310000000002,3.981099999999998,57.14285714285714
1327,57.23740000000004,2.94489999999999,55.714285714285715
1328,52.643399999999986,5.512900000000002,54.285714285714285
1329,84.7575,3.1228000000000122,65.71428571428571
1330,49.40359999999998,3.7911,51.42857142857142
1331,67.0582,1.894200000000012,70.0
1332,25.6152,6.384,45.714285714285715
1333,58.35730000000001,4.489000000000004,54.285714285714285
1334,71.95469999999997,3.577900000000028,55.714285714285715
1335,73.52289999999999,3.6500000000000057,62.857142857142854
1336,52.97800000000001,5.022299999999987,51.42857142857142
1337,51.08190000000002,4.565399999999983,47.14285714285714
1338,57.6174,3.3477000000000032,54.285714285714285
1339,38.2483,5.727899999999991,58.57142857142858
1340,69.73919999999998,3.4758999999999958,60.0
1341,56.710800000000006,5.81280000000001,54.285714285714285
1342,70.363,3.4765999999999906,57.14285714285714
1343,56.33349999999999,2.939000000000007,57.14285714285714
1344,65.08940000000001,2.3840999999999894,67.14285714285714
1345,40.183099999999996,8.0047,50.0
1346,59.99379999999999,3.3012000000000086,58.57142857142858
1347,64.0077,7.3888999999999925,54.285714285714285
1348,53.95489999999998,3.095600000000019,58.57142857142858
1349,34.86840000000001,3.297399999999996,55.714285714285715
1350,52.8929,2.1496000000000066,57.14285714285714
1351,47.4083,4.122399999999999,51.42857142857142
1352,41.64850000000001,7.943100000000001,48.57142857142857
1353,33.73570000000001,6.186899999999994,50.0
1354,69.43070000000003,3.032499999999999,55.714285714285715
1355,72.63560000000001,3.7727000000000146,55.714285714285715
1356,55.023499999999984,3.142600000000016,51.42857142857142
1357,51.71870000000001,6.354799999999983,52.85714285714286
1358,44.7679,4.478800000000007,55.714285714285715
1359,77.84159999999997,4.706799999999987,61.42857142857143
1360,55.2654,2.529200000000003,61.42857142857143
1361,49.1644,4.5937000000000126,50.0
1362,54.38759999999999,3.0781000000000063,58.57142857142858
1363,81.10039999999995,4.691499999999991,58.57142857142858
1364,61.327,2.9565000000000055,54.285714285714285
1365,58.219100000000026,4.8208000000000055,57.14285714285714
1366,44.7552,5.503399999999999,54.285714285714285
1367,76.3304,2.719100000000026,62.857142857142854
1368,57.3621,3.6199000000000012,55.714285714285715
1369,63.331699999999984,4.125100000000003,57.14285714285714
1370,60.44190000000003,3.1074999999999875,51.42857142857142
1371,40.15210000000002,3.9069999999999965,47.14285714285714
1372,64.34989999999999,3.5611999999999995,54.285714285714285
1373,91.34150000000002,2.5383999999999958,67.14285714285714
1374,78.5283,4.918900000000008,58.57142857142858
1375,53.11500000000001,4.634399999999999,54.285714285714285
1376,56.09309999999999,4.117900000000006,54.285714285714285
1377,81.44990000000001,5.954499999999996,60.0
1378,49.634799999999984,6.581300000000013,54.285714285714285
1379,44.61100000000002,4.350700000000003,50.0
1380,52.42780000000002,4.198700000000002,47.14285714285714
1381,65.52350000000001,2.5242000000000075,61.42857142857143
1382,53.83949999999999,7.819099999999992,57.14285714285714
1383,64.11520000000002,2.3401000000000067,58.57142857142858
1384,88.30299999999994,9.272300000000001,61.42857142857143
1385,72.04939999999999,5.273500000000013,58.57142857142858
1386,22.1481,10.317200000000014,45.714285714285715
1387,34.75970000000001,3.59729999999999,45.714285714285715
1388,62.79939999999999,4.484400000000008,64.28571428571429
1389,73.07339999999999,3.8836000000000013,54.285714285714285
1390,56.16320000000002,5.490800000000007,52.85714285714286
1391,54.58590000000001,4.276899999999998,62.857142857142854
1392,76.4452,2.646899999999988,55.714285714285715
1393,43.10319999999999,6.588499999999996,52.85714285714286
1394,59.7576,2.345100000000002,52.85714285714286
1395,30.84480000000002,4.888600000000011,42.857142857142854
1396,25.434200000000004,5.6888000000000005,44.285714285714285
1397,16.25630000000001,4.226100000000002,41.42857142857143
1398,59.412199999999984,3.8297999999999917,64.28571428571429
1399,44.1429,3.832099999999997,52.85714285714286
1400,57.0787,3.9354000000000156,58.57142857142858
1401,64.56859999999998,2.9194999999999993,64.28571428571429
1402,66.5344,3.676700000000011,57.14285714285714
1403,38.74599999999998,3.921200000000013,55.714285714285715
1404,57.18469999999999,3.6865999999999985,58.57142857142858
1405,51.84220000000002,3.2502000000000066,54.285714285714285
1406,60.50680000000003,4.629899999999992,52.85714285714286
1407,48.40299999999999,5.264700000000005,51.42857142857142
1408,44.57140000000001,8.726400000000012,51.42857142857142
1409,50.52380000000002,4.215599999999995,52.85714285714286
1410,53.75320000000002,3.711500000000001,58.57142857142858
1411,45.028999999999996,4.778400000000005,55.714285714285715
1412,35.0591,11.592300000000009,40.0
1413,50.8724,3.9406000000000034,52.85714285714286
1414,65.28210000000001,3.0666999999999973,51.42857142857142
1415,46.20760000000001,4.471000000000004,54.285714285714285
1416,67.12330000000003,4.0120000000000005,55.714285714285715
1417,73.17660000000001,3.1550999999999902,60.0
1418,77.39429999999999,2.607599999999991,64.28571428571429
1419,67.01249999999999,5.26479999999998,60.0
1420,53.24180000000001,4.305700000000002,50.0
1421,61.872000000000014,4.056999999999988,57.14285714285714
1422,74.9223,3.676400000000001,58.57142857142858
1423,47.316400000000016,5.6743999999999915,50.0
1424,52.655699999999996,11.098600000000005,54.285714285714285
1425,65.22710000000001,2.3678000000000026,57.14285714285714
1426,59.4426,6.162900000000008,55.714285714285715
1427,32.22490000000002,9.174800000000005,51.42857142857142
1428,48.20690000000002,5.255099999999985,50.0
1429,32.36869999999999,4.8333999999999975,45.714285714285715
1430,49.92500000000001,8.219999999999999,55.714285714285715
1431,41.9804,7.17880000000001,48.57142857142857
1432,67.7834,2.987700000000004,58.57142857142858
1433,58.0951,5.652300000000025,54.285714285714285
1434,55.856400000000036,4.4158999999999935,50.0
1435,47.687599999999975,4.756600000000006,48.57142857142857
1436,71.54739999999998,2.451499999999996,58.57142857142858
1437,60.2595,3.094300000000004,58.57142857142858
1438,64.12049999999999,2.6529000000000025,65.71428571428571
1439,35.0643,9.026399999999995,45.714285714285715
1440,28.016099999999994,4.066099999999992,44.285714285714285
1441,63.95700000000002,7.080399999999997,51.42857142857142
1442,72.58569999999997,4.441500000000005,64.28571428571429
1443,59.9212,5.442700000000002,52.85714285714286
1444,49.88650000000001,7.261800000000008,54.285714285714285
1445,52.894499999999994,4.895699999999977,60.0
1446,47.51589999999999,5.61760000000001,51.42857142857142
1447,73.86949999999996,1.9010999999999854,64.28571428571429
1448,80.5745,2.9629000000000048,71.42857142857143
1449,52.592299999999994,5.025999999999996,54.285714285714285
1450,73.03619999999998,3.342500000000001,61.42857142857143
1451,60.26990000000001,3.552899999999994,55.714285714285715
1452,55.656600000000026,5.3023000000000025,60.0
1453,62.9649,2.242199999999997,58.57142857142858
1454,67.66289999999998,2.5956999999999937,58.57142857142858
1455,54.01349999999999,4.215599999999995,51.42857142857142
1456,38.739599999999996,8.318600000000004,54.285714285714285
1457,49.02429999999998,2.039900000000003,60.0
1458,74.62199999999999,4.272400000000005,60.0
1459,62.3751,3.1910999999999916,61.42857142857143
1460,57.71290000000002,3.5049999999999955,58.57142857142858
1461,79.66730000000001,4.8386,61.42857142857143
1462,86.16899999999998,2.7321000000000026,68.57142857142857
1463,47.43549999999999,4.650899999999993,58.57142857142858
1464,49.7201,4.371099999999984,52.85714285714286
1465,62.16539999999998,2.954800000000006,61.42857142857143
1466,59.55629999999999,5.098299999999995,52.85714285714286
1467,59.377700000000004,2.3614999999999924,58.57142857142858
1468,50.85820000000001,4.15749999999997,47.14285714285714
1469,55.65769999999998,3.538899999999998,57.14285714285714
1470,76.16459999999995,3.8634999999999877,60.0
1471,32.63120000000001,7.204499999999982,48.57142857142857
1472,54.75650000000002,4.680199999999985,58.57142857142858
1473,63.882799999999975,5.346499999999992,58.57142857142858
1474,52.934200000000004,6.085099999999997,55.714285714285715
1475,52.5668,2.699399999999997,51.42857142857142
1476,54.635999999999996,4.302499999999981,52.85714285714286
1477,44.991600000000005,3.1722000000000037,55.714285714285715
1478,59.89499999999998,2.7073000000000036,58.57142857142858
1479,60.101500000000016,4.933399999999992,54.285714285714285
1480,96.17340000000002,2.242199999999997,68.57142857142857
1481,43.088900000000024,5.88539999999999,41.42857142857143
1482,64.34160000000003,2.2422000000000253,58.57142857142858
1483,66.33769999999998,2.7091000000000065,61.42857142857143
1484,17.26379999999999,10.132099999999994,40.0
1485,46.1944,4.653999999999996,57.14285714285714
1486,45.85020000000003,3.5627999999999957,54.285714285714285
1487,77.31720000000001,6.594999999999999,62.857142857142854
1488,61.10650000000001,4.704999999999984,55.714285714285715
1489,51.24680000000001,5.798599999999993,55.714285714285715
1490,47.8767,5.141900000000007,48.57142857142857
1491,66.32239999999999,4.473899999999986,62.857142857142854
1492,49.42450000000002,4.049300000000002,55.714285714285715
1493,46.05199999999999,7.816299999999998,47.14285714285714
1494,48.781600000000026,3.6487999999999943,55.714285714285715
1495,51.94930000000002,3.663199999999989,47.14285714285714
1496,62.29449999999997,2.7817999999999756,57.14285714285714
1497,53.81559999999999,5.859700000000004,51.42857142857142
1498,88.44569999999999,3.032600000000002,68.57142857142857
1499,47.07740000000001,4.247500000000002,48.57142857142857
1500,59.923899999999975,4.3714999999999975,58.57142857142858
1501,45.825500000000005,2.944500000000005,45.714285714285715
1502,75.3829,3.050700000000006,55.714285714285715
1503,75.97149999999999,2.5960000000000036,64.28571428571429
1504,64.37439999999998,3.6485999999999876,61.42857142857143
1505,67.27279999999996,2.4291000000000054,58.57142857142858
1506,36.412600000000026,4.453499999999991,51.42857142857142
1507,64.13570000000001,6.3644999999999925,60.0
1508,44.82330000000002,4.0214,48.57142857142857
1509,37.4092,6.585099999999997,44.285714285714285
1510,63.916799999999995,6.451300000000018,57.14285714285714
1511,36.63650000000001,5.094700000000003,51.42857142857142
1512,73.54419999999999,3.7590000000000003,65.71428571428571
1513,65.27300000000002,5.766899999999993,50.0
1514,71.3897,2.4978000000000122,58.57142857142858
1515,69.40019999999998,2.242199999999997,62.857142857142854
1516,50.52050000000003,5.120200000000011,45.714285714285715
1517,45.816900000000004,9.129899999999992,51.42857142857142
1518,63.171899999999994,6.350899999999996,58.57142857142858
1519,55.016699999999986,2.950100000000006,58.57142857142858
1520,59.82679999999999,4.467399999999998,57.14285714285714
1521,29.823199999999986,9.828500000000005,42.857142857142854
1522,53.1644,8.4148,58.57142857142858
1523,70.1979,3.110900000000001,60.0
1524,82.80629999999996,5.013300000000015,67.14285714285714
1525,51.58349999999999,4.573800000000006,45.714285714285715
1526,33.83250000000001,5.796199999999999,47.14285714285714
1527,60.32419999999999,4.8330999999999875,54.285714285714285
1528,56.73770000000002,2.947099999999992,54.285714285714285
1529,47.89159999999998,3.525800000000004,52.85714285714286
1530,58.09789999999998,6.357599999999991,57.14285714285714
1531,57.99340000000001,3.4466999999999928,57.14285714285714
1532,58.64949999999999,4.292000000000002,62.857142857142854
1533,52.228200000000015,5.897499999999994,48.57142857142857
1534,35.844300000000004,8.138199999999998,41.42857142857143
1535,36.1156,5.521500000000003,48.57142857142857
1536,67.6816,3.790999999999997,57.14285714285714
1537,71.5446,4.0738999999999805,60.0
1538,88.142,2.3401000000000067,70.0
1539,65.6078,3.940899999999985,57.14285714285714
1540,47.59200000000001,4.304699999999997,54.285714285714285
1541,52.0129,4.107200000000006,51.42857142857142
1542,71.9853,2.8870000000000005,58.57142857142858
1543,50.528400000000005,4.406099999999995,51.42857142857142
1544,69.2038,5.850899999999996,58.57142857142858
1545,51.81960000000001,4.52770000000001,57.14285714285714
1546,58.436500000000024,4.079800000000006,54.285714285714285
1547,60.27629999999999,4.215599999999995,58.57142857142858
1548,65.90469999999999,4.350999999999999,57.14285714285714
1549,59.609200000000016,3.9390999999999963,58.57142857142858
1550,57.77680000000001,4.548400000000001,58.57142857142858
1551,63.73320000000001,2.648600000000016,57.14285714285714
1552,68.46120000000002,3.477300000000014,55.714285714285715
1553,42.6173,4.8692999999999955,58.57142857142858
1554,63.210200000000015,5.198400000000021,54.285714285714285
1555,57.3424,2.3401000000000067,64.28571428571429
1556,26.77510000000001,5.931999999999988,44.285714285714285
1557,55.39009999999999,6.365199999999987,51.42857142857142
1558,67.8209,3.11839999999998,60.0
1559,62.278699999999986,3.5568000000000097,55.714285714285715
1560,68.27880000000005,3.7042999999999893,50.0
1561,53.511799999999994,3.8211999999999904,51.42857142857142
1562,51.69799999999998,6.332999999999998,50.0
1563,43.836900000000014,4.487099999999998,54.285714285714285
1564,20.85160000000002,5.186899999999994,44.285714285714285
1565,52.17409999999998,8.2868,47.14285714285714
1566,43.26650000000001,8.885000000000005,48.57142857142857
1567,43.03199999999998,6.403500000000008,55.714285714285715
1568,38.18020000000001,6.57559999999998,54.285714285714285
1569,56.01259999999999,2.831099999999992,57.14285714285714
1570,61.09619999999998,4.991,55.714285714285715
1571,56.6884,2.5263999999999953,54.285714285714285
1572,39.31360000000001,2.4258000000000095,45.714285714285715
1573,35.1172,3.863500000000002,52.85714285714286
1574,83.89159999999998,2.466000000000008,62.857142857142854
1575,65.4298,4.163700000000006,58.57142857142858
1576,32.34739999999999,5.192300000000003,47.14285714285714
1577,31.9092,9.396900000000002,44.285714285714285
1578,51.605199999999996,3.448500000000024,55.714285714285715
1579,74.73169999999999,5.21550000000002,61.42857142857143
1580,55.09710000000001,3.8813999999999993,52.85714285714286
1581,65.68079999999998,4.395399999999995,57.14285714285714
1582,57.66410000000002,2.2931999999999846,51.42857142857142
1583,64.12880000000001,2.6381999999999977,57.14285714285714
1584,61.484999999999985,3.6258000000000123,51.42857142857142
1585,47.21719999999999,4.932099999999991,48.57142857142857
1586,68.58829999999995,7.381399999999985,58.57142857142858
1587,67.8632,3.754199999999969,51.42857142857142
1588,77.1831,3.3795000000000073,62.857142857142854
1589,54.828299999999984,5.946100000000001,52.85714285714286
1590,47.32760000000002,5.115499999999997,55.714285714285715
1591,36.88229999999999,4.2958,51.42857142857142
1592,68.94,2.7738999999999976,58.57142857142858
1593,69.50679999999997,2.5833999999999833,61.42857142857143
1594,37.31389999999999,4.4191,48.57142857142857
1595,62.826599999999985,4.078400000000002,64.28571428571429
1596,48.03,4.6458999999999975,54.285714285714285
1597,75.09219999999999,3.569999999999993,54.285714285714285
1598,68.75569999999999,5.217399999999998,64.28571428571429
1599,47.661100000000005,6.028199999999998,50.0
1600,64.53689999999997,4.487099999999998,64.28571428571429
1601,60.640600000000006,4.277300000000025,57.14285714285714
1602,53.899100000000004,5.543399999999991,60.0
1603,39.40379999999999,9.50869999999999,47.14285714285714
1604,61.79839999999999,4.681000000000012,55.714285714285715
1605,39.3869,6.793599999999998,45.714285714285715
1606,37.39750000000001,6.376299999999986,48.57142857142857
1607,62.44290000000001,5.3711999999999875,57.14285714285714
1608,52.2141,4.808499999999981,55.714285714285715
1609,30.86160000000001,7.966799999999992,48.57142857142857
1610,28.021000000000015,6.262900000000002,48.57142857142857
1611,50.921400000000006,4.4839000000000055,45.714285714285715
1612,67.99329999999998,4.3219999999999885,58.57142857142858
1613,55.94350000000003,4.716200000000001,54.285714285714285
1614,42.131399999999985,3.4712000000000103,60.0
1615,48.54679999999999,3.2087999999999965,58.57142857142858
1616,91.43639999999999,4.876900000000006,60.0
1617,82.32129999999998,2.3400999999999925,64.28571428571429
1618,54.26999999999998,7.4805999999999955,51.42857142857142
1619,44.34440000000001,7.3866999999999905,47.14285714285714
1620,63.0763,2.3401000000000067,61.42857142857143
1621,54.2773,5.353400000000008,54.285714285714285
1622,86.07220000000001,2.063299999999998,68.57142857142857
1623,61.768,3.9665999999999997,60.0
1624,61.504400000000004,5.428699999999992,58.57142857142858
1625,53.26869999999997,4.7269000000000005,52.85714285714286
1626,41.52019999999999,4.3289999999999935,50.0
1627,56.919100000000014,4.195199999999971,60.0
1628,53.774699999999996,2.3400999999999783,52.85714285714286
1629,51.07039999999998,3.8867000000000047,55.714285714285715
1630,29.241800000000012,7.9054,52.85714285714286
1631,55.07160000000002,4.196799999999996,55.714285714285715
1632,50.1378,6.162700000000001,54.285714285714285
1633,42.56639999999999,7.065199999999976,58.57142857142858
1634,63.9752,4.433099999999996,55.714285714285715
1635,68.63659999999999,3.349899999999991,64.28571428571429
1636,57.435299999999984,4.229000000000013,57.14285714285714
1637,37.44370000000001,5.739699999999999,55.714285714285715
1638,56.3724,4.4299000000000035,54.285714285714285
1639,97.66849999999994,4.079000000000008,72.85714285714285
1640,55.09729999999999,3.679099999999977,57.14285714285714
1641,52.24399999999997,7.2509000000000015,52.85714285714286
1642,84.5779,2.4695000000000107,64.28571428571429
1643,20.966700000000003,8.179000000000002,37.142857142857146
1644,63.123099999999994,5.6270000000000095,60.0
1645,79.15029999999999,4.532900000000012,60.0
1646,48.45240000000001,5.991799999999984,48.57142857142857
1647,49.609999999999985,3.4761999999999773,57.14285714285714
1648,54.377200000000016,4.653399999999976,58.57142857142858
1649,63.10840000000002,6.331499999999991,55.714285714285715
1650,63.546400000000006,1.9945000000000164,61.42857142857143
1651,82.46089999999998,2.983300000000014,62.857142857142854
1652,48.56990000000002,4.210200000000015,48.57142857142857
1653,53.27620000000002,4.4506999999999834,55.714285714285715
1654,91.62049999999999,3.0932999999999993,65.71428571428571
1655,42.7098,3.8686000000000007,52.85714285714286
1656,54.83760000000001,2.9073000000000064,55.714285714285715
1657,39.21289999999999,7.0778000000000105,50.0
1658,38.497600000000006,4.8822999999999865,45.714285714285715
1659,68.41579999999999,2.040999999999997,61.42857142857143
1660,29.943300000000022,3.8340999999999923,48.57142857142857
1661,55.48920000000001,5.9101,58.57142857142858
1662,54.607500000000016,4.739999999999995,52.85714285714286
1663,51.20089999999999,5.4424999999999955,57.14285714285714
1664,72.6035,4.228000000000009,61.42857142857143
1665,91.82639999999998,2.7332000000000107,60.0
1666,46.176799999999986,4.619799999999998,52.85714285714286
1667,38.65719999999999,2.5242000000000075,50.0
1668,58.92059999999998,6.471800000000002,52.85714285714286
1669,85.97979999999998,2.1055000000000064,61.42857142857143
1670,28.345200000000006,3.9728000000000065,41.42857142857143
1671,43.16420000000002,4.1662000000000035,42.857142857142854
1672,40.08760000000001,4.586800000000011,52.85714285714286
1673,62.15379999999999,4.266500000000008,64.28571428571429
1674,36.86279999999999,4.6126000000000005,48.57142857142857
1675,44.56569999999999,5.131499999999988,54.285714285714285
1676,49.572599999999994,4.071100000000001,55.714285714285715
1677,50.7465,4.276600000000002,57.14285714285714
1678,76.73169999999999,2.5383999999999958,55.714285714285715
1679,42.5463,5.734499999999997,54.285714285714285
1680,64.37529999999998,3.1962000000000046,54.285714285714285
1681,40.580299999999994,4.592799999999997,54.285714285714285
1682,55.122600000000034,3.472300000000004,52.85714285714286
1683,32.4477,3.712299999999999,51.42857142857142
1684,56.149400000000014,5.274600000000007,55.714285714285715
1685,70.0727,3.740700000000004,54.285714285714285
1686,47.63459999999998,5.901100000000014,60.0
1687,23.2941,5.808599999999998,44.285714285714285
1688,40.553799999999995,3.271800000000013,42.857142857142854
1689,67.60379999999998,5.095700000000022,58.57142857142858
1690,62.49289999999999,4.2579000000000065,61.42857142857143
1691,65.09249999999997,3.0137,58.57142857142858
1692,45.354299999999995,6.369399999999999,52.85714285714286
1693,49.854299999999995,3.248199999999997,61.42857142857143
1694,33.58499999999998,4.203299999999999,47.14285714285714
1695,56.80850000000001,2.7404999999999973,64.28571428571429
1696,58.24189999999999,2.513500000000022,61.42857142857143
1697,52.471599999999995,4.313499999999991,52.85714285714286
1698,71.05019999999999,7.149500000000003,61.42857142857143
1699,51.28960000000001,4.458400000000012,58.57142857142858
1700,51.7559,3.61399999999999,54.285714285714285
1701,78.47469999999998,2.579800000000006,62.857142857142854
1702,60.487300000000005,4.953699999999998,50.0
1703,49.5702,6.34729999999999,54.285714285714285
1704,50.33960000000002,5.685400000000001,51.42857142857142
1705,64.76889999999997,4.961400000000026,60.0
1706,64.3911,3.6644999999999897,60.0
1707,50.226800000000026,6.059799999999996,52.85714285714286
1708,79.46129999999997,3.2926000000000215,60.0
1709,45.70509999999999,4.3980999999999995,58.57142857142858
1710,50.34649999999999,4.843399999999974,54.285714285714285
1711,59.7929,4.381799999999998,55.714285714285715
1712,56.0009,3.3310000000000173,51.42857142857142
1713,49.504699999999985,5.1226999999999805,54.285714285714285
1714,55.84530000000001,3.4099000000000217,52.85714285714286
1715,61.184000000000026,4.179999999999993,51.42857142857142
1716,46.4418,3.6017999999999972,51.42857142857142
1717,60.485600000000005,3.145700000000005,60.0
1718,39.337199999999996,7.564999999999998,48.57142857142857
1719,75.70290000000003,2.9561999999999955,65.71428571428571
1720,58.08670000000001,3.9502000000000095,52.85714285714286
1721,52.092900000000014,4.775300000000016,51.42857142857142
1722,49.53309999999999,6.001800000000003,54.285714285714285
1723,75.54569999999998,2.8956000000000017,61.42857142857143
1724,45.002700000000004,5.764499999999998,61.42857142857143
1725,47.359700000000004,5.126199999999997,52.85714285714286
1726,73.0452,4.927800000000005,60.0
1727,71.92750000000001,3.3442000000000007,55.714285714285715
1728,51.19350000000003,3.3806000000000154,55.714285714285715
1729,49.058899999999994,4.0672,45.714285714285715
1730,62.996700000000004,4.415900000000008,55.714285714285715
1731,27.52300000000001,6.644899999999993,51.42857142857142
1732,67.82770000000002,3.3011999999999944,60.0
1733,70.5882,3.8178999999999945,57.14285714285714
1734,67.85070000000002,3.13239999999999,57.14285714285714
1735,63.84650000000002,2.7445999999999913,60.0
1736,77.24520000000001,5.58359999999999,65.71428571428571
1737,38.7422,6.404300000000006,54.285714285714285
1738,74.39709999999997,3.8155000000000143,65.71428571428571
1739,74.31980000000001,3.1735999999999933,55.714285714285715
1740,47.035799999999995,4.903800000000018,48.57142857142857
1741,62.21610000000001,2.4206999999999965,57.14285714285714
1742,67.43939999999998,3.032499999999999,64.28571428571429
1743,66.34960000000001,2.432900000000018,58.57142857142858
1744,49.6215,3.613900000000001,58.57142857142858
1745,59.24550000000002,4.441500000000019,55.714285714285715
1746,22.069999999999993,6.892099999999985,38.57142857142858
1747,45.71500000000003,2.8514000000000124,47.14285714285714
1748,71.6954,3.544399999999996,61.42857142857143
1749,65.09370000000001,2.3400999999999783,62.857142857142854
1750,63.04950000000002,4.4687999999999874,55.714285714285715
1751,62.14359999999999,4.078999999999979,57.14285714285714
1752,63.42750000000004,4.3463999999999885,62.857142857142854
1753,57.42739999999998,3.0938999999999908,61.42857142857143
1754,57.2449,4.70829999999998,52.85714285714286
1755,40.62819999999999,2.886800000000008,48.57142857142857
1756,61.716199999999986,4.666300000000007,58.57142857142858
1757,52.0009,4.2834,58.57142857142858
1758,48.47910000000002,6.286000000000001,47.14285714285714
1759,53.4436,6.468199999999996,60.0
1760,45.05680000000001,3.6077999999999975,55.714285714285715
1761,46.778400000000005,5.361199999999997,52.85714285714286
1762,61.2509,3.8316000000000088,55.714285714285715
1763,51.81960000000001,7.544099999999986,54.285714285714285
1764,48.401700000000005,4.721900000000005,57.14285714285714
1765,63.52540000000002,4.2346,60.0
1766,69.1866,3.787700000000001,61.42857142857143
1767,58.06270000000001,3.201899999999995,64.28571428571429
1768,70.7287,6.255099999999999,60.0
1769,30.180300000000017,5.196700000000007,50.0
1770,81.50639999999999,3.126199999999997,62.857142857142854
1771,51.5316,6.033699999999996,55.714285714285715
1772,61.106300000000005,3.088400000000007,61.42857142857143
1773,62.90289999999999,4.717500000000001,60.0
1774,68.2963,3.594699999999989,57.14285714285714
1775,54.93860000000001,6.435000000000002,55.714285714285715
1776,43.9607,5.738100000000003,47.14285714285714
1777,47.08349999999999,5.3936999999999955,52.85714285714286
1778,81.50559999999999,3.5123999999999995,54.285714285714285
1779,57.66659999999999,3.8991000000000327,57.14285714285714
1780,49.546400000000006,3.687100000000001,55.714285714285715
1781,55.95209999999997,5.203399999999988,60.0
1782,45.79139999999998,4.396000000000001,52.85714285714286
1783,48.678,3.9107999999999947,50.0
1784,72.38319999999996,4.822499999999991,61.42857142857143
1785,59.245000000000005,4.116899999999987,55.714285714285715
1786,56.36610000000002,2.8422999999999945,51.42857142857142
1787,65.5214,4.582300000000004,55.714285714285715
1788,70.54039999999998,3.712299999999999,65.71428571428571
1789,53.06420000000003,3.890500000000003,52.85714285714286
1790,53.99089999999998,4.63330000000002,54.285714285714285
1791,65.0255,3.9051999999999936,60.0
1792,48.507000000000005,3.956999999999965,48.57142857142857
1793,50.46209999999999,2.7073000000000036,55.714285714285715
1794,33.585499999999996,5.062399999999997,45.714285714285715
1795,64.8572,4.726799999999997,52.85714285714286
1796,74.09190000000001,2.4406999999999925,61.42857142857143
1797,30.8271,3.436300000000003,45.714285714285715
1798,58.2115,3.2876999999999867,57.14285714285714
1799,57.893099999999976,3.959399999999988,57.14285714285714
1800,64.2833,6.848600000000005,61.42857142857143
1801,58.73779999999999,3.712299999999999,62.857142857142854
1802,49.37359999999998,4.660499999999999,60.0
1803,60.7158,3.13239999999999,55.714285714285715
1804,58.57679999999999,5.11099999999999,52.85714285714286
1805,69.03989999999999,4.484399999999994,64.28571428571429
1806,68.15010000000001,1.9972999999999956,58.57142857142858
1807,48.7115,2.348300000000009,54.285714285714285
1808,38.0359,6.642899999999997,48.57142857142857
1809,87.66649999999998,5.681900000000013,61.42857142857143
1810,54.782100000000014,4.092199999999991,52.85714285714286
1811,61.38849999999999,3.136099999999999,55.714285714285715
1812,55.872799999999984,6.1769999999999925,50.0
1813,33.550700000000006,5.072800000000001,51.42857142857142
1814,78.66320000000002,3.5649999999999977,67.14285714285714
1815,48.48950000000002,3.4084000000000145,52.85714285714286
1816,51.30959999999999,2.6464,58.57142857142858
1817,57.61450000000002,6.011899999999997,48.57142857142857
1818,74.93189999999998,3.3566000000000145,62.857142857142854
1819,67.33539999999999,6.429699999999968,57.14285714285714
1820,61.023799999999994,4.335399999999993,61.42857142857143
1821,59.97200000000004,4.923500000000004,58.57142857142858
1822,50.81540000000001,3.1108999999999867,58.57142857142858
1823,41.4247,5.749599999999987,52.85714285714286
1824,47.28620000000001,5.990700000000004,48.57142857142857
1825,44.1927,8.935399999999987,50.0
1826,49.185900000000004,6.126800000000003,54.285714285714285
1827,49.843699999999984,3.0667000000000115,54.285714285714285
1828,51.19730000000001,3.126199999999997,50.0
1829,48.8544,5.203000000000003,51.42857142857142
1830,58.93339999999998,2.35420000000002,52.85714285714286
1831,65.02229999999997,2.5956999999999937,58.57142857142858
1832,31.094099999999997,6.944599999999994,45.714285714285715
1833,58.41460000000001,3.3526999999999987,58.57142857142858
1834,80.16429999999997,2.529200000000003,67.14285714285714
1835,57.61810000000003,4.487800000000007,54.285714285714285
1836,29.059799999999996,9.527800000000013,44.285714285714285
1837,51.51830000000001,4.691900000000004,52.85714285714286
1838,42.98410000000001,7.616299999999995,55.714285714285715
1839,56.79490000000001,3.922499999999985,57.14285714285714
1840,78.11849999999998,3.768499999999989,54.285714285714285
1841,64.73060000000001,3.7089,62.857142857142854
1842,46.887100000000004,5.351699999999994,48.57142857142857
1843,56.7672,2.340599999999995,57.14285714285714
1844,53.817800000000005,6.330100000000002,55.714285714285715
1845,54.443899999999985,7.517300000000006,58.57142857142858
1846,65.0377,2.3400999999999925,62.857142857142854
1847,65.60210000000001,3.753299999999996,55.714285714285715
1848,43.51570000000001,4.7029,52.85714285714286
1849,73.07409999999999,4.208399999999983,65.71428571428571
1850,35.191900000000004,4.84650000000002,45.714285714285715
1851,56.491600000000005,3.3339,55.714285714285715
1852,66.9255,2.3401000000000067,61.42857142857143
1853,64.10140000000001,4.788600000000002,57.14285714285714
1854,73.43549999999999,6.969699999999989,58.57142857142858
1855,67.39200000000002,6.161299999999997,61.42857142857143
1856,41.00030000000001,6.719699999999989,55.714285714285715
1857,55.38209999999998,4.149599999999992,52.85714285714286
1858,58.65969999999999,2.7874999999999943,55.714285714285715
1859,52.89359999999999,4.350899999999996,55.714285714285715
1860,41.1892,4.981200000000001,48.57142857142857
1861,52.156000000000006,3.9412999999999982,54.285714285714285
1862,65.922,4.823099999999997,61.42857142857143
1863,70.71170000000001,5.81580000000001,58.57142857142858
1864,36.59360000000001,6.582899999999995,40.0
1865,73.88699999999994,3.446799999999996,58.57142857142858
1866,62.02010000000001,3.901999999999987,60.0
1867,52.4888,3.243799999999993,60.0
1868,57.023600000000044,3.9810999999999694,61.42857142857143
1869,71.5575,5.364799999999988,57.14285714285714
1870,49.46040000000002,2.7073000000000036,52.85714285714286
1871,46.48939999999999,4.582799999999992,55.714285714285715
1872,59.269000000000005,3.032600000000002,61.42857142857143
1873,54.66469999999998,4.339799999999997,55.714285714285715
1874,64.75290000000001,2.4207999999999856,54.285714285714285
1875,29.871199999999988,4.962400000000002,45.714285714285715
1876,66.39319999999998,4.196200000000005,52.85714285714286
1877,65.40560000000005,4.765000000000001,52.85714285714286
1878,56.93979999999999,5.976600000000005,57.14285714285714
1879,48.25070000000002,3.667900000000003,54.285714285714285
1880,40.4213,6.167900000000003,47.14285714285714
1881,68.47089999999997,4.434799999999996,58.57142857142858
1882,72.4813,3.4218999999999937,60.0
1883,53.29230000000001,5.261099999999999,55.714285714285715
1884,46.517799999999994,3.8164000000000016,47.14285714285714
1885,51.91969999999998,6.008600000000001,52.85714285714286
1886,54.235600000000005,2.5386000000000024,58.57142857142858
1887,51.52350000000001,4.347700000000003,58.57142857142858
1888,37.4503,3.911199999999994,45.714285714285715
1889,52.010999999999996,2.3401000000000067,57.14285714285714
1890,73.3528,3.1580999999999904,60.0
1891,38.16829999999999,5.1477,57.14285714285714
1892,65.93310000000002,3.761100000000013,61.42857142857143
1893,65.34660000000002,1.8492999999999995,60.0
1894,59.79760000000002,4.374300000000005,55.714285714285715
1895,65.73390000000003,5.126999999999981,55.714285714285715
1896,59.572299999999984,5.3082999999999885,64.28571428571429
1897,60.26229999999998,8.641600000000011,58.57142857142858
1898,56.200500000000005,4.734099999999998,55.714285714285715
1899,70.28520000000003,2.348899999999986,58.57142857142858
1900,67.5053,5.964600000000004,57.14285714285714
1901,73.04599999999999,5.549000000000007,54.285714285714285
1902,23.906800000000004,8.089400000000012,40.0
1903,38.57909999999998,5.692000000000007,52.85714285714286
1904,44.78829999999999,4.3992000000000075,60.0
1905,52.857,6.685399999999987,54.285714285714285
1906,55.588300000000004,3.4772000000000105,57.14285714285714
1907,59.256399999999985,5.212099999999992,57.14285714285714
1908,62.116600000000005,7.647700000000015,64.28571428571429
1909,62.855199999999996,4.582299999999989,58.57142857142858
1910,47.809,9.5552,51.42857142857142
1911,48.20260000000002,3.923400000000001,54.285714285714285
1912,70.07249999999999,3.3429000000000144,62.857142857142854
1913,48.52160000000001,2.933499999999981,54.285714285714285
1914,43.677099999999996,4.662499999999994,54.285714285714285
1915,64.5743,2.652499999999989,61.42857142857143
1916,61.80830000000003,3.6562000000000126,62.857142857142854
1917,43.67260000000002,4.8256000000000085,48.57142857142857
1918,50.78360000000001,2.7383000000000095,51.42857142857142
1919,49.69550000000001,4.404500000000013,50.0
1920,63.96040000000002,5.507800000000032,60.0
1921,52.31280000000001,7.186300000000003,60.0
1922,38.44420000000002,12.138899999999992,47.14285714285714
1923,57.084700000000026,4.182699999999997,54.285714285714285
1924,43.074900000000014,7.8744000000000085,55.714285714285715
1925,47.10570000000001,4.200999999999993,50.0
1926,36.54910000000001,8.483400000000003,45.714285714285715
1927,43.87819999999999,7.652799999999999,54.285714285714285
1928,45.219899999999996,7.210300000000004,55.714285714285715
1929,70.36279999999996,5.137200000000007,60.0
1930,94.43889999999999,3.1503000000000014,67.14285714285714
1931,58.610000000000014,6.058700000000002,51.42857142857142
1932,65.9805,2.668999999999997,58.57142857142858
1933,85.82129999999995,5.542899999999975,65.71428571428571
1934,64.6012,2.311000000000007,54.285714285714285
1935,71.33949999999999,4.183800000000005,60.0
1936,51.54259999999999,3.287700000000001,54.285714285714285
1937,84.65110000000001,1.7383000000000095,61.42857142857143
1938,46.241799999999984,4.889200000000002,51.42857142857142
1939,66.3637,3.7387999999999977,60.0
1940,48.15629999999999,3.6214999999999975,58.57142857142858
1941,46.17859999999999,4.322999999999979,54.285714285714285
1942,40.74340000000001,7.393200000000007,50.0
1943,36.90029999999999,10.32050000000001,52.85714285714286
1944,68.06720000000001,7.476299999999981,58.57142857142858
1945,30.238,5.845999999999989,41.42857142857143
1946,63.54229999999998,3.822800000000001,58.57142857142858
1947,61.86579999999998,2.242200000000011,64.28571428571429
1948,74.91829999999999,5.088600000000014,61.42857142857143
1949,72.69460000000001,3.264700000000005,62.857142857142854
1950,77.07199999999997,3.034700000000001,67.14285714285714
1951,48.263300000000015,4.688699999999997,60.0
1952,80.28739999999999,3.761099999999999,65.71428571428571
1953,60.239599999999996,4.029899999999998,54.285714285714285
1954,55.79560000000001,6.7654,58.57142857142858
1955,67.0232,2.8421000000000163,61.42857142857143
1956,65.09210000000002,5.281199999999998,61.42857142857143
1957,49.027300000000025,4.565799999999967,61.42857142857143
1958,96.09329999999997,3.7650999999999897,68.57142857142857
1959,53.00200000000001,3.863700000000023,55.714285714285715
1960,68.08420000000001,3.8436000000000092,67.14285714285714
1961,33.31540000000001,4.710499999999996,47.14285714285714
1962,72.37369999999999,2.510799999999989,67.14285714285714
1963,76.49009999999998,3.7652999999999963,64.28571428571429
1964,45.4795,3.4724000000000075,51.42857142857142
1965,22.530100000000004,14.436599999999999,42.857142857142854
1966,40.435100000000006,4.266599999999997,50.0
1967,45.00970000000001,8.20689999999999,47.14285714285714
1968,81.60809999999998,3.6251000000000033,61.42857142857143
1969,70.9813,6.457800000000006,61.42857142857143
1970,84.6669,4.445600000000013,67.14285714285714
1971,55.47640000000001,3.757000000000005,58.57142857142858
1972,74.79740000000001,2.3401000000000067,64.28571428571429
1973,50.349199999999996,9.498599999999996,58.57142857142858
1974,68.29999999999998,2.4865000000000066,64.28571428571429
1975,38.488699999999994,4.0575000000000045,48.57142857142857
1976,48.16409999999999,4.849800000000002,52.85714285714286
1977,55.5839,2.9473000000000127,51.42857142857142
1978,67.67949999999999,2.433599999999984,57.14285714285714
1979,49.539199999999994,3.4004000000000048,50.0
1980,62.10810000000001,3.0800000000000125,52.85714285714286
1981,45.9537,6.907600000000002,58.57142857142858
1982,65.9477,3.1868999999999943,52.85714285714286
1983,62.40820000000002,3.317300000000003,58.57142857142858
1984,50.737899999999996,6.5190000000000055,52.85714285714286
1985,61.98369999999997,2.655600000000007,55.714285714285715
1986,76.32629999999997,3.9209999999999923,62.857142857142854
1987,38.733299999999986,6.036099999999976,51.42857142857142
1988,71.30949999999996,3.3327999999999918,61.42857142857143
1989,80.59989999999999,2.3401000000000067,67.14285714285714
1990,64.34699999999998,3.712299999999999,62.857142857142854
1991,46.4958,6.557299999999998,52.85714285714286
1992,65.81220000000002,3.4679999999999893,67.14285714285714
1993,36.12950000000001,5.581299999999999,50.0
1994,70.2921,5.8322,60.0
1995,52.56960000000001,3.741500000000002,57.14285714285714
1996,36.86850000000001,4.939099999999996,47.14285714285714
1997,57.75489999999999,4.385999999999996,57.14285714285714
1998,78.16750000000002,7.233000000000004,68.57142857142857
1999,64.05530000000002,3.7212999999999994,57.14285714285714
2000,86.7387,2.585499999999996,65.71428571428571
2001,66.42130000000003,2.4424999999999955,61.42857142857143
2002,40.04160000000002,3.454400000000021,45.714285714285715
2003,51.74970000000002,5.0634000000000015,50.0
2004,36.71039999999999,4.0789999999999935,47.14285714285714
2005,42.963300000000004,7.45920000000001,52.85714285714286
2006,59.3262,5.601599999999991,58.57142857142858
2007,72.51159999999999,4.6983000000000175,58.57142857142858
2008,61.39330000000001,3.323999999999998,58.57142857142858
2009,64.72649999999999,3.6674999999999898,58.57142857142858
2010,71.47749999999996,2.4407000000000068,58.57142857142858
2011,69.1157,4.078400000000016,60.0
2012,51.36419999999998,3.5722000000000094,54.285714285714285
2013,46.00139999999999,6.556999999999988,52.85714285714286
2014,48.13160000000002,5.581099999999992,52.85714285714286
2015,78.62669999999997,4.8866999999999905,67.14285714285714
2016,70.69990000000001,2.9530000000000314,60.0
2017,63.37790000000001,5.290699999999987,52.85714285714286
2018,43.42869999999999,5.8279,55.714285714285715
2019,58.50670000000002,4.63330000000002,55.714285714285715
2020,58.21720000000002,5.091000000000008,48.57142857142857
2021,47.024,6.247199999999992,48.57142857142857
2022,63.637699999999995,2.56280000000001,60.0
2023,59.91499999999999,3.8800999999999988,61.42857142857143
2024,63.5848,6.3309,58.57142857142858
2025,54.29240000000004,4.934799999999996,50.0
2026,65.99610000000001,4.587499999999977,64.28571428571429
2027,65.24720000000002,4.482200000000006,61.42857142857143
2028,58.871399999999994,2.2422000000000253,61.42857142857143
2029,54.790400000000005,6.956800000000001,52.85714285714286
2030,53.43209999999999,6.306500000000028,58.57142857142858
2031,22.0321,9.123400000000004,54.285714285714285
2032,65.24399999999997,3.994500000000002,60.0
2033,46.23969999999997,5.1910000000000025,50.0
2034,75.35210000000001,4.63209999999998,61.42857142857143
2035,57.988,3.253600000000006,55.714285714285715
2036,25.3553,5.566299999999998,41.42857142857143
2037,51.707300000000004,4.765899999999988,54.285714285714285
2038,38.0728,5.316599999999994,50.0
2039,56.164799999999985,2.242199999999997,57.14285714285714
2040,71.54489999999998,2.73899999999999,61.42857142857143
2041,65.17829999999998,2.3401000000000067,62.857142857142854
2042,42.895700000000005,4.521100000000004,52.85714285714286
2043,105.7166,2.3401000000000067,70.0
2044,59.46870000000001,2.831099999999992,55.714285714285715
2045,40.664799999999985,5.423199999999994,48.57142857142857
2046,46.676300000000026,3.761099999999999,47.14285714285714
2047,57.14080000000001,4.159300000000002,52.85714285714286
2048,60.26509999999999,3.66579999999999,58.57142857142858
2049,78.55459999999997,3.8581999999999965,67.14285714285714
2050,105.73209999999995,1.831700000000012,74.28571428571429
2051,62.47279999999998,2.7158000000000015,58.57142857142858
2052,66.0992,3.0831999999999766,55.714285714285715
2053,63.296899999999994,2.3401000000000067,61.42857142857143
2054,67.47469999999998,3.2948000000000093,65.71428571428571
2055,49.9444,6.1166999999999945,50.0
2056,72.98610000000002,3.3943999999999903,64.28571428571429
2057,51.43260000000001,4.078999999999979,55.714285714285715
2058,53.868300000000005,4.480199999999996,58.57142857142858
2059,43.42660000000001,5.346199999999996,45.714285714285715
2060,67.13239999999996,4.436400000000006,61.42857142857143
2061,76.06169999999997,4.971000000000004,58.57142857142858
2062,44.9136,9.083300000000008,54.285714285714285
2063,37.588600000000014,3.981099999999998,52.85714285714286
2064,45.56229999999999,3.4702999999999946,54.285714285714285
2065,48.82929999999999,9.0899,55.714285714285715
2066,85.4878,3.143100000000004,61.42857142857143
2067,77.16399999999999,5.547299999999993,65.71428571428571
2068,36.88150000000002,4.590700000000012,47.14285714285714
2069,66.90710000000001,2.7073000000000036,54.285714285714285
2070,57.078100000000035,5.072200000000009,58.57142857142858
2071,63.317800000000034,4.49199999999999,57.14285714285714
2072,57.683400000000006,6.88930000000002,55.714285714285715
2073,54.358299999999986,4.54310000000001,55.714285714285715
2074,37.668499999999995,5.079999999999998,47.14285714285714
2075,50.47919999999999,5.101399999999998,51.42857142857142
2076,61.663700000000006,4.773899999999998,55.714285714285715
2077,59.25739999999999,3.6632000000000033,57.14285714285714
2078,53.55899999999997,2.7001999999999953,54.285714285714285
2079,70.59179999999998,3.139199999999988,58.57142857142858
2080,78.8055,3.484799999999993,60.0
2081,65.55930000000004,4.584900000000005,52.85714285714286
2082,53.80360000000002,6.2149,60.0
2083,71.64519999999999,3.612400000000008,54.285714285714285
2084,76.09099999999998,3.0711000000000013,64.28571428571429
2085,44.70569999999998,6.774600000000021,44.285714285714285
2086,73.75629999999995,2.556200000000004,61.42857142857143
2087,67.99489999999997,5.072200000000009,58.57142857142858
2088,52.84040000000002,4.69250000000001,57.14285714285714
2089,45.48180000000002,5.911000000000001,51.42857142857142
2090,52.5077,6.5493999999999915,50.0
2091,50.37479999999999,7.120499999999993,54.285714285714285
2092,66.46210000000005,5.792599999999993,62.857142857142854
2093,71.8073,4.11699999999999,54.285714285714285
2094,23.893500000000003,5.135899999999992,47.14285714285714
2095,74.76570000000004,3.964100000000002,65.71428571428571
2096,65.0709,6.092300000000009,64.28571428571429
2097,56.649699999999996,6.892399999999995,52.85714285714286
2098,40.52230000000003,2.950100000000006,54.285714285714285
2099,57.75819999999999,4.0700999999999965,54.285714285714285
2100,60.5975,3.150299999999987,58.57142857142858
2101,70.20440000000002,5.340599999999995,58.57142857142858
2102,92.99809999999997,2.6234000000000037,68.57142857142857
2103,39.8467,6.79679999999999,50.0
2104,74.28799999999995,2.5108000000000033,64.28571428571429
2105,59.348299999999995,2.3401000000000067,58.57142857142858
2106,56.775199999999984,2.8086000000000126,57.14285714285714
2107,59.70670000000001,5.641300000000001,61.42857142857143
2108,74.28519999999997,2.610500000000002,60.0
2109,69.79840000000002,4.8519000000000005,55.714285714285715
2110,44.68070000000003,3.9856999999999942,47.14285714285714
2111,62.48230000000001,3.034499999999994,60.0
2112,37.1739,7.3489,54.285714285714285
2113,61.018100000000004,5.262799999999999,58.57142857142858
2114,61.9701,4.790000000000006,60.0
2115,59.342900000000014,4.3870000000000005,54.285714285714285
2116,42.94830000000002,5.447999999999979,48.57142857142857
2117,46.75999999999999,5.285899999999998,52.85714285714286
2118,64.5403,3.761400000000009,58.57142857142858
2119,34.088900000000024,3.2783000000000015,44.285714285714285
2120,74.18020000000001,4.919699999999992,55.714285714285715
2121,70.87599999999998,4.400400000000005,62.857142857142854
2122,38.05090000000001,4.3369,47.14285714285714
2123,61.654199999999975,4.668500000000009,64.28571428571429
2124,52.070700000000016,4.4773,52.85714285714286
2125,60.35730000000001,5.163399999999996,58.57142857142858
2126,62.2929,2.7320999999999884,57.14285714285714
2127,79.28589999999997,6.879199999999997,64.28571428571429
2128,82.47410000000002,3.1539999999999964,65.71428571428571
2129,25.433300000000003,9.697199999999995,42.857142857142854
2130,49.52019999999999,2.3348000000000013,57.14285714285714
2131,57.7167,2.740000000000009,51.42857142857142
2132,66.7593,3.6491000000000042,60.0
2133,58.42230000000001,4.8643,50.0
2134,58.12900000000002,3.595300000000009,61.42857142857143
2135,55.115099999999984,2.6088000000000022,51.42857142857142
2136,53.9701,3.555400000000006,60.0
2137,67.31049999999999,2.6962999999999937,58.57142857142858
2138,55.18129999999999,3.350599999999986,55.714285714285715
2139,44.46889999999999,4.6133000000000095,50.0
2140,72.52440000000001,2.3401000000000067,61.42857142857143
2141,34.356300000000005,4.056899999999999,45.714285714285715
2142,45.1259,3.746600000000001,50.0
2143,48.1327,3.909399999999991,50.0
2144,65.22319999999996,3.110900000000001,65.71428571428571
2145,43.05520000000001,3.534700000000015,50.0
2146,48.313799999999986,7.174599999999998,54.285714285714285
2147,46.278400000000005,3.6829999999999927,51.42857142857142
2148,76.6353,6.021799999999985,55.714285714285715
2149,43.517300000000006,5.015600000000006,51.42857142857142
2150,52.587500000000006,5.417699999999996,61.42857142857143
2151,94.07249999999999,3.1071000000000026,65.71428571428571
2152,49.80620000000002,5.485100000000003,55.714285714285715
2153,47.319199999999995,5.7620000000000005,55.714285714285715
2154,62.046899999999994,2.457700000000017,55.714285714285715
2155,46.45100000000002,4.380999999999986,50.0
2156,83.70889999999997,3.8194999999999766,64.28571428571429
2157,42.9076,4.920900000000003,51.42857142857142
2158,38.3554,5.078400000000002,48.57142857142857
2159,60.0463,5.147199999999998,60.0
2160,60.141400000000004,3.1363000000000056,57.14285714285714
2161,59.221000000000004,2.137299999999996,51.42857142857142
2162,77.34739999999996,4.402499999999975,54.285714285714285
2163,41.137700000000024,5.37469999999999,52.85714285714286
2164,23.846100000000007,7.998099999999994,41.42857142857143
2165,57.107500000000016,7.793899999999994,54.285714285714285
2166,47.06870000000001,5.331700000000012,52.85714285714286
2167,61.3185,5.039299999999969,50.0
2168,49.23319999999998,4.341199999999986,52.85714285714286
2169,93.71439999999996,7.611400000000003,64.28571428571429
2170,71.17610000000002,4.277499999999975,55.714285714285715
2171,72.85559999999998,3.2438000000000073,57.14285714285714
2172,62.01689999999999,7.208500000000001,57.14285714285714
2173,43.418000000000006,7.561799999999991,54.285714285714285
2174,45.17840000000001,6.311399999999992,47.14285714285714
2175,61.771799999999985,9.188900000000018,54.285714285714285
2176,56.15039999999999,4.370900000000006,51.42857142857142
2177,36.7662,3.7476000000000056,48.57142857142857
2178,69.14499999999998,3.099800000000002,61.42857142857143
2179,70.49279999999999,5.325900000000004,58.57142857142858
2180,58.9384,3.5460999999999956,52.85714285714286
2181,70.8536,5.757400000000004,61.42857142857143
2182,61.29220000000004,3.2306999999999846,58.57142857142858
2183,48.36400000000003,4.745399999999989,48.57142857142857
2184,42.76649999999998,3.2849000000000075,50.0
2185,68.49539999999996,2.492199999999997,58.57142857142858
2186,66.0187,3.278899999999993,54.285714285714285
2187,45.06530000000001,4.912299999999988,54.285714285714285
2188,90.09050000000002,2.135600000000011,64.28571428571429
2189,56.725600000000014,5.148899999999998,55.714285714285715
2190,61.68349999999998,2.4978000000000122,57.14285714285714
2191,73.46959999999999,2.510799999999989,58.57142857142858
2192,50.78680000000003,3.93719999999999,47.14285714285714
2193,61.68939999999998,3.0994999999999777,51.42857142857142
2194,49.69840000000002,3.6704999999999757,44.285714285714285
2195,57.19460000000001,5.802399999999977,57.14285714285714
2196,27.115200000000016,8.066900000000004,48.57142857142857
2197,40.66949999999997,4.455800000000011,55.714285714285715
2198,56.10669999999999,3.3943999999999903,55.714285714285715
2199,53.6936,4.513499999999993,55.714285714285715
2200,30.6216,3.656400000000005,45.714285714285715
2201,50.63979999999998,5.463699999999989,57.14285714285714
2202,84.39420000000001,2.4853000000000094,68.57142857142857
2203,63.81280000000001,3.4746000000000095,58.57142857142858
2204,45.777300000000025,9.15500000000003,51.42857142857142
2205,55.641700000000014,5.197100000000006,57.14285714285714
2206,72.94319999999999,2.613500000000016,55.714285714285715
2207,61.00800000000001,4.011799999999994,47.14285714285714
2208,27.09219999999999,6.776500000000013,40.0
2209,55.01159999999999,4.680500000000009,54.285714285714285
2210,78.63139999999999,3.4372999999999934,65.71428571428571
2211,50.2996,3.1216999999999757,51.42857142857142
2212,87.2097,3.020099999999985,68.57142857142857
2213,48.34700000000001,4.277299999999997,50.0
2214,55.07599999999999,2.745599999999996,61.42857142857143
2215,66.68209999999999,3.348000000000013,61.42857142857143
2216,76.42199999999997,4.791599999999988,60.0
2217,35.5275,7.22120000000001,48.57142857142857
2218,51.845699999999994,9.027900000000002,54.285714285714285
2219,41.9503,3.126199999999997,51.42857142857142
2220,58.723899999999986,5.0672,48.57142857142857
2221,69.60739999999998,4.669899999999998,57.14285714285714
2222,72.65310000000002,2.395700000000005,64.28571428571429
2223,57.085800000000006,4.135099999999994,54.285714285714285
2224,69.69799999999998,5.069199999999995,61.42857142857143
2225,40.589,5.515000000000001,48.57142857142857
2226,38.3501,4.538399999999996,48.57142857142857
2227,59.531499999999994,3.559899999999999,60.0
2228,56.30110000000002,5.19850000000001,58.57142857142858
2229,53.809799999999996,5.162400000000019,54.285714285714285
2230,65.5926,2.754800000000003,55.714285714285715
2231,37.66720000000001,8.738399999999999,51.42857142857142
2232,43.63040000000001,5.726800000000011,52.85714285714286
2233,64.21039999999999,3.549500000000009,58.57142857142858
2234,67.59789999999998,3.9269999999999925,57.14285714285714
2235,60.5779,3.7954000000000008,50.0
2236,54.261799999999994,3.2730000000000103,52.85714285714286
2237,74.45710000000003,3.5343000000000018,61.42857142857143
2238,61.44590000000002,3.973300000000009,58.57142857142858
2239,40.773799999999994,5.086200000000005,54.285714285714285
2240,70.86519999999999,4.669199999999989,58.57142857142858
2241,45.3023,5.982600000000019,55.714285714285715
2242,59.93689999999998,7.242500000000007,54.285714285714285
2243,45.351500000000016,6.303399999999996,52.85714285714286
2244,60.80960000000002,4.668599999999998,55.714285714285715
2245,61.26399999999998,3.6543000000000063,54.285714285714285
2246,78.24339999999998,2.1875,61.42857142857143
2247,60.2499,3.569999999999993,64.28571428571429
2248,71.2996,4.499100000000027,58.57142857142858
2249,54.4366,5.973299999999995,48.57142857142857
2250,21.064899999999994,6.358400000000003,42.857142857142854
2251,54.38750000000002,3.502100000000013,48.57142857142857
2252,41.5642,3.8984000000000094,47.14285714285714
2253,32.860300000000024,6.398299999999992,47.14285714285714
2254,53.61280000000002,4.911000000000001,48.57142857142857
2255,80.1328,2.3401000000000067,60.0
2256,35.862300000000005,6.849800000000002,45.714285714285715
2257,83.63119999999998,3.863500000000016,68.57142857142857
2258,52.58710000000002,6.3934,57.14285714285714
2259,28.441299999999984,5.337700000000012,48.57142857142857
2260,35.591499999999996,8.724500000000006,47.14285714285714
2261,43.968399999999974,5.294299999999993,51.42857142857142
2262,71.7491,5.233399999999989,58.57142857142858
2263,50.120900000000006,5.07699999999997,52.85714285714286
2264,40.09090000000003,4.396200000000007,48.57142857142857
2265,59.60820000000001,3.7119,57.14285714285714
2266,76.37269999999998,4.015999999999991,58.57142857142858
2267,47.92590000000001,3.6173,52.85714285714286
2268,40.69889999999998,5.160299999999978,51.42857142857142
2269,63.5085,3.8830999999999847,58.57142857142858
2270,49.036699999999996,2.6069999999999993,52.85714285714286
2271,42.87819999999999,7.201699999999988,52.85714285714286
2272,65.28640000000001,3.3012000000000086,61.42857142857143
2273,47.1345,4.722699999999989,50.0
2274,43.028699999999986,5.5488,54.285714285714285
2275,55.6592,2.8521999999999963,54.285714285714285
2276,66.23160000000001,3.2283000000000186,55.714285714285715
2277,49.0754,4.030699999999996,54.285714285714285
2278,51.503299999999996,3.7742999999999967,52.85714285714286
2279,66.27609999999999,3.4956999999999994,52.85714285714286
2280,75.69389999999999,2.4161,58.57142857142858
2281,74.36790000000002,5.335800000000006,60.0
2282,49.68610000000001,6.320600000000013,60.0
2283,59.8006,5.529899999999998,54.285714285714285
2284,60.09249999999997,5.282000000000011,58.57142857142858
2285,43.46170000000001,4.724599999999995,47.14285714285714
2286,53.843999999999994,4.798300000000012,51.42857142857142
2287,48.886000000000024,2.4124000000000194,55.714285714285715
2288,21.3887,5.667099999999991,41.42857142857143
2289,30.707899999999995,15.973700000000008,50.0
2290,78.45739999999998,7.508800000000008,67.14285714285714
2291,95.27449999999999,2.894999999999996,71.42857142857143
2292,36.86530000000002,4.484400000000022,60.0
2293,62.10820000000001,4.575099999999992,57.14285714285714
2294,50.798400000000015,5.646999999999991,54.285714285714285
2295,68.25579999999997,5.0882000000000005,64.28571428571429
2296,47.05450000000002,4.724199999999996,50.0
2297,76.95689999999996,2.8299999999999983,58.57142857142858
2298,50.42769999999999,3.8759000000000015,54.285714285714285
2299,78.3863,3.360800000000012,58.57142857142858
2300,60.7526,3.2438000000000073,51.42857142857142
2301,39.71549999999999,5.451000000000008,47.14285714285714
2302,67.85560000000001,3.1599000000000217,54.285714285714285
2303,53.58240000000001,4.624200000000002,45.714285714285715
2304,10.39500000000001,7.4313999999999965,38.57142857142858
2305,79.4656,3.8037999999999954,65.71428571428571
2306,58.36779999999999,5.689800000000005,54.285714285714285
2307,62.53129999999999,2.7404999999999973,58.57142857142858
2308,78.2964,2.7667999999999893,58.57142857142858
2309,74.26439999999997,3.5150999999999897,62.857142857142854
2310,46.80609999999999,4.6865999999999985,52.85714285714286
2311,64.65360000000001,4.313500000000005,60.0
2312,67.87249999999997,2.6288000000000125,64.28571428571429
2313,89.24229999999997,6.661100000000005,67.14285714285714
2314,53.23290000000003,3.960299999999961,54.285714285714285
2315,41.871700000000004,3.8859000000000066,47.14285714285714
2316,86.952,3.2497000000000185,68.57142857142857
2317,71.40910000000002,3.829900000000009,54.285714285714285
2318,69.2002,3.9468000000000103,55.714285714285715
2319,58.56490000000002,4.936700000000002,57.14285714285714
2320,56.77520000000001,4.313499999999991,54.285714285714285
2321,52.42379999999997,3.555800000000005,51.42857142857142
2322,48.328599999999994,5.1795999999999935,57.14285714285714
2323,46.457300000000004,3.3910999999999945,50.0
2324,72.56030000000001,2.6777000000000015,54.285714285714285
2325,53.4084,6.928600000000003,52.85714285714286
2326,16.7106,8.568500000000014,44.285714285714285
2327,65.45320000000001,2.4599000000000046,50.0
2328,73.29239999999999,4.079000000000008,60.0
2329,56.133500000000026,6.00569999999999,54.285714285714285
2330,53.71349999999998,4.0464999999999804,60.0
2331,57.8185,6.264199999999988,55.714285714285715
2332,31.506,4.5809,48.57142857142857
2333,40.79620000000003,7.632099999999994,47.14285714285714
2334,71.03059999999999,2.3400999999999925,65.71428571428571
2335,58.21860000000001,3.650199999999998,55.714285714285715
2336,82.20859999999999,3.7116999999999933,67.14285714285714
2337,53.70369999999997,2.794200000000018,51.42857142857142
2338,78.13319999999999,4.582299999999975,64.28571428571429
2339,62.80000000000001,4.0785999999999945,55.714285714285715
2340,60.2894,4.484399999999994,54.285714285714285
2341,74.73599999999999,2.7404999999999973,62.857142857142854
2342,54.04850000000002,6.252900000000011,52.85714285714286
2343,60.461299999999966,4.569100000000006,60.0
2344,74.3544,2.4407000000000068,58.57142857142858
2345,52.971300000000014,5.758700000000005,60.0
2346,62.55379999999997,3.856400000000008,57.14285714285714
2347,19.6306,4.6648,47.14285714285714
2348,66.98249999999999,5.320000000000022,57.14285714285714
2349,57.37010000000001,4.055099999999996,55.714285714285715
2350,52.52879999999999,5.215699999999998,48.57142857142857
2351,51.928799999999995,2.3401000000000067,52.85714285714286
2352,60.26319999999998,2.6688000000000045,57.14285714285714
2353,35.55169999999998,6.551500000000004,41.42857142857143
2354,63.94540000000001,1.9734000000000265,62.857142857142854
2355,55.57839999999999,6.419099999999986,52.85714285714286
2356,51.81209999999999,3.685699999999997,52.85714285714286
2357,46.06490000000002,4.705500000000001,48.57142857142857
2358,58.77799999999996,3.7623999999999995,62.857142857142854
2359,54.27769999999998,3.2088000000000108,54.285714285714285
2360,49.96200000000002,4.051499999999976,52.85714285714286
2361,47.69950000000003,4.024800000000013,51.42857142857142
2362,42.403099999999995,2.3446,55.714285714285715
2363,45.10810000000001,6.908599999999993,48.57142857142857
2364,62.89080000000001,4.578900000000004,52.85714285714286
2365,77.72879999999998,3.2087999999999965,62.857142857142854
2366,55.04320000000001,3.672399999999996,54.285714285714285
2367,67.5618,5.954399999999993,55.714285714285715
2368,38.63489999999999,4.696400000000011,52.85714285714286
2369,52.822599999999994,2.9758999999999958,50.0
2370,60.92090000000002,3.1916999999999973,55.714285714285715
2371,55.31979999999999,6.003299999999982,62.857142857142854
2372,66.39089999999999,5.566299999999984,55.714285714285715
2373,39.9109,5.529899999999998,48.57142857142857
2374,55.43129999999999,5.039500000000004,55.714285714285715
2375,59.51159999999999,5.486099999999993,58.57142857142858
2376,75.13679999999994,5.276200000000003,65.71428571428571
2377,86.93759999999997,1.917100000000005,62.857142857142854
2378,60.06370000000001,5.3185,60.0
2379,59.36659999999998,3.946799999999996,57.14285714285714
2380,61.34370000000001,4.497099999999989,60.0
2381,90.7766,4.201599999999985,62.857142857142854
2382,81.34079999999997,1.3277999999999963,61.42857142857143
2383,76.80030000000002,3.9791999999999916,57.14285714285714
2384,63.16159999999999,2.4851000000000028,57.14285714285714
2385,55.2757,3.26460000000003,61.42857142857143
2386,49.6679,6.66670000000002,48.57142857142857
2387,68.7996,5.653400000000005,57.14285714285714
2388,32.99970000000002,4.682899999999989,44.285714285714285
2389,61.166,3.9403000000000077,65.71428571428571
2390,57.728999999999985,3.1864999999999952,60.0
2391,61.93379999999999,5.9990999999999985,61.42857142857143
2392,61.23580000000001,4.899600000000007,55.714285714285715
2393,42.15010000000001,5.226699999999994,47.14285714285714
2394,53.41369999999998,5.366799999999984,55.714285714285715
2395,72.95710000000003,3.2683000000000106,58.57142857142858
2396,62.1344,5.858699999999999,52.85714285714286
2397,58.63659999999999,5.008499999999998,54.285714285714285
2398,61.24800000000002,4.619599999999991,54.285714285714285
2399,43.32680000000002,7.558899999999994,44.285714285714285
2400,48.36779999999999,4.4069999999999965,54.285714285714285
2401,59.1679,4.366900000000015,60.0
2402,44.33879999999999,4.234300000000019,51.42857142857142
2403,47.45949999999999,6.020999999999987,47.14285714285714
2404,57.71379999999999,4.079000000000008,52.85714285714286
2405,87.09139999999996,4.2774,65.71428571428571
2406,55.77259999999998,3.019199999999998,57.14285714285714
2407,40.3852,3.768500000000003,54.285714285714285
2408,58.21549999999996,5.804699999999997,50.0
2409,53.3801,6.252499999999998,54.285714285714285
2410,47.034400000000005,4.652600000000007,48.57142857142857
2411,31.103800000000007,5.142399999999995,44.285714285714285
2412,54.30459999999999,6.9687999999999874,58.57142857142858
2413,74.6868,2.899700000000024,58.57142857142858
2414,51.526399999999995,3.569999999999993,50.0
2415,60.93240000000003,4.215600000000009,55.714285714285715
2416,67.50470000000001,4.018999999999977,57.14285714285714
2417,53.32640000000001,3.7646000000000015,55.714285714285715
2418,56.445299999999975,5.5904000000000025,60.0
2419,41.262100000000004,2.8299999999999983,57.14285714285714
2420,55.09450000000001,7.244099999999975,50.0
2421,51.01860000000002,5.091000000000008,47.14285714285714
2422,57.699299999999994,5.024500000000003,51.42857142857142
2423,56.56709999999998,6.774000000000001,51.42857142857142
2424,53.015600000000006,2.529200000000003,51.42857142857142
2425,55.893100000000004,3.953899999999976,54.285714285714285
2426,52.44540000000001,3.3011999999999944,52.85714285714286
2427,59.071499999999986,3.3944000000000045,61.42857142857143
2428,51.028999999999996,8.68849999999999,50.0
2429,50.408800000000014,6.346700000000013,52.85714285714286
2430,53.564099999999996,2.7321000000000026,57.14285714285714
2431,72.80919999999998,3.9958000000000027,54.285714285714285
2432,64.572,4.307000000000002,52.85714285714286
2433,67.99549999999999,3.341700000000003,60.0
2434,39.56630000000001,6.177899999999994,51.42857142857142
2435,68.33939999999998,2.4258000000000095,62.857142857142854
2436,54.890600000000006,7.170100000000019,50.0
2437,65.9606,2.4732999999999947,62.857142857142854
2438,57.5446,5.729500000000002,60.0
2439,44.06100000000001,2.626099999999994,57.14285714285714
2440,27.74459999999999,5.395399999999995,42.857142857142854
2441,68.01999999999998,2.469399999999979,51.42857142857142
2442,67.25830000000002,5.320300000000003,62.857142857142854
2443,60.48140000000001,4.4979999999999905,54.285714285714285
2444,55.776100000000014,4.616500000000002,52.85714285714286
2445,51.39420000000001,4.54959999999997,54.285714285714285
2446,65.3314,3.3055999999999983,61.42857142857143
2447,45.351200000000006,8.947500000000005,52.85714285714286
2448,46.33160000000001,3.970799999999997,47.14285714285714
2449,51.17439999999999,5.030699999999982,57.14285714285714
2450,58.797500000000014,4.10329999999999,57.14285714285714
2451,57.06559999999999,3.994100000000003,58.57142857142858
2452,63.55110000000002,6.1743999999999915,54.285714285714285
2453,52.468999999999994,3.6569000000000074,57.14285714285714
2454,44.77280000000002,4.980099999999993,52.85714285714286
2455,62.34620000000001,2.843900000000019,62.857142857142854
2456,46.462200000000024,2.852199999999982,52.85714285714286
2457,20.6177,8.74369999999999,42.857142857142854
2458,54.0462,5.8152999999999935,55.714285714285715
2459,40.28820000000002,5.6126000000000005,47.14285714285714
2460,58.96039999999999,3.719700000000003,60.0
2461,42.4443,3.9476999999999975,52.85714285714286
2462,45.112300000000005,5.575400000000002,52.85714285714286
2463,71.24119999999999,4.429999999999978,61.42857142857143
2464,83.71519999999998,3.569999999999993,64.28571428571429
2465,54.42490000000001,3.807299999999998,55.714285714285715
2466,74.62549999999999,4.385299999999972,60.0
2467,69.10439999999997,3.667900000000003,57.14285714285714
2468,56.46029999999999,4.078399999999988,60.0
2469,27.6687,6.0390000000000015,47.14285714285714
2470,61.58080000000001,2.329099999999997,60.0
2471,18.553300000000007,5.012999999999991,40.0
2472,61.98230000000001,3.761099999999999,52.85714285714286
2473,19.20710000000001,7.849500000000006,41.42857142857143
2474,47.5462,4.376099999999994,57.14285714285714
2475,47.688500000000005,4.375200000000007,52.85714285714286
2476,72.81540000000001,4.307400000000001,60.0
2477,40.420799999999986,6.5779,50.0
2478,50.01580000000001,6.368100000000027,60.0
2479,53.286699999999996,6.784400000000005,52.85714285714286
2480,60.95210000000003,2.6998999999999995,60.0
2481,34.01299999999998,4.307299999999998,50.0
2482,47.43900000000002,5.449799999999996,52.85714285714286
2483,31.727000000000004,3.8619000000000057,47.14285714285714
2484,60.586400000000026,2.7813999999999908,60.0
2485,67.74919999999997,3.379300000000029,60.0
2486,108.2482,2.2422000000000253,71.42857142857143
2487,34.93719999999999,5.059200000000004,44.285714285714285
2488,91.52179999999998,2.8950000000000102,65.71428571428571
2489,79.6208,5.553700000000006,64.28571428571429
2490,44.50049999999999,6.615499999999997,54.285714285714285
2491,55.936499999999995,5.1019000000000005,60.0
2492,60.87729999999999,6.1573999999999955,54.285714285714285
2493,54.405100000000004,2.772999999999996,51.42857142857142
2494,53.78450000000001,3.5174999999999983,57.14285714285714
2495,38.12819999999999,9.38470000000001,50.0
2496,50.59409999999997,6.277599999999978,55.714285714285715
2497,63.78860000000003,4.582300000000004,58.57142857142858
2498,58.515600000000006,4.72290000000001,52.85714285714286
2499,51.9058,2.3401000000000067,55.714285714285715
2500,48.65070000000003,3.551000000000002,52.85714285714286
2501,61.441900000000004,2.242199999999997,57.14285714285714
2502,64.25779999999997,2.329400000000007,68.57142857142857
2503,43.90349999999998,8.087800000000001,58.57142857142858
2504,50.44639999999998,4.178899999999999,51.42857142857142
2505,48.82670000000002,3.3429000000000144,55.714285714285715
2506,30.22120000000001,7.0996000000000095,45.714285714285715
2507,47.4033,2.8127000000000066,48.57142857142857
2508,69.7661,2.529200000000003,58.57142857142858
2509,61.06800000000001,4.375200000000007,47.14285714285714
2510,67.84129999999999,5.697900000000004,60.0
2511,77.16890000000001,3.2711999999999932,61.42857142857143
2512,62.57169999999999,4.732399999999998,58.57142857142858
2513,71.98750000000001,3.103200000000001,67.14285714285714
2514,39.690799999999996,3.4771999999999963,52.85714285714286
2515,75.79590000000002,2.765699999999981,61.42857142857143
2516,71.80069999999998,4.099300000000028,60.0
2517,75.55090000000001,5.4454000000000065,65.71428571428571
2518,54.05329999999998,4.8733,52.85714285714286
2519,40.01769999999999,12.739499999999992,51.42857142857142
2520,68.83879999999999,2.3400999999999925,64.28571428571429
2521,61.55539999999999,5.072000000000003,62.857142857142854
2522,54.00369999999998,3.1441000000000088,57.14285714285714
2523,41.62710000000001,5.763299999999987,50.0
2524,59.81520000000003,5.2988,51.42857142857142
2525,40.71469999999999,4.476699999999994,47.14285714285714
2526,57.22460000000001,3.4764000000000124,58.57142857142858
2527,40.501300000000015,6.528599999999983,45.714285714285715
2528,88.66380000000004,5.377600000000001,70.0
2529,86.0874,3.810099999999977,61.42857142857143
2530,82.70830000000001,4.350400000000008,61.42857142857143
2531,40.41270000000003,3.570299999999989,45.714285714285715
2532,73.02449999999999,5.608199999999982,54.285714285714285
2533,46.304700000000025,8.125500000000002,50.0
2534,51.81779999999998,3.434999999999988,54.285714285714285
2535,43.4648,6.510100000000008,48.57142857142857
2536,43.46389999999997,5.209699999999998,54.285714285714285
2537,69.79050000000001,3.228899999999996,57.14285714285714
2538,45.52789999999999,2.749300000000005,51.42857142857142
2539,48.384100000000046,6.953400000000002,54.285714285714285
2540,45.578100000000006,5.221599999999995,54.285714285714285
2541,57.94119999999998,6.434699999999992,64.28571428571429
2542,71.17690000000005,4.582299999999975,54.285714285714285
2543,37.60480000000001,5.133700000000005,44.285714285714285
2544,60.982,4.249200000000002,60.0
2545,63.92410000000001,4.52000000000001,54.285714285714285
2546,84.22909999999999,7.44680000000001,67.14285714285714
2547,57.74850000000001,3.151200000000017,60.0
2548,36.02170000000001,5.561399999999992,47.14285714285714
2549,45.85149999999999,4.582300000000004,55.714285714285715
2550,61.71870000000001,4.4587999999999965,54.285714285714285
2551,74.53149999999997,4.575999999999993,65.71428571428571
2552,33.79739999999998,7.400499999999994,50.0
2553,71.37189999999998,5.196100000000001,61.42857142857143
2554,45.43639999999999,5.990300000000019,50.0
2555,67.38650000000001,4.490700000000004,57.14285714285714
2556,27.375100000000003,4.302499999999995,50.0
2557,46.92089999999999,9.390100000000004,52.85714285714286
2558,68.08440000000002,4.65379999999999,60.0
2559,62.032399999999996,3.3736999999999853,60.0
2560,56.54830000000004,2.5079000000000065,55.714285714285715
2561,43.734999999999985,8.673500000000018,51.42857142857142
2562,59.195899999999995,4.6148000000000025,60.0
2563,45.99979999999999,7.596800000000002,52.85714285714286
2564,51.851500000000016,3.8715000000000117,54.285714285714285
2565,50.6823,5.3747000000000185,58.57142857142858
2566,65.23940000000005,2.8701999999999828,65.71428571428571
2567,57.845500000000015,3.3733000000000004,58.57142857142858
2568,51.7569,5.086600000000033,60.0
2569,41.694199999999995,8.1785,45.714285714285715
2570,39.25280000000001,8.0475,50.0
2571,51.61610000000002,3.9727000000000032,50.0
2572,76.94640000000001,4.335400000000007,58.57142857142858
2573,81.58439999999996,2.6836000000000126,62.857142857142854
2574,63.96890000000002,4.2812000000000126,54.285714285714285
2575,58.462099999999964,2.836200000000005,55.714285714285715
2576,78.1627,3.032499999999999,64.28571428571429
2577,31.220200000000006,4.313499999999991,48.57142857142857
2578,51.6037,4.709699999999998,55.714285714285715
2579,62.864599999999996,2.529200000000003,65.71428571428571
2580,38.13310000000001,4.663600000000002,52.85714285714286
2581,33.788400000000024,5.512200000000007,47.14285714285714
2582,55.66149999999999,5.096000000000004,50.0
2583,59.238699999999994,4.630500000000012,60.0
2584,69.12789999999998,4.397700000000015,62.857142857142854
2585,71.8682,2.242199999999997,62.857142857142854
2586,44.0547,6.534899999999993,54.285714285714285
2587,87.1191,3.689799999999991,68.57142857142857
2588,56.57849999999996,4.015600000000006,60.0
2589,36.8297,7.262399999999985,44.285714285714285
2590,77.74889999999999,2.598399999999998,61.42857142857143
2591,83.14660000000003,3.0038999999999874,61.42857142857143
2592,70.97060000000005,6.403099999999995,57.14285714285714
2593,56.04139999999998,4.21520000000001,52.85714285714286
2594,64.00090000000003,3.0152999999999963,60.0
2595,60.3099,3.295099999999991,54.285714285714285
2596,51.659700000000015,5.143899999999974,55.714285714285715
2597,68.5863,2.6777000000000157,61.42857142857143
2598,51.24679999999998,4.283600000000007,45.714285714285715
2599,32.76920000000001,8.836199999999991,47.14285714285714
2600,36.293000000000006,3.3093999999999824,52.85714285714286
2601,43.66080000000002,4.184699999999992,51.42857142857142
2602,61.498400000000004,4.036000000000001,57.14285714285714
2603,51.57130000000001,5.861699999999985,55.714285714285715
2604,50.1592,3.221100000000007,57.14285714285714
2605,66.54400000000004,2.3974999999999795,58.57142857142858
2606,40.83170000000001,2.809100000000001,47.14285714285714
2607,64.4454,4.313500000000005,57.14285714285714
2608,64.59570000000002,3.3094000000000108,57.14285714285714
2609,50.163399999999996,7.878499999999988,51.42857142857142
2610,57.74610000000001,5.603000000000009,50.0
2611,57.7851,4.9666,60.0
2612,70.45579999999995,2.959700000000012,58.57142857142858
2613,77.63309999999998,6.0294999999999845,67.14285714285714
2614,55.09949999999998,5.5839,54.285714285714285
2615,71.6686,4.335899999999981,57.14285714285714
2616,65.57420000000002,4.249700000000004,62.857142857142854
2617,62.59610000000001,2.7331999999999823,65.71428571428571
2618,64.6191,3.5700000000000074,61.42857142857143
2619,35.08420000000001,5.345699999999994,51.42857142857142
2620,59.906799999999976,3.780000000000001,54.285714285714285
2621,47.29560000000001,5.6507000000000005,51.42857142857142
2622,77.82840000000004,3.253600000000006,58.57142857142858
2623,57.7722,4.338099999999983,52.85714285714286
2624,56.96179999999998,3.7116999999999933,54.285714285714285
2625,40.31399999999999,6.113700000000009,42.857142857142854
2626,49.4323,3.984299999999962,50.0
2627,64.35480000000001,3.0135999999999967,55.714285714285715
2628,56.64210000000003,3.4071,52.85714285714286
2629,91.17579999999998,3.0660999999999774,67.14285714285714
2630,41.6558,9.703400000000002,44.285714285714285
2631,63.04419999999996,3.241000000000014,61.42857142857143
2632,61.05090000000001,4.609400000000008,52.85714285714286
2633,62.40190000000001,4.817900000000009,60.0
2634,89.56620000000004,2.661200000000008,62.857142857142854
2635,72.43009999999998,3.2160999999999973,61.42857142857143
2636,11.566900000000004,7.833999999999989,38.57142857142858
2637,51.313199999999995,2.407100000000014,54.285714285714285
2638,47.33070000000001,4.664500000000004,54.285714285714285
2639,47.356300000000005,6.049099999999996,52.85714285714286
2640,32.35740000000001,4.732699999999994,42.857142857142854
2641,60.4701,3.524300000000011,52.85714285714286
2642,56.705100000000016,4.317999999999998,54.285714285714285
2643,57.1602,3.6195000000000164,54.285714285714285
2644,77.45999999999998,3.6710999999999956,61.42857142857143
2645,75.10469999999998,2.836199999999991,61.42857142857143
2646,65.58690000000001,2.455999999999989,62.857142857142854
2647,54.94259999999997,4.57050000000001,52.85714285714286
2648,51.22,5.1333000000000055,58.57142857142858
2649,68.70660000000001,3.1108999999999867,58.57142857142858
2650,50.7919,6.0911000000000115,51.42857142857142
2651,69.76569999999998,2.525199999999998,60.0
2652,50.79150000000001,5.62360000000001,50.0
2653,33.4812,10.438900000000004,52.85714285714286
2654,49.137100000000004,4.942200000000014,54.285714285714285
2655,70.274,5.614900000000006,60.0
2656,55.5908,3.3220000000000027,52.85714285714286
2657,53.202200000000005,2.6529000000000025,57.14285714285714
2658,47.36940000000001,6.743799999999993,55.714285714285715
2659,83.81320000000002,3.3011999999999944,58.57142857142858
2660,55.427899999999966,2.6528000000000134,50.0
2661,58.765000000000015,4.223599999999976,55.714285714285715
2662,51.00829999999999,5.4506000000000085,52.85714285714286
2663,82.34160000000003,2.400199999999984,62.857142857142854
2664,69.45569999999998,3.4244999999999948,62.857142857142854
2665,63.38129999999998,2.4694999999999823,57.14285714285714
2666,57.417699999999996,4.473700000000008,58.57142857142858
2667,67.50609999999998,4.302500000000009,61.42857142857143
2668,59.60039999999998,4.1662000000000035,60.0
2669,60.083500000000015,2.3619999999999663,57.14285714285714
2670,61.663100000000014,4.337800000000016,62.857142857142854
2671,43.220999999999975,7.016400000000004,52.85714285714286
2672,61.3099,8.037999999999997,57.14285714285714
2673,45.363399999999984,3.4650000000000034,55.714285714285715
2674,55.773600000000016,3.8648999999999916,55.714285714285715
2675,68.7159,3.461199999999991,60.0
2676,41.806700000000006,6.003299999999982,52.85714285714286
2677,77.12799999999999,3.981099999999998,60.0
2678,85.34279999999998,6.169900000000013,64.28571428571429
2679,76.81909999999999,2.595700000000008,61.42857142857143
2680,67.9925,4.079000000000008,60.0
2681,50.88300000000001,4.020799999999994,51.42857142857142
2682,69.99520000000001,3.1136999999999944,64.28571428571429
2683,56.9058,3.932300000000012,60.0
2684,48.76460000000003,3.0711000000000013,50.0
2685,48.901399999999995,5.425799999999995,50.0
2686,73.68979999999999,3.032899999999998,60.0
2687,55.51929999999999,4.01400000000001,54.285714285714285
2688,57.339200000000005,2.5245999999999924,58.57142857142858
2689,43.683400000000006,5.2226,54.285714285714285
2690,40.272699999999986,3.7846999999999866,52.85714285714286
2691,73.75009999999992,4.497099999999989,61.42857142857143
2692,66.41409999999999,4.12469999999999,62.857142857142854
2693,52.85640000000001,2.348300000000023,55.714285714285715
2694,66.37700000000001,3.9968999999999966,51.42857142857142
2695,70.49610000000001,3.443100000000001,58.57142857142858
2696,72.85109999999997,3.901200000000003,60.0
2697,68.96000000000001,5.010300000000001,61.42857142857143
2698,50.34300000000002,3.322100000000006,50.0
2699,53.53050000000002,4.0079000000000065,50.0
2700,62.66810000000001,4.777599999999978,51.42857142857142
2701,60.68550000000002,4.5236999999999625,55.714285714285715
2702,47.884799999999984,4.669499999999999,52.85714285714286
2703,60.19,4.663099999999986,62.857142857142854
2704,89.6011,4.689000000000021,68.57142857142857
2705,43.13159999999999,6.915000000000006,52.85714285714286
2706,47.126900000000035,5.553599999999989,52.85714285714286
2707,68.53550000000001,3.234499999999997,54.285714285714285
2708,62.22950000000003,4.829299999999989,52.85714285714286
2709,69.90150000000003,3.935399999999987,61.42857142857143
2710,83.63559999999998,3.2575999999999965,62.857142857142854
2711,54.31200000000001,3.6679000000000315,55.714285714285715
2712,63.46979999999999,5.701699999999988,60.0
2713,47.641400000000004,4.406300000000016,57.14285714285714
2714,62.80939999999998,3.975200000000001,58.57142857142858
2715,74.65559999999999,2.6278999999999826,61.42857142857143
2716,68.15969999999999,2.823599999999999,60.0
2717,86.68589999999998,2.3445999999999856,72.85714285714285
2718,40.3023,4.280599999999993,50.0
2719,54.94309999999999,3.761099999999999,61.42857142857143
2720,43.57409999999999,5.746399999999994,55.714285714285715
2721,53.43459999999999,5.498199999999997,51.42857142857142
2722,63.454800000000006,5.1053,58.57142857142858
2723,64.39249999999998,3.335800000000006,62.857142857142854
2724,69.0746,4.231700000000018,64.28571428571429
2725,67.09390000000002,3.6766999999999967,62.857142857142854
2726,75.66579999999999,4.767600000000002,55.714285714285715
2727,47.0607,5.8964,50.0
2728,49.57460000000003,7.309400000000011,54.285714285714285
2729,69.9358,3.5612999999999886,61.42857142857143
2730,58.871099999999984,3.272399999999976,55.714285714285715
2731,47.311499999999995,3.227100000000007,54.285714285714285
2732,79.09379999999999,2.384100000000018,64.28571428571429
2733,57.71090000000004,4.902599999999978,54.285714285714285
2734,55.90640000000002,8.2817,51.42857142857142
2735,70.4767,3.4521000000000015,60.0
2736,36.14270000000002,3.6008000000000067,45.714285714285715
2737,61.247900000000016,4.3045999999999935,57.14285714285714
2738,36.060100000000006,6.575099999999992,44.285714285714285
2739,67.7473,2.4359000000000037,67.14285714285714
2740,38.98599999999999,8.87809999999999,50.0
2741,70.99580000000003,4.2254999999999825,58.57142857142858
2742,35.2234,3.7950000000000017,51.42857142857142
2743,67.67220000000003,4.008299999999991,58.57142857142858
2744,45.93960000000001,4.046300000000002,47.14285714285714
2745,33.703900000000004,7.147599999999997,45.714285714285715
2746,54.997600000000006,7.5253999999999905,52.85714285714286
2747,61.73700000000002,6.82820000000001,58.57142857142858
2748,41.84129999999999,6.368399999999994,54.285714285714285
2749,54.006699999999995,2.5797999999999917,67.14285714285714
2750,52.70009999999999,4.7298999999999864,55.714285714285715
2751,54.12459999999999,5.828500000000005,62.857142857142854
2752,49.42840000000001,4.186700000000002,47.14285714285714
2753,58.496099999999984,6.745999999999995,61.42857142857143
2754,78.0718,2.9863,64.28571428571429
2755,82.05969999999996,3.163499999999999,65.71428571428571
2756,46.48339999999999,8.781400000000005,47.14285714285714
2757,87.97519999999997,3.9566000000000088,62.857142857142854
2758,51.01319999999998,6.185199999999995,55.714285714285715
2759,59.32340000000002,3.0878000000000014,55.714285714285715
2760,69.61850000000001,2.6670000000000016,61.42857142857143
2761,61.860600000000034,4.7128999999999905,58.57142857142858
2762,43.215599999999995,3.5131999999999977,52.85714285714286
2763,57.816700000000026,4.651399999999995,57.14285714285714
2764,59.68980000000002,6.054300000000012,57.14285714285714
2765,67.96019999999999,2.323400000000021,55.714285714285715
2766,68.91900000000001,5.353799999999993,58.57142857142858
2767,28.529899999999998,4.272999999999996,48.57142857142857
2768,68.86680000000001,2.8111999999999995,64.28571428571429
2769,54.52189999999999,3.9872000000000014,52.85714285714286
2770,53.864000000000004,6.1650000000000205,54.285714285714285
2771,60.20410000000001,2.017600000000016,50.0
2772,58.0882,5.246600000000001,62.857142857142854
2773,48.1215,4.094699999999989,60.0
2774,68.5615,3.403500000000008,51.42857142857142
2775,49.5206,3.7434999999999974,55.714285714285715
2776,68.2004,6.403100000000023,57.14285714285714
2777,49.59570000000002,5.878299999999996,41.42857142857143
2778,62.08939999999998,2.8769999999999953,60.0
2779,55.43639999999999,8.837500000000006,54.285714285714285
2780,47.351800000000026,5.570000000000007,51.42857142857142
2781,51.578100000000006,4.049300000000002,54.285714285714285
2782,51.88729999999998,2.7843000000000018,50.0
2783,71.8698,3.301200000000023,67.14285714285714
2784,52.021799999999985,4.151100000000014,51.42857142857142
2785,44.79759999999999,2.9753000000000043,48.57142857142857
2786,56.63560000000001,3.1229000000000013,58.57142857142858
2787,46.60740000000001,3.861699999999985,47.14285714285714
2788,56.19330000000002,5.994500000000002,51.42857142857142
2789,29.209699999999998,4.391199999999998,48.57142857142857
2790,32.4477,3.691100000000006,48.57142857142857
2791,36.50570000000002,4.268100000000004,51.42857142857142
2792,46.2047,6.051499999999976,47.14285714285714
2793,63.8689,2.422600000000017,64.28571428571429
2794,35.307800000000015,12.034099999999995,48.57142857142857
2795,33.40050000000002,6.558199999999999,45.714285714285715
2796,65.38590000000002,4.082899999999995,60.0
2797,33.5626,6.538199999999989,50.0
2798,68.28090000000003,3.0563999999999965,62.857142857142854
2799,60.0686,5.6233,55.714285714285715
2800,47.536,3.30540000000002,45.714285714285715
2801,40.68950000000001,4.402299999999997,55.714285714285715
2802,54.48749999999998,2.9899000000000058,57.14285714285714
2803,79.76940000000002,2.1495999999999924,61.42857142857143
2804,35.56179999999998,5.796599999999998,42.857142857142854
2805,83.91449999999998,5.110500000000002,62.857142857142854
2806,43.49540000000002,5.265000000000001,50.0
2807,63.348299999999995,3.845799999999997,55.714285714285715
2808,64.64300000000003,2.300299999999993,61.42857142857143
2809,47.73000000000002,3.5049999999999955,51.42857142857142
2810,38.803800000000024,5.8186000000000035,51.42857142857142
2811,71.16429999999997,3.2952999999999975,60.0
2812,66.97500000000002,4.321399999999983,61.42857142857143
2813,59.1216,3.7593999999999994,54.285714285714285
2814,57.44720000000001,3.2597999999999985,61.42857142857143
2815,78.77189999999996,3.8569999999999993,62.857142857142854
2816,30.94749999999999,7.6052999999999855,44.285714285714285
2817,56.95910000000001,5.826300000000003,61.42857142857143
2818,59.27699999999999,3.492900000000006,52.85714285714286
2819,57.079499999999996,4.680199999999985,61.42857142857143
2820,48.49720000000002,5.799799999999976,55.714285714285715
2821,71.4443,4.079000000000008,61.42857142857143
2822,68.23919999999998,2.9026000000000067,60.0
2823,77.74310000000003,3.052500000000009,64.28571428571429
2824,49.50490000000002,5.678899999999999,54.285714285714285
2825,78.45779999999999,3.711699999999979,61.42857142857143
2826,82.10059999999999,5.996399999999994,60.0
2827,72.9932,2.6069999999999993,58.57142857142858
2828,60.702800000000025,3.2590999999999894,54.285714285714285
2829,62.9684,5.718800000000002,54.285714285714285
2830,67.90210000000002,3.1593000000000018,57.14285714285714
2831,31.202799999999996,6.51400000000001,42.857142857142854
2832,50.99279999999999,5.044700000000006,51.42857142857142
2833,29.779300000000006,5.798300000000012,45.714285714285715
2834,82.918,3.1598999999999933,62.857142857142854
2835,49.026700000000034,7.860599999999991,55.714285714285715
2836,67.3236,3.110900000000015,60.0
2837,62.060900000000004,3.4469999999999743,52.85714285714286
2838,52.48670000000001,3.1540999999999997,52.85714285714286
2839,53.845699999999965,2.6469999999999914,55.714285714285715
2840,56.42240000000001,3.125099999999975,57.14285714285714
2841,73.15800000000002,5.566500000000019,61.42857142857143
2842,58.83409999999998,3.7077000000000027,60.0
2843,61.94419999999997,3.663199999999989,61.42857142857143
2844,32.30959999999999,6.055400000000006,48.57142857142857
2845,52.823200000000014,3.50739999999999,52.85714285714286
2846,66.3048,5.883200000000002,57.14285714285714
2847,50.66630000000001,3.616900000000001,54.285714285714285
2848,76.97889999999998,3.093900000000019,58.57142857142858
2849,58.88390000000001,7.184100000000001,62.857142857142854
2850,55.44380000000001,5.485900000000001,51.42857142857142
2851,44.420800000000014,3.7428999999999917,45.714285714285715
2852,67.6858,6.000299999999996,57.14285714285714
2853,46.100300000000004,4.8585000000000065,57.14285714285714
2854,50.44409999999999,3.4176000000000215,51.42857142857142
2855,42.81869999999998,3.798500000000004,57.14285714285714
2856,39.4025,4.130800000000008,47.14285714285714
2857,59.63919999999999,6.1706999999999965,61.42857142857143
2858,55.872000000000014,4.328400000000002,55.714285714285715
2859,38.75790000000001,3.975500000000011,47.14285714285714
2860,59.55800000000002,3.1503000000000156,58.57142857142858
2861,65.69810000000001,7.2771999999999935,57.14285714285714
2862,30.224199999999996,4.142699999999991,55.714285714285715
2863,56.46429999999998,2.9629000000000048,65.71428571428571
2864,78.01689999999999,2.378699999999995,61.42857142857143
2865,42.26739999999998,3.4484999999999957,51.42857142857142
2866,69.63409999999999,4.170400000000001,60.0
2867,49.823199999999986,6.294499999999999,47.14285714285714
2868,88.4827,4.848600000000005,71.42857142857143
2869,60.24950000000001,4.2339000000000055,55.714285714285715
2870,28.101799999999997,5.08829999999999,32.857142857142854
2871,55.4555,4.083299999999994,48.57142857142857
2872,49.78050000000002,10.956500000000005,51.42857142857142
2873,43.721000000000004,3.066100000000006,48.57142857142857
2874,45.709299999999985,4.305799999999991,51.42857142857142
2875,63.1335,7.337900000000019,57.14285714285714
2876,48.47380000000001,6.141599999999997,54.285714285714285
2877,63.407700000000006,4.071799999999996,61.42857142857143
2878,59.03219999999999,2.7321000000000026,50.0
2879,49.114000000000004,3.4979999999999905,52.85714285714286
2880,55.3733,2.731999999999971,55.714285714285715
2881,55.62640000000002,3.9555000000000007,58.57142857142858
2882,42.581500000000005,6.1935,44.285714285714285
2883,20.234099999999998,4.591099999999997,42.857142857142854
2884,74.3452,4.221900000000005,61.42857142857143
2885,60.1977,4.1884000000000015,58.57142857142858
2886,66.22770000000003,4.586800000000011,55.714285714285715
2887,65.14410000000001,4.8034000000000106,57.14285714285714
2888,64.1755,4.753299999999996,60.0
2889,76.9117,2.242199999999997,61.42857142857143
2890,67.35040000000001,6.5586999999999875,62.857142857142854
2891,58.8947,2.8419999999999845,58.57142857142858
2892,37.99570000000003,4.524099999999976,41.42857142857143
2893,65.59800000000001,3.150299999999987,61.42857142857143
2894,69.76769999999999,3.1913000000000125,55.714285714285715
2895,49.30669999999998,4.799199999999985,51.42857142857142
2896,53.30969999999999,4.868600000000015,58.57142857142858
2897,60.62180000000001,2.8566999999999894,55.714285714285715
2898,49.72139999999999,2.8532000000000153,57.14285714285714
2899,68.62460000000004,4.343699999999998,61.42857142857143
2900,54.65480000000002,4.097499999999997,57.14285714285714
2901,52.7843,4.24969999999999,54.285714285714285
2902,59.012400000000014,4.229300000000009,58.57142857142858
2903,46.8364,6.614100000000008,60.0
2904,65.45060000000001,4.469800000000006,58.57142857142858
2905,20.053300000000007,8.143900000000002,42.857142857142854
2906,31.953599999999994,3.725999999999999,47.14285714285714
2907,61.76390000000001,3.981099999999998,54.285714285714285
2908,66.0606,2.6757999999999953,57.14285714285714
2909,61.5506,4.667000000000002,58.57142857142858
2910,54.372000000000014,5.142600000000016,52.85714285714286
2911,51.9641,4.7607,50.0
2912,56.357200000000006,6.1407999999999845,54.285714285714285
2913,56.376900000000006,3.2438000000000216,61.42857142857143
2914,40.94590000000002,4.583700000000007,42.857142857142854
2915,71.6808,3.6096000000000004,60.0
2916,54.66559999999998,2.8569999999999993,51.42857142857142
2917,43.65530000000001,6.674199999999999,42.857142857142854
2918,53.49850000000001,3.6247999999999934,60.0
2919,44.14089999999999,3.931600000000003,44.285714285714285
2920,62.401400000000024,3.953499999999991,55.714285714285715
2921,58.6473,2.5286000000000115,54.285714285714285
2922,79.61929999999998,6.50739999999999,55.714285714285715
2923,31.701000000000022,8.4893,42.857142857142854
2924,70.33949999999999,3.150299999999987,68.57142857142857
2925,33.994699999999995,6.466000000000008,45.714285714285715
2926,63.087999999999994,4.770300000000006,64.28571428571429
2927,51.98609999999999,3.335800000000006,57.14285714285714
2928,65.76780000000005,3.7122999999999706,61.42857142857143
2929,70.62890000000002,2.9394000000000062,57.14285714285714
2930,45.66050000000001,3.33959999999999,48.57142857142857
2931,55.4247,5.382499999999993,51.42857142857142
2932,54.61530000000002,3.704099999999997,50.0
2933,56.126300000000015,3.0997999999999877,55.714285714285715
2934,40.99350000000004,6.816699999999997,48.57142857142857
2935,49.43180000000001,4.0142999999999915,55.714285714285715
2936,62.10820000000001,1.988900000000001,62.857142857142854
2937,83.4111,5.078400000000016,61.42857142857143
2938,60.80860000000001,3.2013000000000034,57.14285714285714
2939,86.66639999999998,3.2064000000000306,62.857142857142854
2940,54.47489999999999,3.119799999999998,58.57142857142858
2941,73.5171,4.313499999999976,58.57142857142858
2942,85.92540000000002,1.8273000000000081,57.14285714285714
2943,44.22040000000001,4.466200000000001,54.285714285714285
2944,85.53829999999999,3.613400000000013,61.42857142857143
2945,43.245299999999986,4.073900000000009,50.0
2946,64.57670000000002,7.2579000000000065,57.14285714285714
2947,78.87639999999999,4.814099999999968,68.57142857142857
2948,57.39269999999999,4.321600000000004,58.57142857142858
2949,77.54199999999997,2.7399000000000058,64.28571428571429
2950,46.05940000000001,5.565400000000011,50.0
2951,69.8416,2.7595000000000027,61.42857142857143
2952,58.675400000000025,3.5174999999999983,52.85714285714286
2953,23.701899999999995,6.1370000000000005,42.857142857142854
2954,45.45550000000003,5.128799999999998,48.57142857142857
2955,57.62710000000004,2.99290000000002,51.42857142857142
2956,62.29769999999999,3.599099999999993,61.42857142857143
2957,66.7312,1.7383000000000095,60.0
2958,42.38380000000001,4.1521999999999935,54.285714285714285
2959,50.22989999999999,5.852599999999967,51.42857142857142
2960,67.00479999999999,3.981099999999998,65.71428571428571
2961,56.64730000000003,3.998500000000007,48.57142857142857
2962,46.56559999999999,3.397900000000007,57.14285714285714
2963,59.7243,2.8950000000000102,60.0
2964,50.804299999999984,4.587599999999995,55.714285714285715
2965,54.654900000000026,6.048199999999994,54.285714285714285
2966,73.71909999999997,2.242199999999997,64.28571428571429
2967,29.72720000000001,7.15509999999999,45.714285714285715
2968,47.47340000000003,5.855599999999981,54.285714285714285
2969,43.72879999999998,5.984400000000008,48.57142857142857
2970,60.76849999999999,4.536600000000021,58.57142857142858
2971,93.45959999999997,3.980499999999978,72.85714285714285
2972,53.44720000000001,3.4555000000000007,61.42857142857143
2973,62.1643,3.3944000000000045,57.14285714285714
2974,40.0668,6.701699999999988,50.0
2975,66.28880000000001,4.203999999999979,58.57142857142858
2976,50.16840000000002,3.9187999999999903,52.85714285714286
2977,63.231600000000014,2.655600000000007,55.714285714285715
2978,55.83340000000001,3.3174000000000206,54.285714285714285
2979,62.00710000000001,6.260899999999992,57.14285714285714
2980,68.03040000000004,2.497799999999984,57.14285714285714
2981,78.28359999999998,6.388900000000007,57.14285714285714
2982,51.78199999999998,3.946799999999996,60.0
2983,41.96919999999997,5.6725999999999885,50.0
2984,35.64870000000002,5.825999999999993,38.57142857142858
2985,70.85519999999997,4.1614999999999895,61.42857142857143
2986,52.1148,3.805099999999996,57.14285714285714
2987,47.548400000000015,5.7505999999999915,48.57142857142857
2988,65.31010000000003,4.222899999999996,60.0
2989,73.0489,3.101300000000009,54.285714285714285
2990,55.86540000000002,3.2923000000000116,54.285714285714285
2991,79.969,2.417100000000005,60.0
2992,41.52689999999998,8.22539999999998,58.57142857142858
2993,50.30430000000001,4.478200000000001,51.42857142857142
2994,52.83300000000003,6.475899999999996,52.85714285714286
2995,59.15379999999999,3.5574000000000012,57.14285714285714
2996,59.643,4.487099999999998,57.14285714285714
2997,57.5386,2.8815000000000026,60.0
2998,55.41589999999999,2.8299999999999983,52.85714285714286
2999,56.45250000000004,2.6691999999999894,50.0
3000,54.8518,4.543899999999979,52.85714285714286
3001,69.56919999999997,3.7580000000000098,61.42857142857143
3002,80.44999999999999,3.2352000000000203,60.0
3003,67.6257,3.3260999999999967,61.42857142857143
3004,38.809500000000014,6.588999999999999,54.285714285714285
3005,64.49629999999999,3.9676999999999936,60.0
3006,61.51339999999999,3.3787999999999982,57.14285714285714
3007,49.638000000000005,4.563500000000005,48.57142857142857
3008,78.33839999999998,3.039800000000014,67.14285714285714
3009,62.63159999999999,4.801700000000011,55.714285714285715
3010,49.637399999999985,4.352300000000014,57.14285714285714
3011,70.99340000000004,2.7624000000000137,58.57142857142858
3012,59.6182,2.899099999999976,52.85714285714286
3013,71.8493,5.402299999999997,60.0
3014,54.26410000000001,3.4499999999999886,51.42857142857142
3015,46.50669999999997,9.156499999999994,55.714285714285715
3016,52.630799999999994,2.6777000000000157,55.714285714285715
3017,57.049199999999985,6.286900000000003,58.57142857142858
3018,50.0308,6.765299999999996,52.85714285714286
3019,51.96580000000003,5.322199999999995,52.85714285714286
3020,50.16839999999999,4.078400000000016,51.42857142857142
3021,61.838899999999995,7.706999999999994,50.0
3022,66.50710000000004,5.817200000000014,55.714285714285715
3023,31.120300000000015,4.535399999999996,48.57142857142857
3024,70.9932,2.977800000000002,60.0
3025,56.81790000000001,4.502600000000001,60.0
3026,50.16690000000003,4.752300000000005,55.714285714285715
3027,65.65890000000002,4.683499999999995,58.57142857142858
3028,54.100599999999986,5.270399999999995,54.285714285714285
3029,66.26650000000001,4.991,62.857142857142854
3030,47.24570000000003,4.3075999999999794,50.0
3031,55.1824,5.380800000000008,55.714285714285715
3032,63.09529999999998,3.551099999999991,57.14285714285714
3033,53.52959999999999,2.8618999999999915,61.42857142857143
3034,46.50720000000001,7.604900000000001,51.42857142857142
3035,56.98750000000001,4.7535000000000025,54.285714285714285
3036,65.36020000000002,6.706699999999998,57.14285714285714
3037,49.012,4.702200000000005,51.42857142857142
3038,24.2526,6.903800000000004,38.57142857142858
3039,49.1164,5.444499999999977,52.85714285714286
3040,50.39920000000001,7.322700000000026,54.285714285714285
3041,83.53999999999999,2.242200000000011,64.28571428571429
3042,76.1499,2.585199999999986,68.57142857142857
3043,41.592600000000004,5.434599999999989,50.0
3044,59.6396,2.9194999999999993,50.0
3045,48.96520000000001,3.9468000000000103,48.57142857142857
3046,60.528699999999986,4.021500000000003,58.57142857142858
3047,26.426300000000012,8.640200000000007,47.14285714285714
3048,54.197400000000016,3.0191999999999837,51.42857142857142
3049,82.25319999999999,3.248199999999997,64.28571428571429
3050,76.84009999999995,4.2753999999999905,64.28571428571429
3051,64.2027,3.5504999999999995,60.0
3052,75.56790000000001,2.9876999999999896,62.857142857142854
3053,43.5068,3.5289999999999964,47.14285714285714
3054,60.55769999999998,5.946600000000004,54.285714285714285
3055,65.59019999999998,4.244299999999981,57.14285714285714
3056,60.65389999999999,3.711200000000005,60.0
3057,40.42739999999998,5.293699999999987,50.0
3058,63.37270000000001,4.484399999999994,58.57142857142858
3059,58.302899999999994,2.5855999999999995,58.57142857142858
3060,59.16060000000002,3.7051999999999907,52.85714285714286
3061,57.5496,6.420599999999993,55.714285714285715
3062,75.45499999999998,3.8896000000000015,57.14285714285714
3063,48.691,3.8462000000000103,47.14285714285714
3064,58.85970000000003,3.4561000000000206,57.14285714285714
3065,70.45870000000002,4.230899999999991,65.71428571428571
3066,65.93829999999997,3.3996999999999957,60.0
3067,79.46699999999998,3.8662000000000063,67.14285714285714
3068,46.9374,3.569999999999993,47.14285714285714
3069,45.0984,6.2346,50.0
3070,78.20239999999995,4.181400000000025,64.28571428571429
3071,44.551800000000014,6.381800000000013,57.14285714285714
3072,42.67380000000003,6.635499999999993,52.85714285714286
3073,62.101699999999994,3.3286000000000087,65.71428571428571
3074,54.92809999999997,2.7476999999999947,51.42857142857142
3075,53.96800000000002,4.305199999999985,48.57142857142857
3076,61.5626,5.585099999999997,57.14285714285714
3077,32.923100000000005,9.0792,54.285714285714285
3078,51.70980000000003,4.270799999999994,52.85714285714286
3079,54.15590000000003,2.6495000000000033,55.714285714285715
3080,78.84470000000002,4.060699999999997,62.857142857142854
3081,63.425700000000006,3.6418999999999926,58.57142857142858
3082,81.48469999999998,3.1598999999999933,64.28571428571429
3083,49.88929999999999,5.816100000000006,57.14285714285714
3084,59.94730000000001,6.539199999999994,58.57142857142858
3085,61.413099999999986,4.220800000000011,60.0
3086,57.36450000000002,6.506699999999995,58.57142857142858
3087,49.64610000000002,3.6006000000000142,52.85714285714286
3088,71.71430000000001,1.738900000000001,62.857142857142854
3089,73.28829999999999,2.347500000000025,61.42857142857143
3090,56.55020000000002,3.9268000000000143,54.285714285714285
3091,62.17599999999999,6.406399999999991,57.14285714285714
3092,59.58930000000001,5.029600000000002,62.857142857142854
3093,58.86189999999999,5.026799999999994,61.42857142857143
3094,45.7201,4.580999999999989,50.0
3095,68.30439999999999,2.5797999999999917,64.28571428571429
3096,65.55219999999997,3.94440000000003,55.714285714285715
3097,70.43090000000001,2.4480000000000075,61.42857142857143
3098,68.95440000000002,2.9749999999999943,67.14285714285714
3099,43.012,4.290999999999997,51.42857142857142
3100,31.82389999999998,6.358499999999992,45.714285714285715
3101,67.69069999999999,4.677199999999999,58.57142857142858
3102,60.76280000000003,3.981099999999998,58.57142857142858
3103,36.77780000000001,9.235199999999992,47.14285714285714
3104,68.9767,3.797200000000032,57.14285714285714
3105,45.691599999999994,6.185500000000005,55.714285714285715
3106,47.45319999999998,5.006599999999992,61.42857142857143
3107,34.06740000000002,7.421599999999998,47.14285714285714
3108,39.29110000000003,5.0083000000000055,50.0
3109,45.77350000000001,3.1303999999999945,54.285714285714285
3110,61.155699999999996,9.051499999999976,57.14285714285714
3111,53.940499999999986,3.0324999999999704,58.57142857142858
3112,83.67629999999997,2.5283000000000015,67.14285714285714
3113,69.1625,3.667900000000003,60.0
3114,63.3716,2.3401000000000067,58.57142857142858
3115,51.4221,3.5923000000000087,48.57142857142857
3116,46.497299999999996,4.8279,45.714285714285715
3117,67.12490000000003,5.0534999999999854,61.42857142857143
3118,70.2064,4.116899999999987,58.57142857142858
3119,58.63560000000001,2.8289000000000044,55.714285714285715
3120,66.73849999999999,7.238299999999995,64.28571428571429
3121,50.98479999999998,3.2262000000000057,50.0
3122,48.223900000000015,6.168700000000001,55.714285714285715
3123,63.365700000000004,5.22229999999999,61.42857142857143
3124,56.40299999999999,3.565100000000001,50.0
3125,56.30329999999998,4.130799999999994,57.14285714285714
3126,66.45400000000001,4.840600000000023,55.714285714285715
3127,68.79309999999998,3.795500000000004,48.57142857142857
3128,39.082899999999995,6.390000000000015,45.714285714285715
3129,52.27000000000004,6.953699999999984,55.714285714285715
3130,60.59979999999999,4.3910999999999945,57.14285714285714
3131,59.9237,3.007499999999993,58.57142857142858
3132,59.21389999999997,3.0220999999999947,57.14285714285714
3133,36.61779999999999,6.468099999999993,44.285714285714285
3134,61.176600000000036,5.420099999999991,48.57142857142857
3135,48.699299999999994,5.450999999999993,55.714285714285715
3136,43.481899999999996,4.944299999999998,57.14285714285714
3137,68.0806,3.06989999999999,57.14285714285714
3138,39.140799999999984,4.607900000000001,51.42857142857142
3139,88.44560000000001,4.478099999999998,65.71428571428571
3140,68.3872,5.287700000000001,57.14285714285714
3141,74.46600000000001,2.9214999999999804,70.0
3142,58.82050000000001,3.7876999999999725,60.0
3143,44.400800000000004,3.811700000000002,47.14285714285714
3144,51.1679,3.9342999999999932,48.57142857142857
3145,68.14910000000003,6.5420999999999765,61.42857142857143
3146,45.5018,6.536299999999997,60.0
3147,78.02589999999998,3.951699999999988,60.0
3148,79.07869999999997,2.135600000000011,65.71428571428571
3149,74.29479999999998,2.5283000000000015,57.14285714285714
3150,66.72290000000001,9.200000000000003,58.57142857142858
3151,61.45400000000001,5.137199999999979,48.57142857142857
3152,60.1995,4.713700000000003,57.14285714285714
3153,42.2518,7.666799999999995,54.285714285714285
3154,67.79760000000002,5.7346,54.285714285714285
3155,69.77440000000001,2.937000000000012,60.0
3156,60.486699999999985,2.6529000000000025,58.57142857142858
3157,40.11089999999999,4.337400000000002,42.857142857142854
3158,82.70930000000004,2.3703999999999894,64.28571428571429
3159,44.21690000000001,7.702300000000008,47.14285714285714
3160,64.02140000000003,4.614699999999999,58.57142857142858
3161,58.54730000000001,4.61160000000001,51.42857142857142
3162,39.51429999999999,6.948700000000002,55.714285714285715
3163,31.394900000000007,5.159400000000005,50.0
3164,63.060599999999994,3.121499999999969,55.714285714285715
3165,88.01589999999999,2.3446,68.57142857142857
3166,61.391099999999966,6.8670999999999935,55.714285714285715
3167,40.442800000000005,4.1813999999999965,54.285714285714285
3168,45.347500000000025,3.6791000000000054,54.285714285714285
3169,53.725300000000004,2.777699999999996,52.85714285714286
3170,44.922499999999985,6.394999999999996,47.14285714285714
3171,84.58459999999997,3.5357000000000056,74.28571428571429
3172,68.69409999999999,5.7853000000000065,60.0
3173,34.69460000000001,5.129400000000004,48.57142857142857
3174,59.57360000000003,5.320399999999978,50.0
3175,70.90800000000002,2.851399999999984,60.0
3176,62.1481,1.973399999999998,54.285714285714285
3177,50.43270000000001,4.100300000000004,45.714285714285715
3178,63.11850000000001,3.446399999999997,60.0
3179,62.47059999999999,3.4005000000000223,52.85714285714286
3180,66.49170000000001,2.7271999999999963,60.0
3181,46.5573,7.602099999999979,51.42857142857142
3182,62.33790000000002,4.027300000000011,54.285714285714285
3183,56.9674,3.6500000000000057,50.0
3184,50.122900000000016,3.1916999999999973,51.42857142857142
3185,41.05339999999998,4.493700000000004,54.285714285714285
3186,68.52030000000002,3.1593000000000018,65.71428571428571
3187,58.34060000000002,3.5537999999999954,57.14285714285714
3188,50.46609999999998,6.231500000000011,55.714285714285715
3189,68.51419999999996,4.1174000000000035,58.57142857142858
3190,59.559199999999976,5.076099999999997,57.14285714285714
3191,76.4339,3.046399999999977,67.14285714285714
3192,43.1387,6.2774,48.57142857142857
3193,29.10239999999999,8.45490000000001,45.714285714285715
3194,45.72089999999997,4.738799999999998,52.85714285714286
3195,67.02729999999997,3.602099999999993,58.57142857142858
3196,59.61089999999999,4.42470000000003,68.57142857142857
3197,55.91069999999999,2.8378000000000014,57.14285714285714
3198,45.1045,5.612499999999983,55.714285714285715
3199,73.89589999999998,4.569900000000004,62.857142857142854
3200,60.8262,3.7117000000000075,58.57142857142858
3201,28.930300000000017,8.927499999999995,45.714285714285715
3202,37.77720000000002,8.759699999999995,51.42857142857142
3203,44.9607,3.8184000000000253,47.14285714285714
3204,50.536099999999976,4.3992000000000075,51.42857142857142
3205,55.30630000000002,3.859199999999987,51.42857142857142
3206,61.25180000000003,3.981099999999998,61.42857142857143
3207,53.793800000000005,6.981099999999998,55.714285714285715
3208,70.13380000000001,3.4342000000000326,64.28571428571429
3209,59.26950000000005,3.2161000000000115,54.285714285714285
3210,63.44810000000001,5.497600000000006,58.57142857142858
3211,64.83690000000001,3.477800000000002,60.0
3212,42.68889999999999,3.8673,47.14285714285714
3213,64.65860000000004,2.925700000000006,64.28571428571429
3214,56.588899999999995,3.5446000000000026,51.42857142857142
3215,73.88810000000001,2.7398999999999916,55.714285714285715
3216,54.52709999999999,3.5966999999999985,55.714285714285715
3217,47.66050000000001,6.000499999999988,48.57142857142857
3218,74.0377,2.4695000000000107,65.71428571428571
3219,47.22700000000003,5.471499999999992,51.42857142857142
3220,43.696800000000025,4.709000000000003,52.85714285714286
3221,50.51349999999999,5.078000000000003,51.42857142857142
3222,62.0523,4.245400000000004,57.14285714285714
3223,57.51170000000002,4.873500000000007,62.857142857142854
3224,57.95979999999997,3.0600999999999914,58.57142857142858
3225,60.22659999999999,3.7265999999999906,58.57142857142858
3226,52.126599999999996,4.637100000000004,51.42857142857142
3227,49.766099999999994,6.742999999999995,57.14285714285714
3228,56.713899999999995,4.452199999999991,52.85714285714286
3229,46.393,4.0216000000000065,47.14285714285714
3230,66.75709999999998,3.8514999999999873,61.42857142857143
3231,50.01129999999998,3.6563999999999908,55.714285714285715
3232,60.46199999999999,4.7021000000000015,61.42857142857143
3233,45.69709999999998,4.748199999999997,48.57142857142857
3234,65.8083,2.242199999999997,55.714285714285715
3235,68.93,6.329100000000011,55.714285714285715
3236,22.431200000000004,10.928699999999992,45.714285714285715
3237,72.26619999999997,2.7637,61.42857142857143
3238,62.088300000000004,6.101200000000006,51.42857142857142
3239,65.95830000000001,4.251000000000005,62.857142857142854
3240,58.699299999999994,5.257800000000003,58.57142857142858
3241,46.158799999999985,9.14330000000001,54.285714285714285
3242,41.65609999999998,4.030000000000001,52.85714285714286
3243,67.6137,4.770999999999987,61.42857142857143
3244,55.959700000000026,3.136299999999977,57.14285714285714
3245,62.77680000000001,4.961200000000019,58.57142857142858
3246,78.86519999999996,1.738900000000001,55.714285714285715
3247,68.06800000000004,4.153999999999996,57.14285714285714
3248,75.04829999999998,2.994099999999989,58.57142857142858
3249,71.23269999999997,4.74069999999999,61.42857142857143
3250,35.10910000000001,6.3111999999999995,50.0
3251,62.935900000000004,2.2422000000000253,64.28571428571429
3252,65.96429999999998,3.059100000000001,61.42857142857143
3253,65.39069999999998,3.297499999999985,60.0
3254,73.62379999999999,4.620399999999989,60.0
3255,65.71170000000001,5.117999999999995,61.42857142857143
3256,50.74259999999998,5.306900000000013,51.42857142857142
3257,49.8886,7.108800000000002,51.42857142857142
3258,49.73060000000001,3.0601000000000056,51.42857142857142
3259,48.88070000000002,6.424300000000002,50.0
3260,81.86079999999998,1.9734000000000265,65.71428571428571
3261,61.66890000000001,6.575399999999988,54.285714285714285
3262,48.95230000000001,5.441800000000001,54.285714285714285
3263,54.91220000000001,3.2309999999999945,54.285714285714285
3264,31.7637,5.5634000000000015,48.57142857142857
3265,39.21370000000002,3.341700000000003,51.42857142857142
3266,52.2251,3.8246000000000038,51.42857142857142
3267,57.94920000000002,3.380899999999997,61.42857142857143
3268,77.34109999999998,2.7608000000000175,62.857142857142854
3269,46.071799999999996,3.58720000000001,54.285714285714285
3270,58.18339999999998,2.5241999999999933,64.28571428571429
3271,57.855999999999995,4.663600000000002,58.57142857142858
3272,72.79509999999999,3.427099999999996,55.714285714285715
3273,41.759000000000015,5.136100000000013,51.42857142857142
3274,47.866600000000005,6.9883000000000095,54.285714285714285
3275,67.84050000000002,5.740399999999994,57.14285714285714
3276,53.4153,6.306600000000003,61.42857142857143
3277,62.56540000000001,3.191900000000018,58.57142857142858
3278,62.642799999999994,5.026100000000014,55.714285714285715
3279,58.51589999999999,4.4483000000000175,60.0
3280,45.8707,4.060299999999984,47.14285714285714
3281,74.89859999999999,3.8500999999999976,61.42857142857143
3282,80.69209999999998,3.7761999999999887,67.14285714285714
3283,16.507599999999996,9.06750000000001,41.42857142857143
3284,40.30029999999999,4.369700000000009,55.714285714285715
3285,73.68339999999998,3.2319999999999993,58.57142857142858
3286,43.95090000000005,11.462299999999999,44.285714285714285
3287,52.38159999999999,2.9084000000000003,48.57142857142857
3288,69.9854,3.460799999999992,60.0
3289,62.79049999999998,3.5700000000000074,58.57142857142858
3290,43.23710000000003,8.407299999999992,51.42857142857142
3291,42.2936,5.629000000000019,51.42857142857142
3292,57.36150000000001,4.653800000000004,51.42857142857142
3293,67.3322,6.056899999999985,65.71428571428571
3294,54.866799999999984,3.667900000000003,52.85714285714286
3295,49.59809999999999,4.249600000000001,57.14285714285714
3296,45.710199999999986,6.720600000000005,48.57142857142857
3297,57.49189999999999,4.2209,54.285714285714285
3298,51.39589999999998,5.630800000000008,48.57142857142857
3299,86.40729999999996,3.56189999999998,72.85714285714285
3300,74.85729999999998,3.7636999999999716,62.857142857142854
3301,97.98039999999997,3.467300000000023,71.42857142857143
3302,55.10630000000003,2.8582000000000107,50.0
3303,51.96970000000002,3.1108999999999867,54.285714285714285
3304,48.7852,4.0438000000000045,58.57142857142858
3305,71.71289999999999,5.917000000000002,55.714285714285715
3306,57.74470000000002,4.586799999999997,57.14285714285714
3307,49.264399999999995,4.049900000000008,54.285714285714285
3308,63.257300000000015,3.2375000000000114,58.57142857142858
3309,41.50569999999999,4.318100000000001,54.285714285714285
3310,50.2543,4.85269999999997,58.57142857142858
3311,25.586700000000008,4.568899999999999,42.857142857142854
3312,66.2815,3.647800000000018,58.57142857142858
3313,81.8175,3.2210000000000036,55.714285714285715
3314,43.91380000000001,6.820700000000016,52.85714285714286
3315,88.0736,2.41640000000001,68.57142857142857
3316,55.2371,3.5183999999999997,60.0
3317,69.62540000000001,3.1326999999999714,52.85714285714286
3318,53.442800000000005,3.507499999999993,58.57142857142858
3319,40.68440000000001,7.741299999999995,48.57142857142857
3320,37.8614,4.356500000000011,57.14285714285714
3321,53.2286,3.94080000000001,52.85714285714286
3322,39.6841,5.4726,47.14285714285714
3323,63.99100000000004,3.938199999999995,57.14285714285714
3324,65.55440000000004,5.258299999999991,60.0
3325,53.61530000000002,4.554699999999997,50.0
3326,60.49260000000001,3.8406999999999982,57.14285714285714
3327,83.33449999999999,2.631200000000007,62.857142857142854
3328,72.04520000000002,3.981099999999998,60.0
3329,56.10430000000002,6.464399999999998,57.14285714285714
3330,72.1098,2.7158000000000015,60.0
3331,62.02820000000003,4.259499999999974,52.85714285714286
3332,77.39389999999997,2.610600000000005,57.14285714285714
3333,46.83240000000001,5.768300000000011,50.0
3334,70.00459999999998,3.3736999999999995,60.0
3335,77.4976,1.491500000000002,62.857142857142854
3336,63.17659999999998,3.933799999999991,60.0
3337,76.11220000000003,1.973399999999998,52.85714285714286
3338,33.62950000000001,3.712299999999999,47.14285714285714
3339,81.40289999999999,2.311000000000007,70.0
3340,62.446,4.938099999999963,58.57142857142858
3341,68.79309999999998,2.3303000000000083,55.714285714285715
3342,67.20519999999999,2.748800000000003,55.714285714285715
3343,57.87640000000002,4.313500000000005,62.857142857142854
3344,48.279799999999994,4.4117999999999995,50.0
3345,40.871999999999986,5.301699999999997,51.42857142857142
3346,60.71100000000001,4.527999999999992,54.285714285714285
3347,48.358299999999986,2.949799999999982,54.285714285714285
3348,55.220999999999975,4.972899999999996,55.714285714285715
3349,92.26169999999996,2.8814999999999884,67.14285714285714
3350,52.552899999999994,4.9500999999999635,51.42857142857142
3351,62.473299999999995,5.377900000000011,54.285714285714285
3352,70.28219999999999,3.9793999999999983,62.857142857142854
3353,33.95400000000001,6.6825000000000045,42.857142857142854
3354,60.876900000000006,2.7405000000000257,58.57142857142858
3355,61.59880000000001,5.520399999999995,57.14285714285714
3356,52.760200000000026,5.19980000000001,54.285714285714285
3357,40.50010000000003,7.4491999999999905,42.857142857142854
3358,36.40719999999999,7.251000000000005,47.14285714285714
3359,42.822400000000016,5.318399999999997,51.42857142857142
3360,41.6866,6.461299999999994,55.714285714285715
3361,57.49139999999997,4.380300000000005,58.57142857142858
3362,38.245300000000015,7.374299999999991,50.0
3363,15.735199999999992,6.492699999999999,40.0
3364,62.90719999999999,3.6288999999999874,58.57142857142858
3365,64.49730000000002,2.3632999999999953,58.57142857142858
3366,43.8304,6.296000000000021,47.14285714285714
3367,41.98310000000001,3.6203000000000145,50.0
3368,37.348600000000005,7.721599999999995,44.285714285714285
3369,67.18330000000003,3.584699999999998,60.0
3370,42.78369999999998,3.6544000000000096,55.714285714285715
3371,32.62560000000002,5.3369,38.57142857142858
3372,44.19330000000002,3.9321000000000055,48.57142857142857
3373,60.67930000000001,5.826600000000013,61.42857142857143
3374,38.06299999999999,4.041399999999996,47.14285714285714
3375,28.30080000000001,7.180899999999994,50.0
3376,56.5171,4.849199999999996,54.285714285714285
3377,56.434,4.205699999999979,51.42857142857142
3378,92.02789999999999,3.9335000000000093,60.0
3379,67.20160000000001,3.248199999999997,68.57142857142857
3380,75.326,4.238299999999995,55.714285714285715
3381,56.1936,4.582799999999992,52.85714285714286
3382,78.30539999999996,1.988900000000001,65.71428571428571
3383,50.82420000000002,4.969200000000001,58.57142857142858
3384,63.273300000000006,4.951700000000002,61.42857142857143
3385,60.57909999999998,2.6469999999999914,61.42857142857143
3386,73.96010000000001,2.883199999999988,57.14285714285714
3387,48.83070000000001,5.520799999999994,51.42857142857142
3388,62.3698,5.436000000000007,58.57142857142858
3389,61.14429999999999,2.184100000000001,55.714285714285715
3390,45.4358,3.1593000000000018,51.42857142857142
3391,67.26500000000001,3.5844000000000165,61.42857142857143
3392,39.4289,5.1644000000000005,52.85714285714286
3393,35.710800000000006,4.900699999999986,48.57142857142857
3394,71.77169999999998,3.5489000000000033,55.714285714285715
3395,62.29069999999996,5.119699999999995,58.57142857142858
3396,44.0573,3.903499999999994,50.0
3397,81.8571,5.907600000000002,67.14285714285714
3398,52.7013,6.137500000000003,52.85714285714286
3399,43.317800000000005,8.363699999999994,44.285714285714285
3400,41.7851,8.095299999999995,52.85714285714286
3401,59.4555,2.9458999999999946,51.42857142857142
3402,56.23659999999998,3.8663999999999987,55.714285714285715
3403,82.81989999999996,2.741500000000002,64.28571428571429
3404,55.8672,3.10029999999999,54.285714285714285
3405,39.3707,5.065100000000001,52.85714285714286
3406,60.93020000000001,3.142799999999994,60.0
3407,82.2638,3.3318999999999903,65.71428571428571
3408,87.22230000000002,3.1454999999999984,62.857142857142854
3409,66.12,3.216399999999993,64.28571428571429
3410,63.9366,2.242199999999997,58.57142857142858
3411,40.5146,4.558700000000002,52.85714285714286
3412,81.15950000000004,2.989599999999996,62.857142857142854
3413,64.0145,3.335000000000008,51.42857142857142
3414,38.741000000000014,5.880000000000024,54.285714285714285
3415,76.58679999999998,3.9739000000000146,62.857142857142854
3416,46.2997,4.205199999999991,51.42857142857142
3417,47.60289999999998,4.834699999999998,54.285714285714285
3418,39.348899999999986,7.575800000000001,51.42857142857142
3419,73.5146,5.400000000000006,58.57142857142858
3420,57.685,5.669000000000011,52.85714285714286
3421,25.342700000000008,9.516199999999998,45.714285714285715
3422,61.02959999999999,2.655600000000021,52.85714285714286
3423,51.81740000000002,6.2853000000000065,54.285714285714285
3424,61.03370000000001,6.419899999999998,61.42857142857143
3425,81.58309999999997,3.5777999999999963,61.42857142857143
3426,90.12119999999999,5.224800000000016,68.57142857142857
3427,66.66249999999997,4.244500000000016,55.714285714285715
3428,50.96809999999999,6.227499999999992,54.285714285714285
3429,53.55459999999999,4.5175000000000125,57.14285714285714
3430,65.7355,3.091700000000003,65.71428571428571
3431,85.1481,4.172600000000017,62.857142857142854
3432,59.6311,5.93889999999999,57.14285714285714
3433,45.78460000000001,4.096000000000004,57.14285714285714
3434,67.64280000000002,6.637500000000003,61.42857142857143
3435,56.4152,4.122600000000006,60.0
3436,47.76060000000001,4.834599999999995,54.285714285714285
3437,57.175099999999986,2.4953999999999894,55.714285714285715
3438,53.34390000000002,5.544499999999999,62.857142857142854
3439,65.43610000000001,2.798000000000002,61.42857142857143
3440,81.15250000000003,3.22829999999999,58.57142857142858
3441,53.566100000000006,2.894999999999996,54.285714285714285
3442,51.69499999999999,9.621700000000004,52.85714285714286
3443,58.5239,4.58280000000002,57.14285714285714
3444,61.02029999999999,3.8673999999999893,58.57142857142858
3445,59.724199999999996,8.242500000000007,51.42857142857142
3446,65.44899999999996,2.7726000000000113,57.14285714285714
3447,44.30940000000001,3.3055999999999983,51.42857142857142
3448,56.622000000000014,8.093699999999984,57.14285714285714
3449,37.026400000000024,6.1222000000000065,48.57142857142857
3450,48.67360000000002,4.865700000000004,45.714285714285715
3451,17.423300000000012,8.890799999999999,51.42857142857142
3452,51.487300000000005,4.3078,58.57142857142858
3453,43.345200000000006,9.185699999999997,52.85714285714286
3454,59.328100000000006,2.531000000000006,58.57142857142858
3455,43.55709999999999,4.982100000000003,54.285714285714285
3456,60.6952,4.963700000000003,55.714285714285715
3457,46.81800000000001,4.153599999999997,54.285714285714285
3458,64.46949999999998,2.4044000000000096,55.714285714285715
3459,45.0025,6.811999999999983,51.42857142857142
3460,49.914500000000004,3.884900000000002,52.85714285714286
3461,48.250099999999975,5.824200000000005,48.57142857142857
3462,65.25999999999999,2.464499999999987,52.85714285714286
3463,66.8818,3.3011999999999944,57.14285714285714
3464,33.96610000000001,5.837099999999992,52.85714285714286
3465,83.76169999999996,2.729200000000006,64.28571428571429
3466,42.611699999999985,3.6891999999999996,42.857142857142854
3467,43.093500000000006,4.077499999999986,52.85714285714286
3468,54.56900000000002,3.4545999999999992,55.714285714285715
3469,64.03539999999998,3.020399999999995,61.42857142857143
3470,70.2416,4.079000000000008,58.57142857142858
3471,53.66500000000002,4.165600000000012,55.714285714285715
3472,86.44299999999998,2.466700000000003,61.42857142857143
3473,62.09160000000003,2.738500000000002,65.71428571428571
3474,63.228200000000015,2.6707999999999856,52.85714285714286
3475,58.54390000000001,4.079000000000008,57.14285714285714
3476,37.615700000000004,3.712299999999999,45.714285714285715
3477,48.047799999999995,3.4772000000000105,52.85714285714286
3478,45.11580000000001,4.578699999999998,42.857142857142854
3479,63.512,5.113199999999978,54.285714285714285
3480,63.47189999999998,4.288800000000009,50.0
3481,56.43730000000002,4.1311999999999784,50.0
3482,50.5429,3.859099999999998,57.14285714285714
3483,53.27199999999999,5.13069999999999,55.714285714285715
3484,53.03539999999998,3.1604999999999848,57.14285714285714
3485,68.7293,2.062400000000011,57.14285714285714
3486,55.40039999999999,4.136399999999995,55.714285714285715
3487,61.4648,3.861699999999985,52.85714285714286
3488,64.99279999999999,3.7737999999999943,51.42857142857142
3489,75.4477,2.89579999999998,60.0
3490,73.49790000000002,3.602800000000002,55.714285714285715
3491,56.781800000000004,4.602000000000004,48.57142857142857
3492,36.46469999999999,7.183399999999992,50.0
3493,68.87689999999998,4.151199999999989,55.714285714285715
3494,64.00580000000002,2.8159999999999883,57.14285714285714
3495,21.8733,5.528499999999994,45.714285714285715
3496,65.59879999999998,4.8519000000000005,60.0
3497,62.44720000000001,4.242199999999968,60.0
3498,35.50389999999999,5.3763000000000005,48.57142857142857
3499,65.22969999999998,3.83059999999999,60.0
3500,32.59300000000002,6.634,50.0
3501,48.917,5.356800000000007,45.714285714285715
3502,63.28390000000002,3.147599999999997,54.285714285714285
3503,45.647200000000026,5.719399999999993,55.714285714285715
3504,64.48169999999999,3.7697000000000003,61.42857142857143
3505,86.66969999999998,2.003200000000021,67.14285714285714
3506,48.7268,7.114599999999996,57.14285714285714
3507,45.457300000000004,3.770799999999994,52.85714285714286
3508,69.24309999999994,3.2482000000000255,62.857142857142854
3509,47.38409999999999,9.127600000000001,54.285714285714285
3510,43.6918,3.712299999999999,57.14285714285714
3511,38.87870000000001,4.357399999999998,50.0
3512,51.71440000000004,4.282899999999984,48.57142857142857
3513,48.2655,8.096800000000002,50.0
3514,46.504400000000004,4.7363,57.14285714285714
3515,85.00389999999999,2.3401000000000067,64.28571428571429
3516,58.1987,3.1304000000000087,60.0
3517,32.60929999999999,6.007800000000003,51.42857142857142
3518,49.30430000000001,5.319500000000005,52.85714285714286
3519,69.66559999999998,4.086600000000004,60.0
3520,66.3032,3.341700000000003,58.57142857142858
3521,65.91930000000002,2.836199999999991,54.285714285714285
3522,63.8878,2.502299999999991,60.0
3523,44.851999999999975,3.6058999999999912,55.714285714285715
3524,33.41759999999999,5.014099999999999,45.714285714285715
3525,37.78989999999999,4.811499999999995,57.14285714285714
3526,42.59129999999999,7.951700000000002,51.42857142857142
3527,82.21019999999999,3.3363000000000085,64.28571428571429
3528,40.626000000000005,5.399500000000003,48.57142857142857
3529,67.30790000000002,3.7117000000000075,62.857142857142854
3530,45.37719999999999,3.7190999999999974,54.285714285714285
3531,68.78700000000006,3.563199999999995,64.28571428571429
3532,65.4819,6.151199999999989,54.285714285714285
3533,40.470699999999994,3.3313999999999737,52.85714285714286
3534,32.1506,5.362200000000001,47.14285714285714
3535,42.745299999999986,4.648799999999994,55.714285714285715
3536,74.97970000000004,7.606399999999979,60.0
3537,84.02179999999998,2.953600000000023,64.28571428571429
3538,67.29820000000001,2.3599999999999994,55.714285714285715
3539,47.28460000000001,7.618399999999994,47.14285714285714
3540,47.230500000000006,5.039500000000004,54.285714285714285
3541,59.0205,4.723500000000001,57.14285714285714
3542,79.1106,2.6363000000000056,70.0
3543,54.60630000000003,3.663199999999989,51.42857142857142
3544,41.75370000000001,4.722199999999987,52.85714285714286
3545,61.7482,4.476400000000012,58.57142857142858
3546,49.45780000000002,5.458999999999975,50.0
3547,81.7473,1.973399999999998,65.71428571428571
3548,46.9409,3.767700000000005,51.42857142857142
3549,52.9109,2.3400999999999783,51.42857142857142
3550,65.54399999999998,5.1071999999999775,60.0
3551,56.13730000000001,5.283299999999969,57.14285714285714
3552,54.09970000000001,4.123700000000014,60.0
3553,71.287,3.8880000000000052,60.0
3554,67.34609999999998,4.587499999999977,55.714285714285715
3555,43.45610000000002,4.793300000000016,50.0
3556,40.203400000000016,7.054299999999984,51.42857142857142
3557,65.31209999999999,3.5264000000000095,60.0
3558,61.43900000000002,3.1503000000000014,62.857142857142854
3559,64.10499999999999,3.981099999999998,58.57142857142858
3560,38.0394,3.7340999999999838,50.0
3561,62.95350000000002,8.985500000000002,51.42857142857142
3562,56.683899999999994,3.515000000000015,54.285714285714285
3563,44.34019999999998,4.660200000000003,52.85714285714286
3564,65.08769999999998,3.654699999999991,60.0
3565,73.33319999999998,4.742699999999999,62.857142857142854
3566,48.400800000000004,6.5516999999999825,55.714285714285715
3567,69.64769999999999,2.5237000000000194,64.28571428571429
3568,66.9159,4.321700000000007,58.57142857142858
3569,71.15679999999998,4.6466000000000065,64.28571428571429
3570,25.88300000000001,6.279899999999998,47.14285714285714
3571,67.10290000000003,2.919000000000011,58.57142857142858
3572,45.73219999999998,4.454599999999999,57.14285714285714
3573,62.724999999999994,3.7686999999999955,50.0
3574,46.4426,2.9658000000000015,51.42857142857142
3575,43.84559999999999,6.475899999999967,58.57142857142858
3576,84.09640000000002,3.9372000000000043,60.0
3577,47.30360000000002,7.175000000000011,48.57142857142857
3578,51.760999999999996,2.7073000000000036,57.14285714285714
3579,28.63390000000001,4.41879999999999,44.285714285714285
3580,51.299199999999985,2.901299999999992,55.714285714285715
3581,33.515799999999984,5.166499999999999,51.42857142857142
3582,56.332300000000004,3.6273999999999944,57.14285714285714
3583,56.086299999999994,3.8941999999999837,62.857142857142854
3584,42.17070000000001,4.781700000000001,55.714285714285715
3585,61.7929,4.215599999999995,58.57142857142858
3586,58.44640000000001,3.33720000000001,60.0
3587,43.08609999999999,4.802399999999992,50.0
3588,46.025800000000004,8.181299999999993,58.57142857142858
3589,49.24979999999999,8.613100000000003,47.14285714285714
3590,62.84879999999998,4.350700000000003,57.14285714285714
3591,48.36789999999999,8.987099999999998,54.285714285714285
3592,44.719899999999996,3.903400000000005,45.714285714285715
3593,78.80649999999997,2.9750000000000227,58.57142857142858
3594,49.3535,4.435199999999995,55.714285714285715
3595,85.24540000000002,2.8537000000000035,62.857142857142854
3596,80.12469999999996,3.0976,62.857142857142854
3597,62.8304,2.502299999999991,60.0
3598,52.21350000000001,3.7661999999999978,54.285714285714285
3599,87.4049,2.0031999999999925,64.28571428571429
3600,48.44479999999999,2.58359999999999,60.0
3601,47.559200000000004,5.95859999999999,50.0
3602,71.54500000000002,2.985299999999995,60.0
3603,78.77399999999997,3.4148999999999887,62.857142857142854
3604,38.259900000000016,13.970799999999997,44.285714285714285
3605,22.101000000000013,7.048999999999992,42.857142857142854
3606,65.20410000000001,2.8814999999999884,61.42857142857143
3607,77.80890000000002,2.5478999999999985,60.0
3608,66.7604,2.9798999999999864,61.42857142857143
3609,37.64620000000002,5.239500000000007,48.57142857142857
3610,37.982500000000016,2.242199999999997,52.85714285714286
3611,56.233600000000024,2.3401000000000067,54.285714285714285
3612,66.63049999999998,3.3289000000000044,64.28571428571429
3613,50.31279999999998,7.733800000000002,51.42857142857142
3614,33.863,6.7072,45.714285714285715
3615,65.82929999999999,3.7905000000000086,61.42857142857143
3616,20.5672,6.0493999999999915,42.857142857142854
3617,83.12410000000006,4.450299999999999,64.28571428571429
3618,32.640600000000006,4.2483999999999895,45.714285714285715
3619,67.80279999999999,4.644599999999997,62.857142857142854
3620,56.803200000000004,4.516900000000021,51.42857142857142
3621,61.77570000000003,2.9724999999999966,55.714285714285715
3622,28.91380000000001,6.970700000000008,45.714285714285715
3623,39.1335,4.0634000000000015,51.42857142857142
3624,55.15350000000001,7.880200000000002,52.85714285714286
3625,58.872600000000034,2.3401000000000067,54.285714285714285
3626,59.68969999999999,5.215500000000006,61.42857142857143
3627,69.71910000000003,3.6128999999999962,60.0
3628,65.96809999999999,6.100699999999989,58.57142857142858
3629,75.38710000000003,5.541699999999992,60.0
3630,37.03580000000002,4.430099999999982,47.14285714285714
3631,43.49880000000002,7.389399999999995,47.14285714285714
3632,73.2836,4.579399999999964,58.57142857142858
3633,56.98479999999998,5.808099999999996,55.714285714285715
3634,54.505600000000044,3.824099999999987,52.85714285714286
3635,65.18329999999997,3.0552000000000135,61.42857142857143
3636,52.686800000000005,6.4354999999999905,52.85714285714286
3637,56.21700000000001,2.242199999999997,55.714285714285715
3638,27.204499999999996,5.793300000000002,50.0
3639,17.297799999999995,15.681200000000004,41.42857142857143
3640,54.955900000000014,2.894999999999996,54.285714285714285
3641,47.743600000000015,5.013799999999975,45.714285714285715
3642,46.04510000000002,4.576000000000008,47.14285714285714
3643,62.41729999999998,5.623200000000011,64.28571428571429
3644,53.28489999999999,7.40130000000002,55.714285714285715
3645,53.20410000000001,3.8300999999999874,55.714285714285715
3646,54.66660000000002,4.552399999999977,54.285714285714285
3647,65.60500000000002,5.079999999999984,60.0
3648,64.76619999999997,3.06989999999999,52.85714285714286
3649,53.76229999999998,3.0645999999999844,54.285714285714285
3650,61.69210000000001,2.840900000000005,52.85714285714286
3651,34.39500000000001,6.107900000000001,47.14285714285714
3652,40.93289999999999,4.239699999999999,48.57142857142857
3653,57.08819999999997,4.987899999999996,57.14285714285714
3654,39.99889999999999,5.319800000000001,58.57142857142858
3655,58.25619999999998,4.616900000000001,57.14285714285714
3656,70.8184,2.8840999999999894,60.0
3657,90.32499999999999,1.738900000000001,62.857142857142854
3658,34.7509,6.286699999999996,51.42857142857142
3659,22.445600000000013,11.649199999999993,40.0
3660,61.7953,2.8406999999999982,61.42857142857143
3661,44.45440000000002,4.233699999999999,51.42857142857142
3662,58.43090000000001,4.716799999999978,55.714285714285715
3663,44.62180000000001,2.7073000000000036,52.85714285714286
3664,69.80799999999999,2.3766999999999996,64.28571428571429
3665,64.21120000000002,4.701199999999972,61.42857142857143
3666,53.516400000000004,4.165099999999995,57.14285714285714
3667,63.43519999999998,4.350699999999989,60.0
3668,45.71549999999999,5.755799999999994,57.14285714285714
3669,69.68170000000003,3.066100000000006,62.857142857142854
3670,66.07069999999999,3.6632000000000176,60.0
3671,65.66080000000002,1.9687000000000126,58.57142857142858
3672,48.441900000000004,3.7535000000000025,50.0
3673,61.65530000000001,2.511099999999999,58.57142857142858
3674,59.593200000000024,4.083500000000015,54.285714285714285
3675,68.49969999999996,4.457799999999992,61.42857142857143
3676,54.0266,3.9072999999999922,50.0
3677,55.691400000000016,2.3401000000000067,55.714285714285715
3678,51.6626,2.311000000000007,50.0
3679,88.16039999999998,4.231599999999986,60.0
3680,60.50670000000002,3.466899999999981,55.714285714285715
3681,13.765500000000003,15.075800000000001,40.0
3682,93.36019999999999,3.8829000000000065,62.857142857142854
3683,64.28679999999997,7.257999999999996,62.857142857142854
3684,59.4999,3.740399999999994,58.57142857142858
3685,60.89620000000002,2.9432999999999936,54.285714285714285
3686,73.69350000000003,5.401499999999999,62.857142857142854
3687,42.82420000000002,3.105400000000003,47.14285714285714
3688,50.223299999999995,4.1392999999999915,44.285714285714285
3689,62.560100000000006,5.196100000000001,57.14285714285714
3690,41.65820000000002,4.261600000000016,52.85714285714286
3691,56.58359999999999,4.198799999999991,62.857142857142854
3692,46.29050000000001,4.296800000000019,54.285714285714285
3693,54.17409999999998,3.1998999999999853,62.857142857142854
3694,54.87540000000001,2.6661,58.57142857142858
3695,25.872500000000002,10.965399999999988,44.285714285714285
3696,58.24259999999998,3.670500000000004,60.0
3697,61.08700000000002,3.290600000000012,61.42857142857143
3698,45.11189999999999,5.207999999999998,50.0
3699,67.62290000000002,5.070699999999988,54.285714285714285
3700,69.79450000000003,5.823499999999996,61.42857142857143
3701,56.339800000000025,5.911699999999996,58.57142857142858
3702,50.2388,3.58720000000001,47.14285714285714
3703,63.02189999999999,2.668700000000001,61.42857142857143
3704,56.82169999999999,3.4718999999999767,54.285714285714285
3705,75.21189999999999,2.8950000000000102,60.0
3706,51.5129,3.812100000000001,58.57142857142858
3707,56.0761,7.365499999999997,52.85714285714286
3708,45.80680000000001,4.937899999999999,48.57142857142857
3709,74.05680000000001,3.8278999999999996,58.57142857142858
3710,42.839800000000025,3.1593000000000018,48.57142857142857
3711,56.17529999999999,3.471599999999995,57.14285714285714
3712,48.52420000000001,3.4962000000000018,54.285714285714285
3713,50.36610000000002,4.275800000000004,57.14285714285714
3714,63.4811,3.397899999999993,58.57142857142858
3715,52.40160000000003,7.599299999999971,55.714285714285715
3716,50.824900000000014,5.348199999999991,60.0
3717,49.784700000000015,5.510799999999989,51.42857142857142
3718,91.71350000000001,2.972200000000001,70.0
3719,52.179,4.793300000000016,51.42857142857142
3720,79.45499999999998,2.552000000000021,65.71428571428571
3721,65.6909,5.5172000000000025,52.85714285714286
3722,33.51490000000001,5.910200000000003,45.714285714285715
3723,53.6268,3.3232,55.714285714285715
3724,77.99099999999999,2.626099999999994,65.71428571428571
3725,52.8459,2.3400999999999783,47.14285714285714
3726,68.7841,2.8521999999999963,60.0
3727,47.70400000000001,3.368499999999983,51.42857142857142
3728,39.91610000000003,5.446899999999999,48.57142857142857
3729,61.092600000000004,4.114299999999986,61.42857142857143
3730,56.69210000000001,3.0091999999999928,58.57142857142858
3731,71.21089999999998,2.4599000000000046,61.42857142857143
3732,27.329499999999996,11.745000000000005,44.285714285714285
3733,78.76459999999997,3.5150999999999897,64.28571428571429
3734,70.61419999999998,4.146799999999999,60.0
3735,57.9495,5.710900000000009,55.714285714285715
3736,56.98660000000001,4.153100000000009,55.714285714285715
3737,77.7312,2.564499999999981,71.42857142857143
3738,42.88209999999998,9.61,52.85714285714286
3739,39.191900000000004,3.521899999999988,51.42857142857142
3740,81.30759999999998,4.069800000000001,60.0
3741,54.37100000000001,5.112800000000007,52.85714285714286
3742,62.24090000000001,6.20259999999999,54.285714285714285
3743,64.24959999999999,5.036699999999996,58.57142857142858
3744,45.2919,2.9191999999999894,48.57142857142857
3745,51.782100000000014,5.043899999999994,50.0
3746,28.701099999999997,10.80879999999999,51.42857142857142
3747,78.4896,2.703199999999981,65.71428571428571
3748,52.50489999999999,6.482599999999991,54.285714285714285
3749,65.4117,3.2438000000000073,64.28571428571429
3750,75.05090000000001,5.7871000000000095,62.857142857142854
3751,32.216800000000006,4.825999999999979,41.42857142857143
3752,64.75759999999997,5.358099999999979,62.857142857142854
3753,44.9546,7.668199999999999,48.57142857142857
3754,66.87370000000004,3.243799999999993,60.0
3755,41.01060000000001,4.561999999999998,47.14285714285714
3756,36.02510000000001,4.1769999999999925,47.14285714285714
3757,71.64299999999997,3.5668000000000006,61.42857142857143
3758,59.238200000000006,4.170099999999991,57.14285714285714
3759,103.78759999999997,3.2646000000000015,68.57142857142857
3760,57.08790000000002,6.5090999999999894,52.85714285714286
3761,74.1704,3.1304000000000087,57.14285714285714
3762,35.11420000000001,9.543099999999995,40.0
3763,75.13569999999999,3.1593000000000018,70.0
3764,38.17930000000001,5.210099999999997,44.285714285714285
3765,58.19639999999998,4.5216000000000065,57.14285714285714
3766,33.90720000000002,5.08250000000001,42.857142857142854
3767,55.641099999999994,6.439000000000007,52.85714285714286
3768,64.13839999999999,4.6524,52.85714285714286
3769,58.5556,7.755499999999984,51.42857142857142
3770,53.499300000000005,7.398400000000009,54.285714285714285
3771,55.82239999999999,3.6602000000000032,54.285714285714285
3772,61.24270000000001,3.0283999999999907,61.42857142857143
3773,49.06890000000001,6.258299999999991,52.85714285714286
3774,65.43720000000002,2.5108000000000033,61.42857142857143
3775,15.422600000000003,7.173000000000002,44.285714285714285
3776,34.49209999999999,7.576400000000007,50.0
3777,59.64610000000002,5.133499999999998,48.57142857142857
3778,67.08600000000001,5.582300000000004,57.14285714285714
3779,32.191,10.387299999999996,52.85714285714286
3780,53.15469999999999,4.680199999999999,62.857142857142854
3781,59.42430000000002,2.725299999999976,57.14285714285714
3782,75.6111,2.4739000000000146,58.57142857142858
3783,42.70079999999999,5.7579000000000065,48.57142857142857
3784,47.803200000000004,5.237399999999994,50.0
3785,59.26570000000001,5.138199999999998,54.285714285714285
3786,57.961599999999976,3.4158999999999935,54.285714285714285
3787,51.3674,4.136299999999991,51.42857142857142
3788,42.19490000000002,7.609799999999993,47.14285714285714
3789,53.75879999999998,7.641600000000011,58.57142857142858
3790,48.18720000000002,5.697900000000004,57.14285714285714
3791,85.54570000000001,3.4824999999999875,64.28571428571429
3792,35.33530000000002,5.943300000000008,50.0
3793,66.93430000000001,3.925200000000004,55.714285714285715
3794,31.983100000000036,8.830599999999976,50.0
3795,53.57730000000001,2.4407000000000068,50.0
3796,55.80439999999999,4.82589999999999,50.0
3797,59.41469999999998,8.38609999999997,60.0
3798,35.559499999999986,12.5822,42.857142857142854
3799,59.607,3.8581999999999965,52.85714285714286
3800,66.29770000000002,5.971599999999995,57.14285714285714
3801,51.19459999999998,4.2069000000000045,58.57142857142858
3802,51.40620000000001,5.368499999999983,50.0
3803,43.148799999999994,5.121899999999997,47.14285714285714
3804,77.37889999999999,2.4203000000000117,68.57142857142857
3805,45.6344,4.726000000000013,51.42857142857142
3806,57.01740000000001,3.5331000000000046,60.0
3807,69.81200000000001,2.7216999999999985,55.714285714285715
3808,50.51180000000002,3.967899999999986,47.14285714285714
3809,61.71100000000001,7.654200000000003,62.857142857142854
3810,49.9538,4.33189999999999,48.57142857142857
3811,60.033800000000014,3.4587999999999965,52.85714285714286
3812,60.70919999999998,2.3401000000000067,55.714285714285715
3813,59.80249999999998,2.7784999999999798,52.85714285714286
3814,55.357500000000016,4.765000000000001,58.57142857142858
3815,45.96040000000002,5.3104000000000156,50.0
3816,70.49610000000001,3.9320999999999913,54.285714285714285
3817,48.47740000000002,3.7117000000000075,55.714285714285715
3818,86.3254,2.0538999999999987,67.14285714285714
3819,64.26599999999999,4.5360999999999905,61.42857142857143
3820,73.4401,3.6055999999999813,61.42857142857143
3821,78.96249999999998,2.108699999999999,61.42857142857143
3822,46.462800000000016,5.329799999999992,47.14285714285714
3823,72.86500000000001,3.969999999999999,60.0
3824,62.485600000000034,4.555999999999983,54.285714285714285
3825,84.21019999999999,3.7253000000000043,57.14285714285714
3826,52.55420000000001,3.595499999999987,52.85714285714286
3827,56.09800000000001,2.7319999999999993,57.14285714285714
3828,52.67160000000001,4.313500000000005,54.285714285714285
3829,46.83700000000002,6.209899999999976,55.714285714285715
3830,48.28279999999998,5.6414999999999935,55.714285714285715
3831,96.97279999999995,2.242199999999997,70.0
3832,48.878900000000016,4.498899999999992,48.57142857142857
3833,63.2097,4.570299999999975,55.714285714285715
3834,55.52199999999999,2.4257999999999953,64.28571428571429
3835,64.50919999999999,2.795199999999994,61.42857142857143
3836,78.6225,3.3059999999999974,61.42857142857143
3837,31.162499999999994,5.242199999999997,45.714285714285715
3838,38.613500000000016,5.8142999999999745,51.42857142857142
3839,68.0197,2.5508999999999986,62.857142857142854
3840,64.56789999999998,4.705299999999994,55.714285714285715
3841,68.738,2.9806999999999846,52.85714285714286
3842,61.992399999999975,3.981100000000012,64.28571428571429
3843,73.0616,2.412899999999979,62.857142857142854
3844,41.107099999999974,5.8167000000000115,54.285714285714285
3845,56.55760000000001,2.6141999999999967,55.714285714285715
3846,34.40549999999999,7.950900000000004,55.714285714285715
3847,76.7296,5.44319999999999,64.28571428571429
3848,37.76580000000001,4.785700000000006,50.0
3849,51.22660000000002,5.404800000000009,54.285714285714285
3850,76.40709999999996,2.3401000000000067,62.857142857142854
3851,62.25210000000001,3.248199999999997,58.57142857142858
3852,50.552599999999984,3.8333000000000084,52.85714285714286
3853,88.61849999999998,7.360000000000014,64.28571428571429
3854,61.13159999999999,4.949000000000012,64.28571428571429
3855,45.46999999999997,5.288600000000002,57.14285714285714
3856,71.60479999999998,3.2726000000000113,52.85714285714286
3857,72.45929999999998,3.901299999999992,64.28571428571429
3858,61.94150000000005,2.906099999999995,58.57142857142858
3859,39.19290000000001,4.680199999999999,50.0
3860,48.964,5.992900000000006,52.85714285714286
3861,41.9589,5.059600000000003,45.714285714285715
3862,46.039500000000004,4.875100000000003,48.57142857142857
3863,46.19410000000002,4.140900000000016,51.42857142857142
3864,40.29680000000002,4.702699999999993,52.85714285714286
3865,60.90050000000002,3.727799999999988,62.857142857142854
3866,44.124900000000025,3.659400000000005,51.42857142857142
3867,42.13120000000001,3.6906999999999925,44.285714285714285
3868,58.456199999999995,6.845100000000002,58.57142857142858
3869,74.8339,2.5901000000000067,60.0
3870,36.37100000000001,4.033000000000001,48.57142857142857
3871,59.2782,3.8742000000000303,54.285714285714285
3872,62.36450000000002,2.7382999999999953,52.85714285714286
3873,21.4362,5.940200000000004,45.714285714285715
3874,48.64619999999999,3.7116999999999933,50.0
3875,60.766700000000014,3.689300000000003,50.0
3876,64.14770000000001,3.6991000000000014,57.14285714285714
3877,59.796700000000016,6.010300000000001,58.57142857142858
3878,36.385400000000004,3.5550999999999817,51.42857142857142
3879,42.05080000000001,6.4805999999999955,51.42857142857142
3880,37.24370000000002,7.278499999999994,52.85714285714286
3881,68.05569999999997,2.293200000000013,52.85714285714286
3882,43.65899999999999,5.807900000000018,54.285714285714285
3883,53.599800000000016,5.626200000000011,52.85714285714286
3884,61.0239,2.3401000000000067,60.0
3885,93.21749999999997,3.4638000000000204,68.57142857142857
3886,56.73070000000001,5.972000000000008,60.0
3887,36.8364,4.919499999999999,47.14285714285714
3888,43.970399999999984,7.595899999999972,45.714285714285715
3889,80.33769999999998,5.247000000000014,60.0
3890,83.9991,2.836199999999991,62.857142857142854
3891,48.09820000000002,5.285600000000002,45.714285714285715
3892,60.074400000000026,4.070699999999988,52.85714285714286
3893,61.012,7.045099999999991,58.57142857142858
3894,78.35449999999997,3.5054999999999836,64.28571428571429
3895,50.63560000000001,3.3011999999999944,61.42857142857143
3896,47.6361,4.708100000000002,54.285714285714285
3897,48.8622,3.3644999999999925,57.14285714285714
3898,37.41320000000002,8.043600000000012,44.285714285714285
3899,29.703599999999994,5.4617000000000075,55.714285714285715
3900,30.323800000000006,6.334599999999995,40.0
3901,49.525499999999994,8.097700000000003,52.85714285714286
3902,63.30090000000001,4.540600000000012,58.57142857142858
3903,57.37980000000002,4.307999999999993,57.14285714285714
3904,54.4196,2.819500000000005,52.85714285714286
3905,51.112300000000005,2.7458000000000027,50.0
3906,54.8638,8.53110000000001,55.714285714285715
3907,13.870099999999994,8.207499999999996,41.42857142857143
3908,66.33870000000002,5.367800000000017,55.714285714285715
3909,58.06450000000001,4.335399999999993,57.14285714285714
3910,59.16350000000003,2.7321000000000026,57.14285714285714
3911,61.7774,3.1304000000000087,58.57142857142858
3912,59.6593,7.379099999999994,58.57142857142858
3913,82.41179999999997,3.0904000000000025,61.42857142857143
3914,73.30019999999996,6.6521000000000186,61.42857142857143
3915,59.97750000000002,3.5899,52.85714285714286
3916,58.41120000000001,5.88160000000002,52.85714285714286
3917,54.4675,3.248199999999997,58.57142857142858
3918,64.3118,6.82820000000001,60.0
3919,79.32600000000002,2.3401000000000067,68.57142857142857
3920,69.6814,11.391200000000026,61.42857142857143
3921,69.3725,6.898299999999978,60.0
3922,73.89689999999999,2.242199999999997,62.857142857142854
3923,48.6687,4.794600000000003,54.285714285714285
3924,72.36169999999998,5.721600000000009,61.42857142857143
3925,74.8895,3.2638000000000034,58.57142857142858
3926,39.93719999999999,8.649199999999993,48.57142857142857
3927,25.632900000000006,2.678200000000004,42.857142857142854
3928,41.5625,6.734099999999998,44.285714285714285
3929,64.28089999999997,5.1327,61.42857142857143
3930,66.02449999999999,4.753,57.14285714285714
3931,65.66160000000002,5.43889999999999,67.14285714285714
3932,56.528099999999995,6.902600000000007,52.85714285714286
3933,68.3457,5.764899999999983,60.0
3934,59.87189999999998,3.69019999999999,57.14285714285714
3935,49.6062,4.051000000000016,47.14285714285714
3936,65.36969999999997,6.594999999999999,61.42857142857143
3937,43.7261,4.084399999999988,57.14285714285714
3938,58.2149,5.138800000000003,52.85714285714286
3939,42.35509999999999,6.400999999999982,52.85714285714286
3940,43.41050000000001,5.901299999999992,50.0
3941,51.2885,6.913499999999999,62.857142857142854
3942,50.15530000000001,8.194400000000002,55.714285714285715
3943,54.49180000000001,3.1598999999999933,54.285714285714285
3944,42.90780000000001,4.458199999999991,48.57142857142857
3945,40.35669999999999,2.8421000000000163,52.85714285714286
3946,66.46209999999996,4.098599999999976,55.714285714285715
3947,74.18829999999997,2.7453999999999894,64.28571428571429
3948,65.47300000000001,6.689800000000005,61.42857142857143
3949,82.57380000000003,4.254800000000003,55.714285714285715
3950,54.54060000000001,5.618399999999994,48.57142857142857
3951,63.796099999999996,2.8966000000000065,60.0
3952,44.44010000000003,5.372399999999999,47.14285714285714
3953,40.900800000000004,2.497799999999998,54.285714285714285
3954,54.59719999999999,4.208699999999993,52.85714285714286
3955,37.5394,10.304099999999991,50.0
3956,63.1309,4.139899999999997,60.0
3957,89.0957,3.4210999999999956,68.57142857142857
3958,86.22379999999998,2.5383999999999958,60.0
3959,41.47139999999999,4.884399999999999,52.85714285714286
3960,77.30630000000002,2.5351,60.0
3961,39.92529999999999,3.5121000000000038,52.85714285714286
3962,51.964800000000025,6.062999999999988,50.0
3963,34.93380000000002,5.005400000000009,44.285714285714285
3964,72.57240000000002,4.215599999999995,64.28571428571429
3965,80.5027,2.834799999999987,60.0
3966,64.65289999999999,3.150299999999987,60.0
3967,47.851699999999994,4.313499999999991,52.85714285714286
3968,45.902900000000045,4.5367999999999995,48.57142857142857
3969,58.615200000000016,4.429100000000005,58.57142857142858
3970,52.55520000000001,3.5596999999999923,48.57142857142857
3971,58.75289999999998,4.533600000000007,58.57142857142858
3972,41.449900000000014,4.744499999999988,51.42857142857142
3973,30.77540000000002,3.6199999999999903,38.57142857142858
3974,67.41549999999998,2.7404999999999973,61.42857142857143
3975,51.56909999999999,5.5123999999999995,50.0
3976,75.74790000000002,4.404200000000003,61.42857142857143
3977,72.78980000000001,2.584699999999998,58.57142857142858
3978,60.86150000000001,5.3399,57.14285714285714
3979,57.70860000000002,3.9488000000000056,60.0
3980,52.837199999999996,4.517499999999998,52.85714285714286
3981,43.75790000000001,5.865400000000022,51.42857142857142
3982,56.44069999999999,4.443700000000007,55.714285714285715
3983,62.07020000000003,2.3401000000000067,60.0
3984,44.6104,4.341000000000008,54.285714285714285
3985,41.602599999999995,6.970699999999994,58.57142857142858
3986,75.11509999999998,2.3401000000000067,67.14285714285714
3987,69.0052,3.0454000000000008,52.85714285714286
3988,41.84619999999998,5.363299999999995,51.42857142857142
3989,39.12570000000002,7.231999999999999,52.85714285714286
3990,47.938199999999995,3.6655000000000086,54.285714285714285
3991,78.2207,2.9411999999999807,58.57142857142858
3992,66.48700000000002,2.6595999999999833,60.0
3993,41.932199999999995,4.749799999999993,48.57142857142857
3994,61.55600000000004,6.986099999999993,54.285714285714285
3995,60.7201,2.8214000000000112,61.42857142857143
3996,64.06579999999997,6.975100000000026,54.285714285714285
3997,51.230999999999995,5.051400000000001,51.42857142857142
3998,66.22919999999999,3.980499999999992,60.0
3999,31.054100000000005,2.9232000000000085,50.0
4000,45.09400000000002,6.4932999999999765,47.14285714285714
4001,50.8621,2.242199999999997,48.57142857142857
4002,63.179700000000025,2.832899999999995,52.85714285714286
4003,38.09309999999999,5.326700000000017,48.57142857142857
4004,63.67660000000001,4.0819000000000045,54.285714285714285
4005,72.92950000000002,2.6944000000000017,67.14285714285714
4006,61.7561,3.9805000000000064,52.85714285714286
4007,77.29530000000003,3.7107999999999777,70.0
4008,63.7663,3.0634000000000015,54.285714285714285
4009,61.6379,2.7465999999999724,58.57142857142858
4010,82.42349999999999,5.274900000000002,62.857142857142854
4011,50.2971,4.257400000000004,52.85714285714286
4012,62.687599999999975,5.406199999999998,61.42857142857143
4013,65.61939999999998,5.184100000000001,64.28571428571429
4014,45.44420000000002,7.4476999999999975,50.0
4015,65.93849999999998,4.0789999999999935,58.57142857142858
4016,56.73670000000001,3.752200000000002,55.714285714285715
4017,64.0925,7.202299999999994,61.42857142857143
4018,43.09129999999999,4.314399999999992,51.42857142857142
4019,64.32199999999997,6.625799999999998,60.0
4020,74.1976,3.664900000000017,62.857142857142854
4021,52.43719999999999,4.567800000000005,54.285714285714285
4022,58.117200000000025,2.9018999999999835,58.57142857142858
4023,50.485900000000015,4.385100000000008,52.85714285714286
4024,29.7979,6.526999999999987,47.14285714285714
4025,54.65549999999999,4.484399999999994,58.57142857142858
4026,42.56729999999999,2.973399999999998,45.714285714285715
4027,44.790400000000005,6.481499999999983,50.0
4028,70.46389999999997,3.248199999999997,68.57142857142857
4029,64.1617,8.757599999999968,55.714285714285715
4030,58.1362,4.368299999999991,52.85714285714286
4031,66.22579999999999,4.090000000000003,55.714285714285715
4032,52.04650000000001,3.270399999999995,50.0
4033,78.93380000000002,3.5123999999999853,57.14285714285714
4034,48.27680000000001,4.557899999999989,51.42857142857142
4035,67.40719999999999,3.592399999999998,67.14285714285714
4036,61.50970000000001,4.575799999999987,58.57142857142858
4037,36.8879,4.236499999999978,47.14285714285714
4038,45.19370000000001,3.775299999999987,42.857142857142854
4039,40.81800000000001,5.106400000000008,50.0
4040,61.84819999999999,4.680199999999985,58.57142857142858
4041,54.66040000000001,3.667900000000003,57.14285714285714
4042,57.11829999999998,4.239000000000004,58.57142857142858
4043,69.2267,3.7591999999999928,58.57142857142858
4044,59.88409999999999,5.2286,55.714285714285715
4045,53.66390000000001,3.569999999999993,57.14285714285714
4046,64.27699999999999,5.636600000000001,55.714285714285715
4047,64.71440000000001,2.509299999999996,57.14285714285714
4048,42.1953,4.809600000000003,57.14285714285714
4049,44.15809999999999,3.780099999999976,54.285714285714285
4050,52.69720000000001,3.8636999999999944,57.14285714285714
4051,86.45929999999998,3.3944000000000045,68.57142857142857
4052,81.28539999999998,2.242199999999997,65.71428571428571
4053,62.24799999999999,2.3430999999999926,51.42857142857142
4054,64.077,4.084600000000009,57.14285714285714
4055,50.609099999999984,2.3312000000000097,50.0
4056,72.9641,4.709000000000003,61.42857142857143
4057,65.48489999999998,3.9206999999999823,62.857142857142854
4058,38.8708,6.3178999999999945,45.714285714285715
4059,53.912000000000035,6.120199999999954,51.42857142857142
4060,58.7047,2.8526999999999987,54.285714285714285
4061,73.4425,4.078400000000016,61.42857142857143
4062,26.900099999999995,8.419099999999986,47.14285714285714
4063,52.245000000000005,6.680800000000005,54.285714285714285
4064,50.36099999999999,3.9580999999999875,55.714285714285715
4065,84.494,4.158599999999993,61.42857142857143
4066,74.53559999999999,2.627299999999991,61.42857142857143
4067,75.34620000000001,4.85299999999998,67.14285714285714
4068,84.42519999999999,6.653599999999997,65.71428571428571
4069,63.241900000000015,3.817299999999989,57.14285714285714
4070,66.76769999999999,4.100200000000001,60.0
4071,65.51319999999998,4.484400000000008,62.857142857142854
4072,47.392799999999994,4.3936999999999955,52.85714285714286
4073,72.864,3.4483000000000175,61.42857142857143
4074,50.7534,6.654899999999998,58.57142857142858
4075,70.9162,3.9505000000000052,57.14285714285714
4076,48.894199999999984,4.074399999999997,45.714285714285715
4077,36.1447,10.018800000000013,45.714285714285715
4078,54.24980000000002,3.930400000000006,52.85714285714286
4079,47.153999999999996,11.924299999999988,51.42857142857142
4080,49.9196,7.0301000000000045,52.85714285714286
4081,67.12550000000002,3.2190999999999974,65.71428571428571
4082,57.79989999999998,5.133299999999991,61.42857142857143
4083,50.007300000000015,5.366199999999992,51.42857142857142
4084,64.07730000000001,4.013499999999993,61.42857142857143
4085,65.404,4.022599999999997,54.285714285714285
4086,69.79900000000004,5.802799999999991,60.0
4087,69.12880000000001,4.9994000000000085,65.71428571428571
4088,37.85919999999999,6.644699999999972,52.85714285714286
4089,72.56020000000001,3.3944000000000187,60.0
4090,53.5924,3.433899999999994,57.14285714285714
4091,60.18779999999998,2.9886999999999944,54.285714285714285
4092,37.97720000000001,3.8299999999999983,48.57142857142857
4093,91.65249999999997,4.500100000000003,64.28571428571429
4094,78.92069999999995,2.459899999999976,64.28571428571429
4095,66.6902,2.4232999999999976,65.71428571428571
4096,49.009299999999996,3.145099999999985,50.0
4097,50.29590000000002,5.698900000000009,52.85714285714286
4098,49.876900000000006,4.47059999999999,61.42857142857143
4099,47.7552,4.313500000000005,50.0
4100,58.61609999999999,7.532499999999999,54.285714285714285
4101,40.196500000000015,4.212100000000007,52.85714285714286
4102,62.39690000000002,2.6452999999999918,52.85714285714286
4103,55.48739999999998,3.032499999999999,55.714285714285715
4104,68.71019999999999,3.341699999999989,61.42857142857143
4105,51.607200000000006,6.457799999999992,55.714285714285715
4106,73.2267,2.822499999999991,60.0
4107,36.5213,10.207800000000006,51.42857142857142
4108,58.997799999999984,4.2672000000000025,55.714285714285715
4109,95.78690000000003,3.066100000000006,67.14285714285714
4110,79.98840000000001,3.8412999999999897,68.57142857142857
4111,69.11600000000001,2.4694999999999823,58.57142857142858
4112,62.5908,4.887299999999996,65.71428571428571
4113,39.07409999999999,4.794700000000006,48.57142857142857
4114,30.930200000000013,6.101599999999991,52.85714285714286
4115,86.04629999999997,3.8070999999999913,65.71428571428571
4116,31.3142,6.317999999999998,48.57142857142857
4117,65.48540000000003,4.237300000000005,57.14285714285714
4118,85.25459999999995,3.1430000000000007,61.42857142857143
4119,72.45709999999997,4.1524,67.14285714285714
4120,52.93369999999999,4.230500000000006,57.14285714285714
4121,77.66669999999999,3.5021999999999878,67.14285714285714
4122,35.1139,4.483399999999989,42.857142857142854
4123,41.20320000000001,4.4827999999999975,50.0
4124,47.8057,5.442800000000005,50.0
4125,58.04129999999998,4.371099999999984,52.85714285714286
4126,53.103999999999985,3.946799999999996,52.85714285714286
4127,34.601200000000006,5.287800000000004,50.0
4128,58.268699999999995,3.8778000000000077,54.285714285714285
4129,60.422000000000025,4.393300000000011,52.85714285714286
4130,49.462500000000034,3.9562999999999704,50.0
4131,57.206999999999994,2.3400999999999925,61.42857142857143
4132,49.6318,6.122099999999989,54.285714285714285
4133,64.90879999999999,3.2105999999999995,65.71428571428571
4134,61.2234,5.1236999999999995,57.14285714285714
4135,53.52080000000001,4.528400000000005,55.714285714285715
4136,42.00940000000003,5.648700000000019,52.85714285714286
4137,78.69119999999998,2.5833999999999833,65.71428571428571
4138,62.27400000000003,4.553200000000004,61.42857142857143
4139,72.39689999999999,3.667400000000015,58.57142857142858
4140,71.35629999999998,2.9879999999999995,61.42857142857143
4141,36.14080000000001,3.467799999999997,45.714285714285715
4142,43.82330000000002,4.967499999999973,51.42857142857142
4143,26.465599999999995,5.4206999999999965,44.285714285714285
4144,58.30969999999999,3.2524999999999977,55.714285714285715
4145,50.556400000000025,4.079499999999996,51.42857142857142
4146,49.81279999999998,3.676700000000011,55.714285714285715
4147,43.50110000000001,5.135899999999992,48.57142857142857
4148,78.02770000000001,3.234300000000019,67.14285714285714
4149,34.581800000000015,5.256900000000002,45.714285714285715
4150,92.18089999999998,3.0666999999999973,65.71428571428571
4151,55.89790000000002,3.647999999999996,55.714285714285715
4152,37.5771,5.3553,51.42857142857142
4153,49.91820000000001,4.1203,57.14285714285714
4154,64.37630000000001,4.203499999999991,51.42857142857142
4155,56.03970000000001,4.233100000000007,54.285714285714285
4156,33.82250000000002,6.593900000000005,47.14285714285714
4157,96.91739999999999,4.079000000000008,64.28571428571429
4158,68.17419999999998,4.2620000000000005,58.57142857142858
4159,54.205400000000026,4.484400000000022,55.714285714285715
4160,67.23519999999999,4.4491999999999905,62.857142857142854
4161,83.88019999999995,2.4599000000000046,61.42857142857143
4162,54.91300000000004,5.448999999999984,50.0
4163,42.71879999999999,7.552999999999997,54.285714285714285
4164,76.78089999999997,4.490799999999979,58.57142857142858
4165,63.71400000000003,3.4470000000000027,55.714285714285715
4166,52.1798,3.206299999999999,58.57142857142858
4167,79.02689999999996,3.8884999999999934,61.42857142857143
4168,68.11419999999998,2.392499999999984,58.57142857142858
4169,43.99830000000003,6.084399999999988,48.57142857142857
4170,69.26139999999998,2.4599000000000046,68.57142857142857
4171,72.12099999999998,3.369400000000013,61.42857142857143
4172,53.69190000000003,2.6263999999999896,60.0
4173,48.53159999999997,4.564700000000016,58.57142857142858
4174,62.5924,2.5901000000000067,60.0
4175,78.8286,3.703399999999988,62.857142857142854
4176,64.86009999999999,2.8815000000000026,62.857142857142854
4177,75.49269999999999,2.37469999999999,67.14285714285714
4178,60.276099999999985,2.794399999999996,55.714285714285715
4179,70.88469999999995,2.954400000000021,68.57142857142857
4180,57.4109,4.458100000000002,52.85714285714286
4181,71.54169999999999,3.394199999999998,64.28571428571429
4182,49.337199999999996,4.215600000000023,55.714285714285715
4183,57.2697,3.6384999999999934,52.85714285714286
4184,68.90070000000003,3.695599999999999,57.14285714285714
4185,70.02099999999999,2.9037999999999897,60.0
4186,45.09050000000002,5.089400000000012,54.285714285714285
4187,74.24459999999999,2.6492000000000075,57.14285714285714
4188,65.76939999999999,4.582300000000004,54.285714285714285
4189,40.11070000000001,7.165600000000012,48.57142857142857
4190,42.8374,5.192900000000009,50.0
4191,33.803499999999985,10.021800000000013,48.57142857142857
4192,58.62979999999999,4.3369,48.57142857142857
4193,60.47720000000001,6.056599999999989,54.285714285714285
4194,61.24040000000002,3.110900000000001,57.14285714285714
4195,40.00690000000003,8.7192,48.57142857142857
4196,44.17359999999999,7.524299999999997,48.57142857142857
4197,49.99259999999998,4.596500000000006,55.714285714285715
4198,83.1867,2.242199999999997,64.28571428571429
4199,51.14870000000002,4.479000000000013,54.285714285714285
4200,40.06650000000002,3.5249000000000024,47.14285714285714
4201,76.77839999999995,2.950099999999992,64.28571428571429
4202,43.452500000000015,4.591099999999997,51.42857142857142
4203,53.454999999999984,3.2398000000000025,57.14285714285714
4204,70.79360000000003,2.3316999999999837,60.0
4205,51.501900000000006,4.9509000000000185,54.285714285714285
4206,58.33840000000001,5.940100000000001,64.28571428571429
4207,62.37450000000001,3.522899999999993,61.42857142857143
4208,42.02760000000001,6.222699999999975,51.42857142857142
4209,46.960000000000036,3.1303999999999945,52.85714285714286
4210,50.0076,6.015299999999996,51.42857142857142
4211,49.52000000000001,3.6499000000000024,52.85714285714286
4212,52.50540000000001,4.34650000000002,57.14285714285714
4213,50.596000000000004,6.40870000000001,51.42857142857142
4214,62.328100000000006,2.051300000000012,60.0
4215,53.58369999999999,5.0726999999999975,58.57142857142858
4216,57.766099999999994,3.733399999999989,58.57142857142858
4217,64.63139999999999,3.898699999999991,52.85714285714286
4218,41.092100000000016,4.911300000000011,52.85714285714286
4219,79.46100000000004,3.904299999999978,58.57142857142858
4220,58.57159999999999,4.968999999999994,58.57142857142858
4221,50.819800000000015,4.791300000000007,55.714285714285715
4222,78.0266,3.1593000000000018,67.14285714285714
4223,69.18909999999997,3.7349999999999994,55.714285714285715
4224,59.5496,5.964200000000034,54.285714285714285
4225,65.99019999999999,3.319999999999993,55.714285714285715
4226,74.14870000000002,3.088399999999993,60.0
4227,25.817400000000006,8.444999999999993,44.285714285714285
4228,39.13130000000001,4.810199999999995,47.14285714285714
4229,75.27770000000001,3.7121999999999957,67.14285714285714
4230,60.21889999999999,2.3974999999999937,55.714285714285715
4231,94.95679999999999,2.4732999999999947,67.14285714285714
4232,48.355999999999995,7.4894999999999925,55.714285714285715
4233,48.2705,7.320900000000023,50.0
4234,60.594899999999996,6.04170000000002,55.714285714285715
4235,70.5207,2.9795000000000016,54.285714285714285
4236,37.28190000000001,4.185000000000002,52.85714285714286
4237,50.3981,8.5882,60.0
4238,63.32560000000001,5.087999999999994,54.285714285714285
4239,72.6343,3.243799999999993,68.57142857142857
4240,58.345699999999994,6.007999999999996,57.14285714285714
4241,49.61680000000001,2.8295999999999992,54.285714285714285
4242,53.87470000000002,3.3944000000000187,51.42857142857142
4243,26.092700000000008,7.425700000000006,45.714285714285715
4244,55.99430000000001,7.888299999999987,57.14285714285714
4245,58.61590000000001,6.768900000000002,54.285714285714285
4246,26.945499999999996,7.317799999999991,44.285714285714285
4247,64.1257,5.343600000000009,58.57142857142858
4248,73.26869999999997,3.7702999999999918,61.42857142857143
4249,65.21749999999997,2.7875000000000085,55.714285714285715
4250,52.594599999999986,6.276600000000002,52.85714285714286
4251,70.7827,2.721999999999994,61.42857142857143
4252,35.70439999999999,10.859199999999987,45.714285714285715
4253,32.81710000000001,6.59220000000002,48.57142857142857
4254,43.81370000000001,6.031700000000001,48.57142857142857
4255,26.190499999999986,5.1494,50.0
4256,64.06550000000001,3.748100000000022,61.42857142857143
4257,52.10560000000001,2.9414000000000016,57.14285714285714
4258,72.173,3.4111000000000047,62.857142857142854
4259,39.6935,4.9632000000000005,48.57142857142857
4260,53.2483,3.5564999999999998,60.0
4261,65.36410000000001,4.154300000000006,60.0
4262,47.60499999999999,5.9726,50.0
4263,70.88569999999999,4.629800000000003,67.14285714285714
4264,35.75940000000003,4.2616999999999905,52.85714285714286
4265,49.010500000000036,6.970699999999994,51.42857142857142
4266,52.046400000000006,2.5563999999999965,51.42857142857142
4267,41.080900000000014,6.389099999999999,48.57142857142857
4268,64.387,5.179400000000015,58.57142857142858
4269,41.767900000000026,3.7246000000000095,48.57142857142857
4270,68.3852,3.4080999999999904,64.28571428571429
4271,26.721900000000005,5.586999999999989,41.42857142857143
4272,71.47489999999999,3.9187999999999903,54.285714285714285
4273,55.684799999999996,3.7224999999999966,57.14285714285714
4274,55.31209999999999,4.1621000000000095,55.714285714285715
4275,61.06219999999999,7.707599999999999,58.57142857142858
4276,85.51400000000001,3.470300000000009,62.857142857142854
4277,60.30930000000001,3.969600000000014,57.14285714285714
4278,66.74669999999998,3.032499999999999,61.42857142857143
4279,56.8237,4.371200000000016,55.714285714285715
4280,60.552700000000016,3.913000000000011,57.14285714285714
4281,55.04900000000001,5.913700000000006,51.42857142857142
4282,53.82499999999999,6.066699999999997,52.85714285714286
4283,60.041,3.036699999999996,61.42857142857143
4284,50.211100000000016,5.1982,50.0
4285,38.06970000000001,5.973199999999991,48.57142857142857
4286,56.318899999999985,2.8950000000000102,52.85714285714286
4287,75.22669999999997,3.145700000000005,65.71428571428571
4288,40.15700000000001,5.1892,54.285714285714285
4289,45.21799999999999,4.9602999999999895,51.42857142857142
4290,68.53519999999997,4.754800000000003,62.857142857142854
4291,45.01150000000001,4.540500000000009,54.285714285714285
4292,65.01689999999999,2.223399999999998,57.14285714285714
4293,70.16929999999999,3.197800000000001,61.42857142857143
4294,43.43350000000001,4.235500000000002,55.714285714285715
4295,49.36099999999999,6.532499999999999,60.0
4296,52.23060000000004,4.347099999999983,54.285714285714285
4297,36.48680000000002,4.472999999999999,47.14285714285714
4298,41.21210000000002,4.502100000000013,55.714285714285715
4299,58.03129999999999,3.4125000000000227,58.57142857142858
4300,81.6976,3.4139999999999873,58.57142857142858
4301,61.58009999999999,2.9612000000000194,54.285714285714285
4302,34.4812,7.017499999999998,47.14285714285714
4303,82.60660000000001,4.016699999999986,70.0
4304,75.6533,3.973300000000023,58.57142857142858
4305,58.89699999999999,5.042100000000005,51.42857142857142
4306,60.096600000000024,4.910499999999999,45.714285714285715
4307,67.29680000000002,4.0741999999999905,58.57142857142858
4308,45.2226,3.3943999999999903,48.57142857142857
4309,41.7183,4.456400000000002,54.285714285714285
4310,66.1173,2.0686999999999784,57.14285714285714
4311,53.37699999999998,4.686999999999998,54.285714285714285
4312,62.22,4.225399999999979,58.57142857142858
4313,73.21789999999999,4.975100000000026,60.0
4314,48.94900000000001,4.4506000000000085,55.714285714285715
4315,54.672799999999995,3.3700999999999794,54.285714285714285
4316,61.54920000000001,4.558899999999994,51.42857142857142
4317,76.6697,3.666700000000006,61.42857142857143
4318,73.18849999999998,2.4599000000000046,60.0
4319,78.20670000000001,2.606500000000011,64.28571428571429
4320,47.54660000000001,5.806299999999993,48.57142857142857
4321,76.5531,2.495400000000018,55.714285714285715
4322,86.32069999999999,3.407100000000014,67.14285714285714
4323,64.70149999999995,2.242200000000011,64.28571428571429
4324,30.9555,5.956799999999987,42.857142857142854
4325,49.20640000000003,3.6987000000000165,54.285714285714285
4326,66.33499999999998,6.074799999999996,58.57142857142858
4327,67.7073,3.2954000000000008,64.28571428571429
4328,54.16130000000001,4.501400000000004,50.0
4329,55.73070000000001,9.093000000000004,52.85714285714286
4330,63.8912,2.329100000000011,60.0
4331,53.78550000000001,3.8941000000000088,51.42857142857142
4332,89.00389999999999,2.9904999999999973,65.71428571428571
4333,54.51419999999999,5.240099999999984,52.85714285714286
4334,54.18790000000001,4.680300000000017,50.0
4335,58.49780000000001,5.906499999999994,52.85714285714286
4336,66.3012,5.156899999999993,57.14285714285714
4337,52.672200000000004,5.232500000000002,54.285714285714285
4338,83.57409999999999,5.355400000000003,64.28571428571429
4339,55.17179999999999,3.173500000000004,55.714285714285715
4340,73.57710000000003,6.75630000000001,64.28571428571429
4341,62.60759999999999,4.447600000000008,55.714285714285715
4342,48.93290000000002,3.3947999999999894,50.0
4343,39.224500000000006,4.234300000000005,47.14285714285714
4344,48.751000000000005,2.804699999999997,55.714285714285715
4345,76.0267,2.5960000000000036,62.857142857142854
4346,51.405700000000024,2.788099999999986,55.714285714285715
4347,70.9948,3.981099999999998,61.42857142857143
4348,50.386799999999994,4.6884000000000015,54.285714285714285
4349,35.796100000000024,4.587599999999981,51.42857142857142
4350,71.6454,2.781000000000006,54.285714285714285
4351,56.15390000000002,3.922399999999982,50.0
4352,76.92659999999998,5.401499999999999,62.857142857142854
4353,52.55360000000002,5.597300000000018,47.14285714285714
4354,55.78,7.216600000000014,54.285714285714285
4355,41.88980000000004,4.763000000000005,48.57142857142857
4356,55.543000000000006,4.078399999999988,52.85714285714286
4357,60.60429999999997,4.086500000000001,60.0
4358,47.7988,5.196699999999993,54.285714285714285
4359,47.502700000000004,5.9101,48.57142857142857
4360,48.55599999999998,4.385899999999992,51.42857142857142
4361,45.4469,4.855099999999993,51.42857142857142
4362,43.926500000000004,4.6895999999999844,48.57142857142857
4363,63.04560000000001,7.548099999999991,62.857142857142854
4364,72.38309999999998,4.582300000000004,60.0
4365,76.9932,3.3856999999999857,68.57142857142857
4366,62.31509999999997,5.500799999999998,57.14285714285714
4367,45.3374,4.0966999999999985,54.285714285714285
4368,43.30720000000002,4.908500000000004,58.57142857142858
4369,91.59009999999998,3.514199999999988,64.28571428571429
4370,41.474199999999996,4.582300000000004,57.14285714285714
4371,48.708,6.308000000000007,45.714285714285715
4372,78.22459999999998,3.0138000000000034,65.71428571428571
4373,43.16670000000002,4.425899999999984,52.85714285714286
4374,72.78629999999998,4.6650000000000205,55.714285714285715
4375,66.62640000000002,4.401900000000012,62.857142857142854
4376,61.453599999999994,4.183899999999994,57.14285714285714
4377,35.03370000000001,6.372,51.42857142857142
4378,44.189099999999996,4.259699999999995,45.714285714285715
4379,46.19150000000002,3.5874000000000024,44.285714285714285
4380,57.63239999999999,2.7783000000000015,51.42857142857142
4381,42.77320000000003,3.3519999999999754,58.57142857142858
4382,52.104900000000015,3.62469999999999,50.0
4383,46.5292,2.7650000000000006,47.14285714285714
4384,58.032700000000006,7.40809999999999,55.714285714285715
4385,61.887099999999975,4.633999999999986,60.0
4386,78.042,3.4268000000000143,61.42857142857143
4387,36.1429,3.537700000000001,40.0
4388,46.29079999999999,3.057699999999997,51.42857142857142
4389,71.85309999999998,2.4664000000000073,64.28571428571429
4390,33.572400000000016,5.957599999999999,48.57142857142857
4391,83.84989999999993,2.603899999999996,64.28571428571429
4392,43.41850000000002,5.780999999999992,50.0
4393,52.810599999999994,2.882400000000004,60.0
4394,61.145399999999995,7.763300000000015,51.42857142857142
4395,67.57670000000002,3.981099999999998,58.57142857142858
4396,60.3802,4.135099999999994,55.714285714285715
4397,60.81219999999999,4.079000000000008,61.42857142857143
4398,51.424800000000005,4.633299999999991,48.57142857142857
4399,38.8424,4.2061999999999955,51.42857142857142
4400,34.32339999999999,5.569199999999995,45.714285714285715
4401,72.24369999999999,3.7708999999999975,57.14285714285714
4402,66.88639999999998,5.6817999999999955,64.28571428571429
4403,24.938999999999993,5.564899999999994,47.14285714285714
4404,63.30360000000002,4.797799999999995,52.85714285714286
4405,76.06110000000001,2.7578999999999922,57.14285714285714
4406,66.7132,3.3821999999999974,60.0
4407,53.81600000000003,3.5230999999999995,52.85714285714286
4408,58.12119999999999,2.6939000000000135,52.85714285714286
4409,76.97449999999998,4.876199999999997,60.0
4410,35.00749999999999,3.3319000000000045,50.0
4411,77.17489999999998,2.836200000000005,62.857142857142854
4412,54.24290000000002,2.7404999999999973,55.714285714285715
4413,71.26980000000003,2.73599999999999,57.14285714285714
4414,58.685,3.667900000000003,55.714285714285715
4415,73.13580000000002,4.240899999999996,61.42857142857143
4416,53.70030000000003,3.5460999999999956,50.0
4417,42.35500000000002,4.944099999999992,54.285714285714285
4418,56.5967,3.9468000000000103,55.714285714285715
4419,51.67650000000003,4.441600000000008,54.285714285714285
4420,74.16660000000002,2.0351,60.0
4421,75.2699,4.504000000000019,60.0
4422,38.1309,5.015299999999996,50.0
4423,45.71379999999999,7.120800000000003,50.0
4424,58.66269999999997,5.8515000000000015,54.285714285714285
4425,65.4727,6.045599999999993,60.0
4426,48.70739999999998,4.067700000000002,52.85714285714286
4427,64.9941,3.3434999999999917,54.285714285714285
4428,27.156099999999995,5.5197,44.285714285714285
4429,76.42360000000002,2.3401000000000067,68.57142857142857
4430,44.729299999999995,5.954099999999997,57.14285714285714
4431,52.39589999999998,3.667899999999989,60.0
4432,77.2448,4.215599999999995,64.28571428571429
4433,59.514700000000005,3.355400000000003,57.14285714285714
4434,81.40470000000002,2.3401000000000067,60.0
4435,67.7594,3.1428999999999974,55.714285714285715
4436,65.0513,6.407000000000011,60.0
4437,52.584900000000005,5.963900000000024,52.85714285714286
4438,41.482699999999994,6.071600000000004,54.285714285714285
4439,49.196500000000015,3.761100000000013,58.57142857142858
4440,74.2567,3.556600000000003,58.57142857142858
4441,70.731,3.4555000000000007,65.71428571428571
4442,60.244699999999995,3.058399999999992,55.714285714285715
4443,35.789800000000014,8.370800000000003,47.14285714285714
4444,66.75560000000002,4.707900000000009,58.57142857142858
4445,29.219400000000007,3.919300000000007,40.0
4446,50.1361,4.372299999999996,57.14285714285714
4447,53.19800000000001,5.6918999999999755,54.285714285714285
4448,49.829300000000046,6.213400000000007,48.57142857142857
4449,53.4453,4.2497000000000185,55.714285714285715
4450,44.57670000000002,4.027299999999997,50.0
4451,57.74959999999999,3.5826999999999884,58.57142857142858
4452,65.75319999999999,4.897999999999996,62.857142857142854
4453,58.70350000000002,6.542400000000015,62.857142857142854
4454,59.48380000000003,4.375100000000003,60.0
4455,58.82909999999998,4.161500000000004,54.285714285714285
4456,48.767900000000026,4.582300000000004,52.85714285714286
4457,84.1628,3.219300000000004,62.857142857142854
4458,68.42159999999998,3.32889999999999,61.42857142857143
4459,53.863200000000006,3.978199999999987,51.42857142857142
4460,76.23329999999999,3.150299999999987,64.28571428571429
4461,50.3322,2.9712000000000103,52.85714285714286
4462,71.17080000000001,3.341700000000003,57.14285714285714
4463,67.2185,2.5929,57.14285714285714
4464,49.13249999999999,4.263800000000003,60.0
4465,55.67959999999999,4.715699999999998,60.0
4466,63.58350000000004,3.2849999999999966,60.0
4467,58.17709999999997,4.741100000000003,57.14285714285714
4468,65.3211,5.200999999999993,62.857142857142854
4469,68.27019999999999,2.4442999999999984,64.28571428571429
4470,67.356,4.484399999999994,62.857142857142854
4471,59.79140000000001,2.779299999999992,58.57142857142858
4472,58.1311,6.160899999999998,50.0
4473,44.99169999999998,5.588300000000004,48.57142857142857
4474,28.52120000000002,4.921099999999996,44.285714285714285
4475,67.78550000000001,3.3848999999999876,68.57142857142857
4476,40.04340000000002,3.4772000000000105,51.42857142857142
4477,32.511300000000006,4.581799999999987,51.42857142857142
4478,40.053200000000004,5.360100000000017,45.714285714285715
4479,49.60870000000003,5.088799999999992,55.714285714285715
4480,77.87969999999999,3.3943999999999903,55.714285714285715
4481,60.78819999999999,3.243799999999993,65.71428571428571
4482,66.1668,5.952499999999986,57.14285714285714
4483,49.11680000000001,5.134500000000003,54.285714285714285
4484,55.264399999999995,6.1869000000000085,55.714285714285715
4485,58.537900000000036,2.8229999999999933,51.42857142857142
4486,73.1892,3.243799999999993,58.57142857142858
4487,50.98060000000001,4.215600000000009,45.714285714285715
4488,52.5215,3.341700000000003,54.285714285714285
4489,61.0136,8.59190000000001,55.714285714285715
4490,55.06809999999999,3.2309999999999945,60.0
4491,46.37159999999997,7.605499999999992,51.42857142857142
4492,65.10919999999999,3.761099999999999,58.57142857142858
4493,73.2652,4.082899999999995,61.42857142857143
4494,79.6611,4.568899999999985,65.71428571428571
4495,61.07230000000004,3.7306999999999846,54.285714285714285
4496,67.65000000000003,3.0834999999999866,57.14285714285714
4497,63.1618,3.8422999999999945,60.0
4498,42.23910000000001,8.608399999999989,54.285714285714285
4499,61.955299999999994,7.426100000000005,55.714285714285715
4500,55.95210000000003,5.183000000000021,55.714285714285715
4501,68.65639999999999,5.099700000000013,64.28571428571429
4502,47.36519999999999,7.513099999999994,51.42857142857142
4503,58.74150000000003,7.706299999999999,52.85714285714286
4504,53.06290000000001,4.3160000000000025,51.42857142857142
4505,56.30279999999999,7.138300000000001,58.57142857142858
4506,69.2953,4.579099999999997,55.714285714285715
4507,58.40190000000001,3.845800000000011,55.714285714285715
4508,93.75019999999998,2.2290000000000134,70.0
4509,32.94499999999999,7.307200000000009,45.714285714285715
4510,43.8724,5.0508000000000095,48.57142857142857
4511,53.746999999999986,3.569999999999993,52.85714285714286
4512,53.83850000000001,3.8112999999999886,58.57142857142858
4513,62.234200000000016,5.836699999999993,57.14285714285714
4514,62.88300000000001,5.5090999999999894,58.57142857142858
4515,47.286400000000015,4.393699999999967,54.285714285714285
4516,28.8622,7.998900000000006,47.14285714285714
4517,33.17869999999999,4.476600000000005,48.57142857142857
4518,69.59629999999999,2.70859999999999,60.0
4519,81.86070000000001,2.3401000000000067,62.857142857142854
4520,49.9332,2.699399999999997,52.85714285714286
4521,31.717100000000016,5.362799999999993,48.57142857142857
4522,55.00370000000001,2.6529000000000025,57.14285714285714
4523,40.183899999999994,7.642899999999997,54.285714285714285
4524,60.32190000000003,2.599800000000002,58.57142857142858
4525,42.09699999999998,5.960600000000014,55.714285714285715
4526,66.91739999999999,3.902799999999999,60.0
4527,77.23320000000001,6.935299999999984,64.28571428571429
4528,43.192499999999995,7.897099999999995,50.0
4529,63.45790000000002,5.145900000000012,60.0
4530,47.32830000000001,3.406000000000006,58.57142857142858
4531,52.018899999999974,3.887299999999996,58.57142857142858
4532,66.3141,2.6392000000000166,52.85714285714286
4533,62.148300000000006,3.0387000000000057,57.14285714285714
4534,71.35320000000002,3.7142000000000053,54.285714285714285
4535,70.59609999999998,4.184699999999992,62.857142857142854
4536,77.63119999999998,2.492199999999997,71.42857142857143
4537,13.647400000000005,4.544300000000007,38.57142857142858
4538,69.5507,4.220800000000011,55.714285714285715
4539,48.244699999999966,3.066100000000006,52.85714285714286
4540,49.90359999999998,3.8031000000000006,54.285714285714285
4541,65.68939999999998,5.8226999999999975,62.857142857142854
4542,34.063500000000005,4.7376000000000005,50.0
4543,83.332,2.6777000000000157,64.28571428571429
4544,63.86270000000002,2.600200000000001,70.0
4545,49.90930000000003,4.149899999999988,57.14285714285714
4546,65.85059999999999,4.279000000000025,58.57142857142858
4547,28.526299999999992,6.074299999999994,45.714285714285715
4548,56.239900000000006,3.525800000000004,52.85714285714286
4549,86.73639999999997,3.7107000000000028,65.71428571428571
4550,52.098900000000015,4.370900000000006,48.57142857142857
4551,71.15269999999998,3.3943999999999903,64.28571428571429
4552,59.2672,6.303300000000007,57.14285714285714
4553,54.47219999999999,5.0283000000000015,55.714285714285715
4554,73.26999999999998,2.9690999999999974,68.57142857142857
4555,38.60149999999999,4.301400000000001,51.42857142857142
4556,64.7696,3.220400000000012,58.57142857142858
4557,53.27890000000002,3.9523999999999972,50.0
4558,57.15780000000001,5.185099999999991,54.285714285714285
4559,63.3809,6.475300000000004,51.42857142857142
4560,55.72739999999999,2.7210000000000036,52.85714285714286
4561,38.35220000000001,5.397199999999998,48.57142857142857
4562,70.21089999999998,7.231499999999983,61.42857142857143
4563,55.7929,2.7186999999999983,60.0
4564,65.138,5.052899999999994,60.0
4565,38.1841,5.557400000000001,50.0
4566,59.63300000000001,4.484399999999994,62.857142857142854
4567,61.563500000000005,2.977100000000007,54.285714285714285
4568,70.62049999999999,2.876100000000008,62.857142857142854
4569,56.97199999999998,4.619100000000003,58.57142857142858
4570,69.95759999999999,3.2386999999999944,55.714285714285715
4571,61.94560000000001,2.851300000000009,61.42857142857143
4572,51.581500000000005,4.127499999999998,57.14285714285714
4573,82.39440000000002,3.3482999999999947,62.857142857142854
4574,53.57760000000002,7.440499999999986,57.14285714285714
4575,48.20670000000001,6.015600000000006,51.42857142857142
4576,60.27449999999999,3.5862999999999943,55.714285714285715
4577,46.3801,5.937300000000008,54.285714285714285
4578,43.108000000000004,4.067399999999992,55.714285714285715
4579,44.66820000000001,5.048599999999993,54.285714285714285
4580,56.767300000000006,2.9749999999999943,60.0
4581,72.52769999999998,3.959399999999988,65.71428571428571
4582,58.10980000000001,4.446099999999987,50.0
4583,62.965,4.21929999999999,54.285714285714285
4584,49.3261,4.154699999999991,50.0
4585,55.53489999999999,5.719999999999999,52.85714285714286
4586,71.91520000000003,2.6861999999999853,58.57142857142858
4587,62.04079999999999,3.569999999999993,54.285714285714285
4588,55.08269999999999,2.9375,58.57142857142858
4589,62.26010000000002,6.7864999999999895,57.14285714285714
4590,46.917700000000025,4.134899999999988,48.57142857142857
4591,21.2877,8.316100000000006,42.857142857142854
4592,85.7772,3.663199999999989,71.42857142857143
4593,28.204200000000014,7.202500000000001,48.57142857142857
4594,38.953700000000026,8.203299999999999,48.57142857142857
4595,61.66950000000003,2.97890000000001,57.14285714285714
4596,45.97430000000003,2.5901000000000067,54.285714285714285
4597,75.77029999999996,2.979300000000009,62.857142857142854
4598,48.730199999999996,3.9047999999999945,52.85714285714286
4599,58.75279999999998,3.4772000000000105,55.714285714285715
4600,51.87239999999997,3.6533000000000015,50.0
4601,67.67439999999999,2.836500000000001,60.0
4602,41.2021,5.620500000000007,45.714285714285715
4603,73.62989999999999,7.434299999999979,62.857142857142854
4604,63.965,5.087099999999992,60.0
4605,52.102300000000014,5.064199999999971,52.85714285714286
4606,52.988099999999974,6.420700000000011,55.714285714285715
4607,47.949100000000016,2.750799999999998,51.42857142857142
4608,64.84270000000001,5.176299999999998,54.285714285714285
4609,63.91769999999997,5.842700000000008,57.14285714285714
4610,51.70609999999999,3.279199999999989,54.285714285714285
4611,50.5933,4.487700000000004,48.57142857142857
4612,79.0087,2.743799999999993,61.42857142857143
4613,50.9358,5.740000000000009,48.57142857142857
4614,55.6746,2.9961000000000126,61.42857142857143
4615,72.12870000000001,4.551400000000001,62.857142857142854
4616,87.53869999999998,2.1976000000000084,58.57142857142858
4617,81.01929999999999,5.8840999999999894,62.857142857142854
4618,39.14350000000002,6.145299999999992,42.857142857142854
4619,46.06559999999999,5.038900000000012,51.42857142857142
4620,54.5043,4.468100000000007,55.714285714285715
4621,66.05160000000001,8.269999999999982,55.714285714285715
4622,38.971599999999995,5.667600000000007,50.0
4623,57.4975,4.47290000000001,58.57142857142858
4624,62.039800000000014,2.607599999999991,55.714285714285715
4625,38.3399,5.867199999999997,55.714285714285715
4626,55.79400000000001,4.215599999999995,48.57142857142857
4627,83.16469999999998,4.0534999999999854,62.857142857142854
4628,45.79839999999999,4.1458999999999975,51.42857142857142
4629,54.1943,3.5686999999999784,48.57142857142857
4630,37.6155,3.761099999999999,47.14285714285714
4631,82.44460000000001,3.712299999999999,58.57142857142858
4632,53.5163,6.906400000000019,55.714285714285715
4633,49.590900000000005,3.8859000000000066,61.42857142857143
4634,56.04080000000002,3.7531000000000176,58.57142857142858
4635,49.7585,3.88809999999998,48.57142857142857
4636,30.93610000000001,6.432699999999997,42.857142857142854
4637,36.63760000000002,6.148799999999994,52.85714285714286
4638,86.07580000000002,3.4095999999999833,62.857142857142854
4639,71.26830000000001,4.128300000000024,62.857142857142854
4640,39.52879999999999,6.5702,48.57142857142857
4641,70.06169999999997,3.9461000000000013,65.71428571428571
4642,79.22460000000001,3.0134000000000185,61.42857142857143
4643,61.883200000000016,2.64700000000002,55.714285714285715
4644,66.29179999999997,2.5383999999999958,62.857142857142854
4645,42.659400000000005,5.7894000000000005,51.42857142857142
4646,45.93000000000001,4.8673,54.285714285714285
4647,48.4554,3.4549999999999983,55.714285714285715
4648,55.16220000000001,4.809599999999989,58.57142857142858
4649,29.656900000000007,6.881200000000007,44.285714285714285
4650,48.154000000000025,4.725699999999989,58.57142857142858
4651,53.85640000000001,4.235100000000003,51.42857142857142
4652,36.6301,10.060900000000004,52.85714285714286
4653,43.456999999999994,9.167400000000015,51.42857142857142
4654,33.1379,5.135099999999994,50.0
4655,49.852499999999964,2.3401000000000067,61.42857142857143
4656,60.6506,2.900499999999994,48.57142857142857
4657,44.55650000000003,4.6370000000000005,51.42857142857142
4658,56.86240000000001,7.963700000000003,62.857142857142854
4659,31.839100000000002,6.801500000000004,38.57142857142858
4660,71.97380000000001,3.4176000000000073,61.42857142857143
4661,32.69290000000001,9.605799999999988,48.57142857142857
4662,64.21480000000003,6.441999999999979,55.714285714285715
4663,64.05269999999999,3.8884999999999934,60.0
4664,76.86209999999994,4.850900000000024,64.28571428571429
4665,52.65530000000001,4.093099999999993,51.42857142857142
4666,43.275300000000016,3.6751000000000147,50.0
4667,49.822100000000006,3.4333000000000027,54.285714285714285
4668,50.9264,4.849199999999996,52.85714285714286
4669,50.89540000000002,2.8399,52.85714285714286
4670,59.82740000000001,4.926500000000004,57.14285714285714
4671,67.17609999999996,4.497300000000024,58.57142857142858
4672,76.33590000000001,3.5686000000000035,60.0
4673,55.957899999999995,2.995599999999996,52.85714285714286
4674,49.52969999999999,3.7295000000000016,62.857142857142854
4675,35.33930000000001,6.833200000000005,48.57142857142857
4676,88.32060000000001,2.8240000000000123,70.0
4677,58.67269999999999,4.8408000000000015,55.714285714285715
4678,27.805800000000005,5.362399999999994,41.42857142857143
4679,59.18539999999999,2.866100000000017,55.714285714285715
4680,67.28840000000002,3.8744999999999976,57.14285714285714
4681,68.63640000000001,3.667900000000003,58.57142857142858
4682,63.39750000000001,4.782299999999992,58.57142857142858
4683,55.0797,3.7860999999999763,55.714285714285715
4684,65.89110000000002,3.732200000000006,47.14285714285714
4685,69.64679999999998,4.079000000000008,58.57142857142858
4686,54.27680000000001,4.576999999999998,51.42857142857142
4687,33.114599999999996,12.686800000000005,40.0
4688,73.42239999999998,5.818899999999999,62.857142857142854
4689,69.82079999999999,5.2590999999999894,57.14285714285714
4690,43.64689999999999,6.468400000000031,48.57142857142857
4691,75.31299999999996,2.5005999999999915,60.0
4692,69.64420000000001,4.004400000000004,61.42857142857143
4693,44.54740000000001,6.185100000000006,55.714285714285715
4694,36.47659999999999,3.2954000000000008,45.714285714285715
4695,63.296899999999994,4.266600000000011,58.57142857142858
4696,51.6542,4.759600000000006,52.85714285714286
4697,63.76580000000001,4.362000000000023,62.857142857142854
4698,73.02629999999999,2.242199999999997,64.28571428571429
4699,68.10919999999999,2.822199999999995,60.0
4700,55.0599,3.761099999999999,52.85714285714286
4701,39.361999999999995,11.586500000000001,45.714285714285715
4702,65.48769999999996,3.761099999999999,60.0
4703,49.5411,3.664199999999994,45.714285714285715
4704,49.385700000000014,4.6884000000000015,52.85714285714286
4705,46.994999999999976,4.484399999999994,61.42857142857143
4706,69.76549999999997,2.407499999999999,60.0
4707,33.72570000000002,6.529399999999995,42.857142857142854
4708,74.4103,3.6337000000000046,58.57142857142858
4709,68.39069999999998,4.426500000000004,61.42857142857143
4710,63.62990000000002,5.2871000000000095,57.14285714285714
4711,74.8152,2.7383000000000095,57.14285714285714
4712,76.08619999999999,3.379499999999979,62.857142857142854
4713,53.8741,5.662000000000006,52.85714285714286
4714,30.72550000000001,7.2346999999999895,45.714285714285715
4715,67.2233,2.9984000000000037,60.0
4716,80.52650000000003,2.894999999999982,65.71428571428571
4717,47.8784,3.3281999999999954,52.85714285714286
4718,70.25060000000002,2.538599999999988,58.57142857142858
4719,69.44910000000004,2.3401000000000067,62.857142857142854
4720,90.63780000000003,2.3401000000000067,61.42857142857143
4721,76.32759999999996,4.167000000000002,57.14285714285714
4722,78.97630000000001,2.738299999999981,58.57142857142858
4723,56.03550000000001,3.8575000000000017,61.42857142857143
4724,52.668499999999995,3.727800000000002,55.714285714285715
4725,62.79990000000001,4.098600000000005,58.57142857142858
4726,61.09699999999998,6.890500000000003,51.42857142857142
4727,33.4958,6.670000000000002,45.714285714285715
4728,68.7525,2.2924000000000007,55.714285714285715
4729,57.5386,4.201599999999999,51.42857142857142
4730,69.9119,3.4612000000000194,67.14285714285714
4731,38.7209,9.675299999999993,54.285714285714285
4732,37.37790000000001,7.76339999999999,45.714285714285715
4733,52.77249999999998,4.178899999999999,55.714285714285715
4734,47.109399999999994,4.596199999999982,50.0
4735,52.013000000000034,7.020299999999992,52.85714285714286
4736,39.14669999999998,7.261900000000011,51.42857142857142
4737,46.72310000000002,6.274100000000004,48.57142857142857
4738,67.45749999999998,5.353100000000012,62.857142857142854
4739,41.76820000000001,3.143799999999999,48.57142857142857
4740,49.86699999999999,7.893499999999989,50.0
4741,55.841800000000006,3.0700999999999965,58.57142857142858
4742,46.619200000000006,4.730199999999996,52.85714285714286
4743,75.5952,2.9765999999999906,60.0
4744,90.05220000000003,1.4209999999999923,68.57142857142857
4745,32.79839999999999,4.8382000000000005,41.42857142857143
4746,45.06170000000003,4.2631000000000085,57.14285714285714
4747,82.69909999999999,2.7399000000000058,61.42857142857143
4748,61.53569999999999,7.724499999999978,61.42857142857143
4749,42.30970000000002,3.5444999999999993,48.57142857142857
4750,57.7363,6.320599999999999,61.42857142857143
4751,56.64689999999999,2.942600000000013,54.285714285714285
4752,75.9641,3.0756999999999834,62.857142857142854
4753,63.1773,5.026099999999985,61.42857142857143
4754,56.89010000000002,5.51339999999999,55.714285714285715
4755,49.38840000000002,3.024400000000014,51.42857142857142
4756,63.56110000000001,4.365399999999994,57.14285714285714
4757,58.83969999999999,5.324099999999987,58.57142857142858
4758,45.04490000000001,3.558499999999995,57.14285714285714
4759,58.13670000000002,4.9354999999999905,55.714285714285715
4760,44.143400000000014,6.2701999999999884,48.57142857142857
4761,73.98879999999997,2.9750000000000085,61.42857142857143
4762,79.90639999999999,2.748800000000017,68.57142857142857
4763,26.019600000000025,4.608299999999986,45.714285714285715
4764,72.91539999999998,3.262200000000007,61.42857142857143
4765,62.81979999999999,4.471499999999992,60.0
4766,72.30290000000002,2.45780000000002,55.714285714285715
4767,57.315200000000004,3.7714,54.285714285714285
4768,46.46769999999998,5.683700000000002,52.85714285714286
4769,44.56540000000001,3.8101000000000056,55.714285714285715
4770,59.59610000000001,5.392499999999984,58.57142857142858
4771,74.23699999999997,2.8592000000000155,64.28571428571429
4772,62.66890000000001,3.712299999999999,57.14285714285714
4773,33.39619999999999,4.215599999999995,50.0
4774,56.17309999999998,11.128899999999987,54.285714285714285
4775,38.970699999999994,7.531100000000009,52.85714285714286
4776,37.721900000000005,5.221000000000004,52.85714285714286
4777,55.685900000000004,5.6022000000000105,52.85714285714286
4778,31.857100000000003,8.755200000000002,48.57142857142857
4779,43.553499999999985,5.125,52.85714285714286
4780,52.98399999999998,4.328900000000004,54.285714285714285
4781,75.6413,5.0094999999999885,60.0
4782,42.93119999999999,10.134800000000013,51.42857142857142
4783,51.47490000000002,6.592500000000001,55.714285714285715
4784,74.3475,2.784099999999995,65.71428571428571
4785,51.8425,5.674700000000001,50.0
4786,55.3621,5.477599999999995,54.285714285714285
4787,58.7234,4.100499999999997,58.57142857142858
4788,55.35870000000003,5.218400000000003,54.285714285714285
4789,51.06920000000002,2.6998999999999995,54.285714285714285
4790,83.68360000000001,4.642099999999999,61.42857142857143
4791,61.11760000000001,7.043300000000016,51.42857142857142
4792,74.52759999999998,4.473199999999991,62.857142857142854
4793,61.60570000000001,2.653899999999993,57.14285714285714
4794,78.68419999999998,5.048900000000003,60.0
4795,55.56760000000003,5.396799999999999,57.14285714285714
4796,65.78540000000004,6.641400000000004,55.714285714285715
4797,66.767,4.078399999999988,62.857142857142854
4798,51.83109999999999,5.418599999999998,58.57142857142858
4799,66.7278,2.7497999999999934,58.57142857142858
4800,59.98219999999998,4.078399999999988,55.714285714285715
4801,54.33099999999999,4.102100000000007,51.42857142857142
4802,73.4622,3.477800000000002,61.42857142857143
4803,70.97140000000002,4.315799999999996,57.14285714285714
4804,54.34850000000003,4.502599999999987,52.85714285714286
4805,72.24779999999998,2.1145000000000067,60.0
4806,65.22570000000002,2.9251999999999896,55.714285714285715
4807,61.75199999999998,4.234300000000005,60.0
4808,50.33510000000001,4.1585999999999785,58.57142857142858
4809,68.36349999999999,2.3446,61.42857142857143
4810,49.141099999999994,6.825800000000001,57.14285714285714
4811,87.16809999999998,3.391300000000001,58.57142857142858
4812,45.842400000000026,3.7271999999999963,54.285714285714285
4813,74.34949999999998,2.4694999999999965,51.42857142857142
4814,62.262700000000024,4.370500000000021,61.42857142857143
4815,64.27970000000005,3.066100000000006,52.85714285714286
4816,47.221900000000005,3.602099999999993,48.57142857142857
4817,36.2543,3.761099999999999,50.0
4818,54.724699999999984,4.223500000000001,52.85714285714286
4819,50.6088,10.42519999999999,48.57142857142857
4820,73.4007,2.6528999999999883,60.0
4821,60.34270000000001,4.116899999999987,55.714285714285715
4822,53.8698,3.0313000000000017,54.285714285714285
4823,31.39949999999999,5.146000000000001,48.57142857142857
4824,72.55160000000001,4.8936999999999955,60.0
4825,24.509,5.657599999999988,44.285714285714285
4826,60.00229999999999,6.726600000000019,57.14285714285714
4827,67.3046,5.185000000000002,57.14285714285714
4828,64.52839999999998,4.777500000000003,54.285714285714285
4829,34.84,5.199399999999997,44.285714285714285
4830,77.30419999999998,3.110900000000015,60.0
4831,61.37540000000001,7.312899999999985,60.0
4832,38.58800000000002,3.8529999999999944,50.0
4833,54.92779999999999,3.7361999999999966,52.85714285714286
4834,55.580900000000014,3.150599999999997,58.57142857142858
4835,75.11699999999996,2.8814999999999884,60.0
4836,63.23419999999999,2.7405000000000257,55.714285714285715
4837,55.10190000000003,3.0571999999999946,54.285714285714285
4838,61.34340000000003,5.769899999999993,57.14285714285714
4839,58.33279999999999,4.858400000000017,51.42857142857142
4840,73.26149999999998,4.079000000000008,61.42857142857143
4841,77.50759999999997,2.61760000000001,64.28571428571429
4842,50.144000000000005,6.413399999999996,44.285714285714285
4843,57.94229999999999,5.99260000000001,61.42857142857143
4844,52.73339999999999,5.318400000000011,48.57142857142857
4845,66.4479,3.3011999999999944,64.28571428571429
4846,64.3117,4.073599999999999,57.14285714285714
4847,52.99119999999999,6.194199999999995,57.14285714285714
4848,63.01249999999999,3.110900000000015,64.28571428571429
4849,50.4735,2.3479999999999848,55.714285714285715
4850,53.04320000000001,2.242199999999997,57.14285714285714
4851,78.12879999999998,3.5777000000000214,61.42857142857143
4852,37.06450000000001,12.142499999999998,50.0
4853,52.998699999999985,3.637900000000002,57.14285714285714
4854,58.69069999999999,3.5309000000000026,55.714285714285715
4855,40.817499999999995,6.834399999999988,50.0
4856,52.25400000000002,2.7990000000000066,55.714285714285715
4857,63.020399999999995,3.6718000000000046,51.42857142857142
4858,46.95949999999999,3.220300000000009,48.57142857142857
4859,70.7687,4.158599999999993,50.0
4860,92.39330000000001,2.2938000000000045,71.42857142857143
4861,95.20089999999999,2.6555999999999926,68.57142857142857
4862,67.71180000000001,8.209800000000001,57.14285714285714
4863,40.773000000000025,4.755400000000009,51.42857142857142
4864,40.18130000000002,4.174900000000008,48.57142857142857
4865,78.06790000000001,4.034099999999995,55.714285714285715
4866,24.32220000000001,6.753599999999992,42.857142857142854
4867,61.5189,3.2768999999999977,52.85714285714286
4868,57.11329999999998,4.756900000000002,61.42857142857143
4869,51.372799999999984,7.607200000000006,51.42857142857142
4870,63.623200000000026,2.7950000000000017,58.57142857142858
4871,46.8674,5.73490000000001,48.57142857142857
4872,44.909099999999995,5.636599999999987,57.14285714285714
4873,45.70750000000004,6.801099999999991,48.57142857142857
4874,63.179,4.112599999999986,61.42857142857143
4875,39.959299999999985,4.628799999999998,52.85714285714286
4876,51.685900000000004,2.843599999999981,61.42857142857143
4877,44.54520000000002,5.061800000000005,52.85714285714286
4878,66.4674,4.969300000000004,60.0
4879,73.71719999999999,2.8479999999999848,55.714285714285715
4880,44.30180000000004,5.35990000000001,52.85714285714286
4881,65.30619999999999,4.038499999999999,60.0
4882,31.495900000000006,7.427599999999998,44.285714285714285
4883,70.78199999999998,4.207799999999992,65.71428571428571
4884,67.78140000000002,3.712299999999999,62.857142857142854
4885,32.23610000000002,6.9742999999999995,45.714285714285715
4886,54.37610000000001,6.336899999999986,55.714285714285715
4887,82.05849999999998,2.6677999999999997,62.857142857142854
4888,88.89080000000001,3.7624000000000137,57.14285714285714
4889,51.41270000000003,2.3400999999999925,55.714285714285715
4890,66.70190000000002,3.0071000000000083,55.714285714285715
4891,55.7799,3.2863000000000113,48.57142857142857
4892,44.11829999999998,4.148499999999984,55.714285714285715
4893,66.0994,3.7412999999999954,58.57142857142858
4894,79.1028,3.980499999999978,64.28571428571429
4895,66.33590000000004,3.71220000000001,55.714285714285715
4896,75.90469999999999,3.4144999999999754,70.0
4897,66.76330000000002,4.238699999999994,62.857142857142854
4898,77.43019999999999,3.4155000000000086,60.0
4899,44.816599999999994,6.6906999999999925,50.0
4900,68.3811,4.976100000000017,55.714285714285715
4901,79.0906,4.5745000000000005,60.0
4902,57.35509999999999,2.757499999999993,60.0
4903,45.1465,6.545799999999986,47.14285714285714
4904,76.96539999999999,2.474500000000006,58.57142857142858
4905,67.6592,3.393900000000002,55.714285714285715
4906,66.781,5.368200000000002,57.14285714285714
4907,50.936499999999995,3.0666999999999973,55.714285714285715
4908,55.7492,5.066400000000016,54.285714285714285
4909,61.968500000000006,3.884600000000006,54.285714285714285
4910,40.891999999999996,5.096100000000007,47.14285714285714
4911,78.11849999999998,4.481200000000001,68.57142857142857
4912,60.03049999999999,4.569299999999998,54.285714285714285
4913,33.6387,7.712799999999987,40.0
4914,41.4041,4.1610999999999905,47.14285714285714
4915,60.93780000000001,2.528599999999983,55.714285714285715
4916,46.84870000000001,2.9749999999999943,52.85714285714286
4917,51.130499999999984,3.35690000000001,52.85714285714286
4918,70.24650000000003,4.341199999999986,55.714285714285715
4919,67.01419999999999,5.9990999999999985,65.71428571428571
4920,85.96690000000001,3.1503000000000156,67.14285714285714
4921,31.380799999999994,8.067999999999998,52.85714285714286
4922,57.9118,3.5805000000000007,54.285714285714285
4923,54.05970000000002,5.0197,55.714285714285715
4924,67.4236,2.360599999999991,54.285714285714285
4925,51.84230000000002,7.637499999999989,52.85714285714286
4926,46.262699999999995,4.859700000000004,54.285714285714285
4927,58.579499999999996,5.6484999999999985,52.85714285714286
4928,50.76830000000001,3.119700000000023,48.57142857142857
4929,52.741299999999995,6.34729999999999,51.42857142857142
4930,49.174499999999995,3.5557999999999907,58.57142857142858
4931,55.94200000000001,5.491299999999995,51.42857142857142
4932,37.517300000000006,5.430300000000003,47.14285714285714
4933,52.413099999999986,4.4114,61.42857142857143
4934,51.412000000000035,5.689700000000002,48.57142857142857
4935,73.75659999999999,4.218099999999993,62.857142857142854
4936,43.75110000000001,4.966899999999995,51.42857142857142
4937,58.689899999999994,3.4765999999999906,58.57142857142858
4938,77.10309999999998,4.341200000000015,62.857142857142854
4939,57.463299999999975,2.9037999999999897,57.14285714285714
4940,57.240999999999985,4.066699999999997,51.42857142857142
4941,79.13419999999996,3.526600000000002,67.14285714285714
4942,45.625699999999995,4.782000000000011,51.42857142857142
4943,48.8612,4.7620000000000005,52.85714285714286
4944,64.4142,4.234200000000001,57.14285714285714
4945,58.48309999999998,5.793999999999997,50.0
4946,41.216999999999985,3.9805000000000064,55.714285714285715
4947,56.97399999999999,4.722199999999987,55.714285714285715
4948,55.0813,2.7006000000000085,50.0
4949,57.248699999999985,7.120399999999989,52.85714285714286
4950,70.53890000000001,4.024100000000004,58.57142857142858
4951,45.12560000000002,2.9117999999999995,51.42857142857142
4952,53.557800000000015,5.471999999999994,54.285714285714285
4953,61.230800000000016,4.062999999999988,55.714285714285715
4954,27.825299999999984,10.039500000000004,48.57142857142857
4955,63.393100000000004,2.2938000000000045,60.0
4956,43.677100000000024,2.3400999999999783,52.85714285714286
4957,64.10529999999997,2.8299999999999983,64.28571428571429
4958,51.971900000000005,4.525100000000009,55.714285714285715
4959,76.28479999999999,3.3286999999999694,64.28571428571429
4960,62.30250000000001,3.341700000000003,57.14285714285714
4961,77.90350000000001,5.314000000000007,65.71428571428571
4962,90.72479999999999,2.5900999999999925,68.57142857142857
4963,58.32169999999999,6.555999999999983,55.714285714285715
4964,67.27409999999998,4.341700000000003,58.57142857142858
4965,50.8022,7.061300000000003,48.57142857142857
4966,48.70920000000001,5.802199999999999,55.714285714285715
4967,75.89280000000002,3.7253000000000043,61.42857142857143
4968,50.96039999999999,4.246200000000002,52.85714285714286
4969,62.460199999999986,4.717199999999991,55.714285714285715
4970,58.7261,3.980499999999992,57.14285714285714
4971,37.35050000000001,5.33159999999998,50.0
4972,75.3895,3.773700000000005,61.42857142857143
4973,55.50120000000001,7.430800000000005,55.714285714285715
4974,43.86510000000001,6.7161000000000115,48.57142857142857
4975,44.58800000000002,2.523700000000005,51.42857142857142
4976,45.48610000000002,3.4884999999999877,45.714285714285715
4977,51.932799999999986,8.258999999999986,48.57142857142857
4978,51.58269999999999,3.446499999999986,52.85714285714286
4979,71.47319999999999,4.5230999999999995,65.71428571428571
4980,86.76000000000002,6.439999999999998,67.14285714285714
4981,47.61100000000002,3.9102000000000032,45.714285714285715
4982,55.515299999999996,6.0341999999999985,58.57142857142858
4983,86.22249999999997,5.069500000000005,60.0
4984,41.28559999999999,4.1392999999999915,48.57142857142857
4985,72.245,4.280399999999986,54.285714285714285
4986,80.7722,2.748800000000003,67.14285714285714
4987,81.84299999999999,2.3917,65.71428571428571
4988,7.7958,9.136200000000002,42.857142857142854
4989,62.81479999999999,6.281300000000002,47.14285714285714
4990,63.015000000000015,3.300200000000004,58.57142857142858
4991,66.26710000000003,4.529899999999998,47.14285714285714
4992,52.88919999999999,2.9749999999999943,58.57142857142858
4993,59.34230000000002,5.039699999999996,58.57142857142858
4994,60.34020000000001,3.9594000000000023,54.285714285714285
4995,43.75739999999999,5.668700000000001,54.285714285714285
4996,68.36309999999997,2.9931000000000267,55.714285714285715
4997,38.85719999999998,6.8896000000000015,51.42857142857142
4998,65.2561,3.353999999999985,57.14285714285714
4999,60.33240000000001,3.177099999999996,54.285714285714285
5000,51.92270000000002,3.5973999999999933,57.14285714285714
5001,54.546899999999994,4.8034000000000106,62.857142857142854
5002,29.501199999999983,4.919899999999998,44.285714285714285
5003,61.85880000000003,2.358399999999989,58.57142857142858
5004,41.82990000000001,5.242900000000006,52.85714285714286
5005,52.19900000000001,4.343100000000021,55.714285714285715
5006,52.5291,3.6632000000000033,52.85714285714286
5007,66.38049999999998,6.219000000000008,60.0
5008,65.52730000000003,3.350599999999986,58.57142857142858
5009,67.82479999999998,5.158799999999999,54.285714285714285
5010,64.63729999999998,3.2105999999999995,58.57142857142858
5011,70.19799999999998,2.748800000000017,58.57142857142858
5012,43.672499999999985,7.587900000000005,51.42857142857142
5013,70.43620000000001,4.467500000000001,60.0
5014,23.09049999999999,8.79140000000001,44.285714285714285
5015,50.44200000000001,6.737600000000015,42.857142857142854
5016,39.1155,3.1303999999999945,52.85714285714286
5017,56.947100000000034,6.442900000000009,54.285714285714285
5018,42.39240000000001,2.844399999999993,50.0
5019,54.36439999999999,5.056899999999999,50.0
5020,48.875699999999995,6.096499999999992,55.714285714285715
5021,60.7655,2.9498000000000104,54.285714285714285
5022,49.885700000000014,4.140799999999999,58.57142857142858
5023,73.0421,3.8791999999999973,62.857142857142854
5024,48.29660000000001,4.139800000000008,50.0
5025,55.95350000000002,3.9225999999999885,52.85714285714286
5026,70.22629999999998,2.2422000000000253,61.42857142857143
5027,53.0506,7.9069999999999965,58.57142857142858
5028,77.16140000000001,3.7187000000000126,58.57142857142858
5029,84.43549999999999,2.3401000000000067,65.71428571428571
5030,68.66129999999998,2.9227000000000203,57.14285714285714
5031,70.9572,3.8023000000000025,62.857142857142854
5032,66.97270000000003,5.470699999999994,58.57142857142858
5033,65.338,2.9821000000000026,61.42857142857143
5034,52.740200000000016,4.428899999999999,51.42857142857142
5035,53.075199999999995,4.890600000000006,55.714285714285715
5036,38.8535,5.914699999999996,50.0
5037,34.71660000000003,4.5702,45.714285714285715
5038,54.136300000000006,4.580399999999997,54.285714285714285
5039,43.95779999999999,4.527299999999997,45.714285714285715
5040,79.22239999999996,3.2667000000000144,62.857142857142854
5041,51.6172,5.886700000000019,51.42857142857142
5042,54.10040000000001,3.489999999999995,52.85714285714286
5043,85.38820000000004,2.7404999999999973,55.714285714285715
5044,63.135099999999994,6.205600000000004,62.857142857142854
5045,54.3475,3.5142000000000024,55.714285714285715
5046,68.29489999999998,2.9628999999999905,58.57142857142858
5047,75.35819999999995,2.6617999999999853,64.28571428571429
5048,56.61789999999999,5.625499999999988,54.285714285714285
5049,53.86750000000001,2.242199999999997,51.42857142857142
5050,64.87899999999999,2.6855999999999938,60.0
5051,34.70760000000001,5.8781999999999925,42.857142857142854
5052,62.970200000000034,4.081000000000017,55.714285714285715
5053,61.27850000000001,5.1095000000000255,64.28571428571429
5054,47.5403,4.270600000000002,55.714285714285715
5055,61.726,3.5139999999999816,52.85714285714286
5056,58.27029999999999,4.888099999999994,57.14285714285714
5057,56.36159999999998,6.135999999999996,57.14285714285714
5058,49.62219999999999,3.1037000000000035,54.285714285714285
5059,33.131,5.318700000000007,45.714285714285715
5060,67.351,3.6378999999999877,57.14285714285714
5061,90.44080000000002,4.810399999999987,64.28571428571429
5062,60.786699999999996,3.2409000000000106,52.85714285714286
5063,49.948199999999986,4.237800000000007,57.14285714285714
5064,59.9957,2.099000000000018,57.14285714285714
5065,77.4256,3.6312999999999818,64.28571428571429
5066,47.417,5.953900000000004,50.0
5067,79.18470000000002,4.147199999999998,61.42857142857143
5068,49.12209999999999,3.981099999999998,50.0
5069,58.05599999999998,6.098200000000006,55.714285714285715
5070,44.11650000000003,4.410700000000006,42.857142857142854
5071,58.50259999999997,4.435600000000022,58.57142857142858
5072,55.47550000000001,4.416600000000017,62.857142857142854
5073,72.9932,2.8815000000000026,64.28571428571429
5074,66.45349999999999,2.5043000000000006,60.0
5075,35.248400000000004,5.571200000000005,50.0
5076,48.74369999999999,4.6625000000000085,55.714285714285715
5077,63.00229999999999,3.9805000000000064,57.14285714285714
5078,61.16090000000003,4.269199999999998,54.285714285714285
5079,82.94819999999999,3.0799999999999983,65.71428571428571
5080,55.40270000000001,3.25630000000001,57.14285714285714
5081,60.84360000000001,4.32119999999999,58.57142857142858
5082,75.68740000000003,4.135799999999989,57.14285714285714
5083,52.374000000000024,5.800099999999986,54.285714285714285
5084,47.36439999999999,3.7546999999999997,54.285714285714285
5085,53.923400000000015,4.544299999999993,55.714285714285715
5086,73.29700000000003,3.9805000000000064,58.57142857142858
5087,62.52459999999999,4.664799999999985,54.285714285714285
5088,48.8263,3.8592999999999904,57.14285714285714
5089,55.78800000000001,3.819999999999993,55.714285714285715
5090,46.430499999999995,8.281500000000008,55.714285714285715
5091,60.34040000000002,5.763000000000005,60.0
5092,50.372900000000016,3.658999999999992,52.85714285714286
5093,75.6902,2.340599999999995,61.42857142857143
5094,53.11619999999999,4.61099999999999,55.714285714285715
5095,58.0804,3.974099999999993,58.57142857142858
5096,64.02960000000002,2.6175999999999817,55.714285714285715
5097,69.66489999999999,5.113100000000003,52.85714285714286
5098,57.67349999999999,4.934700000000021,58.57142857142858
5099,69.79609999999997,3.6217999999999932,62.857142857142854
5100,69.23169999999999,4.276699999999991,62.857142857142854
5101,58.296099999999996,3.3285999999999945,55.714285714285715
5102,40.320899999999995,3.3590999999999838,52.85714285714286
5103,61.82080000000002,3.5666999999999973,58.57142857142858
5104,33.964200000000005,7.902499999999975,50.0
5105,63.9554,3.1601,58.57142857142858
5106,42.11770000000001,3.6765999999999934,55.714285714285715
5107,37.620299999999986,5.860100000000017,50.0
5108,60.37650000000002,2.794099999999986,60.0
5109,61.71539999999999,3.6632000000000033,54.285714285714285
5110,48.281600000000026,6.415700000000015,50.0
5111,28.643,5.0184,47.14285714285714
5112,70.30929999999998,3.7524999999999977,60.0
5113,61.625699999999995,3.700499999999977,52.85714285714286
5114,99.4282,2.4044000000000096,71.42857142857143
5115,67.5738,3.4902000000000157,57.14285714285714
5116,22.11360000000002,6.492599999999996,41.42857142857143
5117,48.873099999999994,4.732100000000003,51.42857142857142
5118,58.45920000000001,3.9092999999999734,52.85714285714286
5119,42.13840000000002,8.083600000000004,51.42857142857142
5120,41.606600000000014,5.148699999999991,51.42857142857142
5121,61.7321,3.7051999999999907,57.14285714285714
5122,55.9974,3.6903000000000077,60.0
5123,49.372299999999996,4.161100000000005,52.85714285714286
5124,54.02109999999999,3.1462999999999965,57.14285714285714
5125,69.06649999999999,2.3400999999999925,61.42857142857143
5126,57.67430000000002,3.712999999999994,55.714285714285715
5127,58.68270000000001,2.4657000000000266,58.57142857142858
5128,55.04660000000001,5.037900000000008,54.285714285714285
5129,39.09,6.555700000000002,47.14285714285714
5130,48.93099999999998,3.9461999999999904,51.42857142857142
5131,66.79250000000002,4.733399999999989,52.85714285714286
5132,80.90329999999994,4.078900000000004,57.14285714285714
5133,51.859399999999994,5.529900000000026,58.57142857142858
5134,66.46929999999998,2.6469999999999914,58.57142857142858
5135,61.95319999999998,1.7384999999999877,57.14285714285714
5136,64.7613,7.850699999999989,57.14285714285714
5137,61.024100000000004,4.385300000000001,51.42857142857142
5138,65.88990000000001,3.337600000000009,51.42857142857142
5139,64.5145,4.239399999999989,58.57142857142858
5140,71.79660000000001,3.1049000000000007,58.57142857142858
5141,78.32429999999997,7.497,55.714285714285715
5142,51.61770000000001,5.215500000000006,58.57142857142858
5143,47.89450000000002,2.6677999999999997,41.42857142857143
5144,17.4063,12.813700000000011,41.42857142857143
5145,57.096900000000005,4.1299999999999955,54.285714285714285
5146,55.10930000000002,4.680199999999999,61.42857142857143
5147,34.69,7.917400000000001,55.714285714285715
5148,58.460999999999984,4.575999999999993,57.14285714285714
5149,52.668000000000006,6.757499999999993,54.285714285714285
5150,60.11240000000001,2.967800000000011,55.714285714285715
5151,56.87700000000001,5.702799999999996,57.14285714285714
5152,50.22210000000001,4.411500000000018,51.42857142857142
5153,53.01990000000001,5.4535999999999945,58.57142857142858
5154,49.94840000000002,3.9054,52.85714285714286
5155,72.70769999999996,4.241199999999992,55.714285714285715
5156,52.88240000000002,2.818099999999987,57.14285714285714
5157,81.54999999999998,2.766999999999996,68.57142857142857
5158,64.1839,4.571600000000004,64.28571428571429
5159,86.969,2.5482000000000085,65.71428571428571
5160,82.3204,2.2897000000000105,62.857142857142854
5161,56.96920000000003,4.2309999999999945,60.0
5162,56.84300000000002,2.890899999999988,51.42857142857142
5163,42.49879999999999,5.583699999999993,52.85714285714286
5164,83.18520000000001,3.0515000000000043,61.42857142857143
5165,57.01480000000001,8.069100000000006,55.714285714285715
5166,65.36370000000002,4.981999999999999,57.14285714285714
5167,46.671400000000006,3.5206000000000017,50.0
5168,43.19,2.902200000000022,50.0
5169,54.35590000000002,5.142600000000002,60.0
5170,64.53109999999998,3.313999999999993,61.42857142857143
5171,53.864599999999996,3.3633999999999986,55.714285714285715
5172,39.3297,6.941100000000006,48.57142857142857
5173,61.70190000000002,4.8659000000000106,57.14285714285714
5174,58.72109999999998,2.6507000000000005,48.57142857142857
5175,59.48259999999999,3.041399999999996,54.285714285714285
5176,45.12870000000001,3.856099999999998,45.714285714285715
5177,48.9023,2.497799999999998,55.714285714285715
5178,69.56890000000004,3.571799999999996,52.85714285714286
5179,51.071799999999996,3.8231999999999857,47.14285714285714
5180,49.500699999999995,6.4033000000000015,45.714285714285715
5181,44.78310000000002,5.710699999999974,50.0
5182,65.54180000000002,2.242199999999997,60.0
5183,60.524,5.08120000000001,54.285714285714285
5184,67.83949999999999,3.051599999999979,61.42857142857143
5185,63.48090000000002,4.788899999999984,55.714285714285715
5186,38.648300000000006,4.2309999999999945,45.714285714285715
5187,35.47810000000001,5.849000000000004,45.714285714285715
5188,91.90069999999997,4.078400000000002,67.14285714285714
5189,52.75689999999997,4.313500000000005,61.42857142857143
5190,59.672799999999995,2.242200000000011,50.0
5191,76.83069999999998,3.599900000000005,61.42857142857143
5192,63.760200000000026,2.7383000000000095,64.28571428571429
5193,60.6335,2.3401000000000067,58.57142857142858
5194,32.59570000000002,5.049099999999996,50.0
5195,45.71370000000002,4.022099999999995,47.14285714285714
5196,29.461099999999988,6.856099999999998,47.14285714285714
5197,77.59359999999998,5.002499999999998,60.0
5198,68.3143,2.8814999999999884,62.857142857142854
5199,84.67349999999999,2.0109000000000066,65.71428571428571
5200,60.222200000000015,2.6776999999999873,58.57142857142858
5201,61.31270000000001,4.682999999999993,60.0
5202,38.15989999999999,4.832300000000004,54.285714285714285
5203,65.61120000000003,3.096900000000005,54.285714285714285
5204,75.86250000000001,4.8134000000000015,61.42857142857143
5205,59.68290000000002,2.1718999999999937,57.14285714285714
5206,47.308100000000024,4.215600000000009,54.285714285714285
5207,65.00119999999998,8.732500000000002,58.57142857142858
5208,55.24300000000002,3.7165999999999997,50.0
5209,53.77570000000003,4.430199999999999,57.14285714285714
5210,80.4939,4.542699999999996,60.0
5211,40.077,5.213000000000022,50.0
5212,62.86609999999999,4.24290000000002,65.71428571428571
5213,41.282700000000006,5.310299999999998,51.42857142857142
5214,72.83359999999999,3.9101,60.0
5215,54.73060000000001,3.25030000000001,48.57142857142857
5216,63.53560000000002,2.842399999999998,57.14285714285714
5217,72.7912,3.389199999999988,52.85714285714286
5218,78.28719999999998,3.805099999999996,61.42857142857143
5219,56.88499999999999,3.737400000000008,58.57142857142858
5220,52.39520000000002,5.713799999999992,52.85714285714286
5221,47.65040000000002,2.7897999999999996,45.714285714285715
5222,67.53160000000003,3.5175000000000125,54.285714285714285
5223,66.97319999999999,4.0061000000000035,55.714285714285715
5224,41.3981,6.028900000000007,41.42857142857143
5225,36.31130000000002,5.294399999999996,45.714285714285715
5226,78.9237,4.215599999999995,61.42857142857143
5227,41.40780000000001,5.534400000000005,52.85714285714286
5228,70.41570000000002,3.712299999999999,57.14285714285714
5229,51.226,3.3171999999999997,50.0
5230,42.65640000000002,7.301600000000008,47.14285714285714
5231,69.8895,3.788800000000009,70.0
5232,44.123400000000004,3.9881999999999778,51.42857142857142
5233,49.7585,3.4413000000000125,55.714285714285715
5234,63.3262,2.3400999999999925,57.14285714285714
5235,90.47599999999997,2.4129000000000076,68.57142857142857
5236,48.91840000000002,3.1946999999999974,51.42857142857142
5237,52.553200000000004,10.602500000000006,55.714285714285715
5238,70.61059999999998,2.463300000000004,70.0
5239,56.40519999999998,6.0416000000000025,55.714285714285715
5240,67.15040000000005,3.946799999999996,57.14285714285714
5241,38.3049,2.6069999999999993,47.14285714285714
5242,45.38499999999999,2.842100000000002,60.0
5243,43.72290000000004,6.251000000000005,44.285714285714285
5244,65.72560000000001,4.854399999999998,60.0
5245,38.101200000000006,8.564899999999994,55.714285714285715
5246,86.38220000000001,2.5285999999999973,68.57142857142857
5247,82.15579999999997,4.112300000000005,67.14285714285714
5248,47.02160000000001,4.36239999999998,52.85714285714286
5249,26.75460000000001,6.762299999999996,38.57142857142858
5250,87.8425,3.529200000000003,68.57142857142857
5251,59.264399999999995,3.2586000000000013,52.85714285714286
5252,31.871700000000004,5.828499999999991,45.714285714285715
5253,48.381200000000035,6.131,50.0
5254,95.28190000000001,2.2421999999999684,67.14285714285714
5255,47.307800000000015,4.215599999999995,51.42857142857142
5256,50.975300000000004,10.359000000000009,57.14285714285714
5257,65.8084,3.3157000000000068,50.0
5258,55.70870000000002,2.7099000000000046,52.85714285714286
5259,80.9957,7.296800000000005,62.857142857142854
5260,74.5632,4.078399999999988,65.71428571428571
5261,79.8827,5.088000000000008,64.28571428571429
5262,28.542699999999996,11.317599999999999,44.285714285714285
5263,32.06989999999999,8.857799999999997,44.285714285714285
5264,82.27269999999999,4.150300000000001,60.0
5265,41.819199999999995,5.279800000000009,60.0
5266,53.94640000000001,4.873099999999994,57.14285714285714
5267,77.52430000000001,4.905900000000003,60.0
5268,48.6747,4.495400000000018,55.714285714285715
5269,46.670199999999994,2.950100000000006,51.42857142857142
5270,67.81389999999999,3.5478000000000094,71.42857142857143
5271,75.8962,4.420400000000001,52.85714285714286
5272,69.91159999999999,2.510799999999989,57.14285714285714
5273,48.405400000000014,4.511799999999994,55.714285714285715
5274,66.7378,2.8419999999999987,57.14285714285714
5275,29.7765,5.701800000000006,47.14285714285714
5276,59.41839999999999,4.694299999999998,60.0
5277,70.24139999999997,3.8982000000000028,60.0
5278,49.694800000000015,5.795599999999993,52.85714285714286
5279,46.186200000000014,6.477999999999994,51.42857142857142
5280,67.57569999999998,2.700000000000003,55.714285714285715
5281,34.4409,3.9805000000000064,54.285714285714285
5282,58.116499999999974,5.440499999999986,60.0
5283,60.198199999999986,3.922600000000017,58.57142857142858
5284,73.50570000000005,2.3866000000000156,57.14285714285714
5285,39.4632,6.585500000000025,48.57142857142857
5286,54.6198,1.978200000000001,54.285714285714285
5287,66.32859999999997,3.505899999999997,52.85714285714286
5288,38.9376,4.251000000000005,50.0
5289,49.28469999999999,5.825700000000012,57.14285714285714
5290,33.9316,7.472700000000003,42.857142857142854
5291,58.376299999999986,4.114900000000006,58.57142857142858
5292,48.0308,3.5486999999999966,58.57142857142858
5293,47.81869999999998,2.7321000000000026,52.85714285714286
5294,56.7114,4.358699999999999,55.714285714285715
5295,71.15719999999999,2.3401000000000067,61.42857142857143
5296,48.266399999999976,4.669500000000028,51.42857142857142
5297,74.33520000000001,3.1839000000000084,60.0
5298,81.22180000000003,3.1304000000000087,70.0
5299,54.8263,5.2327000000000226,52.85714285714286
5300,42.650000000000006,4.167099999999991,48.57142857142857
5301,73.16550000000001,3.4225000000000136,71.42857142857143
5302,39.8331,3.981099999999998,58.57142857142858
5303,52.661,5.207499999999996,54.285714285714285
5304,71.57259999999997,2.5901000000000067,65.71428571428571
5305,57.1704,3.6267999999999887,55.714285714285715
5306,53.9667,6.034999999999997,57.14285714285714
5307,46.080100000000016,5.05510000000001,50.0
5308,37.63810000000001,5.338999999999999,51.42857142857142
5309,65.94639999999998,1.973399999999998,61.42857142857143
5310,52.3321,5.287199999999999,51.42857142857142
5311,55.32560000000001,2.8630999999999744,52.85714285714286
5312,36.492999999999995,8.036199999999994,47.14285714285714
5313,45.855199999999996,6.257300000000015,50.0
5314,70.97449999999998,6.4649,61.42857142857143
5315,47.9006,7.224900000000005,54.285714285714285
5316,67.88550000000004,3.1304000000000087,57.14285714285714
5317,80.30779999999999,2.8969999999999914,65.71428571428571
5318,73.2697,2.3401000000000067,61.42857142857143
5319,69.65370000000001,2.386599999999987,54.285714285714285
5320,46.39510000000001,7.140199999999993,55.714285714285715
5321,48.73750000000001,4.849800000000002,50.0
5322,75.88049999999998,6.3589000000000055,61.42857142857143
5323,48.3013,6.742599999999996,55.714285714285715
5324,68.12579999999997,4.824700000000007,62.857142857142854
5325,62.69659999999999,5.421199999999999,55.714285714285715
5326,39.473299999999995,3.4684000000000026,48.57142857142857
5327,55.55449999999999,5.068899999999999,61.42857142857143
5328,60.11010000000002,5.549599999999998,55.714285714285715
5329,24.776300000000006,6.14139999999999,41.42857142857143
5330,42.16090000000003,8.069199999999995,50.0
5331,49.470399999999984,4.930900000000008,52.85714285714286
5332,43.154300000000006,7.038999999999987,45.714285714285715
5333,40.964200000000005,4.123000000000005,50.0
5334,52.95179999999999,5.551900000000003,52.85714285714286
5335,75.70949999999996,3.8870000000000005,61.42857142857143
5336,61.14089999999999,3.2139999999999986,58.57142857142858
5337,65.50540000000001,5.147199999999998,55.714285714285715
5338,41.7465,13.389500000000027,45.714285714285715
5339,54.6867,3.2706000000000017,54.285714285714285
5340,93.64619999999996,2.171900000000008,68.57142857142857
5341,63.89150000000001,3.3275000000000006,57.14285714285714
5342,62.67349999999999,2.266699999999986,55.714285714285715
5343,57.571500000000015,4.078400000000016,57.14285714285714
5344,63.589,4.5604999999999905,64.28571428571429
5345,60.10220000000001,3.9594999999999914,62.857142857142854
5346,52.4444,4.029499999999999,54.285714285714285
5347,56.099500000000006,3.1170999999999935,54.285714285714285
5348,61.85509999999999,4.678299999999979,52.85714285714286
5349,68.70980000000003,4.669499999999999,60.0
5350,47.355500000000006,5.9643999999999835,48.57142857142857
5351,70.42869999999999,6.265199999999993,62.857142857142854
5352,58.82020000000003,3.4565999999999946,51.42857142857142
5353,57.8134,2.9525999999999897,52.85714285714286
5354,65.17259999999999,2.4656999999999982,55.714285714285715
5355,78.4377,3.8584000000000174,61.42857142857143
5356,62.15469999999999,3.816600000000008,60.0
5357,64.09449999999998,4.3777999999999935,58.57142857142858
5358,68.80610000000001,3.3773000000000053,55.714285714285715
5359,49.809000000000026,5.608299999999986,54.285714285714285
5360,56.96780000000001,5.133299999999991,61.42857142857143
5361,46.49829999999997,5.146699999999981,42.857142857142854
5362,54.44130000000001,3.3559999999999945,55.714285714285715
5363,53.00230000000002,5.463999999999999,58.57142857142858
5364,64.0514,2.829800000000006,58.57142857142858
5365,48.7775,3.8385999999999996,54.285714285714285
5366,50.856899999999996,3.5618999999999943,58.57142857142858
5367,66.56389999999999,3.144900000000007,57.14285714285714
5368,47.4083,4.787200000000013,55.714285714285715
5369,87.513,5.52940000000001,67.14285714285714
5370,48.67359999999999,4.321699999999993,58.57142857142858
5371,43.81100000000001,5.162099999999981,44.285714285714285
5372,57.691100000000006,3.3011999999999944,52.85714285714286
5373,53.549800000000005,4.044600000000003,54.285714285714285
5374,61.211600000000004,3.4772000000000105,57.14285714285714
5375,45.589,4.406900000000007,52.85714285714286
5376,52.83539999999999,3.449699999999993,50.0
5377,53.99300000000002,3.56219999999999,54.285714285714285
5378,49.4341,5.797699999999992,52.85714285714286
5379,37.4427,3.920900000000003,44.285714285714285
5380,46.08430000000001,3.787700000000001,51.42857142857142
5381,42.0462,6.89609999999999,50.0
5382,37.21890000000002,5.410199999999989,47.14285714285714
5383,65.22409999999999,5.366599999999977,55.714285714285715
5384,50.5874,4.107100000000003,52.85714285714286
5385,78.29989999999998,4.078400000000016,64.28571428571429
5386,57.87600000000003,6.391599999999983,60.0
5387,68.36099999999999,2.4129000000000076,54.285714285714285
5388,55.123200000000026,4.138499999999993,55.714285714285715
5389,46.6619,3.282100000000014,55.714285714285715
5390,37.8724,6.414500000000004,51.42857142857142
5391,72.85520000000002,3.065100000000001,58.57142857142858
5392,45.238399999999984,5.129700000000014,51.42857142857142
5393,74.91410000000002,2.852199999999982,51.42857142857142
5394,60.96350000000001,2.4132000000000033,58.57142857142858
5395,57.7227,5.0090999999999894,51.42857142857142
5396,39.372300000000024,4.823599999999971,48.57142857142857
5397,72.65819999999997,2.8333000000000084,55.714285714285715
5398,29.14580000000001,5.083299999999994,47.14285714285714
5399,51.56370000000001,2.926099999999991,54.285714285714285
5400,63.59800000000001,4.9418999999999755,52.85714285714286
5401,49.53829999999999,3.5700000000000074,52.85714285714286
5402,56.63299999999998,8.082100000000011,57.14285714285714
5403,57.41120000000001,2.900900000000007,57.14285714285714
5404,30.259000000000015,6.9605999999999995,44.285714285714285
5405,80.6806,3.1998999999999853,64.28571428571429
5406,52.248700000000014,5.848400000000012,57.14285714285714
5407,31.83850000000001,7.422200000000004,50.0
5408,64.28019999999998,4.686399999999992,55.714285714285715
5409,35.455900000000014,8.844399999999979,47.14285714285714
5410,52.784400000000005,4.0748999999999995,55.714285714285715
5411,71.36000000000001,4.886800000000008,60.0
5412,52.0804,5.568299999999994,58.57142857142858
5413,46.782899999999984,4.2154000000000025,60.0
5414,87.1952,2.6661,65.71428571428571
5415,57.28460000000001,5.160200000000003,50.0
5416,70.8492,5.839799999999997,64.28571428571429
5417,55.98949999999999,10.509000000000015,48.57142857142857
5418,52.62510000000003,3.8537999999999926,54.285714285714285
5419,56.738699999999994,4.68859999999998,62.857142857142854
5420,52.3159,4.068299999999994,55.714285714285715
5421,64.34030000000001,3.761099999999999,52.85714285714286
5422,54.69900000000001,5.46759999999999,47.14285714285714
5423,88.70989999999995,3.0198000000000036,68.57142857142857
5424,39.233299999999986,4.144500000000008,51.42857142857142
5425,61.810900000000004,2.8299999999999983,58.57142857142858
5426,65.19780000000003,3.6743000000000023,50.0
5427,32.4811,6.4191,50.0
5428,72.49090000000001,2.655600000000007,61.42857142857143
5429,52.68810000000002,3.941999999999993,50.0
5430,46.97229999999999,16.03219999999999,50.0
5431,60.79679999999999,8.07650000000001,61.42857142857143
5432,81.67190000000002,4.087199999999996,60.0
5433,49.1832,8.089999999999975,50.0
5434,83.65780000000001,3.0297999999999945,65.71428571428571
5435,38.4093,7.265899999999988,48.57142857142857
5436,51.51740000000001,3.6678999999999746,55.714285714285715
5437,31.21010000000001,5.147499999999994,44.285714285714285
5438,43.08760000000001,6.8339,44.285714285714285
5439,37.2423,4.668000000000006,48.57142857142857
5440,54.907099999999986,3.829999999999984,51.42857142857142
5441,82.42750000000001,2.579900000000009,67.14285714285714
5442,65.96480000000003,4.463400000000007,60.0
5443,60.52340000000001,2.8530999999999977,58.57142857142858
5444,80.87920000000003,3.667900000000003,68.57142857142857
5445,67.83359999999999,2.951999999999998,61.42857142857143
5446,62.56279999999998,3.7434000000000083,60.0
5447,68.90099999999998,6.907100000000014,51.42857142857142
5448,71.93400000000003,4.002399999999994,58.57142857142858
5449,78.8141,4.065199999999976,64.28571428571429
5450,70.43939999999998,3.4540000000000077,64.28571428571429
5451,82.19640000000004,2.529200000000003,64.28571428571429
5452,43.580900000000014,4.586399999999998,57.14285714285714
5453,44.24249999999998,3.814700000000002,51.42857142857142
5454,50.72040000000001,6.5989,60.0
5455,80.45690000000002,3.7817000000000007,62.857142857142854
5456,53.1927,2.9761999999999773,55.714285714285715
5457,79.88789999999995,5.241400000000027,57.14285714285714
5458,57.84570000000002,6.1019000000000005,55.714285714285715
5459,50.427599999999984,8.9897,55.714285714285715
5460,40.211100000000016,6.1921999999999855,44.285714285714285
5461,54.06,7.339200000000005,58.57142857142858
5462,63.26939999999999,4.2316,55.714285714285715
5463,60.85719999999998,5.058799999999991,55.714285714285715
5464,84.93639999999999,3.9805000000000064,57.14285714285714
5465,47.13319999999999,6.591000000000008,50.0
5466,42.555800000000005,5.69489999999999,48.57142857142857
5467,41.9632,4.5567999999999955,58.57142857142858
5468,86.26969999999997,2.595700000000008,62.857142857142854
5469,56.1285,3.9442000000000093,54.285714285714285
5470,50.309000000000026,4.8692999999999955,57.14285714285714
5471,41.86080000000001,4.470399999999998,50.0
5472,51.50319999999999,6.580399999999997,54.285714285714285
5473,55.568100000000015,2.7250999999999976,52.85714285714286
5474,60.559,4.582300000000004,48.57142857142857
5475,64.3399,5.032800000000009,60.0
5476,45.0188,5.720600000000019,54.285714285714285
5477,37.358900000000006,6.031800000000004,51.42857142857142
5478,76.46600000000001,3.7956999999999823,57.14285714285714
5479,69.99249999999995,3.2509999999999906,60.0
5480,45.62639999999999,6.003299999999996,64.28571428571429
5481,45.49449999999999,5.167400000000001,50.0
5482,37.88920000000002,6.198800000000006,50.0
5483,48.016999999999996,3.858699999999999,47.14285714285714
5484,51.1379,8.028400000000005,54.285714285714285
5485,64.00099999999998,3.873100000000022,54.285714285714285
5486,53.8828,4.93249999999999,52.85714285714286
5487,55.99520000000001,7.6913000000000125,55.714285714285715
5488,25.09410000000001,7.620200000000011,45.714285714285715
5489,55.36930000000001,7.6847000000000065,55.714285714285715
5490,86.33699999999999,3.6487000000000194,61.42857142857143
5491,65.65159999999997,3.5330000000000013,57.14285714285714
5492,69.73580000000001,2.448299999999989,64.28571428571429
5493,53.05909999999997,3.15979999999999,51.42857142857142
5494,65.31139999999999,3.9416999999999973,55.714285714285715
5495,57.05799999999999,3.5224000000000046,51.42857142857142
5496,54.768700000000024,3.032499999999999,58.57142857142858
5497,52.27890000000002,2.9343999999999824,52.85714285714286
5498,43.48430000000002,9.789900000000003,50.0
5499,49.32560000000001,3.5341999999999985,54.285714285714285
5500,41.327,6.386299999999991,51.42857142857142
5501,59.14869999999999,7.754099999999994,61.42857142857143
5502,54.954999999999984,4.035899999999998,50.0
5503,42.2885,4.484399999999994,50.0
5504,56.877699999999976,4.981099999999998,55.714285714285715
5505,50.061800000000005,5.198199999999986,57.14285714285714
5506,61.07300000000001,4.092900000000014,60.0
5507,55.57509999999999,4.319999999999993,55.714285714285715
5508,54.68639999999999,4.873099999999994,54.285714285714285
5509,54.27660000000003,5.164499999999975,52.85714285714286
5510,48.4537,5.1022000000000105,55.714285714285715
5511,91.82369999999997,2.1286999999999807,67.14285714285714
5512,64.9916,5.89670000000001,64.28571428571429
5513,33.20170000000002,7.753900000000002,47.14285714285714
5514,57.841499999999996,4.1059999999999945,60.0
5515,33.780100000000004,8.198299999999989,57.14285714285714
5516,58.016999999999996,5.942300000000017,51.42857142857142
5517,72.09070000000003,5.051099999999991,60.0
5518,61.71539999999999,3.0749000000000137,57.14285714285714
5519,54.62380000000002,4.484399999999994,52.85714285714286
5520,80.44040000000004,2.3401000000000067,64.28571428571429
5521,49.6037,6.051899999999989,50.0
5522,65.58840000000001,5.244599999999991,55.714285714285715
5523,68.02440000000001,2.771500000000003,55.714285714285715
5524,48.6053,8.688200000000009,55.714285714285715
5525,59.947100000000006,4.678100000000001,55.714285714285715
5526,77.64489999999998,4.181100000000001,67.14285714285714
5527,63.35749999999999,4.561399999999992,61.42857142857143
5528,58.844300000000004,3.667900000000003,55.714285714285715
5529,27.9007,5.737700000000004,41.42857142857143
5530,54.43459999999999,4.241500000000002,57.14285714285714
5531,46.9795,7.79849999999999,51.42857142857142
5532,58.37950000000001,3.5601000000000056,55.714285714285715
5533,52.22689999999997,6.644300000000001,52.85714285714286
5534,66.74369999999999,4.573800000000006,57.14285714285714
5535,65.69300000000001,6.0327000000000055,60.0
5536,60.17130000000003,4.859399999999994,57.14285714285714
5537,48.18729999999999,2.5379999999999967,50.0
5538,48.40780000000001,4.236700000000013,54.285714285714285
5539,59.0994,3.617500000000007,57.14285714285714
5540,64.6223,3.120100000000008,54.285714285714285
5541,64.60850000000002,5.639499999999998,57.14285714285714
5542,80.26820000000001,2.636799999999994,68.57142857142857
5543,62.2294,6.452600000000018,54.285714285714285
5544,55.473900000000015,3.982800000000026,52.85714285714286
5545,69.5231,3.5422000000000082,55.714285714285715
5546,51.297,4.156499999999994,55.714285714285715
5547,42.2148,3.294499999999971,52.85714285714286
5548,65.38159999999999,3.2105999999999995,62.857142857142854
5549,51.78660000000002,7.035200000000003,51.42857142857142
5550,55.41059999999999,2.7894000000000005,58.57142857142858
5551,74.44839999999999,2.8964,62.857142857142854
5552,56.91240000000002,4.321700000000021,60.0
5553,49.9794,5.0930000000000035,54.285714285714285
5554,67.06439999999998,5.7149,54.285714285714285
5555,42.968199999999996,4.547699999999992,44.285714285714285
5556,54.61079999999998,4.982100000000003,55.714285714285715
5557,69.27090000000001,5.56110000000001,60.0
5558,91.6531,2.64700000000002,68.57142857142857
5559,77.77199999999999,3.739299999999986,60.0
5560,62.868600000000015,10.261099999999999,52.85714285714286
5561,58.636300000000006,5.387900000000002,51.42857142857142
5562,50.59620000000001,2.510799999999989,51.42857142857142
5563,63.42519999999999,4.414100000000019,57.14285714285714
5564,57.571200000000005,4.582300000000004,58.57142857142858
5565,71.09319999999997,5.21750000000003,57.14285714285714
5566,67.91649999999998,2.3401000000000067,64.28571428571429
5567,52.86340000000001,3.569999999999993,50.0
5568,61.60410000000002,3.5844000000000023,60.0
5569,45.5539,4.760400000000004,54.285714285714285
5570,36.020399999999995,7.809500000000014,47.14285714285714
5571,60.834,6.2761,58.57142857142858
5572,43.15159999999997,5.990300000000005,52.85714285714286
5573,64.04640000000003,4.6971999999999525,58.57142857142858
5574,38.768,4.109399999999994,57.14285714285714
5575,60.6755,3.003799999999984,58.57142857142858
5576,42.09390000000002,9.378600000000006,50.0
5577,63.23200000000003,7.609899999999996,57.14285714285714
5578,81.16459999999998,2.7538000000000125,65.71428571428571
5579,46.847500000000025,3.8341000000000065,57.14285714285714
5580,22.870800000000003,7.6935,38.57142857142858
5581,65.05279999999999,2.6177999999999884,52.85714285714286
5582,57.57039999999998,7.132799999999989,60.0
5583,57.32430000000002,5.3399,60.0
5584,53.039199999999994,5.882300000000001,55.714285714285715
5585,32.98969999999997,9.592500000000001,47.14285714285714
5586,48.8133,6.57950000000001,55.714285714285715
5587,48.99810000000002,8.054400000000001,42.857142857142854
5588,82.0,5.039099999999991,60.0
5589,61.31220000000002,3.4481999999999857,47.14285714285714
5590,31.632900000000006,10.3459,45.714285714285715
5591,58.07730000000001,6.090699999999998,51.42857142857142
5592,54.71630000000002,4.582300000000004,52.85714285714286
5593,70.4214,3.819900000000004,60.0
5594,64.01939999999999,5.27109999999999,58.57142857142858
5595,54.994,5.657800000000009,52.85714285714286
5596,71.37390000000002,3.273300000000006,57.14285714285714
5597,75.25829999999999,3.2913000000000068,65.71428571428571
5598,51.56989999999999,4.895099999999999,57.14285714285714
5599,52.814099999999996,3.2102999999999895,54.285714285714285
5600,50.95049999999998,5.386900000000011,55.714285714285715
5601,42.96640000000002,3.9840999999999838,50.0
5602,74.06,5.16640000000001,64.28571428571429
5603,57.53469999999999,5.235100000000003,54.285714285714285
5604,69.7167,2.477499999999992,57.14285714285714
5605,49.9537,4.278599999999983,54.285714285714285
5606,35.77099999999999,5.140999999999991,48.57142857142857
5607,92.79650000000001,2.311000000000007,64.28571428571429
5608,37.422799999999995,5.331600000000009,44.285714285714285
5609,36.059000000000026,7.444299999999998,51.42857142857142
5610,74.43619999999999,2.6529000000000025,68.57142857142857
5611,42.49520000000001,3.8607000000000085,54.285714285714285
5612,59.09729999999996,6.449999999999989,60.0
5613,22.14840000000001,5.988100000000003,40.0
5614,65.42099999999999,3.913199999999989,62.857142857142854
5615,58.370000000000005,5.171300000000002,61.42857142857143
5616,57.439599999999984,4.341099999999983,55.714285714285715
5617,53.92860000000002,4.268600000000006,54.285714285714285
5618,48.911700000000025,4.671499999999995,62.857142857142854
5619,60.874600000000015,4.247900000000001,50.0
5620,54.6095,6.84320000000001,50.0
5621,37.71209999999999,3.176899999999989,42.857142857142854
5622,55.53819999999999,7.514800000000008,54.285714285714285
5623,55.80169999999998,3.4009999999999962,57.14285714285714
5624,47.87699999999998,4.50060000000002,57.14285714285714
5625,56.47240000000005,2.88930000000002,54.285714285714285
5626,81.16919999999999,3.000799999999998,67.14285714285714
5627,33.64850000000001,5.461599999999976,51.42857142857142
5628,40.21800000000002,4.7228000000000065,51.42857142857142
5629,64.56370000000001,3.4344999999999857,60.0
5630,38.775000000000006,6.719200000000001,54.285714285714285
5631,67.3949,3.6666000000000025,61.42857142857143
5632,47.06490000000002,5.318000000000012,52.85714285714286
5633,62.117999999999995,5.875500000000002,58.57142857142858
5634,44.2577,3.4767999999999972,45.714285714285715
5635,39.212699999999984,7.799400000000006,51.42857142857142
5636,51.81729999999999,4.019799999999989,51.42857142857142
5637,66.52690000000001,3.505899999999997,58.57142857142858
5638,83.62019999999995,3.802400000000034,62.857142857142854
5639,52.9846,3.529899999999998,54.285714285714285
5640,32.498700000000014,4.505099999999999,47.14285714285714
5641,62.89610000000002,4.078399999999988,60.0
5642,81.12850000000003,1.973399999999998,65.71428571428571
5643,51.877099999999984,5.043299999999988,45.714285714285715
5644,54.17240000000001,4.984099999999998,51.42857142857142
5645,77.84100000000001,5.249300000000005,60.0
5646,46.52000000000001,5.805099999999996,50.0
5647,62.260400000000004,3.2057000000000073,51.42857142857142
5648,70.55019999999999,4.622299999999996,55.714285714285715
5649,53.664800000000014,4.726399999999984,57.14285714285714
5650,39.26819999999998,7.087699999999998,51.42857142857142
5651,46.3066,3.547499999999985,52.85714285714286
5652,86.4288,3.3987000000000194,64.28571428571429
5653,56.330700000000036,5.4835000000000065,57.14285714285714
5654,53.939099999999996,2.990700000000004,55.714285714285715
5655,70.25720000000001,3.0799999999999983,64.28571428571429
5656,58.907100000000014,2.6877999999999957,52.85714285714286
5657,53.6739,3.303699999999992,58.57142857142858
5658,49.0309,7.117900000000006,54.285714285714285
5659,75.84310000000002,5.775800000000004,64.28571428571429
5660,68.93290000000002,4.4161,54.285714285714285
5661,44.57110000000003,4.629199999999997,54.285714285714285
5662,30.301800000000014,4.308799999999991,48.57142857142857
5663,73.07839999999999,2.427500000000009,64.28571428571429
5664,45.16069999999999,3.476299999999995,51.42857142857142
5665,58.446000000000026,3.761099999999999,60.0
5666,55.989300000000014,4.204599999999999,57.14285714285714
5667,43.1249,7.862599999999986,50.0
5668,64.7355,2.950099999999992,65.71428571428571
5669,68.8623,4.631799999999998,58.57142857142858
5670,54.82040000000001,4.633899999999983,54.285714285714285
5671,49.23649999999998,5.540199999999999,52.85714285714286
5672,54.13220000000001,4.177400000000006,57.14285714285714
5673,63.95320000000001,3.9188999999999794,57.14285714285714
5674,70.33869999999996,5.209799999999973,55.714285714285715
5675,42.3639,6.4465,51.42857142857142
5676,23.038500000000013,6.743800000000007,47.14285714285714
5677,52.23339999999999,4.633399999999995,47.14285714285714
5678,27.320800000000006,4.998800000000003,47.14285714285714
5679,42.026400000000024,4.12360000000001,48.57142857142857
5680,35.6558,6.733200000000011,47.14285714285714
5681,55.59709999999998,3.385400000000004,55.714285714285715
5682,47.40530000000001,9.3339,61.42857142857143
5683,64.31419999999997,6.072099999999992,60.0
5684,54.552899999999994,5.7283999999999935,57.14285714285714
5685,30.001900000000006,3.9039999999999964,40.0
5686,49.165099999999995,3.569999999999993,50.0
5687,45.36360000000002,5.628299999999967,52.85714285714286
5688,53.691599999999966,5.915999999999997,58.57142857142858
5689,35.324299999999994,4.2346,44.285714285714285
5690,34.91759999999999,3.7843000000000018,47.14285714285714
5691,53.71639999999999,4.810099999999977,57.14285714285714
5692,55.857,3.727800000000002,51.42857142857142
5693,59.605399999999975,4.6995000000000005,61.42857142857143
5694,60.00800000000001,4.120900000000006,57.14285714285714
5695,20.636499999999998,8.299800000000005,44.285714285714285
5696,67.2336,3.3814000000000135,62.857142857142854
5697,60.39710000000002,4.164099999999991,55.714285714285715
5698,35.8999,4.267899999999997,50.0
5699,49.19319999999999,4.0367999999999995,52.85714285714286
5700,74.90140000000002,2.2422000000000253,68.57142857142857
5701,57.67160000000001,7.142300000000006,51.42857142857142
5702,71.84150000000002,4.599699999999984,61.42857142857143
5703,66.71660000000003,5.375100000000003,58.57142857142858
5704,34.57159999999999,6.875500000000002,52.85714285714286
5705,85.76310000000001,5.31280000000001,71.42857142857143
5706,33.47930000000002,9.628599999999992,48.57142857142857
5707,68.52749999999997,2.2422000000000253,60.0
5708,72.7425,3.0666999999999973,64.28571428571429
5709,54.21860000000001,8.236799999999988,54.285714285714285
5710,61.16629999999998,3.7597000000000094,61.42857142857143
5711,65.95190000000002,4.034099999999995,58.57142857142858
5712,60.338300000000004,2.510400000000004,60.0
5713,44.95490000000001,5.909100000000009,51.42857142857142
5714,69.1877,2.808399999999992,58.57142857142858
5715,54.89780000000002,6.130300000000005,55.714285714285715
5716,62.22199999999998,5.376800000000003,58.57142857142858
5717,79.41399999999999,3.0666999999999973,67.14285714285714
5718,50.718999999999994,5.2012,54.285714285714285
5719,69.21239999999997,3.266300000000001,58.57142857142858
5720,56.977599999999995,3.125,50.0
5721,68.16979999999998,7.157999999999987,57.14285714285714
5722,40.95430000000002,4.950400000000002,45.714285714285715
5723,61.03649999999999,2.728899999999996,52.85714285714286
5724,64.0881,3.00630000000001,55.714285714285715
5725,83.70980000000003,3.392399999999995,67.14285714285714
5726,57.52069999999998,3.5230999999999995,60.0
5727,56.815,3.945600000000013,52.85714285714286
5728,60.38170000000002,2.908200000000022,51.42857142857142
5729,47.00080000000003,8.646200000000007,45.714285714285715
5730,54.17599999999999,5.800399999999996,54.285714285714285
5731,51.29829999999998,5.057700000000011,54.285714285714285
5732,71.16580000000002,4.116199999999992,55.714285714285715
5733,61.190499999999986,3.588600000000014,55.714285714285715
5734,67.34890000000001,3.1303999999999803,65.71428571428571
5735,60.5308,4.250499999999988,51.42857142857142
5736,67.4597,4.14070000000001,60.0
5737,32.983300000000014,4.232699999999994,42.857142857142854
5738,63.040700000000015,5.6632999999999925,57.14285714285714
5739,78.9488,5.072199999999981,68.57142857142857
5740,97.80929999999992,2.529200000000003,65.71428571428571
5741,53.07040000000001,7.522300000000001,58.57142857142858
5742,65.84049999999999,3.0666999999999973,57.14285714285714
5743,69.11630000000002,3.946399999999983,57.14285714285714
5744,59.309800000000024,7.739099999999993,58.57142857142858
5745,22.1627,6.493499999999997,40.0
5746,64.18700000000001,4.171800000000005,58.57142857142858
5747,57.86769999999996,8.015999999999991,62.857142857142854
5748,66.69640000000001,3.576699999999988,60.0
5749,65.3689,2.3401000000000067,57.14285714285714
5750,63.36489999999998,3.1593000000000018,52.85714285714286
5751,61.4547,6.103899999999996,54.285714285714285
5752,53.308400000000006,3.981099999999998,57.14285714285714
5753,61.1465,3.7650999999999897,60.0
5754,77.7652,2.8569999999999993,62.857142857142854
5755,59.10789999999997,4.236700000000013,55.714285714285715
5756,56.36759999999998,4.711099999999988,54.285714285714285
5757,53.30199999999999,4.652699999999996,55.714285714285715
5758,56.17489999999998,3.3979000000000212,57.14285714285714
5759,61.38219999999998,2.8611999999999966,55.714285714285715
5760,65.71039999999999,3.7089,57.14285714285714
5761,42.43369999999999,3.1108999999999867,48.57142857142857
5762,61.258699999999976,4.067800000000005,54.285714285714285
5763,68.50040000000001,2.8406999999999982,58.57142857142858
5764,60.25110000000001,2.612700000000004,61.42857142857143
5765,54.2953,4.742499999999978,55.714285714285715
5766,71.42169999999999,2.8429000000000144,60.0
5767,49.00040000000001,4.6571,47.14285714285714
5768,57.36670000000001,7.279600000000016,65.71428571428571
5769,65.92860000000002,4.945799999999991,52.85714285714286
5770,41.15009999999998,6.739200000000011,48.57142857142857
5771,35.17259999999999,5.902299999999997,45.714285714285715
5772,59.62379999999999,2.7295000000000016,60.0
5773,51.76650000000001,3.110900000000015,54.285714285714285
5774,28.35559999999998,7.604700000000008,44.285714285714285
5775,64.13639999999998,3.287000000000006,57.14285714285714
5776,59.754700000000014,4.766999999999996,57.14285714285714
5777,47.21509999999998,4.681899999999999,54.285714285714285
5778,35.9016,6.089300000000009,48.57142857142857
5779,38.61130000000003,6.312899999999985,45.714285714285715
5780,82.81549999999999,3.9990999999999985,67.14285714285714
5781,67.35990000000004,5.616700000000009,62.857142857142854
5782,56.95679999999999,4.673999999999978,52.85714285714286
5783,43.641099999999994,5.688900000000004,52.85714285714286
5784,59.5085,4.680199999999985,54.285714285714285
5785,70.58249999999998,5.073100000000011,58.57142857142858
5786,63.346599999999995,7.605800000000016,57.14285714285714
5787,61.51220000000001,3.2882999999999925,61.42857142857143
5788,44.304100000000005,3.948999999999998,54.285714285714285
5789,66.69380000000001,3.1980000000000075,61.42857142857143
5790,74.72719999999998,4.420400000000001,57.14285714285714
5791,75.1071,2.8248000000000104,61.42857142857143
5792,52.08699999999999,4.05540000000002,54.285714285714285
5793,47.28769999999997,6.275000000000006,48.57142857142857
5794,80.30930000000001,3.5400000000000205,64.28571428571429
5795,57.88290000000001,3.620299999999986,51.42857142857142
5796,58.16390000000001,3.3643,55.714285714285715
5797,61.615700000000004,3.6295000000000073,60.0
5798,37.00059999999999,6.600300000000004,45.714285714285715
5799,19.096300000000014,6.816599999999994,45.714285714285715
5800,75.4964,2.7321000000000026,61.42857142857143
5801,57.95660000000001,2.993700000000004,50.0
5802,49.27669999999998,5.285200000000003,52.85714285714286
5803,29.435699999999997,7.685099999999991,45.714285714285715
5804,48.230399999999975,4.410200000000003,48.57142857142857
5805,55.56700000000001,5.215900000000005,57.14285714285714
5806,32.186800000000005,6.615399999999994,44.285714285714285
5807,87.036,2.7638000000000034,62.857142857142854
5808,49.021300000000025,3.4771999999999963,52.85714285714286
5809,60.70439999999999,4.930499999999995,55.714285714285715
5810,47.28620000000001,3.058599999999984,54.285714285714285
5811,57.369200000000035,3.032499999999999,54.285714285714285
5812,55.784100000000024,3.0986000000000047,51.42857142857142
5813,34.8382,5.807600000000008,48.57142857142857
5814,44.28020000000001,6.4769000000000005,47.14285714285714
5815,64.20429999999999,3.2087999999999965,57.14285714285714
5816,63.9674,2.404399999999981,67.14285714285714
5817,54.644499999999994,3.273300000000006,48.57142857142857
5818,70.10649999999998,3.8118999999999943,60.0
5819,44.73289999999997,3.7017999999999915,55.714285714285715
5820,55.41699999999997,6.881,52.85714285714286
5821,37.09099999999998,3.8814999999999884,51.42857142857142
5822,57.35359999999997,5.225499999999997,52.85714285714286
5823,41.55000000000001,3.694199999999995,48.57142857142857
5824,55.376799999999974,3.738100000000003,57.14285714285714
5825,71.91550000000001,2.4162000000000035,58.57142857142858
5826,52.371500000000026,5.449999999999989,48.57142857142857
5827,47.58680000000001,4.582300000000004,55.714285714285715
5828,69.04750000000001,3.7117000000000075,61.42857142857143
5829,61.603999999999985,3.7319999999999993,52.85714285714286
5830,39.44999999999999,5.420099999999991,54.285714285714285
5831,78.8254,2.093199999999996,58.57142857142858
5832,80.42509999999999,6.0518,64.28571428571429
5833,51.33290000000002,2.633199999999988,51.42857142857142
5834,39.12960000000001,4.531700000000001,51.42857142857142
5835,64.14940000000001,3.265199999999993,54.285714285714285
5836,45.41319999999999,3.9191999999999894,44.285714285714285
5837,45.65470000000002,4.159300000000002,48.57142857142857
5838,39.32830000000001,3.5424000000000007,55.714285714285715
5839,64.3974,3.5005999999999915,62.857142857142854
5840,64.1603,2.6069999999999993,57.14285714285714
5841,82.0949,3.1598999999999933,60.0
5842,56.0214,4.86839999999998,57.14285714285714
5843,46.815799999999996,5.6462999999999965,50.0
5844,56.06649999999999,3.1611000000000047,60.0
5845,33.0394,3.7660999999999945,42.857142857142854
5846,42.98949999999999,7.046199999999999,54.285714285714285
5847,58.647399999999976,2.5023000000000195,60.0
5848,49.1327,3.7117000000000075,57.14285714285714
5849,47.2278,3.0666999999999973,52.85714285714286
5850,64.80340000000001,3.946799999999996,55.714285714285715
5851,64.22229999999999,4.484400000000008,64.28571428571429
5852,63.63310000000004,2.3401000000000067,60.0
5853,38.4006,7.0745000000000005,48.57142857142857
5854,45.9675,3.598799999999997,50.0
5855,75.54969999999997,1.9885000000000161,64.28571428571429
5856,53.75380000000001,4.9392,50.0
5857,59.98490000000001,3.6175999999999817,61.42857142857143
5858,46.45320000000001,4.682999999999993,51.42857142857142
5859,42.684499999999986,4.586800000000011,54.285714285714285
5860,85.37639999999999,2.360199999999992,72.85714285714285
5861,52.87040000000002,4.079000000000008,54.285714285714285
5862,55.5523,5.236700000000013,50.0
5863,58.68180000000001,5.95450000000001,57.14285714285714
5864,55.960199999999986,4.819000000000003,52.85714285714286
5865,58.9058,3.967099999999988,58.57142857142858
5866,58.83160000000001,6.450799999999987,52.85714285714286
5867,63.83679999999998,4.3004999999999995,54.285714285714285
5868,79.9477,3.3943999999999903,67.14285714285714
5869,67.4135,5.674599999999998,60.0
5870,45.5505,7.711500000000001,45.714285714285715
5871,53.89610000000002,4.007500000000007,51.42857142857142
5872,41.8888,3.370999999999981,50.0
5873,68.5487,4.578700000000012,62.857142857142854
5874,45.64330000000001,5.4628999999999905,51.42857142857142
5875,63.1087,3.256399999999985,57.14285714285714
5876,68.49090000000001,2.653099999999995,58.57142857142858
5877,42.0249,7.375699999999995,45.714285714285715
5878,67.67669999999998,3.2032000000000096,55.714285714285715
5879,66.61380000000003,4.313500000000005,60.0
5880,47.818100000000015,5.313900000000004,50.0
5881,40.13080000000002,2.7523000000000195,54.285714285714285
5882,56.19210000000001,5.145800000000008,54.285714285714285
5883,45.917,3.231200000000001,47.14285714285714
5884,79.11670000000001,3.4575999999999993,60.0
5885,82.59400000000002,2.357699999999994,64.28571428571429
5886,31.103999999999985,7.613900000000001,50.0
5887,61.13419999999999,4.638800000000003,54.285714285714285
5888,53.32060000000001,4.276700000000005,55.714285714285715
5889,71.37790000000001,5.296200000000027,60.0
5890,62.328100000000006,4.617799999999988,55.714285714285715
5891,52.31369999999998,2.5307999999999993,57.14285714285714
5892,70.31569999999999,3.873899999999992,58.57142857142858
5893,39.80199999999999,4.514800000000008,48.57142857142857
5894,56.803200000000004,4.969799999999992,57.14285714285714
5895,74.52269999999996,2.5656999999999925,70.0
5896,54.696799999999996,4.079000000000008,54.285714285714285
5897,39.3476,4.8964,51.42857142857142
5898,56.877200000000016,3.1598999999999933,55.714285714285715
5899,56.001599999999996,4.939300000000003,54.285714285714285
5900,76.27509999999998,3.981099999999998,58.57142857142858
5901,48.93470000000002,3.424999999999997,54.285714285714285
5902,64.30610000000001,5.692999999999998,62.857142857142854
5903,62.3725,6.07289999999999,60.0
5904,54.38150000000002,3.233099999999993,58.57142857142858
5905,60.71039999999999,3.341700000000003,60.0
5906,59.1644,4.459800000000001,52.85714285714286
5907,55.297200000000004,3.5208000000000084,51.42857142857142
5908,52.607500000000016,4.276600000000002,57.14285714285714
5909,55.111999999999995,3.1648999999999887,55.714285714285715
5910,66.172,5.374599999999987,58.57142857142858
5911,62.48230000000001,4.313500000000005,58.57142857142858
5912,71.7278,3.712299999999999,61.42857142857143
5913,57.210800000000006,4.484399999999994,58.57142857142858
5914,80.6796,2.6093999999999937,68.57142857142857
5915,66.29739999999998,4.345300000000009,61.42857142857143
5916,28.277600000000007,4.398600000000002,45.714285714285715
5917,72.05539999999999,5.0916,61.42857142857143
5918,40.523900000000026,5.761600000000001,51.42857142857142
5919,62.93240000000003,8.849599999999995,57.14285714285714
5920,66.46439999999998,2.276200000000017,55.714285714285715
5921,50.3261,4.810599999999994,54.285714285714285
5922,76.78190000000001,2.984000000000009,61.42857142857143
5923,48.38419999999999,4.505800000000008,55.714285714285715
5924,88.54150000000004,4.505300000000005,62.857142857142854
5925,38.5026,3.9207000000000107,57.14285714285714
5926,87.43060000000003,3.1108999999999867,67.14285714285714
5927,77.15809999999996,2.721599999999995,67.14285714285714
5928,43.4726,5.170099999999991,55.714285714285715
5929,53.56879999999998,3.300600000000003,57.14285714285714
5930,38.256699999999995,5.394899999999993,52.85714285714286
5931,28.078599999999994,9.811599999999999,40.0
5932,44.9667,4.650499999999994,55.714285714285715
5933,64.90710000000001,4.982100000000003,58.57142857142858
5934,49.930499999999995,5.071799999999996,54.285714285714285
5935,69.16889999999998,3.0214,51.42857142857142
5936,65.9973,4.5940000000000225,61.42857142857143
5937,48.49619999999999,5.788700000000006,54.285714285714285
5938,36.38720000000001,6.397999999999996,51.42857142857142
5939,32.24959999999999,4.679099999999991,42.857142857142854
5940,56.36670000000001,4.680199999999985,54.285714285714285
5941,57.06499999999997,3.8884999999999934,55.714285714285715
5942,60.75640000000001,4.078399999999988,52.85714285714286
5943,66.3046,5.0715000000000146,58.57142857142858
5944,66.21779999999998,3.5138000000000034,61.42857142857143
5945,50.379099999999994,3.667900000000003,48.57142857142857
5946,59.086599999999976,4.582299999999989,55.714285714285715
5947,63.788100000000014,3.0205999999999875,55.714285714285715
5948,70.5609,4.441100000000006,60.0
5949,21.77040000000001,9.39240000000001,44.285714285714285
5950,45.48770000000002,5.294399999999996,51.42857142857142
5951,51.54939999999999,4.795599999999993,55.714285714285715
5952,64.10459999999998,4.536599999999993,61.42857142857143
5953,67.30010000000001,4.657600000000002,62.857142857142854
5954,34.7286,3.8495999999999952,50.0
5955,55.630799999999994,2.997399999999999,55.714285714285715
5956,74.4905,6.4827999999999975,55.714285714285715
5957,77.68989999999997,4.454799999999992,61.42857142857143
5958,70.23419999999999,2.4553999999999974,55.714285714285715
5959,82.60040000000001,7.2072,54.285714285714285
5960,77.69120000000001,4.427799999999991,58.57142857142858
5961,38.593500000000006,3.9446999999999974,47.14285714285714
5962,40.3972,3.92349999999999,45.714285714285715
5963,72.84369999999996,4.616099999999989,60.0
5964,40.8998,5.140900000000016,41.42857142857143
5965,56.641699999999986,5.505899999999997,58.57142857142858
5966,65.76889999999997,4.175000000000011,62.857142857142854
5967,40.896799999999985,5.951900000000009,50.0
5968,80.37050000000002,2.977400000000003,61.42857142857143
5969,65.98580000000001,3.549699999999973,54.285714285714285
5970,59.20440000000002,7.045199999999994,52.85714285714286
5971,67.1328,2.713300000000004,55.714285714285715
5972,75.3502,2.679000000000002,61.42857142857143
5973,67.2833,5.193999999999988,55.714285714285715
5974,67.79939999999999,3.7267999999999972,57.14285714285714
5975,70.0505,2.3400999999999783,64.28571428571429
5976,47.9315,2.863200000000006,61.42857142857143
5977,50.1737,4.119700000000023,51.42857142857142
5978,40.01679999999999,4.447999999999979,47.14285714285714
5979,74.58230000000003,3.3371999999999957,58.57142857142858
5980,63.019300000000015,3.392400000000009,52.85714285714286
5981,81.1257,1.8249999999999886,61.42857142857143
5982,60.26410000000001,2.794000000000011,50.0
5983,60.94890000000001,3.2553000000000054,60.0
5984,67.27110000000002,2.5956999999999937,60.0
5985,57.5898,5.725999999999999,55.714285714285715
5986,71.0471,6.688299999999998,60.0
5987,61.33099999999999,3.163899999999984,60.0
5988,70.0035,2.530000000000001,58.57142857142858
5989,41.2619,5.553399999999996,51.42857142857142
5990,58.18129999999999,3.353200000000001,57.14285714285714
5991,54.6507,4.244799999999998,57.14285714285714
5992,63.821199999999976,2.201699999999988,60.0
5993,70.2382,1.9377999999999957,64.28571428571429
5994,55.43459999999999,7.3636000000000195,54.285714285714285
5995,42.148600000000016,4.674599999999998,45.714285714285715
5996,79.09840000000003,4.925899999999984,58.57142857142858
5997,56.390600000000006,4.020299999999992,60.0
5998,40.814700000000016,4.462000000000003,45.714285714285715
5999,47.883700000000005,4.471199999999996,54.285714285714285
6000,85.05799999999999,3.1864999999999952,60.0
6001,57.393699999999995,3.8866999999999905,58.57142857142858
6002,67.864,2.4576999999999884,60.0
6003,61.74119999999999,4.815399999999983,64.28571428571429
6004,54.518400000000014,8.4576,52.85714285714286
6005,70.06729999999999,3.2423999999999893,61.42857142857143
6006,59.59719999999999,3.9622999999999706,58.57142857142858
6007,22.116899999999987,6.287099999999995,41.42857142857143
6008,44.88919999999999,2.7383000000000095,51.42857142857142
6009,75.86779999999999,2.9749999999999943,61.42857142857143
6010,69.88,3.7039000000000044,61.42857142857143
6011,48.10020000000003,4.415699999999987,48.57142857142857
6012,73.54399999999998,2.933899999999994,60.0
6013,43.40870000000001,7.8027000000000015,48.57142857142857
6014,41.3999,4.8256000000000085,48.57142857142857
6015,53.96369999999999,3.726600000000019,54.285714285714285
6016,54.00450000000001,4.670000000000002,57.14285714285714
6017,49.0172,4.043500000000009,51.42857142857142
6018,88.63569999999999,2.4638999999999953,68.57142857142857
6019,80.8426,3.980700000000013,65.71428571428571
6020,52.2816,2.6469999999999914,54.285714285714285
6021,44.644000000000005,4.168500000000009,52.85714285714286
6022,30.121700000000004,4.887500000000003,47.14285714285714
6023,62.61940000000001,4.626699999999971,60.0
6024,97.69469999999998,1.5294000000000096,62.857142857142854
6025,45.41820000000001,7.27189999999996,45.714285714285715
6026,76.4058,3.761099999999999,57.14285714285714
6027,41.12960000000001,4.802799999999991,47.14285714285714
6028,41.38330000000002,4.852999999999994,45.714285714285715
6029,71.18540000000002,3.9373999999999967,62.857142857142854
6030,47.690500000000014,3.6111999999999966,52.85714285714286
6031,75.102,2.64700000000002,60.0
6032,59.3888,4.267599999999987,58.57142857142858
6033,33.60220000000001,11.718100000000007,44.285714285714285
6034,67.201,4.179200000000009,58.57142857142858
6035,63.52070000000003,6.170199999999994,55.714285714285715
6036,60.30649999999997,4.093400000000003,60.0
6037,66.1078,5.817299999999989,57.14285714285714
6038,71.63609999999997,3.1303000000000054,64.28571428571429
6039,37.81450000000001,8.195699999999988,50.0
6040,29.595500000000015,10.272599999999983,50.0
6041,44.17500000000001,10.601399999999998,51.42857142857142
6042,39.005499999999984,4.9392,48.57142857142857
6043,53.155099999999976,2.1180999999999983,51.42857142857142
6044,40.24200000000002,6.355100000000007,42.857142857142854
6045,56.79769999999999,5.005899999999997,61.42857142857143
6046,86.15839999999997,2.4627000000000123,67.14285714285714
6047,64.49369999999999,5.858499999999992,52.85714285714286
6048,78.97929999999997,4.864100000000008,67.14285714285714
6049,56.154799999999994,3.7501000000000033,57.14285714285714
6050,68.0712,4.351600000000005,62.857142857142854
6051,41.332899999999995,3.265599999999992,51.42857142857142
6052,22.796899999999994,8.765500000000003,44.285714285714285
6053,56.433099999999996,5.437899999999999,55.714285714285715
6054,86.6071,3.0667000000000257,65.71428571428571
6055,76.81879999999998,1.4209999999999923,67.14285714285714
6056,64.85050000000001,3.608399999999989,61.42857142857143
6057,46.037600000000026,6.129499999999979,50.0
6058,72.2174,4.986499999999978,65.71428571428571
6059,31.792599999999993,3.632000000000005,44.285714285714285
6060,57.35740000000001,3.213300000000004,55.714285714285715
6061,68.8169,1.973399999999998,64.28571428571429
6062,60.9427,6.774099999999976,55.714285714285715
6063,54.8228,9.168000000000006,58.57142857142858
6064,52.95979999999997,3.5243999999999858,58.57142857142858
6065,43.0359,3.6377999999999844,51.42857142857142
6066,57.58349999999996,3.7107000000000028,55.714285714285715
6067,50.02190000000002,4.663999999999987,57.14285714285714
6068,57.981899999999996,4.058400000000006,57.14285714285714
6069,50.72949999999997,3.8656000000000006,54.285714285714285
6070,61.4752,5.593800000000002,57.14285714285714
6071,85.30219999999997,2.242199999999997,71.42857142857143
6072,48.72980000000001,6.301699999999997,54.285714285714285
6073,26.47720000000001,4.100300000000004,47.14285714285714
6074,57.32019999999997,2.8684000000000083,58.57142857142858
6075,46.31710000000001,6.2179,48.57142857142857
6076,65.41340000000002,2.906899999999979,61.42857142857143
6077,68.1791,3.1503000000000156,54.285714285714285
6078,76.73379999999997,2.938999999999993,70.0
6079,70.2062,4.576999999999998,54.285714285714285
6080,45.97059999999999,6.893599999999992,52.85714285714286
6081,76.37799999999999,3.663199999999989,60.0
6082,77.74919999999997,2.502299999999991,58.57142857142858
6083,38.99549999999999,4.789099999999991,52.85714285714286
6084,45.4273,6.012500000000003,54.285714285714285
6085,59.53539999999998,3.6958999999999946,58.57142857142858
6086,32.731899999999996,7.028400000000005,47.14285714285714
6087,59.97409999999999,3.8541000000000025,51.42857142857142
6088,48.640299999999996,2.824399999999997,52.85714285714286
6089,53.20070000000001,5.599700000000013,60.0
6090,63.550400000000025,5.209599999999995,54.285714285714285
6091,54.7089,2.3517999999999972,52.85714285714286
6092,65.02080000000001,6.123699999999985,60.0
6093,47.89150000000001,4.751500000000021,50.0
6094,43.38099999999997,5.2513000000000005,57.14285714285714
6095,68.3474,6.126800000000003,55.714285714285715
6096,58.267300000000006,6.775099999999995,50.0
6097,64.10579999999999,5.064200000000014,64.28571428571429
6098,47.07929999999999,3.430099999999996,47.14285714285714
6099,69.33370000000002,5.953900000000004,57.14285714285714
6100,58.85639999999998,4.1795999999999935,57.14285714285714
6101,50.779499999999985,5.090699999999998,55.714285714285715
6102,56.85900000000001,3.844399999999979,54.285714285714285
6103,60.5805,4.14439999999999,60.0
6104,50.64750000000001,4.402500000000003,52.85714285714286
6105,54.799799999999976,4.248200000000011,54.285714285714285
6106,60.719600000000014,3.8012999999999977,61.42857142857143
6107,50.19120000000001,6.884199999999993,50.0
6108,52.4075,5.198399999999992,50.0
6109,80.5094,3.998299999999986,60.0
6110,76.84290000000004,2.7073000000000036,60.0
6111,44.07760000000002,7.760799999999989,48.57142857142857
6112,43.9443,4.851600000000005,48.57142857142857
6113,59.22889999999998,3.7117000000000075,61.42857142857143
6114,58.5822,2.6987000000000023,51.42857142857142
6115,30.2389,7.468900000000005,41.42857142857143
6116,70.20030000000003,4.202200000000005,57.14285714285714
6117,54.81989999999999,3.3859999999999957,50.0
6118,43.7919,4.932699999999997,60.0
6119,53.379200000000026,5.628100000000018,57.14285714285714
6120,71.14439999999999,3.0361000000000047,64.28571428571429
6121,88.83089999999999,2.3401000000000067,68.57142857142857
6122,47.101,4.5944999999999965,52.85714285714286
6123,49.14690000000002,3.7591000000000037,44.285714285714285
6124,83.61519999999999,6.468399999999974,67.14285714285714
6125,55.4751,4.285699999999991,58.57142857142858
6126,57.90120000000002,4.659800000000004,54.285714285714285
6127,57.47890000000001,4.233699999999999,52.85714285714286
6128,39.01940000000002,5.290300000000002,50.0
6129,32.53920000000002,3.980499999999978,48.57142857142857
6130,59.284400000000005,4.838399999999979,57.14285714285714
6131,41.751299999999986,5.297399999999996,57.14285714285714
6132,68.19550000000001,2.9403999999999826,60.0
6133,64.63709999999998,3.6329999999999956,60.0
6134,45.50029999999998,7.459699999999998,58.57142857142858
6135,37.12130000000002,5.8740999999999985,48.57142857142857
6136,58.69809999999998,3.924899999999994,57.14285714285714
6137,33.113500000000016,4.561999999999998,47.14285714285714
6138,66.1207,5.890800000000013,57.14285714285714
6139,65.15849999999998,5.031199999999998,57.14285714285714
6140,46.24199999999999,5.064300000000003,48.57142857142857
6141,67.43880000000001,4.078400000000016,60.0
6142,39.35470000000001,4.088999999999999,52.85714285714286
6143,30.7466,7.6524,51.42857142857142
6144,62.15070000000003,4.1229999999999905,57.14285714285714
6145,59.37270000000001,5.082900000000009,57.14285714285714
6146,39.731899999999996,3.287700000000001,52.85714285714286
6147,33.006,6.5146000000000015,45.714285714285715
6148,53.68180000000001,3.501099999999994,55.714285714285715
6149,69.08890000000002,5.1293999999999755,54.285714285714285
6150,55.29250000000002,5.523799999999966,57.14285714285714
6151,67.73660000000001,4.164000000000016,61.42857142857143
6152,49.063800000000015,3.626499999999993,47.14285714285714
6153,59.715599999999995,3.109600000000029,58.57142857142858
6154,57.402799999999985,4.836399999999998,55.714285714285715
6155,62.03280000000001,4.889399999999995,50.0
6156,67.19,3.4273000000000025,57.14285714285714
6157,46.114300000000014,3.8515000000000015,51.42857142857142
6158,44.038700000000006,4.502899999999997,54.285714285714285
6159,50.22110000000001,6.490399999999994,51.42857142857142
6160,47.39520000000002,4.661100000000005,48.57142857142857
6161,56.484200000000016,5.942900000000009,54.285714285714285
6162,40.4246,4.227100000000007,44.285714285714285
6163,52.41379999999998,5.202699999999993,55.714285714285715
6164,82.90870000000001,2.918600000000012,64.28571428571429
6165,50.709700000000026,5.642499999999984,52.85714285714286
6166,43.107,5.834699999999998,45.714285714285715
6167,57.33669999999998,2.6844999999999857,55.714285714285715
6168,64.15730000000002,3.522900000000007,68.57142857142857
6169,44.536400000000015,5.220699999999994,51.42857142857142
6170,58.31389999999999,2.829999999999984,58.57142857142858
6171,68.2517,2.545900000000003,65.71428571428571
6172,45.35669999999999,3.672399999999996,51.42857142857142
6173,68.41109999999998,6.552900000000022,64.28571428571429
6174,49.71430000000001,4.827099999999987,57.14285714285714
6175,51.919399999999996,3.558499999999995,60.0
6176,43.03399999999999,5.558700000000002,50.0
6177,44.9178,8.448599999999999,50.0
6178,72.4718,5.150599999999997,60.0
6179,59.83669999999998,4.611999999999995,54.285714285714285
6180,17.03479999999999,7.006399999999999,40.0
6181,47.165099999999995,5.352699999999999,52.85714285714286
6182,75.8476,4.078399999999988,65.71428571428571
6183,61.33539999999999,7.5702,51.42857142857142
6184,77.83980000000003,3.0197999999999894,62.857142857142854
6185,71.57649999999998,5.029699999999991,57.14285714285714
6186,72.38639999999998,4.079000000000008,64.28571428571429
6187,54.25780000000003,4.357399999999984,52.85714285714286
6188,30.423000000000002,7.884999999999991,44.285714285714285
6189,56.01399999999998,2.7487999999999886,51.42857142857142
6190,69.209,3.650000000000034,50.0
6191,52.06700000000001,2.269599999999997,58.57142857142858
6192,55.37360000000001,4.467700000000008,62.857142857142854
6193,49.078100000000035,4.7017999999999915,54.285714285714285
6194,45.128299999999996,6.233399999999989,52.85714285714286
6195,43.786099999999976,5.5889000000000095,52.85714285714286
6196,63.58900000000003,2.1918000000000006,58.57142857142858
6197,52.76920000000001,3.649799999999999,55.714285714285715
6198,46.18029999999999,4.3160000000000025,50.0
6199,59.43369999999999,3.9525000000000006,55.714285714285715
6200,64.37049999999999,6.9202999999999975,57.14285714285714
6201,49.47649999999999,3.7117000000000075,60.0
6202,55.09559999999999,4.852599999999995,55.714285714285715
6203,63.649699999999996,3.4823000000000093,55.714285714285715
6204,32.47290000000001,7.978099999999998,45.714285714285715
6205,60.40629999999999,3.1581000000000046,55.714285714285715
6206,69.92760000000001,4.878699999999995,61.42857142857143
6207,37.6584,5.555300000000003,45.714285714285715
6208,53.20670000000001,4.113599999999991,55.714285714285715
6209,64.6781,4.272300000000001,58.57142857142858
6210,47.5505,3.216300000000004,55.714285714285715
6211,68.23249999999999,7.494,60.0
6212,42.392499999999984,3.7128000000000156,50.0
6213,54.31399999999999,4.810199999999995,58.57142857142858
6214,67.06970000000001,3.946799999999996,58.57142857142858
6215,57.6644,4.277899999999988,54.285714285714285
6216,52.872299999999996,2.227499999999992,60.0
6217,31.161900000000003,5.045999999999992,41.42857142857143
6218,72.6488,3.5903000000000134,71.42857142857143
6219,45.77620000000002,2.7608000000000033,57.14285714285714
6220,55.062400000000025,6.8063999999999965,60.0
6221,69.0615,4.620399999999989,62.857142857142854
6222,59.487599999999986,5.08420000000001,61.42857142857143
6223,73.41019999999997,4.399799999999999,57.14285714285714
6224,79.16340000000002,3.043799999999976,54.285714285714285
6225,46.83420000000001,3.7402999999999906,50.0
6226,57.5917,2.886400000000009,50.0
6227,74.78229999999996,2.5486999999999966,65.71428571428571
6228,37.982399999999984,6.3988000000000085,45.714285714285715
6229,42.70940000000002,3.9089000000000027,51.42857142857142
6230,63.51519999999999,4.4950000000000045,52.85714285714286
6231,42.417100000000005,5.282999999999987,48.57142857142857
6232,67.09450000000001,3.4745999999999952,55.714285714285715
6233,59.1439,5.841899999999995,61.42857142857143
6234,55.9075,2.6906999999999925,54.285714285714285
6235,58.287199999999984,2.7652999999999963,51.42857142857142
6236,78.63410000000005,4.4687999999999874,60.0
6237,61.77699999999999,6.41719999999998,61.42857142857143
6238,63.55500000000001,7.291899999999998,60.0
6239,61.9401,5.420099999999991,55.714285714285715
6240,77.25500000000002,2.6093999999999937,61.42857142857143
6241,91.644,2.7668999999999926,65.71428571428571
6242,43.837500000000006,5.022199999999998,50.0
6243,66.59390000000002,8.293999999999997,55.714285714285715
6244,79.89609999999999,2.622000000000014,61.42857142857143
6245,57.86190000000002,2.242199999999997,60.0
6246,56.574600000000004,5.0312000000000126,64.28571428571429
6247,70.37279999999998,2.5383999999999958,62.857142857142854
6248,55.1884,3.626499999999993,61.42857142857143
6249,59.44330000000002,3.477800000000002,54.285714285714285
6250,48.155100000000004,6.018500000000003,55.714285714285715
6251,56.99419999999998,4.0190000000000055,60.0
6252,38.10479999999998,5.018799999999999,51.42857142857142
6253,52.85390000000001,5.142599999999987,58.57142857142858
6254,53.893399999999986,4.230699999999999,52.85714285714286
6255,67.00490000000002,6.656300000000002,57.14285714285714
6256,58.87640000000002,5.318399999999997,57.14285714285714
6257,67.28299999999999,5.18010000000001,55.714285714285715
6258,50.20230000000001,4.04249999999999,57.14285714285714
6259,44.64950000000002,3.0775000000000006,48.57142857142857
6260,54.81020000000001,6.195999999999998,51.42857142857142
6261,53.82239999999999,3.7142000000000053,61.42857142857143
6262,72.97519999999997,2.3401000000000067,67.14285714285714
6263,72.57119999999998,7.656300000000002,60.0
6264,62.96830000000003,2.5153999999999996,55.714285714285715
6265,53.932499999999976,3.3094000000000108,54.285714285714285
6266,33.92070000000001,4.491100000000017,44.285714285714285
6267,32.19659999999999,6.419600000000003,45.714285714285715
6268,62.2809,4.845099999999988,57.14285714285714
6269,43.726200000000006,5.1484999999999985,54.285714285714285
6270,28.012599999999992,5.111199999999997,48.57142857142857
6271,72.24789999999999,4.007800000000032,55.714285714285715
6272,84.00740000000002,2.8185000000000002,57.14285714285714
6273,66.52340000000004,4.067999999999998,58.57142857142858
6274,47.61239999999998,5.146199999999993,54.285714285714285
6275,66.9117,3.7116999999999933,61.42857142857143
6276,49.389700000000005,12.186099999999982,51.42857142857142
6277,66.99300000000002,5.5779,50.0
6278,84.2337,2.3400999999999925,67.14285714285714
6279,59.79259999999999,6.819500000000005,51.42857142857142
6280,57.77789999999999,4.67049999999999,51.42857142857142
6281,32.539800000000014,5.653199999999998,42.857142857142854
6282,67.09639999999999,4.9132999999999925,58.57142857142858
6283,63.90669999999997,3.5700000000000074,57.14285714285714
6284,41.529600000000016,5.81110000000001,44.285714285714285
6285,51.235299999999995,5.518799999999999,51.42857142857142
6286,38.309,3.8339,51.42857142857142
6287,51.43729999999999,6.432900000000004,57.14285714285714
6288,46.476399999999984,3.761099999999999,52.85714285714286
6289,72.3774,5.111900000000006,62.857142857142854
6290,60.21570000000003,2.242200000000011,50.0
6291,63.265299999999996,3.4372999999999934,62.857142857142854
6292,63.96349999999998,5.911600000000021,48.57142857142857
6293,60.7911,2.7971000000000004,55.714285714285715
6294,64.06580000000002,3.4268,54.285714285714285
6295,68.8594,2.4930999999999983,61.42857142857143
6296,46.43369999999999,4.943999999999988,48.57142857142857
6297,68.12880000000001,3.805099999999996,64.28571428571429
6298,59.11650000000003,4.662300000000002,54.285714285714285
6299,46.441700000000026,5.258799999999994,55.714285714285715
6300,65.0222,4.063299999999998,62.857142857142854
6301,34.466800000000006,9.045900000000003,51.42857142857142
6302,49.96120000000002,5.308300000000003,48.57142857142857
6303,81.4443,3.7877000000000294,58.57142857142858
6304,67.86859999999999,4.950800000000001,58.57142857142858
6305,53.30590000000001,4.471000000000004,50.0
6306,63.13380000000001,3.7069999999999936,52.85714285714286
6307,56.218199999999996,6.634500000000003,55.714285714285715
6308,56.31399999999999,5.020400000000009,60.0
6309,45.13180000000003,6.028800000000004,52.85714285714286
6310,51.25359999999998,3.15949999999998,57.14285714285714
6311,76.56630000000001,2.2489999999999952,64.28571428571429
6312,53.980500000000006,4.446300000000008,52.85714285714286
6313,56.21829999999997,7.935599999999994,58.57142857142858
6314,61.16160000000002,6.1327,62.857142857142854
6315,36.0437,5.080600000000004,55.714285714285715
6316,58.09780000000001,5.182999999999993,48.57142857142857
6317,77.79150000000001,4.541800000000023,68.57142857142857
6318,75.12389999999999,2.5237000000000194,64.28571428571429
6319,63.33000000000001,4.215600000000009,57.14285714285714
6320,53.777000000000015,2.950100000000006,57.14285714285714
6321,65.61419999999998,4.868900000000025,60.0
6322,62.3099,5.170100000000019,52.85714285714286
6323,91.72509999999994,2.3401000000000067,64.28571428571429
6324,55.29509999999999,3.151200000000017,57.14285714285714
6325,49.58019999999999,5.448900000000009,52.85714285714286
6326,38.71800000000002,3.3943999999999903,54.285714285714285
6327,60.352000000000004,4.912099999999981,54.285714285714285
6328,72.56570000000002,2.1684999999999945,52.85714285714286
6329,42.19670000000002,5.0571000000000055,45.714285714285715
6330,37.50740000000002,4.903800000000004,52.85714285714286
6331,56.37379999999999,5.803100000000001,48.57142857142857
6332,50.020399999999995,4.447800000000001,55.714285714285715
6333,63.5248,4.582300000000004,57.14285714285714
6334,45.52719999999999,4.220400000000012,57.14285714285714
6335,68.3451,2.836200000000005,65.71428571428571
6336,54.029499999999985,5.1118999999999915,57.14285714285714
6337,50.37740000000002,2.3447999999999922,54.285714285714285
6338,51.33019999999999,5.470500000000001,51.42857142857142
6339,48.29929999999999,5.213399999999993,54.285714285714285
6340,46.93009999999998,6.464100000000002,55.714285714285715
6341,48.6148,9.879899999999992,54.285714285714285
6342,54.65210000000002,3.5544999999999902,52.85714285714286
6343,81.22300000000001,2.950099999999992,62.857142857142854
6344,69.46569999999997,3.077699999999993,61.42857142857143
6345,54.161399999999986,4.313499999999976,52.85714285714286
6346,48.768399999999986,4.6177000000000135,51.42857142857142
6347,52.35540000000003,5.613799999999998,57.14285714285714
6348,62.79989999999998,5.3992000000000075,61.42857142857143
6349,57.085800000000006,3.5760000000000076,50.0
6350,60.33279999999999,3.4765999999999906,57.14285714285714
6351,46.33619999999999,7.323399999999992,52.85714285714286
6352,80.38260000000002,3.197800000000001,62.857142857142854
6353,53.30709999999999,3.1108999999999867,57.14285714285714
6354,65.50479999999999,2.3400999999999925,58.57142857142858
6355,55.79599999999999,4.763599999999997,58.57142857142858
6356,41.788700000000006,6.2224000000000075,48.57142857142857
6357,53.608600000000024,5.975400000000008,55.714285714285715
6358,55.376900000000006,3.607299999999981,54.285714285714285
6359,43.606300000000005,6.211799999999997,47.14285714285714
6360,58.15610000000001,3.257000000000005,51.42857142857142
6361,36.502700000000004,7.003399999999999,50.0
6362,72.49720000000002,2.6725999999999885,68.57142857142857
6363,47.04250000000002,3.1480999999999995,55.714285714285715
6364,72.08489999999998,2.5774000000000115,61.42857142857143
6365,33.1267,3.946799999999996,50.0
6366,53.4179,3.634900000000002,55.714285714285715
6367,65.1773,3.248899999999992,57.14285714285714
6368,66.91480000000001,5.287000000000006,61.42857142857143
6369,55.619200000000006,5.811000000000007,58.57142857142858
6370,62.12610000000001,4.202799999999996,58.57142857142858
6371,63.2783,3.6110000000000184,54.285714285714285
6372,46.22980000000001,3.9468000000000103,54.285714285714285
6373,55.56969999999998,5.902999999999992,57.14285714285714
6374,36.602599999999995,6.259900000000002,50.0
6375,60.35650000000001,4.132100000000008,55.714285714285715
6376,91.54429999999999,2.3315000000000055,62.857142857142854
6377,71.04570000000001,6.307299999999998,57.14285714285714
6378,64.6105,3.536900000000003,55.714285714285715
6379,46.32420000000002,5.719999999999999,50.0
6380,72.47699999999998,2.7283000000000044,57.14285714285714
6381,53.01400000000001,6.166499999999985,55.714285714285715
6382,56.7705,5.5625,54.285714285714285
6383,60.4571,4.852800000000002,61.42857142857143
6384,62.37960000000004,4.2912000000000035,58.57142857142858
6385,52.52160000000001,3.3088000000000193,48.57142857142857
6386,56.49799999999999,5.601800000000011,55.714285714285715
6387,68.36159999999998,4.111799999999988,58.57142857142858
6388,43.7269,5.303999999999974,47.14285714285714
6389,31.675200000000018,4.524100000000004,51.42857142857142
6390,68.61949999999996,2.402200000000022,60.0
6391,72.84320000000002,3.378499999999974,57.14285714285714
6392,54.26510000000002,8.057199999999995,51.42857142857142
6393,63.56190000000001,2.8950000000000102,60.0
6394,49.802899999999994,4.470999999999989,60.0
6395,50.022999999999996,3.6589000000000027,51.42857142857142
6396,43.260099999999994,8.33229999999999,57.14285714285714
6397,50.669899999999984,5.0992999999999995,54.285714285714285
6398,52.02289999999999,5.341499999999996,55.714285714285715
6399,69.31450000000001,3.477800000000002,62.857142857142854
6400,69.23899999999998,3.416399999999996,58.57142857142858
6401,56.44150000000002,7.285800000000009,55.714285714285715
6402,37.480500000000006,8.577099999999973,51.42857142857142
6403,40.445700000000016,3.9372000000000043,48.57142857142857
6404,42.82940000000002,4.14500000000001,52.85714285714286
6405,39.983000000000004,6.8279,47.14285714285714
6406,59.877700000000004,5.767599999999987,58.57142857142858
6407,44.27969999999999,7.219999999999999,48.57142857142857
6408,43.18239999999997,4.677599999999998,52.85714285714286
6409,80.80169999999998,3.9934000000000083,60.0
6410,43.35839999999999,4.5321,60.0
6411,62.33240000000001,2.7657000000000096,57.14285714285714
6412,55.94409999999999,3.781800000000004,52.85714285714286
6413,59.38579999999999,4.568300000000008,58.57142857142858
6414,90.65070000000003,3.6750999999999863,65.71428571428571
6415,60.081800000000015,3.3533999999999935,54.285714285714285
6416,43.546400000000006,4.034500000000008,47.14285714285714
6417,60.21560000000002,7.4968000000000075,55.714285714285715
6418,37.163899999999984,5.5926000000000045,52.85714285714286
6419,60.91220000000001,2.660599999999988,52.85714285714286
6420,48.85669999999999,6.537299999999988,51.42857142857142
6421,63.263300000000015,2.8910000000000053,52.85714285714286
6422,62.96530000000001,5.477699999999999,58.57142857142858
6423,36.76480000000004,4.215199999999996,45.714285714285715
6424,46.594299999999976,5.109300000000005,51.42857142857142
6425,37.156799999999976,3.4098999999999933,42.857142857142854
6426,64.08679999999998,4.313500000000005,60.0
6427,54.68770000000001,4.700699999999998,55.714285714285715
6428,60.705700000000036,3.0906999999999982,55.714285714285715
6429,60.4376,3.099800000000002,57.14285714285714
6430,69.34410000000003,5.641300000000001,54.285714285714285
6431,49.0573,3.4772000000000105,55.714285714285715
6432,81.55859999999998,4.393900000000002,60.0
6433,32.557500000000005,3.91940000000001,44.285714285714285
6434,47.74889999999999,6.320599999999999,55.714285714285715
6435,48.41090000000003,6.741,50.0
6436,34.41580000000002,5.957199999999986,48.57142857142857
6437,44.852300000000014,3.498899999999992,50.0
6438,38.93220000000002,4.723799999999997,54.285714285714285
6439,61.510500000000036,5.867199999999997,55.714285714285715
6440,77.6345,3.0191000000000088,62.857142857142854
6441,41.360299999999995,12.433700000000002,50.0
6442,50.5497,5.395600000000002,50.0
6443,34.63839999999999,7.4529,48.57142857142857
6444,69.55439999999999,5.154699999999991,65.71428571428571
6445,38.702799999999996,7.171999999999997,45.714285714285715
6446,52.66520000000003,7.244199999999992,54.285714285714285
6447,49.15359999999998,4.6573999999999955,55.714285714285715
6448,78.58269999999999,2.8255000000000052,67.14285714285714
6449,57.54099999999997,3.0349999999999966,55.714285714285715
6450,83.74989999999997,3.1592999999999734,72.85714285714285
6451,36.142300000000006,5.982700000000008,51.42857142857142
6452,58.595800000000025,5.266899999999993,52.85714285714286
6453,71.16149999999999,4.377799999999979,61.42857142857143
6454,73.63389999999998,2.8964,62.857142857142854
6455,67.23880000000003,3.106400000000008,58.57142857142858
6456,40.356899999999996,5.663199999999989,52.85714285714286
6457,65.81119999999999,2.655600000000021,62.857142857142854
6458,59.35000000000002,3.9305000000000234,55.714285714285715
6459,48.596900000000005,7.451399999999978,54.285714285714285
6460,40.32909999999998,4.8019999999999925,50.0
6461,64.16640000000001,6.521699999999981,52.85714285714286
6462,57.8845,5.837800000000001,52.85714285714286
6463,45.116000000000014,6.011900000000011,52.85714285714286
6464,82.9727,3.569999999999993,60.0
6465,40.5496,5.449599999999975,47.14285714285714
6466,60.95490000000001,4.038499999999999,54.285714285714285
6467,21.413200000000003,7.561999999999998,44.285714285714285
6468,59.65820000000002,3.514199999999988,55.714285714285715
6469,40.5573,3.27709999999999,52.85714285714286
6470,57.067800000000005,4.501699999999971,58.57142857142858
6471,44.02260000000001,3.9805000000000064,50.0
6472,47.4101,3.981099999999998,52.85714285714286
6473,63.39150000000001,4.309899999999999,57.14285714285714
6474,45.726200000000006,4.768100000000004,45.714285714285715
6475,88.1336,3.1593000000000018,64.28571428571429
6476,43.7722,3.192099999999982,52.85714285714286
6477,51.805499999999995,3.66579999999999,51.42857142857142
6478,52.37479999999999,5.939899999999994,51.42857142857142
6479,54.97059999999999,5.8041999999999945,52.85714285714286
6480,69.38999999999999,6.346900000000005,60.0
6481,59.160499999999985,2.738299999999981,62.857142857142854
6482,33.4512,8.641300000000001,57.14285714285714
6483,77.65890000000002,2.7118999999999858,57.14285714285714
6484,40.44749999999999,6.9535999999999945,48.57142857142857
6485,56.97909999999999,3.341700000000003,60.0
6486,82.48840000000001,2.8865000000000123,60.0
6487,50.407700000000006,6.331099999999992,58.57142857142858
6488,66.41189999999997,4.749899999999997,62.857142857142854
6489,33.364599999999996,8.848799999999983,48.57142857142857
6490,85.8297,2.2421999999999684,68.57142857142857
6491,41.983000000000004,5.344600000000014,47.14285714285714
6492,41.48840000000001,5.252099999999999,54.285714285714285
6493,88.2218,5.998999999999967,68.57142857142857
6494,48.48679999999999,3.9398000000000195,54.285714285714285
6495,52.602900000000005,3.837299999999999,57.14285714285714
6496,59.98970000000003,3.5020999999999987,55.714285714285715
6497,43.41119999999998,6.581099999999992,48.57142857142857
6498,57.794400000000024,4.833499999999987,54.285714285714285
6499,37.79509999999999,6.300899999999999,50.0
6500,53.68060000000003,5.801899999999989,60.0
6501,57.53989999999999,3.8444000000000074,55.714285714285715
6502,51.2911,2.751199999999997,57.14285714285714
6503,47.515900000000016,3.815499999999986,58.57142857142858
6504,49.53989999999999,3.784700000000015,61.42857142857143
6505,80.20449999999997,2.7487999999999886,61.42857142857143
6506,44.793499999999995,4.323099999999982,51.42857142857142
6507,75.64359999999999,3.566100000000006,58.57142857142858
6508,70.1012,4.079000000000008,57.14285714285714
6509,72.99549999999999,4.411500000000018,55.714285714285715
6510,75.01410000000004,5.000099999999975,58.57142857142858
6511,69.30139999999997,4.304699999999997,64.28571428571429
6512,73.06609999999995,3.4735999999999763,67.14285714285714
6513,63.288400000000024,4.985199999999992,52.85714285714286
6514,59.115500000000026,3.476600000000019,58.57142857142858
6515,59.32060000000001,5.667699999999996,52.85714285714286
6516,44.598899999999986,4.081299999999999,51.42857142857142
6517,70.75760000000002,3.59729999999999,55.714285714285715
6518,52.430499999999995,5.295599999999979,55.714285714285715
6519,85.72159999999997,2.991500000000002,68.57142857142857
6520,77.0455,2.1898000000000053,65.71428571428571
6521,66.60610000000003,3.8134999999999764,55.714285714285715
6522,53.1345,3.2579000000000065,57.14285714285714
6523,30.434600000000017,7.351099999999988,41.42857142857143
6524,43.727599999999995,4.783299999999997,52.85714285714286
6525,80.63309999999998,3.3100000000000023,64.28571428571429
6526,46.30269999999999,4.215599999999995,51.42857142857142
6527,29.528700000000015,8.908599999999993,47.14285714285714
6528,62.66290000000001,4.906199999999984,58.57142857142858
6529,55.89100000000002,4.128099999999989,57.14285714285714
6530,63.54219999999998,3.399799999999999,57.14285714285714
6531,56.31909999999999,6.820299999999975,62.857142857142854
6532,58.61019999999999,4.329000000000008,55.714285714285715
6533,66.84039999999999,5.543400000000005,61.42857142857143
6534,59.27789999999999,4.368599999999958,47.14285714285714
6535,71.40979999999999,2.186300000000017,58.57142857142858
6536,51.856300000000005,2.6287999999999982,58.57142857142858
6537,72.2414,4.765100000000018,60.0
6538,72.13810000000001,3.9746999999999986,54.285714285714285
6539,30.74599999999998,6.524900000000002,48.57142857142857
6540,88.1438,2.76339999999999,64.28571428571429
6541,49.5111,3.2427999999999884,51.42857142857142
6542,38.16320000000002,6.9624999999999915,47.14285714285714
6543,106.60119999999995,2.422600000000017,75.71428571428571
6544,48.7688,2.3840999999999894,51.42857142857142
6545,53.50720000000001,6.726599999999991,55.714285714285715
6546,57.10340000000002,4.066100000000006,57.14285714285714
6547,37.43780000000001,4.401699999999991,50.0
6548,43.773799999999994,5.817900000000009,50.0
6549,34.29920000000001,6.338800000000006,47.14285714285714
6550,71.80159999999998,3.0652000000000044,55.714285714285715
6551,73.0829,3.497000000000014,64.28571428571429
6552,54.69060000000002,4.292400000000015,57.14285714285714
6553,28.122299999999996,4.375699999999995,51.42857142857142
6554,35.87020000000001,9.047699999999992,44.285714285714285
6555,64.91159999999999,2.6489999999999867,54.285714285714285
6556,60.36609999999999,6.4313999999999965,52.85714285714286
6557,43.049199999999985,3.70150000000001,52.85714285714286
6558,71.58420000000004,2.9749999999999943,61.42857142857143
6559,39.620900000000006,8.886499999999998,50.0
6560,40.603500000000025,3.730000000000004,47.14285714285714
6561,34.446,6.707100000000011,52.85714285714286
6562,58.31909999999999,2.5834999999999866,52.85714285714286
6563,63.871999999999986,5.956700000000012,64.28571428571429
6564,68.43040000000002,6.662499999999966,61.42857142857143
6565,54.698000000000036,2.7180999999999926,52.85714285714286
6566,78.01690000000002,2.261099999999999,68.57142857142857
6567,74.5401,2.6691999999999894,60.0
6568,63.14959999999999,3.980499999999992,55.714285714285715
6569,78.14750000000001,2.3619999999999948,62.857142857142854
6570,80.6114,4.215599999999995,60.0
6571,67.17099999999999,3.3973000000000013,55.714285714285715
6572,74.41539999999998,3.3666000000000054,65.71428571428571
6573,70.7421,4.302800000000005,61.42857142857143
6574,43.66210000000001,4.020499999999998,51.42857142857142
6575,50.1268,3.981099999999998,58.57142857142858
6576,83.14419999999998,3.1872000000000185,70.0
6577,71.82760000000002,3.569999999999993,61.42857142857143
6578,46.95259999999999,8.331800000000015,54.285714285714285
6579,44.8287,4.883899999999997,55.714285714285715
6580,49.95599999999999,4.066900000000004,62.857142857142854
6581,70.34300000000002,7.456600000000009,58.57142857142858
6582,53.09360000000001,2.777699999999996,51.42857142857142
6583,64.90270000000001,5.113700000000023,51.42857142857142
6584,48.116299999999995,3.6017999999999972,52.85714285714286
6585,75.61760000000004,3.1643000000000114,64.28571428571429
6586,69.27499999999998,4.23060000000001,55.714285714285715
6587,50.917899999999975,3.6436999999999955,54.285714285714285
6588,56.105800000000016,4.078400000000002,60.0
6589,69.18880000000001,6.567800000000005,57.14285714285714
6590,59.33760000000001,3.821700000000007,58.57142857142858
6591,91.38020000000003,2.6363000000000056,68.57142857142857
6592,52.866300000000024,4.4313999999999965,64.28571428571429
6593,57.01389999999998,3.2150000000000034,54.285714285714285
6594,72.37759999999997,4.613599999999991,54.285714285714285
6595,58.1344,4.301799999999986,54.285714285714285
6596,37.624600000000015,5.880899999999997,48.57142857142857
6597,70.01429999999999,6.65360000000004,62.857142857142854
6598,65.82910000000001,3.8669999999999902,55.714285714285715
6599,49.82280000000003,2.3463000000000136,54.285714285714285
6600,87.9034,3.663199999999989,65.71428571428571
6601,64.1968,3.8744999999999834,58.57142857142858
6602,69.27050000000003,2.9461000000000013,57.14285714285714
6603,61.200199999999995,3.581400000000002,55.714285714285715
6604,75.14319999999998,3.4566000000000088,57.14285714285714
6605,64.47840000000002,3.365799999999993,60.0
6606,67.72030000000001,3.9354999999999905,55.714285714285715
6607,45.6687,3.9594000000000165,54.285714285714285
6608,51.905399999999986,4.026299999999992,55.714285714285715
6609,71.19939999999997,2.9313999999999965,54.285714285714285
6610,60.34870000000001,4.399799999999999,52.85714285714286
6611,81.87669999999997,2.3401000000000067,67.14285714285714
6612,49.3047,2.9767999999999972,50.0
6613,39.18349999999998,5.431500000000014,41.42857142857143
6614,75.405,2.2422000000000253,57.14285714285714
6615,51.78219999999999,6.341000000000008,51.42857142857142
6616,50.117999999999995,6.590499999999992,52.85714285714286
6617,49.102000000000004,3.6247000000000043,48.57142857142857
6618,62.27199999999999,6.416499999999999,55.714285714285715
6619,40.7886,9.294699999999992,54.285714285714285
6620,71.066,4.240899999999982,64.28571428571429
6621,55.0779,6.103999999999999,57.14285714285714
6622,63.2886,3.7116000000000042,55.714285714285715
6623,54.130799999999994,3.999200000000002,58.57142857142858
6624,49.185400000000016,8.174699999999987,52.85714285714286
6625,61.794899999999984,5.651600000000002,58.57142857142858
6626,31.600400000000008,7.122099999999989,42.857142857142854
6627,34.74090000000001,6.4894999999999925,45.714285714285715
6628,85.8938,3.2190999999999974,65.71428571428571
6629,48.714,3.5918999999999954,48.57142857142857
6630,28.574299999999994,4.920400000000001,48.57142857142857
6631,56.3417,4.1381999999999834,54.285714285714285
6632,62.8458,2.7594999999999743,62.857142857142854
6633,83.8946,4.493100000000027,58.57142857142858
6634,51.163099999999986,5.3208000000000055,54.285714285714285
6635,47.49270000000001,3.2394999999999925,52.85714285714286
6636,67.8389,2.7637,67.14285714285714
6637,63.8708,6.416899999999998,58.57142857142858
6638,41.52260000000001,4.261899999999997,52.85714285714286
6639,49.790099999999995,3.22829999999999,55.714285714285715
6640,61.19980000000001,4.781399999999991,57.14285714285714
6641,59.1208,4.249700000000004,54.285714285714285
6642,78.19869999999997,2.6363000000000056,58.57142857142858
6643,69.69349999999997,2.3401000000000067,64.28571428571429
6644,30.88329999999999,7.2065000000000055,50.0
6645,60.981599999999986,5.304100000000005,57.14285714285714
6646,59.05630000000002,4.3773000000000195,54.285714285714285
6647,53.22810000000001,4.5353999999999814,58.57142857142858
6648,44.2131,3.884900000000002,48.57142857142857
6649,60.4041,5.032000000000011,60.0
6650,57.7731,3.8829999999999956,52.85714285714286
6651,63.12880000000004,4.4450999999999965,58.57142857142858
6652,44.34250000000003,6.1536000000000115,54.285714285714285
6653,51.7654,5.204099999999997,50.0
6654,59.132000000000005,3.0799999999999983,61.42857142857143
6655,57.54140000000001,2.5977999999999923,57.14285714285714
6656,57.748099999999994,9.507800000000003,54.285714285714285
6657,56.3776,3.390200000000007,58.57142857142858
6658,50.61689999999999,8.8005,57.14285714285714
6659,56.01120000000003,2.5901000000000067,54.285714285714285
6660,62.624300000000005,2.379199999999969,51.42857142857142
6661,47.821200000000005,3.2121999999999815,51.42857142857142
6662,47.63240000000002,3.0660999999999916,54.285714285714285
6663,50.81560000000002,4.664799999999985,58.57142857142858
6664,43.2749,3.253600000000006,48.57142857142857
6665,52.73889999999997,4.13930000000002,51.42857142857142
6666,82.83099999999999,2.529200000000003,71.42857142857143
6667,50.66059999999999,5.755300000000034,50.0
6668,65.48250000000002,3.403400000000005,54.285714285714285
6669,72.44539999999998,5.322599999999994,60.0
6670,68.05919999999998,4.4650999999999925,57.14285714285714
6671,75.09550000000002,3.2719999999999914,65.71428571428571
6672,44.567499999999995,4.933300000000003,50.0
6673,33.37960000000001,7.2667,48.57142857142857
6674,57.72829999999999,5.6684999999999945,57.14285714285714
6675,64.51589999999999,3.911200000000008,62.857142857142854
6676,43.335699999999974,2.82650000000001,52.85714285714286
6677,62.605500000000006,3.8338999999999714,54.285714285714285
6678,88.94060000000002,2.242199999999997,71.42857142857143
6679,56.12209999999999,5.933500000000009,57.14285714285714
6680,48.4102,4.648699999999991,51.42857142857142
6681,69.62109999999998,4.81359999999998,57.14285714285714
6682,71.34660000000002,3.761099999999999,60.0
6683,49.1465,3.032499999999999,52.85714285714286
6684,57.646000000000015,4.252600000000001,51.42857142857142
6685,47.093200000000024,2.806599999999989,51.42857142857142
6686,56.95490000000001,5.719400000000007,57.14285714285714
6687,57.605199999999996,4.86930000000001,55.714285714285715
6688,51.539799999999985,3.248199999999997,51.42857142857142
6689,84.34800000000001,3.761099999999999,62.857142857142854
6690,67.32580000000002,3.393100000000004,60.0
6691,37.18350000000001,6.132400000000004,50.0
6692,43.70570000000001,5.266599999999997,48.57142857142857
6693,51.34309999999999,6.816099999999992,48.57142857142857
6694,72.1676,2.6777000000000157,61.42857142857143
6695,69.28789999999992,7.195100000000025,55.714285714285715
6696,82.6951,2.242199999999997,65.71428571428571
6697,43.2405,4.008499999999998,57.14285714285714
6698,65.1224,7.309499999999986,51.42857142857142
6699,71.1585,2.252500000000026,57.14285714285714
6700,76.2447,5.136799999999994,61.42857142857143
6701,56.488200000000006,3.1441000000000088,51.42857142857142
6702,43.09019999999998,6.0430999999999955,51.42857142857142
6703,64.25229999999999,2.3888000000000034,57.14285714285714
6704,52.00489999999999,5.823100000000011,52.85714285714286
6705,49.787300000000016,3.4986000000000104,54.285714285714285
6706,46.82139999999998,8.265100000000004,54.285714285714285
6707,55.0231,4.078699999999998,58.57142857142858
6708,67.15039999999999,4.736799999999988,60.0
6709,58.59379999999999,3.108699999999999,58.57142857142858
6710,60.738500000000016,4.9773,51.42857142857142
6711,39.63040000000001,8.312299999999993,47.14285714285714
6712,47.94540000000001,5.0778000000000105,58.57142857142858
6713,48.893400000000014,4.471000000000004,52.85714285714286
6714,50.59639999999999,3.20559999999999,54.285714285714285
6715,63.30419999999998,5.414500000000004,52.85714285714286
6716,70.54050000000001,3.557399999999987,67.14285714285714
6717,35.11849999999998,5.232299999999995,50.0
6718,43.2671,4.231099999999998,50.0
6719,54.6096,5.26400000000001,52.85714285714286
6720,45.22479999999999,3.823100000000011,48.57142857142857
6721,55.707899999999995,7.4221,55.714285714285715
6722,49.41030000000001,5.7479999999999905,55.714285714285715
6723,59.58170000000001,7.149899999999974,60.0
6724,56.51319999999998,4.277500000000003,52.85714285714286
6725,47.35329999999999,5.305700000000002,51.42857142857142
6726,72.9511,3.5464000000000055,61.42857142857143
6727,69.59830000000002,3.341700000000003,58.57142857142858
6728,54.3039,4.680199999999999,61.42857142857143
6729,55.8836,2.7321000000000026,57.14285714285714
6730,37.2261,10.353799999999993,48.57142857142857
6731,56.598599999999976,3.0471000000000004,48.57142857142857
6732,57.85819999999998,2.9901000000000124,64.28571428571429
6733,49.96800000000002,3.9894999999999925,52.85714285714286
6734,64.19420000000002,3.9262999999999977,61.42857142857143
6735,45.19890000000001,4.625199999999992,50.0
6736,71.0043,2.308400000000006,58.57142857142858
6737,41.393100000000004,4.422499999999985,47.14285714285714
6738,45.68290000000002,2.7143999999999835,60.0
6739,64.3551,3.1381999999999977,58.57142857142858
6740,24.663600000000002,8.773300000000006,50.0
6741,63.26830000000001,2.3584999999999923,61.42857142857143
6742,72.05089999999998,4.328399999999988,64.28571428571429
6743,42.31959999999998,7.328400000000002,55.714285714285715
6744,46.1558,5.954499999999996,58.57142857142858
6745,76.56630000000001,2.3400999999999925,65.71428571428571
6746,82.934,3.951699999999988,58.57142857142858
6747,73.1087,4.833200000000005,64.28571428571429
6748,42.122600000000006,4.866500000000002,55.714285714285715
6749,75.9784,3.3285999999999945,58.57142857142858
6750,54.58499999999998,3.0932999999999993,57.14285714285714
6751,68.67760000000004,3.110900000000001,62.857142857142854
6752,61.05770000000001,3.623899999999992,60.0
6753,60.454500000000024,2.0718000000000103,52.85714285714286
6754,45.87950000000001,5.960799999999992,51.42857142857142
6755,43.16589999999999,3.4975999999999914,51.42857142857142
6756,34.055499999999995,9.047000000000011,45.714285714285715
6757,58.17920000000001,3.03479999999999,61.42857142857143
6758,70.65039999999999,3.5549000000000035,61.42857142857143
6759,39.5694,7.947499999999991,51.42857142857142
6760,79.66040000000001,2.7971000000000004,58.57142857142858
6761,50.8365,3.761899999999997,62.857142857142854
6762,36.19709999999998,5.9773,48.57142857142857
6763,51.42939999999999,3.4329999999999927,55.714285714285715
6764,81.06200000000001,3.663199999999989,64.28571428571429
6765,81.91250000000002,2.965599999999995,61.42857142857143
6766,89.30989999999997,2.1286999999999807,67.14285714285714
6767,73.37759999999997,2.4657000000000266,61.42857142857143
6768,50.8862,4.269599999999997,52.85714285714286
6769,42.63580000000002,3.623199999999997,48.57142857142857
6770,76.93379999999999,1.973399999999998,65.71428571428571
6771,58.41270000000003,3.076000000000022,60.0
6772,62.903099999999995,2.7621000000000038,52.85714285714286
6773,56.37540000000001,4.187699999999992,57.14285714285714
6774,58.1747,5.002399999999994,57.14285714285714
6775,53.35509999999999,7.416499999999999,58.57142857142858
6776,36.79660000000001,5.270499999999998,48.57142857142857
6777,55.29069999999999,5.204399999999993,57.14285714285714
6778,58.89129999999997,3.7319999999999993,61.42857142857143
6779,62.25050000000002,3.4569999999999936,57.14285714285714
6780,60.9298,4.1551000000000045,48.57142857142857
6781,63.193100000000015,2.5378000000000043,58.57142857142858
6782,49.07510000000002,3.240700000000004,58.57142857142858
6783,31.6259,3.3610999999999933,48.57142857142857
6784,50.925599999999974,3.1598999999999933,57.14285714285714
6785,80.72599999999997,2.900099999999995,70.0
6786,84.5712,3.056699999999978,68.57142857142857
6787,74.4331,2.5564999999999998,68.57142857142857
6788,45.16,3.639399999999995,57.14285714285714
6789,36.210499999999996,3.6569000000000074,48.57142857142857
6790,52.46640000000002,3.3662999999999954,48.57142857142857
6791,65.07010000000002,3.884299999999996,52.85714285714286
6792,41.189599999999984,5.807900000000004,51.42857142857142
6793,64.7638,3.453499999999991,58.57142857142858
6794,64.20589999999999,3.6632000000000176,61.42857142857143
6795,48.825500000000034,2.7608000000000033,50.0
6796,32.565999999999974,5.224900000000005,51.42857142857142
6797,82.072,2.440700000000021,64.28571428571429
6798,52.9153,4.695499999999996,57.14285714285714
6799,56.7355,4.3459,60.0
6800,75.1515,2.5718999999999994,57.14285714285714
6801,58.343500000000006,4.545399999999972,60.0
6802,54.83979999999997,3.619499999999988,52.85714285714286
6803,50.164300000000026,3.2132000000000005,50.0
6804,65.239,3.248199999999997,50.0
6805,41.3433,3.3863000000000056,52.85714285714286
6806,67.51139999999998,3.471100000000007,62.857142857142854
6807,44.8844,4.059400000000011,51.42857142857142
6808,48.80539999999999,4.582300000000004,48.57142857142857
6809,59.26830000000001,4.575999999999993,52.85714285714286
6810,46.606100000000026,4.267200000000017,50.0
6811,88.0523,2.495400000000018,68.57142857142857
6812,54.116299999999995,4.009399999999999,61.42857142857143
6813,59.51939999999999,5.562899999999985,57.14285714285714
6814,56.67749999999998,2.9750000000000085,51.42857142857142
6815,31.200699999999983,4.149300000000011,47.14285714285714
6816,36.35249999999999,4.785899999999998,48.57142857142857
6817,78.47629999999998,4.163799999999981,67.14285714285714
6818,68.52800000000002,2.502299999999991,61.42857142857143
6819,43.90469999999999,5.971499999999992,51.42857142857142
6820,56.825800000000015,3.9062000000000126,55.714285714285715
6821,73.42980000000003,3.3207999999999913,57.14285714285714
6822,61.35249999999999,3.292199999999994,57.14285714285714
6823,67.6625,3.539999999999992,60.0
6824,67.19820000000001,4.919899999999984,57.14285714285714
6825,59.802599999999984,2.380100000000027,51.42857142857142
6826,63.16469999999998,5.1229999999999905,60.0
6827,55.22880000000001,4.133200000000016,54.285714285714285
6828,38.918600000000026,4.534400000000005,48.57142857142857
6829,75.7065,2.1495999999999924,60.0
6830,91.6619,3.685399999999987,67.14285714285714
6831,80.0147,3.8430000000000035,62.857142857142854
6832,55.7561,4.911699999999996,54.285714285714285
6833,81.63239999999996,2.9984000000000037,65.71428571428571
6834,56.12100000000001,4.814599999999999,54.285714285714285
6835,46.06369999999998,4.1603000000000065,54.285714285714285
6836,56.9864,2.842100000000002,57.14285714285714
6837,49.0051,5.323900000000009,52.85714285714286
6838,64.40529999999998,3.234099999999998,52.85714285714286
6839,52.398000000000025,5.201600000000013,51.42857142857142
6840,69.44650000000001,6.221000000000004,61.42857142857143
6841,76.37830000000002,4.328400000000016,60.0
6842,39.81630000000001,6.374200000000002,47.14285714285714
6843,50.84610000000001,5.401499999999999,51.42857142857142
6844,39.4486,7.691299999999998,48.57142857142857
6845,68.928,2.3401000000000067,62.857142857142854
6846,58.923100000000005,2.3401000000000067,58.57142857142858
6847,51.12899999999999,3.079499999999996,54.285714285714285
6848,71.5841,4.923500000000018,57.14285714285714
6849,52.100300000000004,3.3074000000000012,52.85714285714286
6850,69.142,3.1593000000000018,54.285714285714285
6851,49.6035,4.276700000000005,57.14285714285714
6852,56.84870000000001,5.101599999999991,54.285714285714285
6853,70.27930000000003,3.4484999999999957,57.14285714285714
6854,60.34989999999999,4.975800000000021,65.71428571428571
6855,64.49829999999997,3.980499999999992,54.285714285714285
6856,60.98840000000001,7.673400000000015,62.857142857142854
6857,73.34559999999999,4.078400000000016,61.42857142857143
6858,35.3614,7.899000000000001,50.0
6859,39.34270000000001,6.549300000000002,45.714285714285715
6860,73.22729999999999,2.8411999999999864,61.42857142857143
6861,37.22829999999999,4.627600000000001,48.57142857142857
6862,38.27970000000002,4.201599999999999,50.0
6863,53.45509999999999,4.022300000000001,55.714285714285715
6864,74.8921,4.0908000000000015,62.857142857142854
6865,73.63699999999997,3.2194000000000074,61.42857142857143
6866,39.844600000000014,3.3993999999999858,52.85714285714286
6867,50.86170000000001,2.3362999999999943,50.0
6868,34.54509999999999,4.572800000000001,44.285714285714285
6869,64.79360000000003,3.498199999999997,51.42857142857142
6870,51.95839999999998,5.113000000000014,51.42857142857142
6871,63.810599999999994,3.9239000000000033,61.42857142857143
6872,78.12709999999998,2.89700000000002,58.57142857142858
6873,64.8143,5.1474999999999795,58.57142857142858
6874,68.23559999999998,2.613200000000006,57.14285714285714
6875,60.44719999999998,4.079000000000008,60.0
6876,64.32580000000002,4.014100000000013,57.14285714285714
6877,62.57299999999998,2.3807000000000187,52.85714285714286
6878,53.12700000000001,2.3667000000000087,60.0
6879,58.492200000000025,4.9284999999999854,62.857142857142854
6880,45.211299999999994,4.075099999999992,52.85714285714286
6881,54.75550000000001,3.618499999999983,54.285714285714285
6882,24.35900000000001,3.8436000000000092,41.42857142857143
6883,72.02629999999999,3.6466999999999956,62.857142857142854
6884,86.3646,2.3401000000000067,75.71428571428571
6885,47.33160000000001,5.758199999999988,57.14285714285714
6886,46.031499999999994,4.564100000000025,51.42857142857142
6887,58.13730000000001,4.774400000000014,58.57142857142858
6888,66.91949999999997,3.8140999999999963,55.714285714285715
6889,78.9667,2.8521999999999963,61.42857142857143
6890,60.83679999999998,2.9253999999999962,54.285714285714285
6891,43.66659999999999,4.723899999999986,47.14285714285714
6892,48.1943,5.917000000000002,45.714285714285715
6893,52.80629999999999,3.9080000000000155,51.42857142857142
6894,55.12110000000001,4.116100000000003,50.0
6895,69.76299999999998,2.9805000000000064,61.42857142857143
6896,49.6481,9.175299999999993,51.42857142857142
6897,69.99970000000002,2.759600000000006,61.42857142857143
6898,87.02080000000001,4.313499999999976,65.71428571428571
6899,49.116600000000005,5.6924000000000206,47.14285714285714
6900,64.64949999999999,3.6182000000000016,64.28571428571429
6901,65.96769999999998,5.070700000000016,61.42857142857143
6902,77.93119999999999,4.083500000000015,60.0
6903,62.38310000000001,2.6584000000000003,60.0
6904,44.568100000000015,4.204000000000008,47.14285714285714
6905,50.32280000000003,6.954299999999989,47.14285714285714
6906,51.45580000000001,4.101299999999995,55.714285714285715
6907,74.42509999999999,2.4798000000000116,64.28571428571429
6908,49.44319999999999,8.033199999999994,48.57142857142857
6909,93.45939999999996,3.6683000000000163,67.14285714285714
6910,83.58330000000001,2.7386999999999944,64.28571428571429
6911,65.13999999999999,2.9676000000000045,57.14285714285714
6912,63.862599999999986,2.9313999999999965,58.57142857142858
6913,49.488200000000006,4.213300000000004,54.285714285714285
6914,66.8598,2.8404000000000025,58.57142857142858
6915,51.58939999999998,3.641300000000001,54.285714285714285
6916,71.34549999999996,1.9733999999999696,55.714285714285715
6917,45.59469999999999,5.641300000000001,50.0
6918,62.24209999999999,3.890500000000003,57.14285714285714
6919,67.52789999999999,3.4984000000000037,51.42857142857142
6920,97.01229999999998,2.2753999999999905,68.57142857142857
6921,46.0196,3.0992999999999995,55.714285714285715
6922,63.501900000000006,2.7764999999999986,57.14285714285714
6923,38.0797,4.540800000000004,47.14285714285714
6924,37.56370000000004,8.10129999999998,50.0
6925,58.05940000000001,4.0615999999999985,51.42857142857142
6926,61.801199999999994,3.9266000000000076,62.857142857142854
6927,78.18929999999997,5.480799999999988,64.28571428571429
6928,80.50300000000001,3.057000000000002,58.57142857142858
6929,46.6841,4.155699999999996,52.85714285714286
6930,55.14719999999997,5.009500000000003,58.57142857142858
6931,75.52870000000001,3.1562999999999874,62.857142857142854
6932,65.19709999999998,5.432999999999993,55.714285714285715
6933,58.55529999999999,2.696600000000018,61.42857142857143
6934,40.95260000000002,3.5544999999999902,50.0
6935,49.527300000000025,4.313500000000005,57.14285714285714
6936,61.17330000000001,4.298999999999978,58.57142857142858
6937,38.282100000000014,4.6644000000000005,45.714285714285715
6938,76.0051,2.395200000000017,64.28571428571429
6939,45.11330000000001,5.1661,51.42857142857142
6940,57.68129999999999,4.582300000000004,57.14285714285714
6941,59.44659999999999,4.451400000000007,58.57142857142858
6942,50.55509999999998,4.688299999999998,50.0
6943,69.61649999999997,2.732099999999974,62.857142857142854
6944,45.314599999999984,2.5960000000000036,57.14285714285714
6945,71.96269999999998,4.049299999999988,54.285714285714285
6946,54.3493,2.8156999999999925,52.85714285714286
6947,49.62729999999999,5.4399999999999835,57.14285714285714
6948,59.20619999999997,2.9839999999999947,52.85714285714286
6949,64.86019999999999,7.580900000000014,58.57142857142858
6950,73.03179999999998,4.269899999999993,61.42857142857143
6951,70.05220000000003,3.7426999999999992,61.42857142857143
6952,62.77570000000003,3.1077000000000083,60.0
6953,69.29850000000002,2.607600000000005,65.71428571428571
6954,45.08590000000001,4.724199999999996,51.42857142857142
6955,54.08670000000001,4.567599999999999,57.14285714285714
6956,83.97259999999997,3.605199999999968,68.57142857142857
6957,51.72819999999999,3.884299999999996,52.85714285714286
6958,79.08599999999996,3.032500000000013,65.71428571428571
6959,57.452999999999975,5.106799999999993,58.57142857142858
6960,50.9804,3.1691000000000145,51.42857142857142
6961,57.57159999999999,3.958299999999994,55.714285714285715
6962,52.741299999999995,3.821799999999996,58.57142857142858
6963,49.9238,5.364599999999996,47.14285714285714
6964,54.10489999999999,5.456000000000003,51.42857142857142
6965,66.51370000000003,5.26509999999999,55.714285714285715
6966,76.8588,3.4482,61.42857142857143
6967,60.24029999999999,5.423299999999998,61.42857142857143
6968,57.43330000000003,5.366299999999995,52.85714285714286
6969,27.31019999999998,5.963300000000018,42.857142857142854
6970,20.9503,7.665400000000005,45.714285714285715
6971,41.06030000000001,4.993300000000005,52.85714285714286
6972,62.418800000000005,5.184500000000014,58.57142857142858
6973,75.74809999999997,3.45389999999999,61.42857142857143
6974,59.537800000000004,3.7894000000000005,51.42857142857142
6975,63.38920000000002,2.0083000000000055,55.714285714285715
6976,62.22290000000001,4.994,57.14285714285714
6977,56.2561,4.318000000000012,54.285714285714285
6978,74.20589999999999,3.1424999999999983,58.57142857142858
6979,34.16820000000001,7.3740999999999985,44.285714285714285
6980,48.466200000000015,3.66579999999999,54.285714285714285
6981,36.2954,3.838600000000014,52.85714285714286
6982,40.412000000000006,4.905699999999996,45.714285714285715
6983,72.21159999999998,2.4184999999999945,58.57142857142858
6984,91.62459999999999,3.1599000000000075,71.42857142857143
6985,59.6259,4.918299999999988,61.42857142857143
6986,54.67610000000002,6.750999999999976,50.0
6987,44.889399999999995,3.2088000000000108,54.285714285714285
6988,64.31310000000002,2.6069999999999993,58.57142857142858
6989,44.1815,4.9148,52.85714285714286
6990,59.426800000000014,3.447900000000004,55.714285714285715
6991,29.666499999999985,7.167100000000005,51.42857142857142
6992,66.66219999999998,4.750699999999995,62.857142857142854
6993,61.15960000000001,5.076300000000003,57.14285714285714
6994,59.778999999999996,4.684399999999997,54.285714285714285
6995,40.62670000000003,5.250799999999998,45.714285714285715
6996,69.64120000000003,3.3393999999999835,55.714285714285715
6997,42.49520000000001,3.1833000000000027,52.85714285714286
6998,48.3913,5.509199999999993,54.285714285714285
6999,58.9932,3.6236999999999995,60.0
7000,31.63930000000002,7.473900000000015,42.857142857142854
7001,53.828100000000006,3.301200000000023,55.714285714285715
7002,52.00479999999999,2.7879000000000076,52.85714285714286
7003,60.69400000000002,2.8669999999999902,57.14285714285714
7004,58.52539999999999,3.712299999999999,58.57142857142858
7005,75.12279999999998,3.5968000000000018,62.857142857142854
7006,72.74359999999999,3.421900000000022,62.857142857142854
7007,67.97560000000001,7.300600000000003,60.0
7008,57.71449999999999,4.341200000000001,58.57142857142858
7009,52.15559999999999,3.785899999999998,57.14285714285714
7010,66.31890000000001,6.1285000000000025,60.0
7011,77.93150000000003,5.246999999999986,60.0
7012,75.02839999999998,3.477800000000002,61.42857142857143
7013,45.33410000000001,4.253099999999989,54.285714285714285
7014,70.4821,3.5519999999999925,57.14285714285714
7015,66.69480000000001,4.416000000000011,54.285714285714285
7016,78.4299,3.261099999999999,57.14285714285714
7017,60.566400000000016,3.1503000000000156,57.14285714285714
7018,46.01659999999998,4.957700000000003,48.57142857142857
7019,66.20939999999999,2.6069999999999993,58.57142857142858
7020,65.238,6.555699999999973,64.28571428571429
7021,60.949700000000036,6.680599999999984,55.714285714285715
7022,49.13249999999999,3.940199999999976,50.0
7023,68.3963,6.030899999999974,62.857142857142854
7024,48.297199999999975,6.19580000000002,55.714285714285715
7025,54.25550000000001,2.546599999999998,58.57142857142858
7026,67.7456,2.545900000000003,55.714285714285715
7027,71.11610000000002,3.018799999999999,62.857142857142854
7028,35.05339999999998,4.2287000000000035,48.57142857142857
7029,65.62950000000001,3.854299999999995,58.57142857142858
7030,63.26739999999998,2.5609999999999786,54.285714285714285
7031,61.033800000000014,4.744500000000002,48.57142857142857
7032,83.28599999999997,2.997399999999999,61.42857142857143
7033,92.1558,3.477800000000002,67.14285714285714
7034,53.726500000000016,4.825000000000003,62.857142857142854
7035,62.09299999999996,4.5922999999999945,60.0
7036,66.57309999999998,2.607599999999991,60.0
7037,59.77020000000002,4.305900000000008,55.714285714285715
7038,33.888000000000005,4.417299999999983,50.0
7039,50.578,3.9373999999999967,55.714285714285715
7040,53.4821,2.8995000000000033,57.14285714285714
7041,49.386300000000006,3.383400000000009,51.42857142857142
7042,54.46290000000002,4.95920000000001,57.14285714285714
7043,70.55009999999999,4.215599999999995,61.42857142857143
7044,62.719600000000014,3.890299999999968,60.0
7045,48.0685,7.3788000000000125,52.85714285714286
7046,66.916,5.066299999999998,55.714285714285715
7047,88.66249999999997,2.502299999999991,65.71428571428571
7048,49.89150000000001,3.088700000000003,57.14285714285714
7049,42.69069999999999,3.7501000000000033,50.0
7050,56.760699999999986,3.1694999999999993,52.85714285714286
7051,56.12979999999999,4.827500000000001,58.57142857142858
7052,69.53369999999995,2.9031999999999982,65.71428571428571
7053,28.96539999999999,5.321899999999999,47.14285714285714
7054,60.43439999999998,4.582299999999989,60.0
7055,82.44480000000001,3.551599999999979,64.28571428571429
7056,79.7801,3.9805000000000064,64.28571428571429
7057,69.6936,2.5153999999999996,60.0
7058,66.10540000000003,3.8468000000000018,60.0
7059,47.931700000000006,3.2811999999999983,57.14285714285714
7060,41.75229999999999,5.6007999999999925,48.57142857142857
7061,45.69969999999998,8.170900000000003,54.285714285714285
7062,62.27099999999999,4.078399999999988,55.714285714285715
7063,47.76990000000001,3.248199999999997,54.285714285714285
7064,50.08619999999999,5.974399999999989,50.0
7065,84.47979999999995,4.078999999999979,64.28571428571429
7066,43.97660000000002,5.4898000000000025,47.14285714285714
7067,65.70179999999999,3.3859999999999957,60.0
7068,36.41380000000001,7.987099999999998,50.0
7069,76.36689999999999,4.933599999999984,60.0
7070,52.286400000000015,4.606400000000008,57.14285714285714
7071,38.7107,6.152300000000011,45.714285714285715
7072,38.04679999999999,8.187200000000004,51.42857142857142
7073,57.07279999999997,14.582300000000004,48.57142857142857
7074,73.74350000000001,3.672399999999982,55.714285714285715
7075,47.8648,5.5839,54.285714285714285
7076,45.7979,4.291399999999982,55.714285714285715
7077,70.79419999999999,3.8474999999999966,65.71428571428571
7078,43.070700000000016,9.682099999999991,48.57142857142857
7079,48.37429999999998,6.035700000000006,54.285714285714285
7080,64.56639999999999,2.944500000000005,58.57142857142858
7081,67.04769999999996,6.088000000000022,60.0
7082,47.89620000000002,4.655599999999993,52.85714285714286
7083,63.71730000000002,3.119700000000009,57.14285714285714
7084,25.686800000000005,5.636300000000006,50.0
7085,65.4565,5.018000000000029,64.28571428571429
7086,60.7098,2.4656999999999982,58.57142857142858
7087,45.59989999999999,7.767600000000002,50.0
7088,43.26150000000001,7.1773000000000025,54.285714285714285
7089,55.31049999999999,3.226399999999998,51.42857142857142
7090,54.313800000000015,5.205399999999997,55.714285714285715
7091,63.41129999999998,4.078400000000002,58.57142857142858
7092,47.67100000000002,5.26509999999999,50.0
7093,36.2011,4.4649,51.42857142857142
7094,48.0951,4.61699999999999,57.14285714285714
7095,69.4178,3.1884000000000015,55.714285714285715
7096,54.98599999999999,4.130599999999987,51.42857142857142
7097,74.48919999999998,4.887199999999979,54.285714285714285
7098,55.809500000000014,6.931999999999988,55.714285714285715
7099,60.1874,3.5438000000000045,58.57142857142858
7100,78.43789999999998,2.6487999999999943,65.71428571428571
7101,97.50470000000001,2.3400999999999925,68.57142857142857
7102,67.23000000000002,2.3401000000000067,60.0
7103,55.14190000000002,4.702099999999973,54.285714285714285
7104,57.23309999999998,3.5183000000000106,48.57142857142857
7105,62.56529999999998,2.4129000000000076,47.14285714285714
7106,66.14609999999999,2.6175999999999817,52.85714285714286
7107,42.87010000000001,4.667900000000003,57.14285714285714
7108,58.768399999999986,2.4656999999999982,54.285714285714285
7109,55.45090000000002,5.81959999999998,50.0
7110,93.28739999999999,2.344600000000014,71.42857142857143
7111,97.01199999999997,2.8512000000000057,74.28571428571429
7112,49.268100000000004,3.1599000000000075,48.57142857142857
7113,44.3699,4.201599999999985,48.57142857142857
7114,43.49379999999999,8.145700000000005,50.0
7115,67.3974,2.327200000000005,55.714285714285715
7116,55.27600000000001,5.704899999999995,50.0
7117,54.339999999999975,3.4214000000000055,52.85714285714286
7118,54.81,5.099199999999982,54.285714285714285
7119,44.086900000000014,5.4691999999999865,50.0
7120,86.58429999999998,2.8950000000000102,72.85714285714285
7121,47.48340000000002,4.574299999999994,55.714285714285715
7122,46.89300000000003,6.5172000000000025,51.42857142857142
7123,76.2113,3.716399999999993,61.42857142857143
7124,69.1378,4.695599999999999,54.285714285714285
7125,57.911699999999996,4.270999999999987,57.14285714285714
7126,73.36080000000004,2.5596999999999923,62.857142857142854
7127,60.903700000000015,2.569599999999994,58.57142857142858
7128,59.8553,5.840699999999998,52.85714285714286
7129,37.79320000000001,9.164199999999994,47.14285714285714
7130,58.327999999999975,3.1593000000000018,62.857142857142854
7131,43.657100000000014,4.138999999999996,54.285714285714285
7132,61.51739999999998,4.79549999999999,58.57142857142858
7133,62.665899999999965,3.324499999999972,54.285714285714285
7134,47.38329999999999,4.523399999999995,58.57142857142858
7135,30.427999999999997,4.621799999999993,51.42857142857142
7136,52.344600000000014,6.723100000000002,52.85714285714286
7137,41.91,3.7734000000000094,44.285714285714285
7138,36.88120000000001,3.626100000000008,51.42857142857142
7139,46.73580000000001,4.322100000000006,51.42857142857142
7140,52.164300000000026,4.645600000000002,55.714285714285715
7141,59.40459999999999,4.5689000000000135,61.42857142857143
7142,59.054,5.734399999999994,51.42857142857142
7143,88.55059999999997,2.120100000000008,65.71428571428571
7144,68.9273,3.338300000000004,58.57142857142858
7145,55.11750000000001,5.6684999999999945,50.0
7146,58.175400000000025,4.215599999999995,60.0
7147,61.90389999999999,4.660600000000002,58.57142857142858
7148,72.03739999999999,3.1303999999999945,60.0
7149,54.82830000000001,4.184999999999974,55.714285714285715
7150,56.7679,2.483699999999999,54.285714285714285
7151,51.66320000000002,4.0154,52.85714285714286
7152,62.5968,2.8055999999999983,54.285714285714285
7153,25.87790000000001,4.75869999999999,45.714285714285715
7154,51.5086,3.9365000000000236,54.285714285714285
7155,56.46540000000002,4.215599999999995,62.857142857142854
7156,69.80110000000002,5.4512,58.57142857142858
7157,73.49939999999998,3.7434000000000083,58.57142857142858
7158,65.29570000000001,8.057699999999997,55.714285714285715
7159,60.28220000000002,7.7601999999999975,55.714285714285715
7160,62.93130000000002,4.178100000000001,57.14285714285714
7161,60.72799999999998,3.2087999999999965,54.285714285714285
7162,50.615200000000016,3.488100000000003,51.42857142857142
7163,52.08160000000001,3.832099999999997,50.0
7164,38.23350000000002,4.026299999999992,47.14285714285714
7165,49.3254,4.996999999999986,50.0
7166,56.19560000000001,4.156199999999984,52.85714285714286
7167,73.4108,3.2309999999999945,52.85714285714286
7168,70.12040000000002,2.7637,61.42857142857143
7169,52.4906,3.009999999999991,52.85714285714286
7170,59.415099999999995,2.927800000000005,58.57142857142858
7171,38.6045,6.892499999999984,48.57142857142857
7172,21.724100000000007,9.99629999999999,41.42857142857143
7173,33.995599999999996,6.250399999999999,42.857142857142854
7174,47.65549999999999,5.3078000000000145,52.85714285714286
7175,55.824299999999994,6.835900000000009,65.71428571428571
7176,49.69229999999999,3.913199999999989,51.42857142857142
7177,45.7201,3.221900000000005,47.14285714285714
7178,49.822100000000006,4.7363,55.714285714285715
7179,49.90129999999999,6.071399999999997,57.14285714285714
7180,58.17640000000003,3.0367999999999995,50.0
7181,57.202,5.729099999999988,58.57142857142858
7182,66.73340000000002,2.93059999999997,58.57142857142858
7183,64.80340000000001,5.841399999999993,54.285714285714285
7184,61.913700000000006,3.5471999999999895,54.285714285714285
7185,72.71979999999996,4.6562000000000126,62.857142857142854
7186,87.30779999999999,2.2608000000000033,67.14285714285714
7187,55.33840000000001,3.0978999999999957,62.857142857142854
7188,65.7481,3.1363000000000056,57.14285714285714
7189,85.26639999999998,3.150299999999987,64.28571428571429
7190,53.56540000000001,4.624899999999997,48.57142857142857
7191,79.19559999999996,3.8300999999999874,62.857142857142854
7192,56.653999999999996,7.365899999999996,58.57142857142858
7193,38.98580000000001,3.3932999999999964,47.14285714285714
7194,61.570899999999995,3.8024000000000058,58.57142857142858
7195,64.00829999999996,5.044399999999996,60.0
7196,55.38149999999999,3.681999999999988,50.0
7197,53.3364,3.515900000000002,54.285714285714285
7198,51.650199999999984,4.974100000000007,55.714285714285715
7199,62.34299999999999,4.608800000000002,64.28571428571429
7200,74.61619999999999,4.3127999999999815,55.714285714285715
7201,31.2568,5.497100000000003,48.57142857142857
7202,19.808399999999992,8.7838,41.42857142857143
7203,62.974500000000006,3.097200000000015,57.14285714285714
7204,38.702,7.123800000000003,45.714285714285715
7205,54.144499999999994,4.2620000000000005,52.85714285714286
7206,41.4504,6.395299999999992,42.857142857142854
7207,33.8417,4.348300000000009,51.42857142857142
7208,70.00849999999997,2.983400000000003,58.57142857142858
7209,51.91650000000001,3.7918999999999983,55.714285714285715
7210,65.47220000000004,4.489200000000011,62.857142857142854
7211,71.5204,4.658800000000014,61.42857142857143
7212,41.38329999999999,5.380899999999997,50.0
7213,51.18260000000001,11.70059999999998,51.42857142857142
7214,33.77280000000002,3.4664999999999964,50.0
7215,33.02980000000002,5.078800000000001,54.285714285714285
7216,39.314599999999984,6.829699999999988,51.42857142857142
7217,56.358900000000006,3.463399999999993,57.14285714285714
7218,94.76139999999998,2.9177999999999997,65.71428571428571
7219,40.346300000000014,5.732500000000002,45.714285714285715
7220,44.21350000000001,2.9942000000000064,51.42857142857142
7221,51.665700000000015,6.306599999999989,57.14285714285714
7222,85.99990000000003,2.4044000000000096,64.28571428571429
7223,46.346300000000014,5.87439999999998,47.14285714285714
7224,57.288399999999996,3.6753999999999962,57.14285714285714
7225,46.341500000000025,2.7321000000000026,52.85714285714286
7226,70.4179,6.094200000000001,60.0
7227,42.085500000000025,7.749799999999993,52.85714285714286
7228,47.81019999999998,6.356899999999996,50.0
7229,50.831500000000005,4.957799999999992,45.714285714285715
7230,67.00560000000002,3.951699999999988,60.0
7231,75.01819999999998,4.486199999999997,65.71428571428571
7232,64.98429999999999,2.6587999999999994,50.0
7233,61.86430000000004,6.002499999999969,52.85714285714286
7234,30.2526,4.898200000000003,47.14285714285714
7235,60.17009999999999,2.749600000000001,61.42857142857143
7236,53.99400000000003,3.4062000000000126,60.0
7237,39.540700000000015,6.096099999999993,47.14285714285714
7238,49.181100000000015,7.3857,57.14285714285714
7239,51.55160000000001,2.8419999999999845,57.14285714285714
7240,33.4367,4.849799999999988,45.714285714285715
7241,58.209299999999985,4.590500000000006,52.85714285714286
7242,106.1841,2.105499999999978,72.85714285714285
7243,54.66489999999999,4.138500000000008,54.285714285714285
7244,57.10650000000001,6.2336999999999705,60.0
7245,66.76969999999994,2.8180000000000405,60.0
7246,24.116899999999987,12.24900000000001,41.42857142857143
7247,74.34119999999999,4.236699999999999,65.71428571428571
7248,80.67830000000004,3.441100000000006,67.14285714285714
7249,68.31009999999998,5.088799999999992,61.42857142857143
7250,33.3143,6.329800000000006,51.42857142857142
7251,33.153400000000005,6.410800000000009,50.0
7252,78.28960000000001,5.038400000000024,60.0
7253,74.87189999999998,3.5341999999999985,61.42857142857143
7254,73.69650000000001,3.886799999999994,64.28571428571429
7255,19.68809999999999,8.030600000000007,48.57142857142857
7256,66.86149999999998,3.9617000000000075,55.714285714285715
7257,40.8083,3.8184000000000253,51.42857142857142
7258,65.10910000000001,3.5700000000000074,55.714285714285715
7259,55.12319999999997,3.109499999999997,60.0
7260,77.16460000000001,4.313499999999991,64.28571428571429
7261,60.1379,3.7012,51.42857142857142
7262,59.594600000000014,3.869799999999998,57.14285714285714
7263,38.838300000000004,6.643299999999996,48.57142857142857
7264,53.21849999999998,5.126599999999996,54.285714285714285
7265,29.5942,4.670000000000002,45.714285714285715
7266,59.81570000000002,1.860900000000015,51.42857142857142
7267,42.349800000000016,4.229099999999988,52.85714285714286
7268,75.98349999999999,3.1118999999999915,62.857142857142854
7269,62.90130000000002,5.459000000000003,57.14285714285714
7270,73.2364,4.960100000000011,61.42857142857143
7271,65.5445,3.807600000000008,55.714285714285715
7272,61.64420000000001,3.6454999999999984,60.0
7273,29.85050000000001,5.835300000000004,48.57142857142857
7274,59.752700000000004,3.914600000000007,52.85714285714286
7275,64.6548,2.6776999999999873,58.57142857142858
7276,40.059799999999996,5.977999999999994,52.85714285714286
7277,92.25029999999998,3.3943999999999903,62.857142857142854
7278,69.09469999999999,3.6658000000000186,58.57142857142858
7279,46.9914,7.33359999999999,47.14285714285714
7280,82.28470000000002,1.7382999999999953,62.857142857142854
7281,44.0693,6.0304,48.57142857142857
7282,36.60299999999998,4.328400000000016,54.285714285714285
7283,65.91130000000004,3.8877000000000095,58.57142857142858
7284,62.954999999999984,4.729399999999998,61.42857142857143
7285,42.0608,3.166499999999985,51.42857142857142
7286,47.560900000000004,4.511799999999994,58.57142857142858
7287,43.774400000000014,3.3215000000000003,48.57142857142857
7288,70.22750000000002,4.05980000000001,60.0
7289,70.60319999999999,3.759600000000006,60.0
7290,49.96950000000001,5.867999999999995,48.57142857142857
7291,75.08599999999996,2.7660999999999945,60.0
7292,75.20050000000003,3.078099999999978,57.14285714285714
7293,31.6404,5.243499999999983,48.57142857142857
7294,70.8622,4.705500000000001,60.0
7295,72.22320000000002,4.2479000000000156,60.0
7296,67.45519999999999,2.355499999999992,60.0
7297,62.327800000000025,3.8185000000000002,62.857142857142854
7298,76.02460000000002,2.3400999999999783,68.57142857142857
7299,61.07420000000002,3.784700000000001,58.57142857142858
7300,70.09800000000001,3.946799999999996,62.857142857142854
7301,44.333500000000015,7.202399999999997,52.85714285714286
7302,65.58890000000002,3.7782000000000124,61.42857142857143
7303,66.56979999999999,4.128299999999996,60.0
7304,39.38980000000001,2.0708000000000055,51.42857142857142
7305,72.96940000000001,3.1382999999999868,52.85714285714286
7306,67.96190000000001,2.9984000000000037,60.0
7307,50.52350000000001,8.933899999999994,54.285714285714285
7308,73.66219999999998,3.0649999999999977,57.14285714285714
7309,47.2158,4.705900000000014,55.714285714285715
7310,44.295199999999994,6.606799999999993,47.14285714285714
7311,68.6309,4.68610000000001,60.0
7312,69.6919,3.0681999999999903,57.14285714285714
7313,67.60140000000001,3.341700000000003,65.71428571428571
7314,57.10839999999999,3.4184999999999945,50.0
7315,69.33759999999998,4.724199999999996,57.14285714285714
7316,46.94620000000003,5.219000000000008,50.0
7317,76.91669999999999,3.3970000000000056,57.14285714285714
7318,59.477600000000024,5.13000000000001,57.14285714285714
7319,50.191599999999994,4.419600000000003,54.285714285714285
7320,60.20949999999999,2.544700000000006,65.71428571428571
7321,72.4656,3.141699999999986,61.42857142857143
7322,64.06189999999998,2.6728000000000094,64.28571428571429
7323,44.10900000000001,4.8977999999999895,50.0
7324,57.76389999999998,6.974500000000006,54.285714285714285
7325,53.184000000000026,2.6610000000000014,48.57142857142857
7326,73.04579999999999,4.143299999999996,62.857142857142854
7327,57.43180000000001,8.503,55.714285714285715
7328,47.75540000000001,8.312700000000007,55.714285714285715
7329,74.72819999999996,3.1208000000000027,57.14285714285714
7330,47.3554,3.7853999999999814,55.714285714285715
7331,66.33779999999999,4.727599999999995,57.14285714285714
7332,45.871200000000016,5.114599999999996,50.0
7333,49.25050000000002,6.725699999999989,45.714285714285715
7334,46.0275,4.919199999999989,52.85714285714286
7335,82.48089999999996,3.2661999999999978,60.0
7336,46.49029999999999,3.7378999999999962,55.714285714285715
7337,50.27629999999999,5.179899999999989,45.714285714285715
7338,27.629800000000003,4.976399999999998,44.285714285714285
7339,68.25259999999997,4.697000000000003,54.285714285714285
7340,52.766200000000026,3.4029999999999916,51.42857142857142
7341,39.77190000000002,5.9161,50.0
7342,31.901700000000034,8.724099999999964,41.42857142857143
7343,64.85810000000001,4.5689000000000135,61.42857142857143
7344,47.4058,5.902800000000013,51.42857142857142
7345,25.242099999999994,6.422399999999996,45.714285714285715
7346,69.17339999999999,4.25569999999999,64.28571428571429
7347,32.9667,6.050999999999988,51.42857142857142
7348,55.740099999999984,3.565100000000001,60.0
7349,70.4495,2.5918000000000063,57.14285714285714
7350,69.44219999999999,4.365899999999982,54.285714285714285
7351,73.79490000000004,3.150100000000009,64.28571428571429
7352,45.979299999999995,4.8688999999999965,47.14285714285714
7353,30.56190000000001,4.991500000000002,45.714285714285715
7354,64.0625,2.584699999999998,64.28571428571429
7355,70.9545,3.8411999999999864,64.28571428571429
7356,44.4555,6.134299999999996,51.42857142857142
7357,67.24090000000001,4.313500000000005,58.57142857142858
7358,68.30779999999999,4.094299999999976,64.28571428571429
7359,38.50180000000003,5.224100000000007,48.57142857142857
7360,58.51339999999999,2.8178999999999803,57.14285714285714
7361,70.82909999999998,4.238900000000001,60.0
7362,54.91569999999996,6.968500000000006,54.285714285714285
7363,45.4204,4.7132000000000005,48.57142857142857
7364,83.9914,2.6803999999999633,67.14285714285714
7365,50.99549999999999,3.565100000000001,52.85714285714286
7366,64.51249999999999,6.343099999999964,60.0
7367,10.735100000000003,7.4569000000000045,37.142857142857146
7368,68.4878,3.988100000000003,60.0
7369,53.78659999999999,4.5615999999999985,54.285714285714285
7370,45.17299999999997,4.430800000000005,52.85714285714286
7371,36.5838,5.605000000000004,45.714285714285715
7372,66.83179999999999,7.1015000000000015,58.57142857142858
7373,62.1079,3.303200000000004,54.285714285714285
7374,60.619399999999985,3.1599000000000217,61.42857142857143
7375,44.8227,4.6802000000000135,45.714285714285715
7376,60.14999999999998,3.2608999999999924,61.42857142857143
7377,47.60330000000002,6.272399999999976,51.42857142857142
7378,43.968999999999994,4.582300000000004,55.714285714285715
7379,60.5368,4.985200000000006,58.57142857142858
7380,70.8356,2.7971000000000004,60.0
7381,37.28550000000001,6.858200000000011,51.42857142857142
7382,31.152900000000017,5.553100000000001,47.14285714285714
7383,90.99959999999999,3.370100000000008,64.28571428571429
7384,72.72970000000001,3.498199999999997,60.0
7385,47.83789999999999,6.606099999999998,55.714285714285715
7386,69.63740000000001,4.121799999999993,57.14285714285714
7387,59.73289999999997,2.8521999999999963,60.0
7388,65.9855,1.738900000000001,55.714285714285715
7389,41.31700000000001,5.816699999999997,51.42857142857142
7390,41.414800000000014,7.250099999999989,45.714285714285715
7391,54.732,4.152500000000003,47.14285714285714
7392,73.75610000000003,3.539999999999992,71.42857142857143
7393,54.160799999999995,4.335000000000008,54.285714285714285
7394,52.87130000000002,2.908299999999997,50.0
7395,61.031800000000004,2.8429,52.85714285714286
7396,43.93299999999999,9.496700000000004,50.0
7397,59.53680000000003,1.9734000000000265,57.14285714285714
7398,61.287300000000016,3.9827000000000226,58.57142857142858
7399,82.6773,3.554400000000001,64.28571428571429
7400,50.030699999999996,7.550399999999996,51.42857142857142
7401,29.562299999999993,5.249499999999998,45.714285714285715
7402,60.64580000000001,5.6244000000000085,58.57142857142858
7403,60.4854,5.756600000000006,48.57142857142857
7404,73.2887,4.582300000000004,65.71428571428571
7405,56.9127,5.0441,55.714285714285715
7406,37.144300000000015,3.5749999999999886,48.57142857142857
7407,46.641099999999994,7.430700000000002,51.42857142857142
7408,55.3595,4.975399999999979,60.0
7409,46.9075,3.1503000000000014,55.714285714285715
7410,47.14330000000001,4.9728000000000065,55.714285714285715
7411,48.1293,6.9986999999999995,54.285714285714285
7412,52.70010000000002,4.971499999999992,55.714285714285715
7413,56.1833,4.215599999999995,55.714285714285715
7414,85.02169999999995,2.566299999999984,64.28571428571429
7415,42.1644,5.652300000000011,52.85714285714286
7416,58.26089999999999,3.958500000000001,60.0
7417,14.576000000000008,8.910699999999991,40.0
7418,35.34960000000001,11.55080000000001,51.42857142857142
7419,51.66399999999999,4.218699999999998,48.57142857142857
7420,76.26660000000004,5.4114,58.57142857142858
7421,24.780699999999996,6.519099999999995,48.57142857142857
7422,72.49970000000002,5.3285999999999945,61.42857142857143
7423,94.517,3.633100000000013,70.0
7424,40.462999999999994,5.372600000000006,51.42857142857142
7425,56.771799999999985,4.638000000000005,55.714285714285715
7426,70.81429999999995,5.963700000000017,58.57142857142858
7427,19.11200000000001,9.997899999999987,37.142857142857146
7428,78.94479999999999,4.128299999999996,65.71428571428571
7429,49.55539999999999,9.3827,55.714285714285715
7430,63.655699999999996,4.717799999999997,52.85714285714286
7431,35.2328,5.9391000000000105,44.285714285714285
7432,66.99489999999997,3.569999999999993,58.57142857142858
7433,52.20400000000001,6.3178999999999945,54.285714285714285
7434,59.00570000000002,8.568399999999997,55.714285714285715
7435,64.28120000000001,5.5826000000000136,60.0
7436,38.3879,3.1514000000000095,45.714285714285715
7437,77.97489999999999,2.242199999999997,68.57142857142857
7438,68.14269999999999,2.8299999999999983,58.57142857142858
7439,57.643699999999995,5.284700000000015,47.14285714285714
7440,53.4667,2.42049999999999,57.14285714285714
7441,67.92129999999997,1.9887999999999977,58.57142857142858
7442,59.516699999999986,3.322099999999992,60.0
7443,72.5892,4.142700000000005,62.857142857142854
7444,64.14470000000006,2.8814999999999884,58.57142857142858
7445,63.64429999999999,3.2306999999999846,65.71428571428571
7446,44.1739,8.952799999999996,48.57142857142857
7447,26.092299999999994,5.84920000000001,45.714285714285715
7448,69.26529999999997,2.3401000000000067,65.71428571428571
7449,61.9538,2.6776999999999873,58.57142857142858
7450,40.43040000000002,11.249499999999998,47.14285714285714
7451,52.56220000000002,4.439099999999996,57.14285714285714
7452,31.983299999999986,6.687100000000001,45.714285714285715
7453,64.48740000000001,3.3138000000000147,57.14285714285714
7454,29.097700000000003,5.260999999999996,48.57142857142857
7455,75.78380000000001,3.6381000000000085,57.14285714285714
7456,55.246099999999984,8.425300000000021,57.14285714285714
7457,46.63870000000003,6.026499999999999,51.42857142857142
7458,65.39909999999998,4.325099999999992,57.14285714285714
7459,70.23579999999998,2.9431999999999903,55.714285714285715
7460,58.854600000000005,5.450199999999995,52.85714285714286
7461,37.90470000000002,4.8476,48.57142857142857
7462,66.7439,2.333200000000005,57.14285714285714
7463,37.293199999999985,6.816699999999997,45.714285714285715
7464,65.40449999999998,1.8030999999999864,60.0
7465,46.8159,3.8526999999999987,50.0
7466,41.3751,4.11290000000001,51.42857142857142
7467,50.519800000000004,3.7610999999999706,54.285714285714285
7468,47.72839999999999,4.215600000000009,51.42857142857142
7469,43.751900000000006,4.883199999999988,52.85714285714286
7470,68.0353,2.5321,54.285714285714285
7471,72.46810000000002,4.313500000000005,67.14285714285714
7472,49.87559999999999,3.476600000000019,54.285714285714285
7473,54.460999999999984,5.017899999999997,50.0
7474,32.59519999999998,6.392299999999992,51.42857142857142
7475,63.61240000000001,3.235299999999995,61.42857142857143
7476,67.08010000000002,2.8763999999999896,60.0
7477,68.2971,4.092500000000001,58.57142857142858
7478,38.32820000000004,4.355500000000006,48.57142857142857
7479,69.69989999999999,2.4927000000000135,58.57142857142858
7480,77.57479999999998,2.475200000000001,61.42857142857143
7481,60.18459999999999,2.6463999999999857,57.14285714285714
7482,38.821199999999976,2.7291000000000025,47.14285714285714
7483,53.096299999999985,4.894099999999995,48.57142857142857
7484,55.86869999999999,3.567999999999998,57.14285714285714
7485,53.625,6.444400000000002,58.57142857142858
7486,76.02279999999996,5.859199999999987,61.42857142857143
7487,60.93180000000001,3.281199999999984,61.42857142857143
7488,61.9897,4.2497000000000185,58.57142857142858
7489,45.4597,3.542500000000018,50.0
7490,88.06529999999998,2.242199999999997,64.28571428571429
7491,62.261900000000026,3.6928000000000054,60.0
7492,47.54929999999999,5.9902000000000015,54.285714285714285
7493,29.141400000000004,6.668300000000002,44.285714285714285
7494,57.66559999999998,3.248199999999997,60.0
7495,63.65519999999998,3.3011999999999944,61.42857142857143
7496,66.71939999999995,5.235100000000045,57.14285714285714
7497,46.29850000000002,3.340900000000005,55.714285714285715
7498,70.32680000000002,3.6019000000000005,54.285714285714285
7499,42.5582,5.196200000000005,52.85714285714286
7500,50.63730000000001,4.589499999999987,48.57142857142857
7501,94.3123,2.242199999999997,65.71428571428571
7502,68.84289999999999,3.343500000000006,61.42857142857143
7503,76.02749999999997,3.8316000000000088,64.28571428571429
7504,67.06620000000004,2.5286000000000115,58.57142857142858
7505,86.582,4.106099999999969,68.57142857142857
7506,59.0009,2.566400000000016,55.714285714285715
7507,52.8434,8.411299999999983,55.714285714285715
7508,35.456800000000015,5.2180000000000035,44.285714285714285
7509,71.6139,5.1991999999999905,62.857142857142854
7510,60.0,4.566699999999969,55.714285714285715
7511,87.91249999999997,2.8023000000000025,67.14285714285714
7512,80.75129999999996,5.041600000000017,64.28571428571429
7513,59.3261,5.672199999999975,52.85714285714286
7514,52.82839999999999,4.165199999999999,52.85714285714286
7515,51.91110000000003,3.0768000000000058,57.14285714285714
7516,51.93180000000001,3.4772000000000105,57.14285714285714
7517,54.50740000000002,2.5395999999999788,50.0
7518,49.4982,4.483699999999999,48.57142857142857
7519,61.2833,3.2258999999999958,54.285714285714285
7520,60.79930000000002,3.4772000000000105,55.714285714285715
7521,47.378600000000006,3.2368000000000023,52.85714285714286
7522,56.4366,2.8192999999999984,55.714285714285715
7523,71.62980000000002,4.633600000000001,52.85714285714286
7524,60.5959,5.97059999999999,55.714285714285715
7525,61.3647,6.600599999999986,60.0
7526,46.917,4.181200000000004,50.0
7527,52.87559999999999,2.497799999999998,54.285714285714285
7528,59.15799999999999,3.5644000000000062,52.85714285714286
7529,60.006200000000035,3.1592999999999734,55.714285714285715
7530,43.34220000000002,4.680199999999999,55.714285714285715
7531,52.56960000000001,5.52770000000001,51.42857142857142
7532,79.3109,3.874500000000012,64.28571428571429
7533,79.7921,3.7652999999999963,65.71428571428571
7534,64.7842,3.4266000000000076,54.285714285714285
7535,73.11160000000001,6.849199999999996,61.42857142857143
7536,58.9058,5.2686999999999955,60.0
7537,53.58700000000002,2.8108999999999895,58.57142857142858
7538,41.940799999999996,4.197999999999993,54.285714285714285
7539,76.32099999999997,3.039800000000014,61.42857142857143
7540,56.06490000000002,3.4963000000000193,57.14285714285714
7541,71.28420000000003,3.301899999999989,58.57142857142858
7542,78.79410000000001,2.3400999999999783,62.857142857142854
7543,63.713900000000024,3.0826999999999884,57.14285714285714
7544,56.7509,3.8059000000000083,52.85714285714286
7545,61.30000000000001,2.523699999999991,58.57142857142858
7546,46.986699999999985,4.193700000000007,48.57142857142857
7547,53.08930000000001,4.230900000000005,51.42857142857142
7548,54.58830000000003,7.427500000000009,50.0
7549,18.736599999999996,7.1417,41.42857142857143
7550,43.02350000000001,5.125200000000007,48.57142857142857
7551,51.79570000000001,5.421600000000012,52.85714285714286
7552,39.60480000000001,4.293000000000006,50.0
7553,26.063000000000017,4.9101,42.857142857142854
7554,52.16289999999998,5.526800000000009,54.285714285714285
7555,63.504099999999994,5.609899999999982,54.285714285714285
7556,52.54220000000001,5.469600000000014,57.14285714285714
7557,36.68899999999999,7.426900000000003,50.0
7558,88.25709999999998,2.242199999999997,62.857142857142854
7559,47.94449999999998,3.7919000000000125,54.285714285714285
7560,46.67920000000001,6.349700000000013,54.285714285714285
7561,42.8922,5.282499999999999,50.0
7562,39.22979999999998,4.582300000000004,54.285714285714285
7563,41.948699999999974,5.598099999999988,47.14285714285714
7564,47.372299999999996,3.863400000000013,48.57142857142857
7565,59.26910000000001,4.680199999999999,52.85714285714286
7566,51.481300000000005,4.6802000000000135,55.714285714285715
7567,66.6662,2.9055999999999926,54.285714285714285
7568,45.700500000000005,3.5308000000000277,54.285714285714285
7569,56.58430000000001,2.2897000000000105,54.285714285714285
7570,62.45119999999997,4.174299999999988,51.42857142857142
7571,59.36189999999999,5.093400000000003,57.14285714285714
7572,86.19709999999998,1.909000000000006,65.71428571428571
7573,84.00919999999999,3.621600000000001,61.42857142857143
7574,54.758399999999995,4.432700000000011,42.857142857142854
7575,63.918799999999976,2.836199999999991,61.42857142857143
7576,57.630900000000025,3.109300000000019,54.285714285714285
7577,20.6224,4.34620000000001,47.14285714285714
7578,45.4461,3.197800000000001,58.57142857142858
7579,82.4034,2.2343999999999937,67.14285714285714
7580,32.47630000000001,5.1236999999999995,48.57142857142857
7581,64.1902,2.5116000000000014,57.14285714285714
7582,47.94409999999999,4.469300000000004,44.285714285714285
7583,47.462699999999984,2.8322000000000003,45.714285714285715
7584,55.01310000000001,6.1662000000000035,54.285714285714285
7585,51.172,3.6350999999999942,48.57142857142857
7586,58.762700000000024,4.853000000000009,55.714285714285715
7587,71.87910000000005,2.8815000000000026,62.857142857142854
7588,51.591200000000015,6.480699999999985,50.0
7589,62.692999999999984,4.801900000000003,62.857142857142854
7590,57.975100000000026,4.310200000000009,61.42857142857143
7591,66.39139999999998,3.150900000000007,52.85714285714286
7592,63.200200000000024,2.529200000000003,54.285714285714285
7593,49.43539999999999,4.000499999999988,61.42857142857143
7594,76.34379999999999,7.743799999999993,57.14285714285714
7595,63.3236,3.049899999999994,57.14285714285714
7596,73.42549999999997,4.901100000000014,64.28571428571429
7597,41.18639999999999,5.927000000000021,52.85714285714286
7598,60.55299999999997,5.746600000000001,58.57142857142858
7599,97.78790000000004,2.3400999999999925,67.14285714285714
7600,43.28190000000001,3.6766000000000076,58.57142857142858
7601,67.01689999999999,3.570599999999999,62.857142857142854
7602,62.529900000000026,2.212999999999994,60.0
7603,64.01060000000001,4.672600000000017,54.285714285714285
7604,95.49799999999999,3.0503999999999962,64.28571428571429
7605,46.5231,4.250199999999992,57.14285714285714
7606,69.90229999999997,2.950000000000017,54.285714285714285
7607,45.938199999999995,4.2761,55.714285714285715
7608,69.548,3.341700000000003,58.57142857142858
7609,55.26750000000001,3.667900000000003,60.0
7610,62.39450000000002,3.946799999999996,62.857142857142854
7611,35.30579999999998,3.994100000000003,52.85714285714286
7612,49.0547,2.8029000000000224,55.714285714285715
7613,55.996500000000026,4.060699999999997,55.714285714285715
7614,66.35820000000001,4.126800000000003,54.285714285714285
7615,67.68360000000001,2.242199999999997,55.714285714285715
7616,72.78089999999997,2.950100000000006,68.57142857142857
7617,64.98399999999998,2.722200000000001,60.0
7618,43.44800000000001,3.6847999999999956,47.14285714285714
7619,79.96530000000001,9.423599999999993,67.14285714285714
7620,59.598600000000005,3.6958999999999946,58.57142857142858
7621,40.732699999999994,5.315800000000024,51.42857142857142
7622,25.71719999999999,4.746099999999984,44.285714285714285
7623,57.1755,4.061499999999995,54.285714285714285
7624,62.83609999999999,4.819299999999998,57.14285714285714
7625,69.45329999999998,5.4726,57.14285714285714
7626,69.30939999999998,4.130200000000002,60.0
7627,47.86439999999999,3.9762000000000057,55.714285714285715
7628,55.855999999999995,3.946799999999996,57.14285714285714
7629,80.01329999999999,2.523699999999991,65.71428571428571
7630,28.51339999999999,4.790199999999999,47.14285714285714
7631,40.51580000000001,6.170700000000011,50.0
7632,31.746499999999997,8.496499999999997,48.57142857142857
7633,50.12119999999999,3.788799999999995,55.714285714285715
7634,41.51400000000001,4.487500000000011,52.85714285714286
7635,80.94629999999998,3.775400000000019,60.0
7636,52.502700000000004,4.818299999999994,60.0
7637,62.620900000000006,2.1441000000000088,64.28571428571429
7638,72.97610000000003,4.5890999999999735,62.857142857142854
7639,58.2252,5.646100000000018,58.57142857142858
7640,50.4837,4.926099999999963,54.285714285714285
7641,66.66899999999998,3.4732999999999947,58.57142857142858
7642,42.235000000000014,7.205199999999991,47.14285714285714
7643,54.6696,3.2543000000000006,54.285714285714285
7644,25.7376,5.847200000000001,47.14285714285714
7645,68.45770000000002,2.399799999999999,60.0
7646,66.04319999999996,4.884699999999981,54.285714285714285
7647,72.44279999999998,4.438700000000011,60.0
7648,64.27199999999999,3.543799999999976,57.14285714285714
7649,64.0924,3.5697999999999865,62.857142857142854
7650,32.793499999999995,4.671300000000002,45.714285714285715
7651,69.7081,2.576999999999998,62.857142857142854
7652,46.11680000000001,4.582300000000004,51.42857142857142
7653,44.46119999999999,3.9805000000000064,50.0
7654,62.064700000000016,4.504500000000007,57.14285714285714
7655,48.4417,3.3848999999999876,52.85714285714286
7656,54.49449999999999,5.589199999999991,50.0
7657,54.54249999999996,5.066800000000001,57.14285714285714
7658,52.5942,6.869799999999998,64.28571428571429
7659,57.39659999999998,4.669199999999989,62.857142857142854
7660,55.137099999999975,2.9990999999999985,55.714285714285715
7661,68.8245,3.6484999999999843,55.714285714285715
7662,102.67989999999998,2.721299999999985,67.14285714285714
7663,77.3003,4.159900000000022,60.0
7664,52.725300000000004,5.046699999999987,55.714285714285715
7665,69.11790000000002,3.2346000000000004,58.57142857142858
7666,61.1233,2.3401000000000067,57.14285714285714
7667,44.67609999999999,7.665800000000004,48.57142857142857
7668,50.87809999999999,5.005899999999997,51.42857142857142
7669,82.67880000000002,3.3941000000000088,57.14285714285714
7670,41.59129999999999,8.921599999999998,51.42857142857142
7671,40.31760000000003,2.9561000000000064,48.57142857142857
7672,43.193299999999994,3.243799999999993,54.285714285714285
7673,63.345399999999984,3.510400000000004,60.0
7674,86.4787,4.313500000000005,65.71428571428571
7675,80.26229999999998,2.3401000000000067,67.14285714285714
7676,56.735299999999995,3.1214999999999975,47.14285714285714
7677,75.35570000000001,2.8289000000000044,61.42857142857143
7678,52.55279999999999,5.133800000000008,54.285714285714285
7679,61.28969999999998,3.497399999999999,54.285714285714285
7680,53.46870000000001,3.9682999999999993,55.714285714285715
7681,34.8809,4.068299999999994,40.0
7682,58.43130000000002,4.164699999999982,47.14285714285714
7683,58.4212,3.581799999999987,58.57142857142858
7684,78.21200000000002,3.5875999999999806,62.857142857142854
7685,36.475599999999986,4.947999999999993,47.14285714285714
7686,49.03570000000002,7.358599999999996,55.714285714285715
7687,69.68950000000001,2.242199999999997,55.714285714285715
7688,56.359399999999994,5.039099999999991,61.42857142857143
7689,43.693899999999985,7.198400000000007,50.0
7690,81.94529999999997,1.9681000000000068,64.28571428571429
7691,42.759299999999996,6.727400000000003,48.57142857142857
7692,72.61869999999999,4.215600000000009,67.14285714285714
7693,67.27360000000002,3.140100000000004,58.57142857142858
7694,67.255,6.051800000000014,58.57142857142858
7695,73.9119,3.9805000000000064,62.857142857142854
7696,59.01479999999998,6.167700000000011,58.57142857142858
7697,89.09269999999998,2.5833999999999975,60.0
7698,55.1078,2.918599999999998,54.285714285714285
7699,55.18689999999998,3.3012000000000086,55.714285714285715
7700,80.38709999999998,3.1485999999999876,64.28571428571429
7701,73.44100000000003,2.6537999999999897,58.57142857142858
7702,67.8905,1.6493999999999858,61.42857142857143
7703,66.4932,4.164699999999982,55.714285714285715
7704,44.327499999999986,6.056499999999986,52.85714285714286
7705,44.355500000000006,4.3977,54.285714285714285
7706,47.495599999999996,5.090900000000005,50.0
7707,59.556100000000015,3.1599000000000075,54.285714285714285
7708,47.490099999999984,7.655200000000008,54.285714285714285
7709,74.02460000000002,4.669199999999989,58.57142857142858
7710,48.3759,7.6910000000000025,48.57142857142857
7711,62.885700000000014,5.146500000000003,58.57142857142858
7712,51.81890000000001,4.586999999999989,54.285714285714285
7713,45.61859999999999,8.323700000000002,50.0
7714,37.8125,6.334700000000012,55.714285714285715
7715,35.480500000000006,6.686299999999989,47.14285714285714
7716,76.2844,4.276700000000005,58.57142857142858
7717,40.5412,6.078500000000005,52.85714285714286
7718,56.84649999999999,6.649499999999989,54.285714285714285
7719,39.65629999999999,5.7727,47.14285714285714
7720,57.88560000000001,2.825499999999977,57.14285714285714
7721,64.19690000000003,5.744399999999999,57.14285714285714
7722,48.65389999999999,5.550399999999996,45.714285714285715
7723,72.5855,3.727800000000002,54.285714285714285
7724,61.5265,3.832499999999982,55.714285714285715
7725,33.987300000000005,5.7538000000000125,44.285714285714285
7726,74.92219999999998,3.733699999999999,60.0
7727,62.073200000000014,5.949699999999979,52.85714285714286
7728,53.237600000000015,5.049299999999988,55.714285714285715
7729,45.683400000000006,4.073199999999986,50.0
7730,43.91460000000001,7.469399999999993,52.85714285714286
7731,68.76230000000004,4.82559999999998,54.285714285714285
7732,77.62389999999996,2.0757999999999868,61.42857142857143
7733,39.627500000000026,8.646199999999993,45.714285714285715
7734,65.7027,4.544399999999996,60.0
7735,50.47629999999998,3.6259000000000157,61.42857142857143
7736,48.3689,5.8811000000000035,50.0
7737,47.38499999999999,7.302799999999991,54.285714285714285
7738,58.15379999999999,3.472999999999999,52.85714285714286
7739,56.268399999999986,3.471499999999992,54.285714285714285
7740,50.49109999999999,3.565100000000001,61.42857142857143
7741,51.419899999999984,5.83720000000001,52.85714285714286
7742,67.34819999999999,1.8292000000000002,54.285714285714285
7743,74.53269999999998,2.8345999999999947,55.714285714285715
7744,60.37059999999997,6.022500000000008,60.0
7745,60.495300000000015,5.7867999999999995,54.285714285714285
7746,36.594299999999976,4.1610999999999905,52.85714285714286
7747,57.595500000000015,5.210799999999978,52.85714285714286
7748,63.25970000000001,2.800900000000013,57.14285714285714
7749,91.3767,2.627299999999991,65.71428571428571
7750,81.95579999999998,6.241900000000001,57.14285714285714
7751,46.79250000000002,6.605099999999993,55.714285714285715
7752,73.63350000000003,4.006399999999985,58.57142857142858
7753,29.72980000000001,4.383800000000008,42.857142857142854
7754,64.31049999999999,3.252600000000001,62.857142857142854
7755,53.5017,5.578299999999999,50.0
7756,65.97750000000002,4.078400000000016,58.57142857142858
7757,78.8014,2.792999999999992,65.71428571428571
7758,49.65379999999999,4.651299999999992,54.285714285714285
7759,65.0666,3.140599999999992,61.42857142857143
7760,49.23840000000004,4.32589999999999,57.14285714285714
7761,82.32669999999999,4.258299999999991,62.857142857142854
7762,57.17070000000001,4.482699999999994,60.0
7763,39.831800000000015,5.545899999999989,55.714285714285715
7764,68.45580000000001,2.8421000000000163,61.42857142857143
7765,57.54080000000002,7.003599999999977,60.0
7766,63.3142,4.27830000000003,51.42857142857142
7767,46.810100000000006,4.643199999999993,50.0
7768,64.07189999999997,4.585099999999997,60.0
7769,39.74849999999998,5.467799999999983,45.714285714285715
7770,77.28200000000001,3.243799999999993,58.57142857142858
7771,60.92070000000001,3.3352999999999895,60.0
7772,56.709100000000035,3.4904999999999973,55.714285714285715
7773,47.3177,2.985500000000002,51.42857142857142
7774,64.63,3.3164999999999907,58.57142857142858
7775,75.4975,3.2469000000000108,65.71428571428571
7776,67.8501,3.16640000000001,57.14285714285714
7777,43.69970000000001,5.3285999999999945,52.85714285714286
7778,66.27940000000001,2.893599999999992,64.28571428571429
7779,44.55459999999999,4.370100000000008,51.42857142857142
7780,24.075000000000017,10.137699999999995,41.42857142857143
7781,57.9761,3.3548999999999864,55.714285714285715
7782,78.05869999999999,3.717899999999986,58.57142857142858
7783,36.179400000000015,7.209800000000001,51.42857142857142
7784,59.01090000000002,5.173399999999987,55.714285714285715
7785,63.23920000000001,4.81389999999999,54.285714285714285
7786,47.5009,5.746100000000013,52.85714285714286
7787,43.641700000000014,5.856899999999996,47.14285714285714
7788,37.25110000000001,5.143400000000014,57.14285714285714
7789,65.3244,2.6890999999999963,57.14285714285714
7790,36.571500000000015,6.102999999999994,48.57142857142857
7791,93.29179999999997,3.4033999999999764,71.42857142857143
7792,57.44380000000001,7.826600000000013,57.14285714285714
7793,37.82860000000002,13.900300000000001,45.714285714285715
7794,70.13960000000003,4.676999999999964,60.0
7795,69.80210000000002,2.6226999999999947,61.42857142857143
7796,51.64760000000001,3.9961999999999875,50.0
7797,59.55529999999999,10.373400000000004,55.714285714285715
7798,44.65729999999999,5.478999999999999,50.0
7799,71.91000000000003,3.5929,57.14285714285714
7800,63.926499999999976,4.345400000000012,60.0
7801,69.2544,4.354900000000001,58.57142857142858
7802,65.56639999999999,2.5386000000000024,70.0
7803,72.8304,4.058400000000006,60.0
7804,55.108599999999996,3.2616999999999905,54.285714285714285
7805,71.12709999999998,4.424699999999973,60.0
7806,62.36019999999999,2.8625999999999863,52.85714285714286
7807,56.98650000000001,3.4976000000000056,52.85714285714286
7808,44.20949999999999,5.168099999999981,57.14285714285714
7809,80.6207,5.145499999999998,57.14285714285714
7810,61.1995,4.579399999999993,61.42857142857143
7811,33.30590000000001,6.131900000000002,42.857142857142854
7812,66.86840000000001,2.792999999999992,60.0
7813,73.3999,2.7213000000000136,65.71428571428571
7814,96.52789999999999,2.6528999999999883,67.14285714285714
7815,34.66490000000002,5.431200000000004,44.285714285714285
7816,53.464,5.512299999999996,58.57142857142858
7817,61.99289999999999,5.004400000000004,54.285714285714285
7818,57.665099999999995,4.298400000000015,60.0
7819,68.07939999999999,4.266999999999996,61.42857142857143
7820,67.8323,2.6937999999999818,55.714285714285715
7821,49.4435,4.169299999999993,50.0
7822,58.02080000000001,4.805600000000027,54.285714285714285
7823,57.59279999999998,4.2047000000000025,54.285714285714285
7824,44.688199999999995,5.019799999999989,57.14285714285714
7825,54.70999999999998,3.82650000000001,55.714285714285715
7826,44.58159999999998,3.5849999999999937,47.14285714285714
7827,52.155100000000004,3.985800000000012,54.285714285714285
7828,54.0702,4.465699999999998,57.14285714285714
7829,56.83509999999998,4.749899999999997,52.85714285714286
7830,53.63229999999999,2.992900000000006,55.714285714285715
7831,69.0351,2.4753999999999934,61.42857142857143
7832,66.61439999999996,4.527900000000017,60.0
7833,63.62730000000002,4.5364,60.0
7834,20.446200000000005,8.501200000000011,50.0
7835,57.7004,4.584699999999998,57.14285714285714
7836,51.46179999999998,5.459700000000012,51.42857142857142
7837,60.700500000000005,4.412499999999994,57.14285714285714
7838,70.6137,4.680199999999999,60.0
7839,69.3024,2.3400999999999925,65.71428571428571
7840,83.57300000000001,3.4530000000000314,65.71428571428571
7841,67.13749999999999,6.560299999999998,60.0
7842,53.626599999999996,4.119200000000006,50.0
7843,53.66729999999998,7.073199999999986,52.85714285714286
7844,48.59000000000003,4.067999999999998,54.285714285714285
7845,62.71440000000001,4.255499999999998,57.14285714285714
7846,79.28960000000001,3.6045999999999907,55.714285714285715
7847,98.10029999999995,2.4273000000000025,62.857142857142854
7848,55.392499999999984,5.135300000000001,51.42857142857142
7849,79.99969999999996,2.4188000000000045,58.57142857142858
7850,54.26799999999997,10.805100000000039,55.714285714285715
7851,70.78230000000002,3.7790999999999997,62.857142857142854
7852,52.064899999999994,2.842099999999988,54.285714285714285
7853,65.08579999999998,2.7221999999999866,60.0
7854,43.1567,4.054100000000005,52.85714285714286
7855,60.43090000000001,2.538499999999999,57.14285714285714
7856,59.17550000000003,3.007499999999993,60.0
7857,62.97610000000003,4.039899999999989,58.57142857142858
7858,63.58680000000001,4.707899999999995,60.0
7859,37.44490000000002,7.297600000000003,47.14285714285714
7860,76.62980000000002,2.7321000000000026,64.28571428571429
7861,39.61959999999999,6.7684,44.285714285714285
7862,55.4102,8.001900000000006,47.14285714285714
7863,49.50049999999999,2.0142000000000024,55.714285714285715
7864,39.34190000000001,6.7257999999999925,52.85714285714286
7865,87.2536,2.987399999999994,60.0
7866,65.3563,3.4482,57.14285714285714
7867,63.93120000000002,6.01509999999999,54.285714285714285
7868,52.21520000000001,6.113500000000016,52.85714285714286
7869,51.08400000000003,4.756500000000017,54.285714285714285
7870,78.8692,4.196799999999996,58.57142857142858
7871,49.38510000000002,3.733400000000003,54.285714285714285
7872,37.6259,3.965900000000005,48.57142857142857
7873,87.8689,4.304500000000004,67.14285714285714
7874,40.87099999999998,5.481800000000021,51.42857142857142
7875,63.851999999999975,3.045500000000004,58.57142857142858
7876,34.887699999999995,6.3279,47.14285714285714
7877,37.0222,3.4466999999999928,50.0
7878,43.37110000000001,4.962099999999992,54.285714285714285
7879,58.25110000000001,4.496600000000001,57.14285714285714
7880,67.46610000000004,3.2639000000000067,51.42857142857142
7881,48.846300000000014,4.128299999999967,57.14285714285714
7882,55.377999999999986,3.942799999999991,52.85714285714286
7883,55.96199999999999,5.563500000000005,61.42857142857143
7884,42.246999999999986,5.168600000000026,48.57142857142857
7885,59.7987,6.326499999999996,57.14285714285714
7886,79.61360000000002,2.9682999999999993,65.71428571428571
7887,78.19660000000002,4.307099999999991,57.14285714285714
7888,66.0421,3.980499999999978,62.857142857142854
7889,40.4804,5.182200000000009,54.285714285714285
7890,47.48009999999999,5.193299999999994,55.714285714285715
7891,43.24940000000001,3.719600000000014,55.714285714285715
7892,69.2269,4.689000000000021,58.57142857142858
7893,45.54390000000001,3.8985000000000127,54.285714285714285
7894,58.7003,3.569999999999993,51.42857142857142
7895,76.2071,3.2608000000000033,62.857142857142854
7896,67.89010000000002,2.6113,58.57142857142858
7897,42.7278,4.237300000000005,47.14285714285714
7898,69.4469,4.208400000000012,57.14285714285714
7899,57.19059999999999,3.032499999999999,60.0
7900,54.36680000000004,2.7439999999999998,54.285714285714285
7901,46.8921,5.408500000000004,52.85714285714286
7902,62.6567,4.8034000000000106,60.0
7903,69.09410000000003,3.6952,60.0
7904,19.947599999999994,7.358599999999996,42.857142857142854
7905,32.564700000000016,5.1414999999999935,45.714285714285715
7906,48.34360000000001,3.101399999999998,57.14285714285714
7907,80.92899999999997,2.636299999999977,71.42857142857143
7908,47.34880000000001,5.547499999999985,48.57142857142857
7909,36.27629999999999,2.807399999999987,42.857142857142854
7910,57.43980000000002,3.6899999999999977,51.42857142857142
7911,47.401700000000005,6.3404000000000025,50.0
7912,90.69709999999998,4.240600000000001,67.14285714285714
7913,45.11529999999999,5.390600000000006,48.57142857142857
7914,95.30179999999999,2.242200000000011,65.71428571428571
7915,80.80719999999997,3.0307999999999993,64.28571428571429
7916,60.829800000000006,3.1911999999999807,52.85714285714286
7917,66.18799999999999,5.221599999999995,67.14285714285714
7918,54.52540000000002,5.705699999999979,55.714285714285715
7919,75.83969999999997,2.9344000000000108,57.14285714285714
7920,51.6173,4.240199999999987,54.285714285714285
7921,56.3793,7.801400000000001,52.85714285714286
7922,42.6327,3.9595999999999947,52.85714285714286
7923,52.674800000000005,3.17410000000001,55.714285714285715
7924,60.235300000000024,5.848199999999991,58.57142857142858
7925,55.74260000000001,6.038000000000011,50.0
7926,46.55079999999998,3.8618000000000166,51.42857142857142
7927,81.25369999999998,3.1864999999999952,67.14285714285714
7928,71.8956,2.68780000000001,55.714285714285715
7929,63.584,3.667900000000003,60.0
7930,38.515900000000016,7.411399999999986,50.0
7931,43.182199999999995,6.8125,54.285714285714285
7932,65.76339999999999,3.2088000000000108,54.285714285714285
7933,50.1112,4.2072000000000145,51.42857142857142
7934,68.90639999999996,4.385300000000001,62.857142857142854
7935,70.6857,3.497,62.857142857142854
7936,74.71559999999997,3.9968999999999824,61.42857142857143
7937,72.60560000000001,5.176299999999998,61.42857142857143
7938,58.11070000000001,3.56219999999999,52.85714285714286
7939,14.517399999999995,10.485399999999998,40.0
7940,73.57589999999996,3.050699999999992,70.0
7941,34.01830000000001,4.647700000000015,52.85714285714286
7942,71.37650000000002,3.7627999999999986,62.857142857142854
7943,28.9854,5.079899999999995,47.14285714285714
7944,62.130000000000024,2.6874999999999716,52.85714285714286
7945,53.28559999999999,4.122700000000009,51.42857142857142
7946,51.05450000000002,5.5752000000000095,52.85714285714286
7947,25.57050000000001,10.197500000000005,42.857142857142854
7948,86.9005,3.578399999999988,65.71428571428571
7949,66.49510000000001,3.634299999999996,61.42857142857143
7950,70.29040000000003,3.711699999999979,65.71428571428571
7951,63.912000000000006,7.414199999999994,54.285714285714285
7952,62.99379999999999,2.949799999999996,62.857142857142854
7953,46.24719999999999,4.67880000000001,55.714285714285715
7954,67.04489999999998,6.423000000000002,62.857142857142854
7955,57.12810000000002,4.402499999999989,52.85714285714286
7956,41.23940000000002,5.986400000000003,45.714285714285715
7957,39.558899999999994,4.872,48.57142857142857
7958,76.88740000000001,3.4718999999999767,61.42857142857143
7959,46.89189999999999,4.8984999999999985,52.85714285714286
7960,84.5139,4.329000000000008,62.857142857142854
7961,44.767000000000024,4.770500000000013,47.14285714285714
7962,54.89299999999997,3.211699999999979,55.714285714285715
7963,66.17519999999999,5.133499999999998,60.0
7964,47.8271,9.353399999999993,50.0
7965,59.77420000000001,3.5849000000000046,52.85714285714286
7966,80.934,2.3788000000000125,65.71428571428571
7967,41.10500000000002,4.338699999999989,52.85714285714286
7968,43.75289999999998,7.085399999999993,51.42857142857142
7969,51.6644,4.380300000000005,58.57142857142858
7970,77.4606,2.5893999999999835,67.14285714285714
7971,47.37899999999999,5.586399999999998,57.14285714285714
7972,34.36780000000002,5.0075999999999965,44.285714285714285
7973,48.1703,2.9749999999999943,57.14285714285714
7974,63.84510000000003,7.790300000000002,60.0
7975,79.3921,4.295500000000004,58.57142857142858
7976,40.379400000000004,5.792900000000003,45.714285714285715
7977,54.03530000000001,4.489699999999999,52.85714285714286
7978,51.83960000000002,3.528599999999983,52.85714285714286
7979,54.53570000000002,5.833500000000001,55.714285714285715
7980,66.3406,3.032600000000002,52.85714285714286
7981,51.618799999999965,5.1355000000000075,55.714285714285715
7982,43.38620000000003,4.480300000000014,47.14285714285714
7983,86.74509999999998,2.529200000000003,72.85714285714285
7984,44.98849999999999,6.087400000000002,58.57142857142858
7985,65.1149,4.313500000000005,57.14285714285714
7986,70.65300000000002,3.6073999999999984,64.28571428571429
7987,43.61250000000001,4.680199999999999,48.57142857142857
7988,47.5,3.41719999999998,54.285714285714285
7989,76.13760000000002,5.9589,67.14285714285714
7990,59.725899999999996,5.361399999999975,60.0
7991,60.385999999999996,4.684699999999992,58.57142857142858
7992,37.731300000000005,5.168299999999988,47.14285714285714
7993,76.23349999999999,2.7507999999999697,62.857142857142854
7994,71.95529999999997,4.080999999999989,57.14285714285714
7995,53.52520000000001,6.564300000000003,51.42857142857142
7996,54.08510000000001,6.253700000000009,57.14285714285714
7997,51.886000000000024,3.0666999999999973,60.0
7998,51.018399999999986,6.034700000000001,54.285714285714285
7999,53.96290000000002,6.0878999999999905,54.285714285714285
8000,64.52589999999998,4.484099999999998,60.0
8001,55.395700000000005,7.332900000000009,55.714285714285715
8002,74.52959999999996,2.3400999999999925,67.14285714285714
8003,61.89619999999999,3.7483000000000004,58.57142857142858
8004,47.434199999999976,11.465699999999998,51.42857142857142
8005,53.63210000000001,3.2598000000000127,47.14285714285714
8006,41.07140000000001,4.240600000000001,47.14285714285714
8007,80.89100000000002,4.208399999999983,71.42857142857143
8008,55.15870000000001,5.7561999999999784,52.85714285714286
8009,55.6413,6.151700000000005,50.0
8010,34.80509999999998,5.829399999999993,50.0
8011,79.9983,5.4221999999999895,60.0
8012,41.2826,5.001499999999993,55.714285714285715
8013,65.9137,5.4258000000000095,54.285714285714285
8014,79.42520000000002,6.838999999999999,62.857142857142854
8015,45.42699999999999,5.852499999999992,51.42857142857142
8016,62.88759999999999,2.4147000000000105,55.714285714285715
8017,40.78059999999999,4.528700000000001,52.85714285714286
8018,79.50490000000002,4.6314000000000135,58.57142857142858
8019,41.65350000000001,7.594300000000004,52.85714285714286
8020,31.09219999999999,4.270799999999994,48.57142857142857
8021,51.91579999999999,6.124700000000004,55.714285714285715
8022,50.06220000000002,2.9783999999999935,50.0
8023,49.75740000000002,6.146799999999985,60.0
8024,75.60699999999997,4.256900000000002,62.857142857142854
8025,74.6173,3.1795999999999935,70.0
8026,80.38710000000003,4.215599999999995,60.0
8027,54.430800000000005,2.393599999999992,48.57142857142857
8028,89.72070000000002,2.6289999999999907,60.0
8029,49.422,4.397599999999997,55.714285714285715
8030,38.80609999999999,5.002399999999994,47.14285714285714
8031,51.03399999999999,3.017700000000019,54.285714285714285
8032,46.352300000000014,4.463800000000006,64.28571428571429
8033,86.25479999999999,2.8397999999999968,60.0
8034,65.91969999999998,3.248199999999997,65.71428571428571
8035,47.77119999999999,4.633200000000016,51.42857142857142
8036,61.95740000000001,6.644300000000001,60.0
8037,74.78119999999998,3.2719999999999914,52.85714285714286
8038,53.841999999999985,6.614100000000008,52.85714285714286
8039,83.20780000000002,3.6544999999999987,62.857142857142854
8040,48.181700000000006,5.071499999999986,57.14285714285714
8041,51.342600000000004,6.461100000000002,52.85714285714286
8042,75.55629999999996,3.3389000000000237,61.42857142857143
8043,61.19029999999998,3.1313999999999993,60.0
8044,52.975600000000014,7.430199999999985,55.714285714285715
8045,65.44789999999995,4.031199999999998,58.57142857142858
8046,52.751599999999996,4.166299999999993,48.57142857142857
8047,66.97990000000001,2.9022999999999968,62.857142857142854
8048,54.47919999999999,5.673299999999998,55.714285714285715
8049,46.00659999999999,4.842399999999998,50.0
8050,38.86180000000002,4.833200000000005,50.0
8051,35.77389999999997,6.366800000000012,51.42857142857142
8052,48.99209999999999,8.499200000000002,50.0
8053,27.279500000000013,5.7021000000000015,40.0
8054,56.8271,3.36160000000001,48.57142857142857
8055,50.10820000000001,4.75800000000001,52.85714285714286
8056,44.3973,8.038000000000011,55.714285714285715
8057,54.32650000000001,4.368099999999998,52.85714285714286
8058,55.85419999999999,2.3400999999999925,62.857142857142854
8059,73.54559999999998,3.3162999999999982,55.714285714285715
8060,46.518699999999995,3.270700000000005,57.14285714285714
8061,58.95079999999999,4.187900000000013,52.85714285714286
8062,41.809,7.0234999999999985,54.285714285714285
8063,67.9522,2.4547000000000025,65.71428571428571
8064,63.49280000000002,3.6088000000000022,62.857142857142854
8065,61.915400000000034,5.034100000000009,61.42857142857143
8066,54.92410000000001,3.966700000000003,62.857142857142854
8067,62.24829999999997,5.38330000000002,57.14285714285714
8068,68.4006,4.3065,57.14285714285714
8069,36.8493,3.7032999999999987,54.285714285714285
8070,74.894,2.778500000000008,65.71428571428571
8071,63.310900000000004,3.556600000000003,58.57142857142858
8072,59.36689999999999,5.005899999999997,61.42857142857143
8073,45.26050000000001,7.301900000000018,54.285714285714285
8074,42.4648,3.5117000000000047,51.42857142857142
8075,64.7302,6.486099999999993,51.42857142857142
8076,71.04459999999997,2.6791000000000054,55.714285714285715
8077,56.78200000000001,4.5645999999999844,60.0
8078,36.98419999999999,4.468100000000007,47.14285714285714
8079,52.2475,3.0906999999999982,51.42857142857142
8080,42.182500000000005,6.403400000000005,57.14285714285714
8081,34.76410000000001,3.701999999999998,45.714285714285715
8082,45.07679999999999,5.094400000000007,55.714285714285715
8083,40.35930000000002,6.619100000000003,47.14285714285714
8084,46.6249,2.662000000000006,47.14285714285714
8085,40.489300000000014,3.545099999999991,55.714285714285715
8086,59.31479999999999,3.5942000000000007,61.42857142857143
8087,25.203199999999995,7.73960000000001,52.85714285714286
8088,48.43640000000002,3.893599999999992,52.85714285714286
8089,58.64089999999999,3.5699000000000183,52.85714285714286
8090,61.28909999999999,4.797299999999979,61.42857142857143
8091,69.0632,4.863799999999969,60.0
8092,77.91610000000003,3.569999999999993,62.857142857142854
8093,55.97640000000001,3.4424999999999955,58.57142857142858
8094,75.82559999999998,2.4694999999999965,68.57142857142857
8095,50.08170000000001,5.836799999999997,51.42857142857142
8096,61.792700000000025,6.630200000000002,54.285714285714285
8097,78.46719999999999,3.8205999999999847,62.857142857142854
8098,67.97320000000002,6.95989999999999,64.28571428571429
8099,68.23679999999996,4.6318999999999875,62.857142857142854
8100,52.67920000000001,4.975399999999979,52.85714285714286
8101,66.43939999999998,6.792100000000005,58.57142857142858
8102,53.39019999999999,4.667899999999975,50.0
8103,53.16,3.5246000000000066,65.71428571428571
8104,74.84060000000002,2.847200000000001,67.14285714285714
8105,26.926199999999994,4.881299999999996,50.0
8106,78.79770000000002,2.242199999999997,57.14285714285714
8107,67.34179999999998,2.5386000000000024,64.28571428571429
8108,54.045000000000016,4.2675000000000125,55.714285714285715
8109,45.91739999999999,5.319800000000001,50.0
8110,57.12979999999999,2.9750000000000085,57.14285714285714
8111,61.47660000000002,3.964100000000002,48.57142857142857
8112,69.64280000000002,3.5323000000000064,60.0
8113,58.38410000000002,3.920500000000004,57.14285714285714
8114,35.861999999999995,8.294600000000003,60.0
8115,52.72900000000001,6.512599999999992,52.85714285714286
8116,41.882300000000015,3.6851999999999947,52.85714285714286
8117,57.3519,6.7202000000000055,52.85714285714286
8118,71.35989999999998,4.141599999999983,60.0
8119,50.93920000000003,2.6551999999999936,52.85714285714286
8120,52.90120000000002,2.5053000000000054,57.14285714285714
8121,48.3725,4.607100000000003,55.714285714285715
8122,45.80170000000001,2.6873000000000076,47.14285714285714
8123,51.17149999999998,6.957999999999998,51.42857142857142
8124,83.54459999999997,2.579800000000006,70.0
8125,82.00220000000002,2.0167,64.28571428571429
8126,53.468199999999996,3.9103000000000065,55.714285714285715
8127,45.98570000000001,3.110900000000015,54.285714285714285
8128,58.675400000000025,3.145799999999994,55.714285714285715
8129,69.28860000000003,3.2560000000000002,67.14285714285714
8130,60.03720000000001,4.230500000000006,51.42857142857142
8131,49.08410000000001,3.6443999999999903,52.85714285714286
8132,51.92440000000002,2.552299999999974,57.14285714285714
8133,45.4136,4.660899999999998,55.714285714285715
8134,72.73519999999999,4.582300000000004,64.28571428571429
8135,59.868300000000005,3.514499999999998,58.57142857142858
8136,59.89950000000002,2.607599999999991,60.0
8137,74.77319999999997,2.6033999999999935,64.28571428571429
8138,61.596299999999985,3.946799999999996,54.285714285714285
8139,63.06189999999998,3.899799999999999,55.714285714285715
8140,38.08009999999999,5.534300000000002,52.85714285714286
8141,74.0368,2.269600000000011,58.57142857142858
8142,63.6533,6.400599999999997,58.57142857142858
8143,48.96689999999998,4.631900000000002,50.0
8144,56.927599999999984,5.594999999999999,60.0
8145,78.75310000000002,2.5285999999999973,62.857142857142854
8146,68.8123,4.060699999999997,62.857142857142854
8147,48.043499999999995,5.061999999999983,51.42857142857142
8148,88.3366,4.535899999999998,64.28571428571429
8149,57.246999999999986,4.118500000000012,57.14285714285714
8150,75.17259999999999,2.903099999999995,57.14285714285714
8151,58.70140000000001,4.3799000000000206,61.42857142857143
8152,48.834599999999995,6.421800000000005,51.42857142857142
8153,41.970200000000006,8.030999999999992,47.14285714285714
8154,90.0283,3.6759999999999877,71.42857142857143
8155,34.348900000000015,3.714199999999991,50.0
8156,75.58039999999997,1.973399999999998,67.14285714285714
8157,54.98779999999999,4.487700000000004,51.42857142857142
8158,45.626599999999996,5.005899999999997,51.42857142857142
8159,56.91130000000001,6.206299999999999,55.714285714285715
8160,49.5309,3.636400000000009,55.714285714285715
8161,70.79830000000004,2.817399999999992,60.0
8162,29.06819999999999,4.917599999999993,41.42857142857143
8163,84.10229999999999,2.549699999999973,64.28571428571429
8164,46.03550000000001,3.084000000000003,54.285714285714285
8165,69.68719999999999,2.3400999999999925,60.0
8166,56.09530000000001,3.297799999999995,61.42857142857143
8167,65.1532,6.3478000000000065,60.0
8168,47.25120000000001,5.7627000000000095,47.14285714285714
8169,57.08009999999999,3.657600000000002,60.0
8170,54.5754,4.198199999999986,50.0
8171,66.90390000000002,3.231099999999998,50.0
8172,53.40269999999998,6.0458,57.14285714285714
8173,78.47829999999999,3.8379000000000048,65.71428571428571
8174,68.87140000000002,3.3134000000000015,54.285714285714285
8175,50.18610000000001,6.136100000000027,52.85714285714286
8176,52.71120000000002,3.274799999999999,51.42857142857142
8177,61.808599999999984,3.066100000000006,58.57142857142858
8178,72.1695,3.225999999999999,61.42857142857143
8179,52.18779999999998,8.073599999999999,55.714285714285715
8180,74.969,3.066100000000006,61.42857142857143
8181,53.97640000000001,6.083100000000002,54.285714285714285
8182,86.82480000000004,3.565100000000001,65.71428571428571
8183,61.23070000000001,3.4450999999999965,55.714285714285715
8184,54.8107,5.183199999999999,58.57142857142858
8185,72.7853,2.7637,65.71428571428571
8186,42.08440000000002,9.414399999999986,50.0
8187,19.386300000000006,8.391999999999996,40.0
8188,53.2046,6.771500000000003,52.85714285714286
8189,31.098399999999998,6.036000000000001,52.85714285714286
8190,64.62049999999999,4.487899999999996,51.42857142857142
8191,56.5188,3.2502000000000066,54.285714285714285
8192,54.01999999999998,4.371700000000004,57.14285714285714
8193,51.358300000000014,3.963499999999982,54.285714285714285
8194,59.82669999999999,4.680199999999985,57.14285714285714
8195,75.0625,2.801000000000016,65.71428571428571
8196,50.33000000000001,4.073900000000009,50.0
8197,61.453599999999994,2.1240999999999985,57.14285714285714
8198,45.41750000000002,6.916499999999985,44.285714285714285
8199,62.61989999999997,3.1084999999999923,58.57142857142858
8200,51.52709999999999,4.582300000000004,60.0
8201,52.35749999999999,5.628499999999988,54.285714285714285
8202,31.63670000000002,6.082400000000007,47.14285714285714
8203,71.0025,1.9809000000000054,61.42857142857143
8204,42.08730000000003,4.965599999999995,51.42857142857142
8205,58.006699999999995,3.6632000000000176,55.714285714285715
8206,19.3373,6.72420000000001,38.57142857142858
8207,70.36079999999998,4.344400000000007,67.14285714285714
8208,55.57530000000003,2.959399999999988,52.85714285714286
8209,55.38299999999998,4.405900000000003,55.714285714285715
8210,33.76420000000002,4.982399999999998,54.285714285714285
8211,43.36250000000001,4.966700000000003,48.57142857142857
8212,64.5392,3.2597999999999985,54.285714285714285
8213,81.87129999999999,2.1181000000000125,60.0
8214,56.3381,2.9225999999999885,50.0
8215,60.08940000000001,5.042199999999994,60.0
8216,81.33170000000001,4.317999999999984,58.57142857142858
8217,62.76140000000004,3.372799999999984,54.285714285714285
8218,47.22040000000001,5.960400000000007,50.0
8219,56.68349999999998,4.974999999999994,58.57142857142858
8220,72.59129999999999,4.6484999999999985,64.28571428571429
8221,61.77480000000003,4.229600000000005,58.57142857142858
8222,80.20439999999999,4.183900000000008,61.42857142857143
8223,50.97519999999997,4.869500000000002,55.714285714285715
8224,45.3314,4.364000000000004,51.42857142857142
8225,47.76399999999998,5.805900000000008,55.714285714285715
8226,49.082899999999995,3.066100000000006,42.857142857142854
8227,53.17240000000001,6.42179999999999,58.57142857142858
8228,57.495599999999996,3.490300000000005,60.0
8229,67.5419,2.529200000000003,70.0
8230,34.873500000000035,9.099799999999988,44.285714285714285
8231,67.22489999999999,3.6632000000000033,62.857142857142854
8232,68.33839999999998,5.775999999999996,58.57142857142858
8233,69.346,4.590499999999992,55.714285714285715
8234,43.399400000000014,3.7110999999999876,57.14285714285714
8235,51.922799999999995,2.7073000000000036,54.285714285714285
8236,65.92499999999998,4.240800000000007,58.57142857142858
8237,48.37889999999999,2.595700000000008,60.0
8238,51.94379999999998,3.37830000000001,51.42857142857142
8239,54.560900000000004,6.291300000000007,48.57142857142857
8240,69.96019999999999,3.6430000000000007,57.14285714285714
8241,64.9291,2.8830999999999847,54.285714285714285
8242,45.90639999999999,3.9805000000000064,55.714285714285715
8243,75.40080000000003,2.3401000000000067,62.857142857142854
8244,73.46180000000004,2.6319000000000017,60.0
8245,50.72300000000001,5.168799999999976,51.42857142857142
8246,34.43209999999999,5.399799999999999,45.714285714285715
8247,47.79220000000001,8.766100000000009,50.0
8248,48.51349999999999,5.284800000000018,51.42857142857142
8249,60.89659999999998,3.6077999999999975,55.714285714285715
8250,58.160000000000025,6.701299999999989,52.85714285714286
8251,69.95940000000002,3.768299999999982,52.85714285714286
8252,73.2373,2.4129000000000076,62.857142857142854
8253,72.15969999999999,5.109499999999997,57.14285714285714
8254,64.22579999999999,2.7683000000000106,57.14285714285714
8255,69.80509999999998,4.462699999999984,58.57142857142858
8256,76.0238,2.9978000000000122,64.28571428571429
8257,86.61829999999998,3.6554000000000144,64.28571428571429
8258,38.40519999999998,4.680900000000008,50.0
8259,37.49880000000002,4.875500000000002,45.714285714285715
8260,59.713900000000024,4.484399999999994,62.857142857142854
8261,84.18090000000001,2.950099999999992,70.0
8262,24.266000000000005,6.6214999999999975,47.14285714285714
8263,41.397999999999996,7.380799999999994,47.14285714285714
8264,65.47309999999999,3.66640000000001,58.57142857142858
8265,66.14850000000001,3.980499999999992,57.14285714285714
8266,62.45530000000002,2.4095000000000084,54.285714285714285
8267,60.02350000000001,6.0785999999999945,52.85714285714286
8268,77.64870000000002,2.7922000000000082,65.71428571428571
8269,40.0377,6.059799999999996,48.57142857142857
8270,76.77159999999998,2.561099999999982,58.57142857142858
8271,56.3073,4.582300000000004,58.57142857142858
8272,99.53959999999995,3.701899999999995,67.14285714285714
8273,50.06869999999998,5.554699999999997,60.0
8274,59.146000000000015,4.19489999999999,60.0
8275,55.44120000000001,2.6464,51.42857142857142
8276,58.086100000000016,4.929399999999987,57.14285714285714
8277,61.39179999999999,5.241900000000015,61.42857142857143
8278,49.367399999999975,6.556200000000004,52.85714285714286
8279,49.37710000000001,4.669200000000004,57.14285714285714
8280,65.6739,4.211500000000001,55.714285714285715
8281,56.89499999999998,3.641300000000001,60.0
8282,41.52010000000001,7.055300000000003,45.714285714285715
8283,65.72749999999996,3.696300000000008,62.857142857142854
8284,60.109200000000016,3.6491999999999933,58.57142857142858
8285,57.65680000000003,5.244100000000003,50.0
8286,61.22940000000003,4.9924000000000035,54.285714285714285
8287,42.63699999999997,4.420100000000005,48.57142857142857
8288,48.19920000000002,4.779699999999991,47.14285714285714
8289,52.394000000000005,5.039500000000004,57.14285714285714
8290,70.555,2.495599999999996,64.28571428571429
8291,73.11930000000001,3.556600000000003,61.42857142857143
8292,54.68899999999999,3.6432999999999964,57.14285714285714
8293,32.9417,2.3866000000000014,54.285714285714285
8294,52.370900000000006,2.646899999999988,54.285714285714285
8295,71.28589999999997,2.605200000000025,62.857142857142854
8296,48.5231,5.8870000000000005,57.14285714285714
8297,36.52320000000003,4.259699999999995,44.285714285714285
8298,46.6361,5.1006,54.285714285714285
8299,40.786,10.406599999999997,47.14285714285714
8300,49.438799999999986,5.047600000000003,50.0
8301,58.059,4.550600000000003,55.714285714285715
8302,64.48599999999996,3.6234000000000037,62.857142857142854
8303,52.2312,4.669700000000006,54.285714285714285
8304,34.8922,5.9649,45.714285714285715
8305,57.8562,4.760400000000004,57.14285714285714
8306,52.0393,8.165299999999988,57.14285714285714
8307,61.83979999999997,5.592100000000002,54.285714285714285
8308,41.286699999999996,6.686399999999992,48.57142857142857
8309,74.6833,3.6093000000000046,57.14285714285714
8310,67.3852,3.161900000000003,57.14285714285714
8311,87.13909999999998,3.2291000000000167,65.71428571428571
8312,51.31450000000001,5.175299999999993,51.42857142857142
8313,50.7337,5.4506000000000085,54.285714285714285
8314,49.14779999999999,3.556599999999989,51.42857142857142
8315,62.185100000000034,4.001499999999993,58.57142857142858
8316,23.501000000000005,4.680699999999987,42.857142857142854
8317,50.35079999999999,4.078999999999979,57.14285714285714
8318,62.60040000000001,3.477199999999982,55.714285714285715
8319,60.90010000000001,3.7952999999999975,50.0
8320,62.15989999999999,5.548900000000003,54.285714285714285
8321,63.8048,6.6174000000000035,55.714285714285715
8322,46.13570000000004,7.818299999999994,48.57142857142857
8323,47.54860000000002,4.628,47.14285714285714
8324,49.57060000000001,5.2176000000000045,55.714285714285715
8325,61.49459999999999,3.105399999999989,58.57142857142858
8326,50.52460000000002,6.353499999999997,55.714285714285715
8327,45.343399999999974,6.372600000000006,50.0
8328,76.77709999999999,6.047200000000004,61.42857142857143
8329,59.5549,4.685299999999998,58.57142857142858
8330,29.30250000000001,7.470199999999991,45.714285714285715
8331,32.81139999999999,5.044600000000003,47.14285714285714
8332,52.1215,4.795900000000003,57.14285714285714
8333,55.59270000000001,4.2303,55.714285714285715
8334,66.40880000000001,5.416899999999998,55.714285714285715
8335,59.559500000000014,3.3140000000000214,55.714285714285715
8336,72.7294,3.667900000000003,62.857142857142854
8337,89.71179999999995,4.038600000000002,61.42857142857143
8338,55.552099999999996,4.277500000000003,52.85714285714286
8339,67.43290000000002,4.555599999999998,60.0
8340,61.54279999999997,4.484399999999994,58.57142857142858
8341,58.43100000000001,3.327299999999994,60.0
8342,53.42160000000001,5.262899999999988,51.42857142857142
8343,62.573800000000006,4.6521999999999935,57.14285714285714
8344,54.78550000000001,4.215600000000009,58.57142857142858
8345,66.63310000000001,2.607599999999991,60.0
8346,40.69379999999998,6.142099999999985,50.0
8347,42.19659999999999,4.508299999999991,48.57142857142857
8348,47.6737,6.964300000000009,51.42857142857142
8349,79.51859999999999,3.712299999999999,64.28571428571429
8350,61.662199999999984,2.7272999999999854,57.14285714285714
8351,50.59,6.45920000000001,50.0
8352,43.384299999999996,3.287700000000001,48.57142857142857
8353,61.650000000000006,5.973700000000008,55.714285714285715
8354,79.8768,4.733200000000011,65.71428571428571
8355,79.67739999999998,2.188299999999998,58.57142857142858
8356,49.64440000000002,4.815399999999997,54.285714285714285
8357,71.65679999999998,2.4949000000000012,57.14285714285714
8358,41.43690000000001,2.67349999999999,42.857142857142854
8359,64.46870000000001,5.147800000000004,58.57142857142858
8360,62.816900000000004,4.0789999999999935,61.42857142857143
8361,38.550899999999984,8.016800000000003,50.0
8362,69.19239999999999,2.536200000000008,61.42857142857143
8363,59.101200000000006,5.531099999999981,54.285714285714285
8364,51.49810000000002,3.547499999999985,52.85714285714286
8365,56.7894,4.097999999999985,54.285714285714285
8366,50.4597,6.984200000000001,50.0
8367,58.208200000000005,4.488699999999994,60.0
8368,69.6132,4.6802000000000135,61.42857142857143
8369,40.6499,6.012799999999999,50.0
8370,57.606899999999996,6.49199999999999,55.714285714285715
8371,54.93130000000002,4.4679,50.0
8372,25.246499999999997,4.537899999999993,45.714285714285715
8373,54.309300000000036,2.6984000000000066,54.285714285714285
8374,46.937599999999975,6.028400000000033,51.42857142857142
8375,54.3767,7.606699999999989,54.285714285714285
8376,90.42240000000004,2.607599999999991,70.0
8377,46.4632,3.617500000000007,51.42857142857142
8378,40.45140000000001,7.149799999999999,48.57142857142857
8379,38.475600000000014,5.340499999999992,54.285714285714285
8380,59.382000000000005,3.6447000000000003,55.714285714285715
8381,67.09110000000001,2.836199999999991,58.57142857142858
8382,91.30009999999999,2.7580000000000098,61.42857142857143
8383,57.274,4.509900000000002,57.14285714285714
8384,38.578599999999994,4.616399999999999,57.14285714285714
8385,78.5018,2.523699999999991,67.14285714285714
8386,50.329200000000014,3.8874999999999886,57.14285714285714
8387,55.814299999999974,3.4144999999999897,58.57142857142858
8388,71.89749999999998,3.712299999999999,55.714285714285715
8389,39.50569999999999,5.606999999999999,48.57142857142857
8390,69.82319999999999,3.111000000000004,54.285714285714285
8391,61.859200000000016,3.5863000000000085,57.14285714285714
8392,81.66819999999998,3.981099999999998,68.57142857142857
8393,40.96439999999998,6.543900000000008,48.57142857142857
8394,57.84020000000001,5.25709999999998,60.0
8395,41.42010000000002,5.576099999999997,54.285714285714285
8396,69.97080000000003,2.9617999999999824,58.57142857142858
8397,42.69160000000002,7.458299999999994,51.42857142857142
8398,36.78280000000001,5.0035000000000025,45.714285714285715
8399,52.3494,2.9532999999999987,54.285714285714285
8400,53.680499999999995,3.611699999999999,50.0
8401,61.0754,2.835399999999993,67.14285714285714
8402,80.88529999999997,4.419899999999984,57.14285714285714
8403,81.31569999999996,4.680700000000002,65.71428571428571
8404,52.6823,4.366799999999984,55.714285714285715
8405,63.83030000000002,2.3401000000000067,58.57142857142858
8406,69.52850000000001,2.3401000000000067,67.14285714285714
8407,63.99349999999998,4.3160000000000025,54.285714285714285
8408,60.86489999999998,5.780799999999999,55.714285714285715
8409,37.167400000000015,5.783299999999997,48.57142857142857
8410,61.8116,6.310899999999975,55.714285714285715
8411,56.419899999999984,4.694900000000004,55.714285714285715
8412,64.44819999999999,5.5896000000000186,57.14285714285714
8413,43.8305,10.87769999999999,44.285714285714285
8414,70.12220000000002,2.4129000000000076,61.42857142857143
8415,34.99349999999998,4.470399999999998,48.57142857142857
8416,49.564599999999984,5.551200000000009,51.42857142857142
8417,34.45890000000003,4.742000000000019,44.285714285714285
8418,42.6892,4.414399999999986,47.14285714285714
8419,62.2362,5.193099999999987,50.0
8420,63.502200000000016,9.42889999999997,55.714285714285715
8421,47.48140000000001,3.1937999999999818,54.285714285714285
8422,60.314400000000006,6.177599999999998,61.42857142857143
8423,65.2826,4.959599999999995,61.42857142857143
8424,39.60300000000001,6.251199999999997,50.0
8425,47.67319999999998,2.836500000000001,51.42857142857142
8426,94.58389999999997,3.908999999999992,61.42857142857143
8427,50.3939,4.405000000000001,48.57142857142857
8428,45.420199999999994,4.421900000000022,52.85714285714286
8429,66.297,5.862899999999996,58.57142857142858
8430,76.01649999999998,2.242199999999997,60.0
8431,56.04380000000003,4.258799999999994,58.57142857142858
8432,66.86790000000002,3.439399999999978,54.285714285714285
8433,60.694800000000015,5.562999999999988,55.714285714285715
8434,62.30709999999999,4.730400000000003,61.42857142857143
8435,66.566,4.885700000000014,57.14285714285714
8436,73.39280000000002,7.360600000000005,58.57142857142858
8437,49.30990000000003,4.945999999999984,48.57142857142857
8438,60.623400000000004,4.055700000000002,58.57142857142858
8439,58.79400000000001,2.971499999999992,58.57142857142858
8440,68.46879999999999,3.7203999999999837,57.14285714285714
8441,65.69560000000001,3.3451999999999913,55.714285714285715
8442,61.67579999999998,5.420100000000005,62.857142857142854
8443,61.8236,4.068299999999994,58.57142857142858
8444,64.5146,2.6038000000000068,55.714285714285715
8445,52.84620000000001,5.129099999999994,51.42857142857142
8446,56.47660000000002,2.696300000000008,48.57142857142857
8447,39.43299999999999,8.593400000000003,50.0
8448,70.07339999999999,2.768299999999982,68.57142857142857
8449,29.71010000000001,7.8262,48.57142857142857
8450,46.309500000000014,4.54079999999999,52.85714285714286
8451,73.6028,3.8924999999999983,65.71428571428571
8452,80.46629999999999,4.491500000000002,60.0
8453,63.99599999999998,3.0325000000000273,57.14285714285714
8454,71.8818,2.3902999999999963,55.714285714285715
8455,44.010099999999994,3.946799999999996,51.42857142857142
8456,67.52169999999998,4.916399999999996,61.42857142857143
8457,31.7175,5.9277000000000015,50.0
8458,63.41290000000001,3.816599999999994,52.85714285714286
8459,60.97380000000001,2.8366999999999933,57.14285714285714
8460,76.28219999999999,2.953800000000001,60.0
8461,88.501,4.169900000000013,67.14285714285714
8462,33.199299999999994,4.8767,50.0
8463,18.1494,4.6096,42.857142857142854
8464,62.085200000000015,4.007899999999978,58.57142857142858
8465,69.63319999999999,3.56219999999999,65.71428571428571
8466,50.67629999999997,3.8027000000000157,51.42857142857142
8467,69.2559,2.7404999999999973,61.42857142857143
8468,57.83499999999998,3.6544999999999987,58.57142857142858
8469,68.35249999999996,3.5863999999999976,58.57142857142858
8470,65.97940000000003,4.073899999999995,51.42857142857142
8471,59.631399999999985,4.7601999999999975,58.57142857142858
8472,44.05930000000001,4.841899999999995,47.14285714285714
8473,55.619699999999995,4.3459,52.85714285714286
8474,55.33960000000002,2.5378000000000043,57.14285714285714
8475,59.988200000000006,3.240099999999998,57.14285714285714
8476,48.675700000000035,6.6118999999999915,50.0
8477,43.64610000000002,7.773399999999981,55.714285714285715
8478,48.6576,4.678599999999989,52.85714285714286
8479,49.900300000000016,3.9680000000000035,55.714285714285715
8480,48.41929999999999,4.215599999999995,51.42857142857142
8481,39.572299999999984,7.004899999999992,47.14285714285714
8482,43.73429999999999,5.0035000000000025,48.57142857142857
8483,33.284099999999995,4.9498999999999995,47.14285714285714
8484,48.93730000000002,4.813199999999995,51.42857142857142
8485,67.6226,2.9276999999999873,61.42857142857143
8486,42.25060000000002,4.963899999999995,51.42857142857142
8487,69.91269999999997,6.181999999999988,58.57142857142858
8488,37.3339,6.119199999999992,55.714285714285715
8489,91.65409999999997,3.1462999999999965,68.57142857142857
8490,70.55600000000004,2.7553000000000054,65.71428571428571
8491,52.13149999999999,6.457300000000004,54.285714285714285
8492,45.31609999999998,4.727400000000003,52.85714285714286
8493,74.01069999999999,3.1108999999999867,55.714285714285715
8494,70.79400000000001,4.215599999999995,58.57142857142858
8495,73.85209999999995,2.4694999999999823,60.0
8496,38.07830000000001,6.804400000000001,50.0
8497,63.18260000000001,3.796800000000019,65.71428571428571
8498,70.58990000000003,6.300600000000003,61.42857142857143
8499,83.50389999999999,5.3093000000000075,60.0
8500,65.95299999999997,2.611699999999999,62.857142857142854
8501,83.33229999999998,2.984199999999987,62.857142857142854
8502,57.323499999999996,4.437999999999988,55.714285714285715
8503,79.25810000000001,6.890300000000025,57.14285714285714
8504,29.15470000000002,10.993099999999998,44.285714285714285
8505,61.115099999999984,5.930000000000007,48.57142857142857
8506,51.84530000000001,3.1324000000000183,51.42857142857142
8507,91.01529999999997,1.738900000000001,68.57142857142857
8508,75.24739999999997,2.737099999999998,57.14285714285714
8509,46.042,5.252799999999979,51.42857142857142
8510,63.31229999999999,5.16089999999997,55.714285714285715
8511,66.6214,4.321699999999993,65.71428571428571
8512,44.646799999999985,6.1717000000000155,54.285714285714285
8513,86.06990000000002,2.242199999999997,70.0
8514,56.70949999999999,3.9679,54.285714285714285
8515,39.4915,7.123199999999997,47.14285714285714
8516,52.87810000000002,3.946799999999996,48.57142857142857
8517,66.47889999999998,5.8369,54.285714285714285
8518,76.4281,3.9420000000000073,67.14285714285714
8519,37.50050000000002,4.0049999999999955,45.714285714285715
8520,94.11449999999999,2.3401000000000067,64.28571428571429
8521,42.196500000000015,4.150300000000001,52.85714285714286
8522,87.93290000000002,2.7643999999999664,61.42857142857143
8523,38.967100000000016,8.720099999999974,55.714285714285715
8524,53.8545,4.7158000000000015,51.42857142857142
8525,80.70949999999999,4.868400000000008,61.42857142857143
8526,34.585200000000015,3.814300000000003,47.14285714285714
8527,56.5616,3.480400000000003,48.57142857142857
8528,38.7954,5.4021000000000186,52.85714285714286
8529,71.48169999999999,3.9983000000000004,57.14285714285714
8530,49.10370000000003,3.667900000000003,51.42857142857142
8531,97.96659999999997,3.866199999999992,71.42857142857143
8532,59.0771,3.6461999999999932,54.285714285714285
8533,51.65470000000002,6.253099999999989,55.714285714285715
8534,63.690199999999976,2.3400999999999925,57.14285714285714
8535,49.22030000000001,3.3126000000000033,54.285714285714285
8536,22.120100000000008,6.258200000000002,45.714285714285715
8537,75.28189999999995,2.714999999999975,62.857142857142854
8538,61.012700000000024,5.0323999999999955,54.285714285714285
8539,51.79970000000003,3.079099999999997,50.0
8540,76.149,4.0190000000000055,60.0
8541,45.59220000000005,4.719300000000004,51.42857142857142
8542,49.22890000000001,4.391999999999996,61.42857142857143
8543,87.23679999999996,2.6751999999999896,62.857142857142854
8544,55.544700000000006,2.242199999999997,65.71428571428571
8545,35.97070000000002,5.706000000000003,42.857142857142854
8546,37.151100000000014,6.113599999999991,48.57142857142857
8547,62.898600000000016,5.948699999999974,57.14285714285714
8548,65.53820000000002,3.819999999999993,58.57142857142858
8549,60.20750000000001,5.216700000000003,54.285714285714285
8550,31.697400000000016,6.070000000000007,47.14285714285714
8551,20.542600000000007,6.7483,32.857142857142854
8552,38.5702,4.509399999999999,44.285714285714285
8553,57.20969999999997,6.010200000000012,54.285714285714285
8554,41.527300000000025,5.272300000000001,45.714285714285715
8555,50.37459999999999,4.071200000000005,57.14285714285714
8556,35.536699999999996,5.563499999999991,44.285714285714285
8557,57.863200000000006,4.875799999999998,58.57142857142858
8558,39.444199999999995,3.712299999999999,50.0
8559,39.0522,4.032100000000014,48.57142857142857
8560,58.309000000000026,4.465599999999995,57.14285714285714
8561,53.258200000000016,2.7172000000000196,54.285714285714285
8562,42.474199999999996,5.974400000000003,45.714285714285715
8563,60.61329999999998,6.775800000000004,58.57142857142858
8564,49.26800000000003,3.8360000000000127,57.14285714285714
8565,29.192499999999995,6.817399999999992,42.857142857142854
8566,48.093500000000006,6.733999999999995,48.57142857142857
8567,62.776700000000005,2.9437999999999818,55.714285714285715
8568,54.981100000000026,4.263000000000005,54.285714285714285
8569,49.92230000000001,3.7021000000000015,55.714285714285715
8570,38.352599999999995,7.569700000000012,47.14285714285714
8571,80.22149999999999,3.0666999999999973,64.28571428571429
8572,44.43000000000001,2.8815000000000026,57.14285714285714
8573,53.382600000000025,7.386199999999974,57.14285714285714
8574,48.7088,4.6952,51.42857142857142
8575,81.0444,2.95950000000002,62.857142857142854
8576,62.93939999999998,2.9277000000000015,60.0
8577,65.6868,3.5049999999999955,54.285714285714285
8578,49.21249999999998,2.667199999999994,54.285714285714285
8579,37.857200000000006,4.091499999999996,47.14285714285714
8580,35.75219999999999,3.974800000000002,52.85714285714286
8581,52.97570000000002,3.2483999999999895,58.57142857142858
8582,60.74309999999997,3.980499999999992,55.714285714285715
8583,50.74459999999999,7.878900000000016,55.714285714285715
8584,20.907200000000003,10.843199999999996,37.142857142857146
8585,34.258399999999995,7.463799999999992,44.285714285714285
8586,64.06370000000001,4.530299999999983,52.85714285714286
8587,25.831700000000012,8.485799999999983,41.42857142857143
8588,61.955400000000026,3.942099999999982,58.57142857142858
8589,32.2244,4.468699999999998,48.57142857142857
8590,81.8442,2.2422000000000253,64.28571428571429
8591,70.6841,5.40209999999999,62.857142857142854
8592,63.4743,4.663399999999996,52.85714285714286
8593,38.01740000000001,9.213099999999997,48.57142857142857
8594,41.060900000000004,4.313699999999983,50.0
8595,31.803500000000014,5.84699999999998,42.857142857142854
8596,51.30360000000002,5.399399999999986,57.14285714285714
8597,50.468199999999996,3.452699999999993,55.714285714285715
8598,32.33620000000002,5.070699999999988,48.57142857142857
8599,72.59480000000002,2.8950000000000102,60.0
8600,58.3014,2.5831000000000017,64.28571428571429
8601,57.2192,4.981399999999994,58.57142857142858
8602,48.168300000000016,5.685599999999994,60.0
8603,63.389700000000005,2.7770000000000152,52.85714285714286
8604,46.47630000000001,5.747,54.285714285714285
8605,15.0445,10.324600000000004,44.285714285714285
8606,81.77659999999997,4.007899999999978,68.57142857142857
8607,61.904499999999985,4.713300000000004,57.14285714285714
8608,57.26770000000002,5.326300000000003,48.57142857142857
8609,46.54669999999999,2.1537000000000006,57.14285714285714
8610,58.9263,3.5593000000000075,54.285714285714285
8611,40.39350000000002,4.476299999999995,48.57142857142857
8612,72.69600000000003,5.421899999999994,61.42857142857143
8613,44.43439999999998,10.084999999999994,47.14285714285714
8614,31.004899999999992,5.274699999999996,51.42857142857142
8615,64.75230000000002,5.281600000000012,55.714285714285715
8616,60.21889999999999,4.824200000000005,58.57142857142858
8617,62.356600000000014,3.3011999999999944,62.857142857142854
8618,16.491100000000003,14.183800000000005,41.42857142857143
8619,54.325500000000034,4.4517999999999915,57.14285714285714
8620,57.185900000000004,4.9532999999999845,57.14285714285714
8621,40.13170000000002,4.655799999999999,50.0
8622,30.57250000000002,6.663199999999989,41.42857142857143
8623,50.34010000000001,4.825800000000001,54.285714285714285
8624,59.099699999999984,3.8245000000000005,57.14285714285714
8625,64.02640000000002,3.7642999999999915,54.285714285714285
8626,46.766700000000014,6.493200000000002,51.42857142857142
8627,66.98350000000005,3.2768999999999835,58.57142857142858
8628,63.7859,4.353499999999997,62.857142857142854
8629,65.0992,3.981099999999998,62.857142857142854
8630,57.50890000000001,3.6270000000000095,62.857142857142854
8631,48.254999999999995,5.605899999999991,42.857142857142854
8632,91.01789999999997,6.237899999999996,62.857142857142854
8633,57.97770000000003,4.501800000000003,48.57142857142857
8634,69.31709999999998,2.0267000000000053,62.857142857142854
8635,53.10589999999999,7.347499999999997,54.285714285714285
8636,64.03139999999999,3.066100000000006,51.42857142857142
8637,76.08599999999996,3.7652999999999963,67.14285714285714
8638,64.40800000000002,6.6559999999999775,57.14285714285714
8639,75.20599999999996,3.0186000000000064,60.0
8640,59.99509999999998,3.4059000000000026,54.285714285714285
8641,45.9623,3.981099999999998,47.14285714285714
8642,59.81020000000001,2.3401000000000067,54.285714285714285
8643,52.921400000000006,2.9731000000000023,57.14285714285714
8644,52.95690000000002,7.170999999999992,54.285714285714285
8645,48.133399999999995,5.220999999999975,45.714285714285715
8646,77.7584,3.761099999999999,64.28571428571429
8647,34.499300000000005,3.761099999999999,50.0
8648,75.85670000000002,3.399799999999999,58.57142857142858
8649,53.13410000000002,4.402299999999997,57.14285714285714
8650,61.8357,3.7363,54.285714285714285
8651,78.57389999999998,4.112499999999997,65.71428571428571
8652,44.4667,5.268400000000014,44.285714285714285
8653,38.813800000000015,3.6551999999999936,48.57142857142857
8654,31.719300000000004,5.218999999999994,47.14285714285714
8655,95.3554,2.3401000000000067,72.85714285714285
8656,36.49799999999999,6.764699999999991,41.42857142857143
8657,62.7876,4.49860000000001,60.0
8658,84.96640000000002,2.293799999999976,71.42857142857143
8659,75.0421,2.7636999999999716,62.857142857142854
8660,62.795000000000016,4.246400000000023,52.85714285714286
8661,32.96700000000001,4.3722000000000065,45.714285714285715
8662,67.7013,4.346800000000002,60.0
8663,70.7355,2.3482999999999947,60.0
8664,53.6592,2.4953999999999894,54.285714285714285
8665,43.20660000000001,7.497199999999992,55.714285714285715
8666,35.36970000000002,5.160899999999998,42.857142857142854
8667,59.26400000000001,3.7195000000000107,54.285714285714285
8668,46.320599999999985,4.522899999999993,52.85714285714286
8669,65.6172,3.569999999999993,61.42857142857143
8670,51.48889999999997,4.723399999999998,47.14285714285714
8671,45.538599999999974,3.8881999999999977,47.14285714285714
8672,57.19659999999999,4.203499999999991,55.714285714285715
8673,53.210800000000006,3.89909999999999,51.42857142857142
8674,67.0111,4.968699999999984,58.57142857142858
8675,74.02690000000001,2.1965000000000003,62.857142857142854
8676,65.13670000000002,3.3649000000000058,55.714285714285715
8677,30.6062,5.956400000000002,51.42857142857142
8678,77.05470000000003,3.415200000000027,54.285714285714285
8679,49.18090000000001,3.100399999999979,52.85714285714286
8680,41.73750000000001,4.743200000000002,52.85714285714286
8681,72.47610000000003,2.7941999999999894,61.42857142857143
8682,39.053,4.450700000000012,48.57142857142857
8683,39.29089999999999,5.461200000000019,48.57142857142857
8684,55.78109999999998,4.136600000000001,60.0
8685,35.40480000000002,2.7009999999999934,50.0
8686,42.9179,5.520600000000002,48.57142857142857
8687,51.42790000000002,4.197400000000002,58.57142857142858
8688,75.82779999999997,4.374599999999987,57.14285714285714
8689,70.41309999999999,4.502600000000001,57.14285714285714
8690,49.55279999999999,4.484399999999994,52.85714285714286
8691,39.13380000000001,4.671299999999988,42.857142857142854
8692,57.8553,5.530799999999999,55.714285714285715
8693,50.71180000000001,4.8200999999999965,54.285714285714285
8694,64.35199999999998,3.732800000000026,60.0
8695,39.40640000000002,4.450500000000005,55.714285714285715
8696,39.21570000000003,4.137799999999999,54.285714285714285
8697,54.705899999999986,2.4949000000000012,57.14285714285714
8698,35.12010000000001,6.274799999999999,47.14285714285714
8699,58.0052,5.605000000000018,62.857142857142854
8700,74.79519999999997,2.7637,60.0
8701,87.6825,4.7911,64.28571428571429
8702,72.25330000000002,2.607599999999991,65.71428571428571
8703,44.83439999999999,4.119700000000023,48.57142857142857
8704,61.52369999999999,2.838799999999992,57.14285714285714
8705,92.54849999999996,2.3400999999999925,71.42857142857143
8706,53.34049999999999,4.747299999999996,58.57142857142858
8707,53.8184,7.566500000000019,57.14285714285714
8708,42.619399999999985,6.903099999999995,57.14285714285714
8709,32.765600000000006,5.968499999999992,51.42857142857142
8710,46.734500000000025,3.9184999999999945,48.57142857142857
8711,42.977599999999995,4.8533999999999935,45.714285714285715
8712,56.6439,8.962499999999991,62.857142857142854
8713,45.941400000000016,4.818399999999997,48.57142857142857
8714,88.7629,4.568299999999994,58.57142857142858
8715,60.7441,3.5312999999999874,54.285714285714285
8716,48.0145,3.139799999999994,50.0
8717,48.66739999999999,8.545299999999997,61.42857142857143
8718,35.6105,8.442599999999999,45.714285714285715
8719,45.7088,4.590500000000006,54.285714285714285
8720,79.0206,6.224400000000003,57.14285714285714
8721,41.37520000000001,4.153100000000009,51.42857142857142
8722,50.276099999999985,9.308400000000006,48.57142857142857
8723,21.713599999999985,10.305700000000016,40.0
8724,54.40289999999999,4.3466999999999985,58.57142857142858
8725,43.31600000000003,6.463999999999999,44.285714285714285
8726,34.58260000000001,4.421599999999998,47.14285714285714
8727,55.75149999999999,3.7876999999999867,60.0
8728,49.745299999999986,7.186399999999992,54.285714285714285
8729,70.75630000000001,2.4406999999999925,60.0
8730,57.3124,7.315700000000007,47.14285714285714
8731,89.3049,3.3575000000000017,67.14285714285714
8732,61.056100000000015,5.078399999999988,61.42857142857143
8733,64.1662,2.242199999999997,67.14285714285714
8734,69.77879999999999,2.3401000000000067,60.0
8735,45.74880000000002,5.026099999999985,50.0
8736,61.71940000000001,2.8122000000000043,51.42857142857142
8737,54.0574,4.604200000000006,55.714285714285715
8738,44.391399999999976,6.114500000000007,52.85714285714286
8739,44.685100000000006,4.927000000000021,48.57142857142857
8740,49.281800000000004,3.837299999999999,52.85714285714286
8741,63.9179,2.3481000000000023,52.85714285714286
8742,68.66179999999991,5.357699999999994,65.71428571428571
8743,46.7124,5.14609999999999,54.285714285714285
8744,31.7706,8.7487,55.714285714285715
8745,44.5676,8.862899999999996,51.42857142857142
8746,55.34070000000003,2.7382999999999953,55.714285714285715
8747,39.99880000000002,4.971900000000005,44.285714285714285
8748,67.9981,2.0065000000000026,61.42857142857143
8749,36.239599999999996,2.9069000000000074,50.0
8750,99.12159999999997,4.837000000000003,62.857142857142854
8751,47.060599999999994,2.3619999999999948,57.14285714285714
8752,30.097199999999987,5.190399999999997,52.85714285714286
8753,59.498099999999994,3.474400000000003,54.285714285714285
8754,57.940799999999996,2.6464,58.57142857142858
8755,29.955099999999987,4.680199999999999,45.714285714285715
8756,86.89209999999997,3.811700000000002,67.14285714285714
8757,63.95949999999999,3.007499999999993,52.85714285714286
8758,63.96430000000001,2.319199999999995,57.14285714285714
8759,70.1728,3.477199999999982,58.57142857142858
8760,35.303500000000014,4.95059999999998,48.57142857142857
8761,49.76429999999999,2.7369999999999948,58.57142857142858
8762,65.3459,2.7637,61.42857142857143
8763,67.66310000000001,4.251500000000007,57.14285714285714
8764,53.3973,7.441600000000008,50.0
8765,84.53469999999999,3.230700000000013,60.0
8766,57.8595,6.263000000000005,55.714285714285715
8767,40.137400000000014,4.283200000000008,54.285714285714285
8768,42.718199999999996,6.042400000000001,50.0
8769,62.5523,2.7523000000000195,55.714285714285715
8770,42.735300000000024,4.085399999999993,45.714285714285715
8771,48.35609999999997,5.1632999999999925,52.85714285714286
8772,71.50119999999998,4.0789999999999935,58.57142857142858
8773,44.9666,8.732,51.42857142857142
8774,40.605200000000025,3.1595999999999975,45.714285714285715
8775,58.883500000000026,3.4913999999999987,61.42857142857143
8776,65.86680000000001,3.032499999999999,55.714285714285715
8777,69.42589999999998,3.923500000000004,62.857142857142854
8778,53.11830000000003,6.69489999999999,50.0
8779,36.15900000000002,8.650800000000004,42.857142857142854
8780,51.23519999999999,6.321899999999999,51.42857142857142
8781,55.6456,2.5386000000000024,42.857142857142854
8782,69.28449999999998,2.4202999999999975,60.0
8783,30.852599999999995,6.395300000000006,48.57142857142857
8784,38.65959999999998,4.582299999999975,52.85714285714286
8785,21.673699999999997,6.596899999999991,47.14285714285714
8786,60.303,5.883800000000008,58.57142857142858
8787,50.78970000000001,6.030499999999989,55.714285714285715
8788,56.17009999999999,5.368400000000008,55.714285714285715
8789,71.79749999999999,2.7793000000000347,60.0
8790,61.63720000000001,4.889400000000009,57.14285714285714
8791,37.64490000000001,5.834499999999991,52.85714285714286
8792,75.36239999999998,2.7446000000000197,62.857142857142854
8793,55.633200000000045,3.2087999999999965,55.714285714285715
8794,26.85300000000001,6.460799999999992,35.714285714285715
8795,64.44470000000001,3.1503000000000014,62.857142857142854
8796,90.27639999999997,2.242199999999997,65.71428571428571
8797,49.65930000000003,5.221599999999995,60.0
8798,57.272399999999976,6.059200000000004,60.0
8799,64.47140000000002,4.979000000000013,57.14285714285714
8800,71.08069999999998,3.581400000000002,57.14285714285714
8801,75.98410000000001,2.4739000000000146,65.71428571428571
8802,67.106,2.2593999999999994,58.57142857142858
8803,35.162800000000004,5.919799999999995,50.0
8804,48.450500000000005,4.241199999999992,48.57142857142857
8805,61.5496,3.789400000000029,58.57142857142858
8806,63.43239999999997,6.1414999999999935,61.42857142857143
8807,45.827,7.566500000000005,54.285714285714285
8808,71.54040000000003,3.8226999999999975,61.42857142857143
8809,73.86669999999998,3.8503000000000043,57.14285714285714
8810,43.9264,4.011099999999971,50.0
8811,70.47890000000001,4.115000000000009,57.14285714285714
8812,35.2551,5.641500000000008,47.14285714285714
8813,46.99550000000002,5.209599999999995,54.285714285714285
8814,51.78739999999999,4.785699999999991,52.85714285714286
8815,59.08590000000004,3.967899999999986,54.285714285714285
8816,61.13209999999998,4.383099999999999,52.85714285714286
8817,68.82820000000004,2.7642000000000166,62.857142857142854
8818,58.01400000000004,2.502299999999991,52.85714285714286
8819,67.56730000000002,4.347700000000003,58.57142857142858
8820,65.21270000000004,3.712299999999999,61.42857142857143
8821,59.158500000000004,5.1858,55.714285714285715
8822,66.66399999999999,4.311000000000007,57.14285714285714
8823,60.87159999999997,3.3011999999999944,60.0
8824,76.5737,2.013300000000001,61.42857142857143
8825,55.643399999999986,4.006799999999998,54.285714285714285
8826,56.041,4.373400000000004,60.0
8827,38.3073,10.097800000000007,48.57142857142857
8828,66.49779999999998,4.332499999999982,58.57142857142858
8829,53.204200000000014,2.0906999999999982,58.57142857142858
8830,52.30199999999999,5.879100000000008,54.285714285714285
8831,45.67399999999998,2.8739999999999952,57.14285714285714
8832,65.4828,6.163800000000009,58.57142857142858
8833,72.66049999999998,2.242199999999997,60.0
8834,70.4801,3.107699999999994,58.57142857142858
8835,50.34280000000001,4.078400000000002,54.285714285714285
8836,65.14010000000002,2.3446,60.0
8837,25.960000000000008,4.531899999999993,45.714285714285715
8838,39.746700000000004,5.137699999999995,52.85714285714286
8839,52.4487,5.446399999999997,54.285714285714285
8840,60.19039999999998,6.546300000000031,55.714285714285715
8841,34.09800000000001,6.8138000000000005,41.42857142857143
8842,55.05239999999998,2.6030999999999835,55.714285714285715
8843,66.59509999999997,3.716300000000004,64.28571428571429
8844,46.88209999999998,3.0323000000000206,48.57142857142857
8845,41.995900000000006,6.138800000000003,58.57142857142858
8846,57.465899999999976,5.895200000000017,61.42857142857143
8847,71.25729999999999,3.7123000000000275,64.28571428571429
8848,53.2628,4.762699999999995,58.57142857142858
8849,53.06030000000001,5.082999999999998,52.85714285714286
8850,63.1764,4.148399999999981,50.0
8851,62.070100000000025,4.124200000000002,54.285714285714285
8852,70.18199999999999,3.301200000000023,64.28571428571429
8853,39.6498,6.405000000000001,45.714285714285715
8854,63.34700000000001,2.4273000000000025,61.42857142857143
8855,79.8123,4.5531999999999755,68.57142857142857
8856,69.08879999999999,4.431600000000003,60.0
8857,80.78730000000002,2.5900999999999925,65.71428571428571
8858,62.528400000000005,3.2898999999999887,55.714285714285715
8859,30.065099999999973,5.869199999999992,45.714285714285715
8860,54.1173,5.005900000000011,54.285714285714285
8861,43.761300000000006,5.640899999999988,45.714285714285715
8862,57.225300000000004,2.2696000000000254,58.57142857142858
8863,61.12989999999999,3.467000000000013,54.285714285714285
8864,67.26650000000001,3.9811000000000263,61.42857142857143
8865,51.79239999999999,5.9101,58.57142857142858
8866,70.45180000000005,2.3401000000000067,68.57142857142857
8867,61.89949999999999,3.867199999999997,61.42857142857143
8868,48.264700000000005,5.676999999999964,47.14285714285714
8869,74.33509999999998,4.318100000000001,70.0
8870,62.26759999999999,3.1392999999999915,54.285714285714285
8871,34.327,4.313500000000005,45.714285714285715
8872,36.522700000000015,3.911200000000008,47.14285714285714
8873,53.41040000000001,5.5020000000000095,54.285714285714285
8874,57.1199,2.4257999999999953,60.0
8875,47.08479999999997,4.458200000000005,52.85714285714286
8876,35.99520000000001,10.735400000000013,51.42857142857142
8877,48.76319999999998,8.701400000000007,51.42857142857142
8878,58.47540000000001,2.8185000000000002,55.714285714285715
8879,56.3177,5.364199999999997,54.285714285714285
8880,64.0377,2.2422000000000253,58.57142857142858
8881,42.762400000000014,9.669600000000003,50.0
8882,53.788599999999974,2.5283000000000015,55.714285714285715
8883,44.787000000000006,7.080399999999997,48.57142857142857
8884,57.16240000000002,6.1976999999999975,50.0
8885,44.4239,3.754499999999993,52.85714285714286
8886,70.22539999999995,3.798500000000004,65.71428571428571
8887,55.601099999999974,3.6188999999999965,54.285714285714285
8888,47.07140000000001,1.7383000000000095,52.85714285714286
8889,55.8886,5.0398,50.0
8890,55.76850000000002,5.511199999999974,55.714285714285715
8891,54.6378,5.591300000000004,55.714285714285715
8892,52.165400000000005,2.552899999999994,55.714285714285715
8893,26.261799999999994,6.4694999999999965,47.14285714285714
8894,55.7774,2.6107000000000085,52.85714285714286
8895,46.216499999999996,4.037499999999994,60.0
8896,67.868,2.7948999999999984,60.0
8897,58.68700000000001,2.7073000000000036,57.14285714285714
8898,54.812899999999985,2.242199999999997,55.714285714285715
8899,51.09310000000002,2.640599999999978,55.714285714285715
8900,56.4461,4.810600000000008,52.85714285714286
8901,68.81410000000002,2.9705000000000155,60.0
8902,53.006699999999995,4.903099999999995,54.285714285714285
8903,81.75490000000002,3.8663000000000096,60.0
8904,55.30699999999999,4.418399999999991,54.285714285714285
8905,38.6566,4.669600000000003,47.14285714285714
8906,62.327499999999986,3.167599999999993,57.14285714285714
8907,72.92959999999997,4.079000000000008,58.57142857142858
8908,62.60079999999999,4.584099999999992,55.714285714285715
8909,79.11189999999999,5.831299999999999,61.42857142857143
8910,66.94920000000002,2.6529000000000025,60.0
8911,79.4049,3.7116999999999933,62.857142857142854
8912,43.1909,8.867599999999982,45.714285714285715
8913,36.64320000000001,6.048199999999994,47.14285714285714
8914,49.7089,2.7073000000000036,52.85714285714286
8915,64.30890000000002,5.305399999999992,55.714285714285715
8916,62.17260000000002,2.492199999999997,61.42857142857143
8917,82.52279999999999,5.241500000000002,61.42857142857143
8918,62.974999999999966,5.5428,55.714285714285715
8919,64.3457,3.8719999999999857,62.857142857142854
8920,73.9805,3.8873000000000104,61.42857142857143
8921,79.09939999999997,3.1350000000000193,65.71428571428571
8922,37.829999999999984,5.290199999999999,50.0
8923,20.249499999999998,9.322600000000008,47.14285714285714
8924,63.4374,3.8316999999999837,57.14285714285714
8925,28.759299999999996,5.9786,48.57142857142857
8926,55.54389999999998,5.799299999999988,61.42857142857143
8927,56.27590000000001,4.800700000000006,54.285714285714285
8928,43.93860000000001,7.369399999999999,52.85714285714286
8929,66.47840000000002,5.63239999999999,58.57142857142858
8930,62.126300000000015,5.900199999999984,60.0
8931,84.89049999999997,2.4656999999999982,68.57142857142857
8932,61.03309999999999,5.082599999999985,54.285714285714285
8933,51.69720000000001,4.502600000000001,52.85714285714286
8934,74.62299999999999,3.414500000000004,61.42857142857143
8935,59.71879999999999,5.321300000000008,55.714285714285715
8936,36.34970000000001,7.542599999999993,50.0
8937,57.54830000000001,4.340900000000005,58.57142857142858
8938,41.328599999999994,6.349999999999994,44.285714285714285
8939,78.51329999999996,2.9344000000000108,67.14285714285714
8940,51.379400000000004,4.7714,57.14285714285714
8941,45.375699999999995,5.215499999999992,52.85714285714286
8942,69.81599999999997,3.3581000000000074,62.857142857142854
8943,55.14149999999998,3.1069999999999993,60.0
8944,48.79079999999999,4.385400000000004,51.42857142857142
8945,67.9844,3.8012999999999977,64.28571428571429
8946,72.58860000000001,2.6178000000000026,62.857142857142854
8947,68.2482,2.8666000000000054,61.42857142857143
8948,63.184499999999986,3.704900000000009,54.285714285714285
8949,80.73840000000001,2.3401000000000067,70.0
8950,39.31,5.666799999999995,48.57142857142857
8951,76.13359999999997,4.158600000000007,62.857142857142854
8952,53.92959999999999,6.916199999999989,52.85714285714286
8953,54.473299999999995,4.3186000000000035,51.42857142857142
8954,67.98310000000001,3.899000000000001,61.42857142857143
8955,57.50040000000001,3.5157000000000096,51.42857142857142
8956,74.0532,4.626299999999986,62.857142857142854
8957,54.7945,5.0672,57.14285714285714
8958,50.93610000000001,4.216000000000008,57.14285714285714
8959,41.87100000000001,4.6096999999999895,51.42857142857142
8960,85.71089999999998,3.7122999999999706,64.28571428571429
8961,48.33619999999999,3.6668999999999983,50.0
8962,60.61190000000002,4.898600000000002,51.42857142857142
8963,60.51920000000001,4.805700000000002,48.57142857142857
8964,71.0213,4.467399999999998,55.714285714285715
8965,39.77629999999999,3.8186999999999927,51.42857142857142
8966,46.0727,7.0900999999999925,50.0
8967,60.210800000000006,3.980499999999978,51.42857142857142
8968,64.00709999999998,3.1593000000000018,61.42857142857143
8969,79.22079999999997,3.7434000000000083,67.14285714285714
8970,48.7937,6.406199999999984,60.0
8971,51.248699999999985,3.132199999999983,50.0
8972,73.39939999999996,3.7117000000000075,68.57142857142857
8973,62.21879999999999,5.075800000000001,62.857142857142854
8974,64.24100000000001,5.300399999999996,58.57142857142858
8975,60.87099999999998,5.210300000000018,52.85714285714286
8976,45.547799999999995,4.352599999999995,51.42857142857142
8977,50.5994,4.879500000000007,55.714285714285715
8978,64.84929999999997,2.242199999999997,60.0
8979,41.340899999999976,4.8155,50.0
8980,39.93490000000003,5.0660000000000025,54.285714285714285
8981,55.379999999999995,2.7398999999999916,52.85714285714286
8982,43.8116,7.123599999999982,47.14285714285714
8983,37.62310000000002,5.637600000000006,50.0
8984,29.946300000000008,8.203400000000002,47.14285714285714
8985,59.51419999999996,4.81989999999999,58.57142857142858
8986,48.75040000000001,3.966799999999992,55.714285714285715
8987,19.0325,9.501499999999993,45.714285714285715
8988,83.54249999999996,2.5165000000000077,61.42857142857143
8989,59.77019999999999,5.653599999999997,60.0
8990,50.976,10.2787,52.85714285714286
8991,75.22129999999999,2.8267999999999915,67.14285714285714
8992,65.96379999999999,2.242199999999997,62.857142857142854
8993,77.50350000000003,2.308400000000006,64.28571428571429
8994,48.42499999999998,6.127599999999987,50.0
8995,74.56079999999997,5.9375,62.857142857142854
8996,67.30710000000002,3.252400000000023,55.714285714285715
8997,55.23520000000002,7.807899999999989,51.42857142857142
8998,54.38140000000001,3.1576999999999913,54.285714285714285
8999,33.9521,3.497,50.0
9000,29.078000000000003,4.521100000000004,40.0
9001,81.5644,4.158199999999994,58.57142857142858
9002,60.38480000000001,2.617599999999996,54.285714285714285
9003,59.622600000000034,5.339700000000008,54.285714285714285
9004,29.957600000000014,4.855899999999991,44.285714285714285
9005,57.66629999999998,4.12530000000001,52.85714285714286
9006,41.572900000000004,6.135100000000008,52.85714285714286
9007,70.84289999999999,2.242199999999997,61.42857142857143
9008,58.65719999999999,3.0320000000000107,64.28571428571429
9009,82.86770000000001,3.5341999999999985,62.857142857142854
9010,54.25110000000004,2.9545999999999992,47.14285714285714
9011,67.1216,4.313500000000005,57.14285714285714
9012,85.62839999999994,3.761099999999999,67.14285714285714
9013,49.40379999999999,2.458999999999989,57.14285714285714
9014,52.988,3.360900000000001,52.85714285714286
9015,34.9443,7.345700000000008,50.0
9016,71.56480000000002,2.242199999999997,57.14285714285714
9017,51.874300000000005,2.493300000000005,57.14285714285714
9018,37.5436,7.738399999999999,45.714285714285715
9019,77.6993,4.171900000000008,65.71428571428571
9020,46.87219999999999,3.4772000000000105,54.285714285714285
9021,63.3699,3.4209999999999923,54.285714285714285
9022,31.92920000000001,5.022800000000004,47.14285714285714
9023,58.27619999999999,2.5285999999999973,52.85714285714286
9024,22.905500000000004,4.7764000000000095,45.714285714285715
9025,34.92239999999998,8.456799999999987,51.42857142857142
9026,59.55169999999998,4.558400000000006,52.85714285714286
9027,57.662800000000004,4.031000000000006,58.57142857142858
9028,74.33799999999997,3.805400000000006,64.28571428571429
9029,43.520700000000005,8.300300000000007,55.714285714285715
9030,64.43810000000002,3.9938999999999965,64.28571428571429
9031,21.72200000000001,4.6063000000000045,40.0
9032,69.04600000000005,2.442500000000024,57.14285714285714
9033,67.57309999999998,4.849800000000002,57.14285714285714
9034,62.42240000000001,5.747799999999984,57.14285714285714
9035,69.11419999999998,3.342899999999986,60.0
9036,53.4384,6.005300000000005,47.14285714285714
9037,68.59129999999999,2.879099999999994,55.714285714285715
9038,39.01740000000001,5.181200000000004,57.14285714285714
9039,50.55090000000001,6.020700000000005,54.285714285714285
9040,52.356300000000005,5.689099999999996,55.714285714285715
9041,48.294399999999996,6.70950000000002,51.42857142857142
9042,56.90179999999998,4.897500000000008,54.285714285714285
9043,77.15780000000001,2.944500000000005,58.57142857142858
9044,79.41570000000002,4.363599999999991,64.28571428571429
9045,69.76500000000001,2.5956999999999937,57.14285714285714
9046,56.429899999999975,3.801400000000001,52.85714285714286
9047,42.6884,2.88930000000002,51.42857142857142
9048,69.94819999999999,2.4244000000000057,60.0
9049,42.06030000000001,3.8229999999999933,50.0
9050,50.27859999999998,5.574999999999989,50.0
9051,61.53110000000004,6.1541,55.714285714285715
9052,64.29250000000002,2.3401000000000067,54.285714285714285
9053,38.35319999999999,5.921800000000005,51.42857142857142
9054,34.5865,8.570700000000002,42.857142857142854
9055,73.8913,2.8085999999999984,57.14285714285714
9056,44.808700000000016,6.55019999999999,51.42857142857142
9057,87.10889999999995,4.99169999999998,70.0
9058,64.03479999999999,3.5763000000000034,61.42857142857143
9059,79.16389999999998,4.24969999999999,62.857142857142854
9060,68.12299999999999,2.8815000000000026,61.42857142857143
9061,65.0661,4.679000000000002,61.42857142857143
9062,57.84030000000001,2.1706000000000074,58.57142857142858
9063,64.78550000000001,4.669199999999989,61.42857142857143
9064,80.0298,3.2881000000000142,65.71428571428571
9065,45.561499999999995,6.611999999999995,50.0
9066,70.73919999999998,3.569999999999993,60.0
9067,51.369200000000035,3.787700000000001,52.85714285714286
9068,44.89950000000002,4.722999999999985,50.0
9069,47.04310000000001,5.046999999999997,50.0
9070,47.516400000000004,3.2086999999999932,60.0
9071,46.773199999999974,4.836500000000001,51.42857142857142
9072,53.779799999999994,5.252700000000004,54.285714285714285
9073,40.8108,3.536599999999993,48.57142857142857
9074,54.323199999999986,3.6287999999999982,60.0
9075,43.04929999999999,6.039300000000011,54.285714285714285
9076,43.3982,6.916500000000013,55.714285714285715
9077,59.015600000000006,3.8370000000000033,57.14285714285714
9078,48.880499999999984,2.6093999999999937,55.714285714285715
9079,59.767600000000016,3.761099999999999,61.42857142857143
9080,49.2594,5.266600000000011,51.42857142857142
9081,45.13980000000001,5.227699999999999,48.57142857142857
9082,62.612900000000025,3.739599999999996,55.714285714285715
9083,48.18179999999998,2.8555000000000064,52.85714285714286
9084,85.43409999999997,2.5833999999999975,68.57142857142857
9085,55.10989999999998,3.9047999999999945,54.285714285714285
9086,63.26909999999998,3.521800000000013,60.0
9087,29.851100000000002,6.523299999999992,47.14285714285714
9088,37.78150000000002,4.417299999999997,50.0
9089,38.32000000000002,5.508799999999994,55.714285714285715
9090,27.9966,4.8962999999999965,45.714285714285715
9091,70.05099999999999,4.163999999999987,54.285714285714285
9092,79.15920000000003,4.528700000000001,58.57142857142858
9093,57.50460000000001,2.8348000000000013,57.14285714285714
9094,47.38380000000001,3.6936999999999784,54.285714285714285
9095,56.83940000000001,4.078399999999988,57.14285714285714
9096,50.0941,4.374799999999993,60.0
9097,61.945700000000016,3.3506,62.857142857142854
9098,73.23439999999997,3.781800000000004,61.42857142857143
9099,37.16539999999998,5.288600000000002,48.57142857142857
9100,55.90560000000002,7.0671999999999855,57.14285714285714
9101,50.58849999999998,4.454900000000009,55.714285714285715
9102,56.659100000000024,4.733499999999992,52.85714285714286
9103,45.211100000000044,5.379400000000004,41.42857142857143
9104,64.05619999999999,3.2587000000000046,61.42857142857143
9105,79.12899999999996,2.3401000000000067,60.0
9106,65.5008,3.344399999999993,61.42857142857143
9107,70.9161,2.6363000000000056,67.14285714285714
9108,95.06929999999994,3.4587999999999965,71.42857142857143
9109,44.49800000000005,6.018799999999999,47.14285714285714
9110,50.615099999999984,4.634100000000004,57.14285714285714
9111,63.31130000000002,4.013500000000008,62.857142857142854
9112,30.6584,5.948400000000007,48.57142857142857
9113,79.51429999999999,2.652000000000001,58.57142857142858
9114,59.640900000000016,2.4096000000000117,57.14285714285714
9115,54.26349999999999,1.738900000000001,64.28571428571429
9116,54.938199999999995,7.025000000000006,55.714285714285715
9117,57.072100000000006,6.5434999999999945,55.714285714285715
9118,54.88929999999999,4.533699999999996,61.42857142857143
9119,50.1816,4.349899999999991,51.42857142857142
9120,74.11239999999998,2.7487999999999886,67.14285714285714
9121,70.24289999999999,4.738200000000006,58.57142857142858
9122,44.542700000000025,6.714800000000011,51.42857142857142
9123,43.0061,9.809200000000004,51.42857142857142
9124,68.58089999999999,2.0064999999999884,57.14285714285714
9125,61.685,3.1071000000000026,57.14285714285714
9126,56.56330000000003,3.2308999999999912,52.85714285714286
9127,22.249899999999997,7.576599999999999,48.57142857142857
9128,69.26180000000002,4.661699999999996,55.714285714285715
9129,46.75189999999998,5.192100000000011,52.85714285714286
9130,59.64840000000001,3.3285999999999945,57.14285714285714
9131,65.20209999999997,4.5016000000000105,60.0
9132,91.05009999999999,4.329000000000008,72.85714285714285
9133,70.7604,4.923500000000018,58.57142857142858
9134,55.761300000000034,3.581400000000002,48.57142857142857
9135,61.01170000000002,2.4202999999999975,55.714285714285715
9136,72.05330000000001,3.052800000000005,61.42857142857143
9137,52.64840000000001,4.0367999999999995,50.0
9138,51.42009999999999,2.6055000000000064,61.42857142857143
9139,68.83690000000001,3.218199999999996,58.57142857142858
9140,51.76920000000001,5.046200000000013,51.42857142857142
9141,55.8047,4.216800000000006,50.0
9142,56.30959999999999,5.3992999999999824,60.0
9143,36.878600000000006,8.081000000000003,50.0
9144,36.334599999999995,7.833699999999993,51.42857142857142
9145,52.488399999999984,7.539800000000014,55.714285714285715
9146,65.88449999999997,2.7306000000000097,61.42857142857143
9147,55.149,5.070999999999998,58.57142857142858
9148,40.969600000000014,6.570799999999991,55.714285714285715
9149,52.57679999999999,2.8419999999999987,54.285714285714285
9150,85.33369999999996,4.128299999999996,61.42857142857143
9151,60.0667,3.981099999999998,55.714285714285715
9152,55.1926,3.1701000000000192,54.285714285714285
9153,54.09609999999998,4.743800000000007,55.714285714285715
9154,75.4145,3.889700000000005,60.0
9155,43.012699999999995,9.042600000000007,54.285714285714285
9156,45.6199,4.569099999999992,52.85714285714286
9157,83.73410000000001,3.10390000000001,64.28571428571429
9158,26.40650000000001,5.595500000000001,44.285714285714285
9159,34.0042,8.998800000000017,50.0
9160,49.31190000000004,3.8888000000000034,48.57142857142857
9161,74.28390000000002,5.055700000000002,61.42857142857143
9162,60.092100000000016,2.647500000000008,51.42857142857142
9163,55.986399999999975,3.409099999999995,58.57142857142858
9164,69.29269999999997,2.3740000000000236,62.857142857142854
9165,66.42079999999999,4.5020000000000095,55.714285714285715
9166,61.67009999999999,2.290399999999991,55.714285714285715
9167,60.43980000000002,5.808099999999968,54.285714285714285
9168,61.789600000000036,6.4666,60.0
9169,67.9065,5.809699999999964,67.14285714285714
9170,71.69259999999997,3.881999999999991,61.42857142857143
9171,60.56300000000002,4.213899999999995,54.285714285714285
9172,59.39140000000003,5.04010000000001,48.57142857142857
9173,45.51340000000002,7.805299999999988,54.285714285714285
9174,45.77690000000001,4.241199999999992,52.85714285714286
9175,92.71350000000001,3.4365999999999985,68.57142857142857
9176,85.48270000000002,2.777699999999996,62.857142857142854
9177,84.41249999999997,3.383999999999986,64.28571428571429
9178,46.74060000000003,4.737599999999986,54.285714285714285
9179,60.37950000000001,3.2249999999999943,58.57142857142858
9180,65.4357,3.6602999999999923,62.857142857142854
9181,51.50450000000001,5.013999999999996,51.42857142857142
9182,50.3981,4.0789999999999935,55.714285714285715
9183,50.49080000000001,3.3140000000000214,54.285714285714285
9184,64.02780000000001,2.3985999999999876,61.42857142857143
9185,67.09019999999998,2.5889000000000095,60.0
9186,66.54990000000004,4.8870000000000005,57.14285714285714
9187,31.65950000000001,3.3292,50.0
9188,87.80869999999999,3.2560000000000002,62.857142857142854
9189,52.20239999999998,4.545199999999994,52.85714285714286
9190,82.4434,3.9805000000000064,64.28571428571429
9191,69.76310000000001,2.748800000000017,62.857142857142854
9192,65.3089,4.0349000000000075,55.714285714285715
9193,39.51510000000002,5.554399999999987,50.0
9194,50.26079999999999,8.7359,52.85714285714286
9195,46.1447,3.448999999999984,47.14285714285714
9196,75.96429999999998,4.079000000000008,65.71428571428571
9197,45.73150000000001,6.0782999999999845,45.714285714285715
9198,73.0368,3.711699999999979,60.0
9199,71.93870000000001,3.032600000000002,60.0
9200,26.64240000000001,7.754499999999993,44.285714285714285
9201,42.83949999999999,3.980499999999978,51.42857142857142
9202,46.09,4.1614999999999895,48.57142857142857
9203,74.1719,2.3855999999999824,62.857142857142854
9204,50.099199999999996,7.568399999999997,50.0
9205,51.35050000000001,4.281000000000006,54.285714285714285
9206,68.88999999999999,3.0449000000000126,60.0
9207,94.56819999999999,4.734399999999994,65.71428571428571
9208,47.0659,5.4739999999999895,55.714285714285715
9209,76.255,3.246299999999991,62.857142857142854
9210,47.29329999999999,4.44580000000002,57.14285714285714
9211,47.75369999999998,5.1484999999999985,60.0
9212,59.45890000000003,3.227100000000007,58.57142857142858
9213,78.8332,2.3400999999999925,61.42857142857143
9214,68.79489999999998,4.425699999999992,54.285714285714285
9215,63.9975,4.996399999999994,57.14285714285714
9216,83.58560000000003,3.3858999999999924,67.14285714285714
9217,68.7328,3.4458000000000197,60.0
9218,56.71000000000001,3.4772000000000105,55.714285714285715
9219,66.33189999999999,2.784400000000005,61.42857142857143
9220,60.691700000000026,2.4318000000000097,54.285714285714285
9221,61.524699999999996,1.6432000000000073,60.0
9222,63.54450000000003,4.333099999999973,55.714285714285715
9223,53.0403,4.747899999999987,52.85714285714286
9224,65.28629999999998,4.298300000000012,60.0
9225,42.60389999999998,4.423299999999998,48.57142857142857
9226,60.81819999999999,4.108200000000011,57.14285714285714
9227,52.30520000000001,2.3482999999999947,58.57142857142858
9228,66.49079999999998,3.9517000000000024,61.42857142857143
9229,69.15320000000003,5.134,57.14285714285714
9230,36.4734,3.639399999999995,45.714285714285715
9231,42.57129999999998,9.746199999999988,55.714285714285715
9232,47.851699999999994,3.9813999999999936,61.42857142857143
9233,43.18689999999998,6.127499999999998,50.0
9234,65.10830000000001,4.078900000000004,57.14285714285714
9235,76.33319999999998,4.078400000000016,60.0
9236,49.56200000000001,3.5704000000000065,55.714285714285715
9237,79.30759999999995,2.836200000000005,61.42857142857143
9238,63.68039999999996,3.7458000000000027,58.57142857142858
9239,59.39760000000004,5.95920000000001,58.57142857142858
9240,46.76390000000001,2.907899999999998,48.57142857142857
9241,60.55619999999999,3.1298000000000172,57.14285714285714
9242,70.69819999999999,2.3401000000000067,64.28571428571429
9243,23.255300000000005,8.897999999999996,34.285714285714285
9244,65.52409999999998,4.884699999999995,61.42857142857143
9245,60.516099999999994,4.234000000000009,62.857142857142854
9246,56.684799999999996,6.912499999999994,57.14285714285714
9247,36.31030000000001,3.4351999999999805,51.42857142857142
9248,34.712800000000016,4.124799999999993,52.85714285714286
9249,74.5487,2.7161999999999864,61.42857142857143
9250,30.239100000000008,5.155900000000003,48.57142857142857
9251,36.804100000000005,4.154699999999991,47.14285714285714
9252,45.502399999999994,4.166699999999992,54.285714285714285
9253,59.50389999999999,4.916499999999985,57.14285714285714
9254,72.5333,2.7388999999999726,55.714285714285715
9255,49.872000000000014,3.667900000000003,48.57142857142857
9256,78.1697,3.0553999999999917,60.0
9257,45.70009999999999,4.2684,52.85714285714286
9258,76.5462,4.046800000000005,67.14285714285714
9259,89.30169999999998,2.3401000000000067,68.57142857142857
9260,57.737599999999986,3.0206000000000017,57.14285714285714
9261,53.23150000000001,3.663199999999989,47.14285714285714
9262,62.31830000000002,3.393599999999992,55.714285714285715
9263,74.47140000000002,2.547399999999996,61.42857142857143
9264,93.73949999999996,3.667900000000003,62.857142857142854
9265,54.551800000000014,4.213799999999992,51.42857142857142
9266,52.04710000000003,6.621799999999979,52.85714285714286
9267,83.65209999999999,2.5285999999999973,71.42857142857143
9268,55.48230000000001,5.7091000000000065,55.714285714285715
9269,64.869,4.5809,55.714285714285715
9270,74.8812,4.388699999999972,54.285714285714285
9271,50.467600000000004,5.088400000000007,51.42857142857142
9272,53.592900000000014,4.830700000000007,52.85714285714286
9273,52.360300000000024,7.595600000000005,51.42857142857142
9274,39.52709999999999,3.9207999999999856,44.285714285714285
9275,43.75120000000001,4.813299999999998,57.14285714285714
9276,42.1952,3.7319999999999993,54.285714285714285
9277,66.22660000000002,2.46459999999999,58.57142857142858
9278,22.38390000000001,4.509399999999999,50.0
9279,57.14329999999998,4.068000000000012,54.285714285714285
9280,28.23570000000001,4.553200000000004,44.285714285714285
9281,51.94479999999999,2.7727000000000004,61.42857142857143
9282,82.20989999999998,2.7637,70.0
9283,63.3073,3.0368999999999886,60.0
9284,36.622900000000016,6.877300000000005,50.0
9285,60.58239999999998,2.8740000000000094,57.14285714285714
9286,57.50749999999999,6.1884000000000015,57.14285714285714
9287,48.530399999999986,6.621400000000008,54.285714285714285
9288,61.443100000000015,2.3401000000000067,61.42857142857143
9289,54.8622,6.9202999999999975,58.57142857142858
9290,75.75800000000001,3.815100000000001,64.28571428571429
9291,32.209900000000005,7.364900000000006,40.0
9292,35.9435,4.506,51.42857142857142
9293,62.544700000000006,3.88239999999999,60.0
9294,73.22189999999998,3.143100000000004,60.0
9295,75.76140000000001,3.2394999999999925,57.14285714285714
9296,49.158800000000014,3.2948999999999984,50.0
9297,62.96049999999997,6.588899999999967,51.42857142857142
9298,52.565499999999986,6.1144999999999925,52.85714285714286
9299,46.51940000000002,5.330100000000002,52.85714285714286
9300,54.56389999999999,4.773400000000009,52.85714285714286
9301,67.08859999999999,2.9749999999999943,62.857142857142854
9302,76.35919999999999,2.9258999999999844,55.714285714285715
9303,48.29940000000002,5.587699999999998,57.14285714285714
9304,50.315799999999996,7.1551000000000045,52.85714285714286
9305,64.6175,5.640299999999996,58.57142857142858
9306,50.05970000000002,4.814000000000007,47.14285714285714
9307,83.763,3.6539999999999964,61.42857142857143
9308,60.2809,3.711699999999979,62.857142857142854
9309,57.61349999999996,5.70089999999999,57.14285714285714
9310,62.381399999999985,2.3906000000000063,57.14285714285714
9311,50.130499999999984,3.853400000000022,60.0
9312,74.4674,2.4043999999999954,71.42857142857143
9313,56.73519999999999,3.367999999999995,54.285714285714285
9314,58.834900000000005,2.7785999999999973,50.0
9315,52.67390000000003,4.509699999999995,51.42857142857142
9316,57.52510000000001,3.248199999999997,57.14285714285714
9317,59.60040000000001,6.029899999999998,62.857142857142854
9318,28.901700000000005,6.994500000000002,45.714285714285715
9319,60.7542,3.7764999999999986,60.0
9320,77.49489999999997,2.2421999999999684,67.14285714285714
9321,45.186499999999995,8.470600000000005,57.14285714285714
9322,33.97739999999999,4.120999999999995,47.14285714285714
9323,54.468800000000044,2.696600000000018,58.57142857142858
9324,19.028099999999995,7.032599999999988,37.142857142857146
9325,62.82069999999999,2.2335999999999956,55.714285714285715
9326,54.35540000000003,3.5249000000000024,51.42857142857142
9327,46.364000000000004,4.250200000000007,54.285714285714285
9328,41.96100000000001,4.590899999999991,51.42857142857142
9329,76.94280000000003,2.8833999999999946,58.57142857142858
9330,81.52289999999999,2.795300000000026,65.71428571428571
9331,60.18009999999998,4.30019999999999,61.42857142857143
9332,55.85400000000001,5.051600000000008,57.14285714285714
9333,43.49449999999999,4.761700000000005,48.57142857142857
9334,68.78709999999998,2.7404999999999973,60.0
9335,39.71780000000001,5.085700000000003,54.285714285714285
9336,46.71139999999997,2.989699999999999,60.0
9337,52.871500000000026,5.384399999999999,51.42857142857142
9338,51.7004,4.052000000000007,50.0
9339,49.983900000000006,5.240000000000009,52.85714285714286
9340,62.27420000000001,3.4620999999999924,58.57142857142858
9341,62.829800000000006,5.28400000000002,55.714285714285715
9342,72.47430000000003,4.215599999999995,61.42857142857143
9343,73.3749,5.268500000000003,58.57142857142858
9344,25.140100000000004,7.8400999999999925,45.714285714285715
9345,71.14789999999999,2.3401000000000067,60.0
9346,72.0409,4.841000000000008,58.57142857142858
9347,49.37610000000001,7.941699999999997,51.42857142857142
9348,50.9571,3.9569000000000045,55.714285714285715
9349,61.36530000000002,4.831699999999998,57.14285714285714
9350,54.34879999999998,2.588300000000004,57.14285714285714
9351,62.77970000000002,3.712299999999999,58.57142857142858
9352,63.492200000000025,2.3401000000000067,61.42857142857143
9353,82.96789999999999,3.349899999999991,60.0
9354,58.172000000000025,2.630599999999987,55.714285714285715
9355,44.80630000000002,3.427099999999996,47.14285714285714
9356,94.90679999999998,3.2435999999999865,70.0
9357,66.40529999999998,3.2587000000000046,61.42857142857143
9358,57.04180000000002,5.2956999999999965,55.714285714285715
9359,63.47999999999999,2.7321000000000026,58.57142857142858
9360,49.089200000000005,4.505499999999984,55.714285714285715
9361,71.6191,4.120800000000003,64.28571428571429
9362,48.2869,3.9591999999999956,52.85714285714286
9363,35.2552,6.032800000000009,50.0
9364,58.164800000000014,4.132899999999992,54.285714285714285
9365,71.36610000000002,2.8359000000000094,62.857142857142854
9366,47.82909999999998,4.992000000000004,51.42857142857142
9367,43.82839999999999,4.507300000000001,48.57142857142857
9368,49.060299999999984,6.544499999999999,52.85714285714286
9369,38.82230000000001,6.526099999999985,44.285714285714285
9370,35.49260000000001,6.8644999999999925,48.57142857142857
9371,43.7928,5.558800000000005,54.285714285714285
9372,43.28999999999999,6.028199999999998,52.85714285714286
9373,46.61070000000001,5.0530000000000115,51.42857142857142
9374,70.7912,4.932199999999995,58.57142857142858
9375,67.21339999999998,2.9203999999999866,62.857142857142854
9376,41.7355,2.5609999999999786,55.714285714285715
9377,44.60300000000001,4.744500000000002,55.714285714285715
9378,44.22910000000002,3.4409999999999883,47.14285714285714
9379,60.369,3.656000000000006,61.42857142857143
9380,34.593999999999994,5.206499999999991,45.714285714285715
9381,45.84809999999999,7.431600000000017,48.57142857142857
9382,81.00889999999998,4.726699999999994,65.71428571428571
9383,61.11439999999999,4.497199999999992,58.57142857142858
9384,61.99079999999998,6.603200000000001,60.0
9385,69.7758,3.0010999999999797,52.85714285714286
9386,82.50199999999998,4.923599999999993,67.14285714285714
9387,44.72800000000001,3.967899999999986,50.0
9388,29.629700000000014,5.450999999999993,44.285714285714285
9389,36.561199999999985,6.613900000000001,45.714285714285715
9390,52.7328,3.2567999999999984,58.57142857142858
9391,47.733600000000024,5.159899999999993,54.285714285714285
9392,47.49430000000001,3.96459999999999,55.714285714285715
9393,54.18380000000002,4.549800000000005,51.42857142857142
9394,75.02620000000002,2.3401000000000067,67.14285714285714
9395,91.07569999999998,3.7116999999999933,65.71428571428571
9396,55.11160000000001,6.517499999999984,58.57142857142858
9397,58.98919999999998,3.838600000000014,55.714285714285715
9398,51.29060000000004,5.5608,50.0
9399,59.58170000000001,5.9101,50.0
9400,64.84740000000002,4.1610999999999905,58.57142857142858
9401,44.98519999999999,5.500000000000014,51.42857142857142
9402,47.0685,5.23429999999999,55.714285714285715
9403,85.32299999999998,5.3339,61.42857142857143
9404,64.1526,4.071100000000001,57.14285714285714
9405,62.430499999999995,3.0591999999999757,54.285714285714285
9406,58.11700000000002,2.750799999999998,64.28571428571429
9407,61.870799999999974,4.477000000000004,65.71428571428571
9408,80.93739999999997,3.339499999999987,62.857142857142854
9409,53.772699999999986,6.720399999999984,58.57142857142858
9410,48.984099999999984,4.0079000000000065,58.57142857142858
9411,63.539300000000026,4.4350000000000165,55.714285714285715
9412,41.53790000000001,5.88000000000001,42.857142857142854
9413,58.72229999999999,3.663199999999989,55.714285714285715
9414,55.52199999999999,3.736699999999999,52.85714285714286
9415,45.040099999999995,6.624499999999983,52.85714285714286
9416,67.84129999999999,2.7819000000000074,58.57142857142858
9417,53.05430000000001,5.790099999999995,64.28571428571429
9418,65.83949999999999,7.140099999999961,58.57142857142858
9419,57.04849999999999,2.9311000000000007,57.14285714285714
9420,43.29930000000002,5.2149,51.42857142857142
9421,64.74950000000001,4.605900000000005,52.85714285714286
9422,65.66700000000003,2.082899999999995,54.285714285714285
9423,57.39490000000001,2.718699999999984,55.714285714285715
9424,51.708,4.855699999999999,57.14285714285714
9425,49.42240000000001,5.657699999999977,55.714285714285715
9426,71.71739999999997,2.6188999999999965,57.14285714285714
9427,52.21600000000001,4.313999999999993,58.57142857142858
9428,58.595200000000006,3.326100000000011,54.285714285714285
9429,79.10809999999998,2.6858000000000004,67.14285714285714
9430,65.22919999999999,4.334000000000003,55.714285714285715
9431,42.33699999999999,3.971199999999996,52.85714285714286
9432,60.842100000000045,3.3943999999999903,52.85714285714286
9433,55.9324,3.136299999999977,55.714285714285715
9434,58.75290000000001,3.341700000000003,58.57142857142858
9435,47.1362,8.921199999999999,51.42857142857142
9436,43.92580000000001,3.874299999999991,52.85714285714286
9437,60.17840000000001,2.7073000000000036,57.14285714285714
9438,60.716499999999996,3.454800000000006,60.0
9439,58.66460000000001,2.5901000000000067,52.85714285714286
9440,54.5908,7.722499999999997,52.85714285714286
9441,58.01920000000001,4.258999999999986,54.285714285714285
9442,80.7302,2.748100000000022,62.857142857142854
9443,81.00260000000003,2.492199999999997,67.14285714285714
9444,57.97900000000001,3.663199999999989,50.0
9445,57.96690000000001,4.0660000000000025,54.285714285714285
9446,69.31029999999998,3.3685999999999865,64.28571428571429
9447,54.78050000000002,3.0272999999999968,51.42857142857142
9448,58.799800000000005,5.275099999999995,51.42857142857142
9449,38.8862,6.0946,51.42857142857142
9450,75.01749999999998,3.243799999999993,62.857142857142854
9451,57.885400000000004,4.1518999999999835,55.714285714285715
9452,38.671899999999994,9.33420000000001,54.285714285714285
9453,77.25990000000002,3.129099999999994,60.0
9454,43.18730000000002,5.338799999999992,48.57142857142857
9455,50.20859999999999,3.5848000000000013,50.0
9456,78.42749999999995,3.730099999999993,58.57142857142858
9457,41.149100000000004,9.1186,51.42857142857142
9458,59.567800000000005,4.2531999999999925,54.285714285714285
9459,83.78640000000001,2.0351,64.28571428571429
9460,81.8981,4.6802000000000135,64.28571428571429
9461,45.348900000000015,4.173100000000005,54.285714285714285
9462,46.657399999999996,4.68180000000001,52.85714285714286
9463,56.28269999999998,3.2094000000000023,52.85714285714286
9464,72.40910000000002,2.2421999999999684,61.42857142857143
9465,34.9504,7.677400000000006,45.714285714285715
9466,39.09790000000001,5.327700000000007,41.42857142857143
9467,71.8819,5.961600000000004,70.0
9468,57.91930000000002,3.6632000000000176,55.714285714285715
9469,71.67039999999997,2.61760000000001,65.71428571428571
9470,79.36240000000001,3.1304000000000087,58.57142857142858
9471,69.74949999999995,6.708500000000015,62.857142857142854
9472,72.99609999999998,3.426799999999986,60.0
9473,44.783000000000015,7.111400000000003,51.42857142857142
9474,62.211900000000014,5.5216000000000065,55.714285714285715
9475,69.82319999999999,3.1469000000000165,57.14285714285714
9476,47.6876,4.762699999999995,58.57142857142858
9477,30.613200000000006,8.325800000000001,51.42857142857142
9478,73.65979999999996,4.2672000000000025,64.28571428571429
9479,59.7208,3.4720999999999975,60.0
9480,49.04239999999999,4.953699999999998,51.42857142857142
9481,36.12670000000003,4.8378999999999905,47.14285714285714
9482,51.87959999999998,4.3134000000000015,50.0
9483,70.3594,4.601799999999983,60.0
9484,54.51319999999998,4.068299999999994,55.714285714285715
9485,59.73779999999999,3.198799999999977,51.42857142857142
9486,64.49029999999999,3.4647999999999968,60.0
9487,81.3606,5.080600000000004,64.28571428571429
9488,47.565499999999986,4.808199999999999,58.57142857142858
9489,40.80099999999999,5.800999999999988,47.14285714285714
9490,57.04400000000001,4.982100000000003,55.714285714285715
9491,55.747299999999996,5.713699999999989,52.85714285714286
9492,58.78229999999999,3.9314999999999714,52.85714285714286
9493,67.6404,8.607400000000013,61.42857142857143
9494,42.218699999999984,7.750799999999998,54.285714285714285
9495,38.324599999999975,5.470899999999986,45.714285714285715
9496,55.869699999999995,4.304600000000008,51.42857142857142
9497,47.74000000000001,6.4565000000000055,44.285714285714285
9498,70.8562,4.4243999999999915,62.857142857142854
9499,94.07449999999997,3.686700000000002,70.0
9500,25.680800000000005,9.099000000000004,41.42857142857143
9501,44.516200000000026,4.864599999999996,54.285714285714285
9502,43.970699999999994,6.785799999999995,52.85714285714286
9503,63.810299999999984,2.692600000000027,58.57142857142858
9504,54.48659999999998,6.7520999999999844,55.714285714285715
9505,65.45499999999998,4.489699999999999,57.14285714285714
9506,51.81819999999999,6.672799999999995,55.714285714285715
9507,52.343200000000024,5.199699999999993,54.285714285714285
9508,53.34190000000001,9.029699999999991,57.14285714285714
9509,65.04560000000001,7.9661000000000115,58.57142857142858
9510,45.20169999999999,3.711699999999979,51.42857142857142
9511,41.64010000000002,2.9314999999999998,52.85714285714286
9512,43.032700000000006,9.900999999999996,45.714285714285715
9513,50.446,6.7251999999999725,52.85714285714286
9514,52.9649,8.36839999999998,54.285714285714285
9515,59.51440000000002,4.341200000000015,58.57142857142858
9516,72.47500000000002,2.1180999999999983,57.14285714285714
9517,48.8852,5.424299999999988,57.14285714285714
9518,59.19670000000002,2.8299999999999983,57.14285714285714
9519,65.86840000000001,3.780699999999996,58.57142857142858
9520,52.72569999999999,3.896500000000003,55.714285714285715
9521,35.547799999999995,7.971400000000003,55.714285714285715
9522,58.83030000000002,4.288099999999986,57.14285714285714
9523,85.32159999999999,3.8663999999999987,61.42857142857143
9524,76.9171,4.838899999999995,57.14285714285714
9525,90.03379999999999,1.7768000000000086,65.71428571428571
9526,93.644,2.242199999999997,64.28571428571429
9527,62.013000000000005,5.1477999999999895,52.85714285714286
9528,36.859500000000025,3.483099999999993,45.714285714285715
9529,61.706399999999974,7.251599999999982,57.14285714285714
9530,60.32990000000001,3.0660999999999916,60.0
9531,53.691899999999976,3.0666999999999973,58.57142857142858
9532,74.1044,3.8866999999999905,60.0
9533,31.545000000000016,6.242199999999997,44.285714285714285
9534,27.62259999999999,7.338300000000004,41.42857142857143
9535,37.87850000000003,7.349100000000007,44.285714285714285
9536,33.08700000000002,4.078999999999979,48.57142857142857
9537,56.74459999999999,3.4821000000000026,50.0
9538,51.033500000000004,4.869,57.14285714285714
9539,51.10409999999999,5.263900000000007,54.285714285714285
9540,67.34770000000003,4.328999999999979,54.285714285714285
9541,63.16579999999999,3.486200000000025,52.85714285714286
9542,67.58669999999995,6.164000000000016,58.57142857142858
9543,68.10430000000002,4.688199999999995,48.57142857142857
9544,69.83999999999997,5.040099999999995,64.28571428571429
9545,86.69640000000004,4.315999999999988,68.57142857142857
9546,58.66210000000001,4.272800000000004,54.285714285714285
9547,47.85239999999999,4.687100000000001,48.57142857142857
9548,68.93840000000003,2.9904999999999973,67.14285714285714
9549,49.759900000000016,4.475699999999989,52.85714285714286
9550,28.500799999999998,4.730400000000003,40.0
9551,44.50569999999999,8.699400000000011,47.14285714285714
9552,42.0026,4.012599999999992,50.0
9553,65.82869999999997,2.639700000000005,62.857142857142854
9554,50.97999999999999,4.501999999999995,60.0
9555,40.43000000000001,3.914100000000005,47.14285714285714
9556,48.3408,5.646500000000003,54.285714285714285
9557,59.895700000000005,4.2946999999999775,50.0
9558,73.66430000000003,2.5028000000000077,64.28571428571429
9559,64.733,4.340100000000007,60.0
9560,83.55729999999997,3.5663000000000125,75.71428571428571
9561,68.03890000000001,2.2060000000000173,55.714285714285715
9562,68.65180000000004,2.4406999999999925,52.85714285714286
9563,46.1035,4.982100000000003,54.285714285714285
9564,45.57030000000003,7.205699999999993,55.714285714285715
9565,67.04250000000002,2.3401000000000067,60.0
9566,60.43459999999999,4.197199999999981,61.42857142857143
9567,46.85080000000002,2.7510000000000048,50.0
9568,37.3365,4.8785000000000025,52.85714285714286
9569,53.464800000000025,3.7398999999999916,62.857142857142854
9570,56.9658,3.4881999999999778,54.285714285714285
9571,67.20089999999999,3.477199999999982,61.42857142857143
9572,55.79230000000001,5.6495000000000175,54.285714285714285
9573,35.183400000000006,7.315800000000024,47.14285714285714
9574,56.95179999999999,2.3955999999999875,55.714285714285715
9575,60.2937,4.671499999999995,61.42857142857143
9576,39.894300000000015,7.290300000000002,48.57142857142857
9577,79.06049999999999,2.894999999999996,55.714285714285715
9578,55.3845,5.705299999999994,57.14285714285714
9579,44.14089999999999,4.854399999999998,48.57142857142857
9580,43.849800000000016,4.449200000000005,54.285714285714285
9581,67.82930000000002,2.3401000000000067,62.857142857142854
9582,53.02850000000001,4.233699999999999,52.85714285714286
9583,33.011000000000024,4.6259000000000015,41.42857142857143
9584,60.001300000000015,6.555700000000002,61.42857142857143
9585,21.667700000000025,8.101099999999974,41.42857142857143
9586,76.99690000000004,4.453499999999991,58.57142857142858
9587,61.8494,4.7631999999999834,58.57142857142858
9588,55.970399999999984,3.7072000000000003,57.14285714285714
9589,33.712699999999984,11.155100000000004,52.85714285714286
9590,70.07989999999998,4.460000000000008,52.85714285714286
9591,57.1738,8.57080000000002,58.57142857142858
9592,58.4323,3.871099999999984,58.57142857142858
9593,39.858300000000014,6.161399999999986,52.85714285714286
9594,56.764099999999985,3.5790000000000077,61.42857142857143
9595,30.81280000000001,5.209500000000006,47.14285714285714
9596,63.51060000000001,4.4251000000000005,52.85714285714286
9597,55.86869999999999,3.2982999999999976,55.714285714285715
9598,59.012699999999995,3.7412000000000063,55.714285714285715
9599,77.09160000000003,2.9749999999999943,65.71428571428571
9600,78.07249999999999,6.695600000000013,55.714285714285715
9601,50.32740000000001,3.2340999999999838,48.57142857142857
9602,48.422000000000025,5.985499999999973,50.0
9603,82.8854,3.3944000000000045,65.71428571428571
9604,69.75279999999998,2.3401000000000067,58.57142857142858
9605,44.68689999999998,4.668200000000013,50.0
9606,70.8458,3.7117000000000075,62.857142857142854
9607,61.9315,4.471000000000004,51.42857142857142
9608,64.49220000000003,4.3770000000000095,54.285714285714285
9609,54.41890000000001,3.476600000000005,54.285714285714285
9610,29.606400000000008,4.633900000000011,48.57142857142857
9611,63.13530000000003,5.3011000000000195,55.714285714285715
9612,47.34470000000002,3.9446999999999974,50.0
9613,78.30769999999995,3.887800000000027,65.71428571428571
9614,94.1051,2.703199999999981,65.71428571428571
9615,55.282100000000014,5.039099999999991,57.14285714285714
9616,81.09460000000001,5.653999999999996,71.42857142857143
9617,74.87669999999997,2.7039000000000044,64.28571428571429
9618,72.88319999999999,2.4873000000000047,60.0
9619,63.56800000000001,3.3382000000000005,60.0
9620,81.92810000000003,5.368600000000015,62.857142857142854
9621,67.11690000000002,3.981100000000012,60.0
9622,66.72360000000003,2.5622999999999934,60.0
9623,54.41489999999999,2.9671000000000163,54.285714285714285
9624,55.176800000000014,5.6754999999999995,55.714285714285715
9625,57.21539999999999,6.320599999999985,51.42857142857142
9626,50.28219999999999,3.590199999999996,61.42857142857143
9627,68.77199999999999,7.551599999999979,64.28571428571429
9628,70.97700000000003,3.213499999999982,64.28571428571429
9629,54.57400000000001,4.755899999999997,55.714285714285715
9630,54.27850000000001,4.942099999999982,57.14285714285714
9631,71.2525,3.0763000000000034,57.14285714285714
9632,87.55869999999999,3.4298,62.857142857142854
9633,53.370300000000015,5.3142,50.0
9634,76.2921,3.663600000000031,65.71428571428571
9635,54.240699999999975,4.078400000000002,58.57142857142858
9636,75.25970000000001,2.450499999999991,65.71428571428571
9637,50.37549999999999,7.3519000000000005,54.285714285714285
9638,48.09839999999997,4.241100000000017,48.57142857142857
9639,67.53560000000002,2.0449000000000126,58.57142857142858
9640,77.67000000000002,3.831700000000012,62.857142857142854
9641,43.11340000000001,4.169799999999995,52.85714285714286
9642,42.966499999999996,5.166899999999998,52.85714285714286
9643,55.285000000000025,4.184100000000001,58.57142857142858
9644,71.62420000000003,1.973399999999998,60.0
9645,41.57140000000001,6.201899999999995,47.14285714285714
9646,61.426499999999976,6.546500000000009,55.714285714285715
9647,47.79159999999999,3.712299999999999,52.85714285714286
9648,62.06450000000001,3.5488,60.0
9649,68.93889999999999,4.680199999999999,60.0
9650,54.94970000000001,3.9668000000000063,57.14285714285714
9651,55.4179,7.385599999999997,54.285714285714285
9652,70.92829999999998,3.1451000000000136,58.57142857142858
9653,42.279499999999985,5.94319999999999,51.42857142857142
9654,66.78449999999998,3.2086999999999932,61.42857142857143
9655,28.45010000000002,3.583200000000005,44.285714285714285
9656,59.9383,4.549299999999988,57.14285714285714
9657,49.4949,5.030200000000008,58.57142857142858
9658,69.36470000000003,4.887699999999995,64.28571428571429
9659,42.422800000000024,3.1170999999999935,51.42857142857142
9660,53.20940000000002,4.0756000000000085,51.42857142857142
9661,46.259600000000034,7.4295999999999935,54.285714285714285
9662,38.6182,6.637299999999996,47.14285714285714
9663,60.338400000000036,4.208399999999983,54.285714285714285
9664,89.6954,2.775499999999994,61.42857142857143
9665,20.7427,11.662099999999995,41.42857142857143
9666,48.455899999999986,5.600800000000007,50.0
9667,68.9553,4.1950999999999965,57.14285714285714
9668,59.498699999999985,4.745199999999997,52.85714285714286
9669,73.40809999999993,3.4763000000000375,58.57142857142858
9670,65.25550000000001,3.0275999999999783,61.42857142857143
9671,38.730999999999995,7.512500000000003,47.14285714285714
9672,66.16870000000003,4.131299999999982,58.57142857142858
9673,70.3768,4.078399999999988,64.28571428571429
9674,64.98599999999999,2.6528999999999883,60.0
9675,59.44800000000001,5.110500000000002,48.57142857142857
9676,44.52359999999999,4.079000000000008,54.285714285714285
9677,49.65730000000002,3.300299999999993,55.714285714285715
9678,60.33879999999999,6.2701999999999884,57.14285714285714
9679,40.50889999999998,5.528800000000004,55.714285714285715
9680,42.12600000000003,4.736199999999997,40.0
9681,66.6772,3.890500000000003,60.0
9682,53.478200000000015,4.890000000000015,57.14285714285714
9683,58.59719999999999,5.410800000000023,54.285714285714285
9684,18.89,11.804199999999994,41.42857142857143
9685,69.213,5.08420000000001,55.714285714285715
9686,72.8731,2.748800000000003,61.42857142857143
9687,54.8245,3.980499999999992,64.28571428571429
9688,72.45679999999999,6.953699999999998,62.857142857142854
9689,46.470200000000034,4.6188999999999965,52.85714285714286
9690,69.5205,3.981099999999998,65.71428571428571
9691,40.1309,3.065700000000021,44.285714285714285
9692,43.565200000000004,6.865799999999993,50.0
9693,93.9745,2.980699999999999,62.857142857142854
9694,48.94210000000001,4.9452,51.42857142857142
9695,58.060900000000004,2.950099999999992,55.714285714285715
9696,60.98320000000001,3.5875000000000057,60.0
9697,60.49280000000002,3.227000000000004,57.14285714285714
9698,49.619,3.110900000000001,55.714285714285715
9699,79.22069999999997,2.7404999999999973,62.857142857142854
9700,52.994200000000006,7.584199999999981,55.714285714285715
9701,80.7887,4.751599999999996,58.57142857142858
9702,69.67790000000002,3.774799999999999,65.71428571428571
9703,66.9305,2.7413999999999987,61.42857142857143
9704,71.41120000000001,3.946799999999996,57.14285714285714
9705,47.60379999999998,7.2139000000000095,52.85714285714286
9706,32.86990000000003,7.418999999999983,50.0
9707,63.19270000000003,4.064300000000003,55.714285714285715
9708,64.5113,3.727400000000003,57.14285714285714
9709,69.20740000000004,3.829999999999984,60.0
9710,43.49250000000001,4.638999999999996,50.0
9711,53.6567,2.6103000000000094,51.42857142857142
9712,61.28109999999998,2.7399000000000058,60.0
9713,81.40819999999997,3.055000000000021,68.57142857142857
9714,37.92020000000002,3.20829999999998,48.57142857142857
9715,51.02250000000001,5.793400000000005,50.0
9716,68.8286,3.800700000000006,62.857142857142854
9717,59.802899999999966,3.5253000000000156,54.285714285714285
9718,35.52250000000001,2.9299000000000035,55.714285714285715
9719,72.98590000000002,2.4553999999999974,64.28571428571429
9720,67.99889999999999,4.354300000000023,54.285714285714285
9721,62.7894,2.3400999999999783,64.28571428571429
9722,66.34589999999997,3.5341999999999985,61.42857142857143
9723,56.994800000000026,4.4262999999999835,58.57142857142858
9724,44.2424,3.4887999999999977,54.285714285714285
9725,69.05680000000001,4.181299999999993,58.57142857142858
9726,93.08039999999994,2.4732999999999947,65.71428571428571
9727,81.42540000000002,5.0593000000000075,60.0
9728,41.07809999999998,9.192700000000002,52.85714285714286
9729,59.53280000000001,3.839500000000001,58.57142857142858
9730,53.373400000000004,6.815799999999967,54.285714285714285
9731,59.59069999999997,3.2087999999999965,61.42857142857143
9732,48.5497,5.439999999999998,58.57142857142858
9733,84.46799999999996,4.290699999999987,65.71428571428571
9734,47.39100000000002,2.950099999999992,50.0
9735,75.31710000000001,3.2894999999999754,62.857142857142854
9736,36.02169999999998,8.51530000000001,54.285714285714285
9737,64.1354,4.448299999999961,62.857142857142854
9738,47.37040000000002,4.925099999999986,52.85714285714286
9739,37.59519999999998,3.5974000000000075,51.42857142857142
9740,62.984099999999984,3.4590999999999923,60.0
9741,62.98070000000004,4.209600000000009,60.0
9742,46.525300000000016,3.5444999999999993,44.285714285714285
9743,56.055800000000005,2.242199999999997,50.0
9744,56.72840000000002,6.621799999999993,57.14285714285714
9745,44.790100000000024,4.123999999999995,54.285714285714285
9746,42.135099999999994,8.290999999999997,54.285714285714285
9747,40.18179999999998,5.727300000000014,48.57142857142857
9748,77.154,2.0552999999999884,57.14285714285714
9749,46.08280000000002,3.7964000000000055,55.714285714285715
9750,73.60750000000002,5.296899999999994,67.14285714285714
9751,49.2912,4.145299999999992,54.285714285714285
9752,89.79390000000001,2.242199999999997,64.28571428571429
9753,74.3435,3.620999999999995,61.42857142857143
9754,63.23060000000004,5.685599999999994,61.42857142857143
9755,65.98670000000001,2.8419999999999845,60.0
9756,69.30009999999999,3.6074000000000126,62.857142857142854
9757,57.142199999999974,2.188699999999997,55.714285714285715
9758,47.31020000000001,3.9838000000000022,51.42857142857142
9759,54.640600000000006,6.375199999999978,51.42857142857142
9760,61.6841,3.493399999999994,57.14285714285714
9761,55.608900000000006,4.087800000000016,54.285714285714285
9762,61.914300000000026,2.974199999999996,60.0
9763,63.664199999999965,7.354199999999992,58.57142857142858
9764,52.816,4.636999999999986,55.714285714285715
9765,79.98589999999999,5.4339999999999975,58.57142857142858
9766,47.53220000000002,6.881699999999995,54.285714285714285
9767,89.6166,2.817099999999982,65.71428571428571
9768,31.953900000000004,5.5090999999999894,45.714285714285715
9769,48.004099999999994,5.033599999999993,57.14285714285714
9770,49.47750000000002,3.3419000000000096,48.57142857142857
9771,58.54059999999998,4.1143,54.285714285714285
9772,66.04590000000002,3.838600000000014,54.285714285714285
9773,42.599199999999996,3.7719000000000023,45.714285714285715
9774,47.809500000000014,3.3952000000000027,57.14285714285714
9775,53.90960000000001,6.059899999999999,51.42857142857142
9776,66.245,4.84259999999999,54.285714285714285
9777,63.24799999999999,5.9221,60.0
9778,97.6576,2.5383999999999958,67.14285714285714
9779,66.29560000000001,4.188800000000015,58.57142857142858
9780,30.769200000000012,10.897100000000009,38.57142857142858
9781,66.70920000000001,2.9065999999999974,61.42857142857143
9782,42.21340000000001,5.022800000000004,48.57142857142857
9783,63.80799999999999,2.4305999999999983,60.0
9784,45.293800000000005,6.632199999999983,52.85714285714286
9785,57.26229999999998,3.3097999999999956,57.14285714285714
9786,56.88149999999999,3.7269000000000005,55.714285714285715
9787,36.211900000000014,3.4228999999999985,54.285714285714285
9788,37.3485,5.625400000000013,45.714285714285715
9789,67.21600000000001,6.619199999999992,54.285714285714285
9790,61.4504,12.621200000000002,55.714285714285715
9791,56.53,5.613599999999991,54.285714285714285
9792,54.685899999999975,4.1118999999999915,55.714285714285715
9793,70.49780000000001,3.97799999999998,55.714285714285715
9794,63.374799999999965,2.6015999999999906,57.14285714285714
9795,52.52629999999999,4.78309999999999,58.57142857142858
9796,48.44739999999999,3.733699999999999,54.285714285714285
9797,59.115999999999985,2.4916000000000054,58.57142857142858
9798,47.598899999999986,5.320300000000003,57.14285714285714
9799,58.335999999999984,2.8349000000000046,51.42857142857142
9800,81.34950000000003,4.038499999999999,64.28571428571429
9801,56.81800000000001,3.0287999999999897,55.714285714285715
9802,55.745599999999996,8.999199999999973,58.57142857142858
9803,32.210800000000006,6.128899999999987,44.285714285714285
9804,48.97540000000001,4.216700000000003,48.57142857142857
9805,49.6994,2.7160999999999973,57.14285714285714
9806,40.362599999999986,7.910200000000003,50.0
9807,75.87399999999997,2.510700000000014,55.714285714285715
9808,75.8304,2.242199999999997,67.14285714285714
9809,68.72479999999999,2.936800000000005,62.857142857142854
9810,25.1725,9.650400000000005,44.285714285714285
9811,78.13010000000003,3.1385999999999967,65.71428571428571
9812,69.34580000000003,2.6518999999999835,60.0
9813,68.06039999999999,3.733400000000003,57.14285714285714
9814,63.46469999999999,3.980499999999992,61.42857142857143
9815,55.800700000000006,4.849799999999988,57.14285714285714
9816,55.73890000000003,5.358299999999986,55.714285714285715
9817,37.35979999999998,4.995699999999999,51.42857142857142
9818,60.78970000000004,3.1598999999999933,52.85714285714286
9819,71.2517,5.240600000000001,54.285714285714285
9820,75.33599999999996,4.375199999999992,60.0
9821,57.24470000000002,3.1482000000000028,51.42857142857142
9822,52.13009999999997,2.529200000000003,57.14285714285714
9823,54.0239,3.5497000000000014,57.14285714285714
9824,60.69130000000001,3.1636000000000024,57.14285714285714
9825,40.815799999999996,3.8412999999999897,44.285714285714285
9826,53.557000000000016,3.9702999999999946,52.85714285714286
9827,82.9906,2.3401000000000067,68.57142857142857
9828,65.16150000000002,2.18780000000001,55.714285714285715
9829,72.38889999999998,2.480300000000014,67.14285714285714
9830,47.90989999999999,6.914600000000007,55.714285714285715
9831,71.48049999999998,3.47229999999999,58.57142857142858
9832,44.83499999999998,3.736799999999988,52.85714285714286
9833,53.884600000000034,4.765000000000001,52.85714285714286
9834,56.94290000000001,5.449100000000001,60.0
9835,56.66300000000001,7.283199999999994,57.14285714285714
9836,79.6823,3.813600000000008,60.0
9837,72.5795,2.2520000000000095,52.85714285714286
9838,57.89020000000002,3.0289000000000073,54.285714285714285
9839,63.629700000000014,3.7835000000000036,58.57142857142858
9840,50.9734,4.6861999999999995,50.0
9841,45.8725,4.2490999999999985,52.85714285714286
9842,65.48910000000001,1.6762999999999977,58.57142857142858
9843,51.70920000000001,2.8547000000000082,52.85714285714286
9844,49.78560000000002,4.331299999999999,51.42857142857142
9845,67.38040000000001,2.6166999999999803,54.285714285714285
9846,71.94229999999999,4.403399999999976,65.71428571428571
9847,52.150600000000026,3.431299999999993,52.85714285714286
9848,57.56100000000001,4.207799999999992,51.42857142857142
9849,42.97400000000002,4.476799999999997,52.85714285714286
9850,49.294399999999996,6.996799999999993,52.85714285714286
9851,60.4999,4.462599999999981,55.714285714285715
9852,65.21019999999999,5.570799999999991,61.42857142857143
9853,51.77600000000001,2.234400000000008,54.285714285714285
9854,69.54059999999998,4.313499999999991,64.28571428571429
9855,41.40960000000001,5.2161000000000115,47.14285714285714
9856,55.896799999999985,2.746700000000004,57.14285714285714
9857,61.4864,4.576399999999978,58.57142857142858
9858,65.16500000000002,3.977499999999992,52.85714285714286
9859,23.756400000000014,6.574300000000008,44.285714285714285
9860,50.87419999999997,3.958299999999994,57.14285714285714
9861,52.32940000000002,5.192299999999989,52.85714285714286
9862,48.50729999999999,3.2438000000000073,47.14285714285714
9863,50.307000000000016,3.5511999999999944,45.714285714285715
9864,75.61680000000001,3.1541999999999746,64.28571428571429
9865,71.20869999999996,5.7316,65.71428571428571
9866,75.68630000000002,3.6491999999999933,65.71428571428571
9867,54.94240000000002,2.8579000000000008,62.857142857142854
9868,61.676999999999964,4.2882999999999925,64.28571428571429
9869,47.93179999999998,6.049299999999988,54.285714285714285
9870,38.1463,4.078399999999988,40.0
9871,47.96120000000002,7.9950999999999794,52.85714285714286
9872,70.33330000000001,3.072999999999979,57.14285714285714
9873,45.47030000000001,6.8984999999999985,47.14285714285714
9874,54.39179999999999,5.455500000000001,61.42857142857143
9875,64.0308,4.9565000000000055,55.714285714285715
9876,46.4649,5.664099999999991,50.0
9877,72.3894,3.9339999999999975,57.14285714285714
9878,62.89730000000003,5.31389999999999,55.714285714285715
9879,57.20009999999999,2.7636999999999716,57.14285714285714
9880,44.3613,3.493799999999993,52.85714285714286
9881,79.93019999999996,3.0666999999999973,67.14285714285714
9882,47.050099999999986,7.365400000000022,54.285714285714285
9883,55.69149999999996,4.13839999999999,57.14285714285714
9884,48.94490000000002,5.940499999999986,57.14285714285714
9885,43.69380000000001,3.981899999999996,51.42857142857142
9886,40.2115,6.947800000000001,47.14285714285714
9887,41.94979999999998,4.034300000000002,52.85714285714286
9888,44.221900000000005,5.830399999999997,50.0
9889,63.716200000000015,3.9805000000000064,60.0
9890,68.9693,2.4694999999999965,61.42857142857143
9891,87.78999999999999,1.738900000000001,64.28571428571429
9892,62.938199999999995,5.543400000000005,52.85714285714286
9893,48.651700000000005,4.983299999999986,54.285714285714285
9894,62.62289999999999,7.5674999999999955,55.714285714285715
9895,47.54160000000002,7.039699999999982,48.57142857142857
9896,49.9024,3.6420999999999992,52.85714285714286
9897,50.46020000000004,2.9801000000000073,50.0
9898,87.70369999999997,1.7882000000000033,65.71428571428571
9899,55.59379999999999,2.464100000000002,61.42857142857143
9900,58.273300000000006,3.770300000000006,64.28571428571429
9901,79.83040000000005,4.323700000000002,62.857142857142854
9902,63.65409999999997,3.2704999999999984,55.714285714285715
9903,69.7843,3.244499999999988,64.28571428571429
9904,35.754400000000004,8.377099999999999,47.14285714285714
9905,56.375,6.041300000000007,54.285714285714285
9906,75.22209999999998,3.4649,57.14285714285714
9907,45.729600000000005,4.624000000000024,54.285714285714285
9908,81.19979999999998,3.484799999999993,64.28571428571429
9909,51.32940000000002,2.6813999999999965,55.714285714285715
9910,36.6806,3.1503000000000156,47.14285714285714
9911,51.3417,2.6350999999999942,57.14285714285714
9912,52.80449999999999,8.185100000000006,52.85714285714286
9913,54.76659999999998,8.918499999999995,57.14285714285714
9914,64.67739999999998,3.761099999999999,55.714285714285715
9915,70.51160000000002,4.156900000000007,58.57142857142858
9916,55.592600000000004,4.107100000000003,58.57142857142858
9917,53.73520000000002,4.153400000000005,57.14285714285714
9918,76.49029999999996,2.242199999999997,70.0
9919,44.16320000000002,5.536300000000011,55.714285714285715
9920,77.41910000000001,5.0049999999999955,58.57142857142858
9921,45.44560000000001,5.273400000000009,54.285714285714285
9922,60.65620000000001,2.7404999999999973,58.57142857142858
9923,89.82259999999997,3.000699999999995,61.42857142857143
9924,64.65010000000001,5.908699999999996,58.57142857142858
9925,84.75459999999998,3.3533000000000044,62.857142857142854
9926,79.96049999999997,3.7521999999999878,61.42857142857143
9927,71.5581,6.922399999999996,58.57142857142858
9928,86.63749999999999,8.989200000000011,67.14285714285714
9929,81.07220000000001,3.5242999999999967,65.71428571428571
9930,57.368300000000005,2.9550999999999874,54.285714285714285
9931,46.095500000000015,3.9011999999999887,48.57142857142857
9932,60.99430000000001,3.969099999999969,57.14285714285714
9933,48.17359999999999,4.445599999999999,55.714285714285715
9934,67.1668,3.231099999999998,57.14285714285714
9935,54.11919999999998,5.054999999999993,52.85714285714286
9936,67.86430000000001,3.2088000000000108,60.0
9937,63.88020000000003,4.348299999999995,55.714285714285715
9938,44.226,2.5257000000000005,54.285714285714285
9939,55.3322,2.7383000000000095,58.57142857142858
9940,96.5164,3.7220999999999975,61.42857142857143
9941,100.84909999999999,6.116400000000013,67.14285714285714
9942,44.315,2.686399999999992,58.57142857142858
9943,66.20049999999998,5.100099999999998,65.71428571428571
9944,38.7131,5.372600000000006,45.714285714285715
9945,46.784400000000005,4.859099999999984,60.0
9946,58.824899999999985,5.235900000000001,57.14285714285714
9947,55.955899999999986,2.492599999999996,61.42857142857143
9948,56.18709999999999,6.6381999999999834,55.714285714285715
9949,78.93690000000001,2.6565999999999974,61.42857142857143
9950,69.43950000000001,4.517199999999988,61.42857142857143
9951,90.5906,4.790999999999997,62.857142857142854
9952,36.025000000000006,7.297099999999986,44.285714285714285
9953,48.17620000000002,5.681599999999989,55.714285714285715
9954,51.53050000000002,3.9258000000000095,57.14285714285714
9955,60.56,4.232799999999983,51.42857142857142
9956,57.47380000000001,4.2727999999999895,51.42857142857142
9957,62.273300000000006,4.523199999999989,65.71428571428571
9958,51.76420000000002,3.9247000000000014,57.14285714285714
9959,28.470100000000002,5.530900000000003,45.714285714285715
9960,35.62530000000001,4.430300000000003,47.14285714285714
9961,55.92350000000002,4.936300000000003,48.57142857142857
9962,45.01410000000001,5.804400000000001,57.14285714285714
9963,58.88159999999999,6.444600000000008,60.0
9964,57.05590000000001,6.226200000000006,51.42857142857142
9965,58.489300000000014,5.361800000000002,54.285714285714285
9966,84.31039999999996,4.745599999999996,67.14285714285714
9967,52.53650000000002,5.5608,51.42857142857142
9968,26.097300000000004,7.9071,44.285714285714285
9969,68.17000000000002,4.2187999999999874,60.0
9970,54.517300000000006,3.8944000000000187,55.714285714285715
9971,58.99369999999999,3.981099999999998,67.14285714285714
9972,47.934499999999986,4.1536000000000115,50.0
9973,65.8535,2.988599999999991,61.42857142857143
9974,58.57939999999999,4.367999999999995,62.857142857142854
9975,72.73030000000003,4.484399999999994,57.14285714285714
9976,46.2458,2.9749999999999943,58.57142857142858
9977,52.35000000000002,3.755200000000002,47.14285714285714
9978,68.44449999999998,2.9883999999999986,64.28571428571429
9979,58.95940000000002,3.5805000000000007,54.285714285714285
9980,69.76939999999999,3.8148000000000195,60.0
9981,63.306899999999956,2.9790000000000134,55.714285714285715
9982,33.7833,4.420899999999989,50.0
9983,38.01580000000001,6.208500000000001,51.42857142857142
9984,49.081800000000015,4.358500000000021,54.285714285714285
9985,48.172200000000004,7.662700000000001,51.42857142857142
9986,49.50670000000002,5.965399999999988,55.714285714285715
9987,53.6215,3.3771999999999878,60.0
9988,63.63409999999999,5.292500000000004,55.714285714285715
9989,68.20920000000001,4.180799999999991,60.0
9990,46.28450000000001,4.489699999999999,55.714285714285715
9991,71.42239999999998,3.3057000000000016,61.42857142857143
9992,63.22210000000001,3.3944000000000187,58.57142857142858
9993,53.51349999999999,6.069500000000005,58.57142857142858
9994,59.60989999999998,5.3500000000000085,52.85714285714286
9995,30.612799999999993,6.736900000000006,51.42857142857142
9996,68.822,3.0660999999999916,61.42857142857143
9997,55.45429999999999,4.629000000000005,60.0
9998,43.86340000000001,4.0301000000000045,54.285714285714285
9999,53.17859999999999,7.853799999999978,58.57142857142858
