2026-05-26 20:30:18 | INFO     | Precio: 75912.01 | Fase: compressing | H4: bullish
2026-05-26 20:30:24 | INFO     | Precio: 75912.01 | Fase: compressing | H4: bullish
2026-05-26 20:30:36 | INFO     | Precio: 75912.01 | Fase: compressing | H4: bullish
2026-05-26 20:30:45 | INFO     | Precio: 75908.61 | Fase: compressing | H4: bullish
2026-05-26 20:30:51 | INFO     | Precio: 75908.61 | Fase: compressing | H4: bullish
2026-05-26 20:31:06 | INFO     | Precio: 75919.87 | Fase: compressing | H4: bullish
2026-05-26 20:31:24 | INFO     | Precio: 75905.18 | Fase: compressing | H4: bullish
2026-05-26 20:31:30 | INFO     | Precio: 75909.86 | Fase: compressing | H4: bullish
2026-05-26 20:32:18 | INFO     | Precio: 75903.38 | Fase: compressing | H4: bullish
2026-05-26 20:33:05 | INFO     | Precio: 75914.85 | Fase: compressing | H4: bullish
2026-05-26 20:34:09 | INFO     | Precio: 75897.66 | Fase: compressing | H4: bullish
2026-05-26 20:35:14 | INFO     | Precio: 75912.94 | Fase: compressing | H4: bullish
2026-05-26 20:36:19 | INFO     | Precio: 75896.46 | Fase: compressing | H4: bullish
2026-05-26 20:37:23 | INFO     | Precio: 75909.99 | Fase: compressing | H4: bullish
2026-05-26 20:41:51 | INFO     | Precio: 75956.51 | Fase: compressing | H4: bullish
2026-05-26 20:42:43 | INFO     | Precio: 75956.51 | Fase: compressing | H4: bullish
2026-05-26 20:43:19 | INFO     | Precio: 75956.51 | Fase: compressing | H4: bullish
2026-05-26 20:44:26 | INFO     | Precio: 75957.34 | Fase: compressing | H4: bullish
2026-05-26 20:45:29 | INFO     | Precio: 75964.00 | Fase: compressing | H4: bullish
2026-05-26 20:46:26 | INFO     | Precio: 75949.98 | Fase: compressing | H4: bullish
2026-05-26 20:46:30 | INFO     | Precio: 75942.38 | Fase: compressing | H4: bullish
2026-05-26 20:47:55 | INFO     | Precio: 75957.32 | Fase: compressing | H4: bullish
2026-05-26 20:48:59 | INFO     | Precio: 75944.00 | Fase: compressing | H4: bullish
2026-05-26 20:49:30 | INFO     | Precio: 75936.27 | Fase: compressing | H4: bullish
2026-05-26 20:50:34 | INFO     | Precio: 75922.82 | Fase: compressing | H4: bullish
2026-05-26 20:51:34 | INFO     | Precio: 75905.01 | Fase: compressing | H4: bullish
2026-05-26 20:51:38 | INFO     | Precio: 75905.00 | Fase: compressing | H4: bullish
2026-05-26 20:52:24 | INFO     | Precio: 75908.84 | Fase: compressing | H4: bullish
2026-05-26 20:53:30 | INFO     | Precio: 75927.64 | Fase: compressing | H4: bullish
2026-05-26 20:54:39 | INFO     | Precio: 75928.86 | Fase: compressing | H4: bullish
2026-05-26 20:55:47 | INFO     | Precio: 75920.42 | Fase: compressing | H4: bullish
2026-05-26 20:56:55 | INFO     | Precio: 75918.00 | Fase: compressing | H4: bullish
2026-05-27 01:50:57 | INFO     | Precio: 75521.52 | Fase: neutral | H4: bullish
2026-05-27 01:51:50 | INFO     | Precio: 75581.92 | Fase: neutral | H4: bullish
2026-05-27 01:51:55 | INFO     | Precio: 75581.46 | Fase: neutral | H4: bullish
2026-05-27 01:52:01 | INFO     | Precio: 75582.52 | Fase: neutral | H4: bullish
2026-05-27 01:52:04 | INFO     | Precio: 75582.52 | Fase: neutral | H4: bullish
2026-05-27 01:52:18 | INFO     | Precio: 75582.53 | Fase: neutral | H4: bullish
2026-05-27 01:53:37 | INFO     | Precio: 75569.71 | Fase: neutral | H4: bullish
2026-05-27 01:54:40 | INFO     | Precio: 75594.81 | Fase: neutral | H4: bullish
2026-05-27 01:55:44 | INFO     | Precio: 75588.00 | Fase: neutral | H4: bullish
2026-05-27 01:56:47 | INFO     | Precio: 75592.11 | Fase: neutral | H4: bullish
2026-05-27 01:57:50 | INFO     | Precio: 75592.10 | Fase: neutral | H4: bullish
2026-05-27 01:58:53 | INFO     | Precio: 75592.11 | Fase: neutral | H4: bullish
2026-05-27 01:59:59 | INFO     | Precio: 75579.00 | Fase: neutral | H4: bullish
2026-05-27 02:01:04 | INFO     | Precio: 75604.01 | Fase: neutral | H4: bullish
2026-05-27 02:01:27 | INFO     | Precio: 75597.20 | Fase: neutral | H4: bullish
2026-05-27 02:02:30 | INFO     | Precio: 75639.99 | Fase: neutral | H4: bullish
2026-05-27 02:03:34 | INFO     | Precio: 75615.83 | Fase: neutral | H4: bullish
2026-05-27 02:04:38 | INFO     | Precio: 75632.01 | Fase: neutral | H4: bullish
2026-05-27 02:05:41 | INFO     | Precio: 75639.01 | Fase: neutral | H4: bullish
2026-05-27 02:06:41 | INFO     | Precio: 75620.02 | Fase: neutral | H4: bullish
2026-05-27 02:06:45 | INFO     | Precio: 75619.21 | Fase: neutral | H4: bullish
2026-05-27 02:07:48 | INFO     | Precio: 75612.49 | Fase: neutral | H4: bullish
2026-05-27 02:08:52 | INFO     | Precio: 75623.81 | Fase: neutral | H4: bullish
2026-05-27 02:09:55 | INFO     | Precio: 75640.00 | Fase: neutral | H4: bullish
2026-05-27 02:10:05 | INFO     | Precio: 75639.99 | Fase: neutral | H4: bullish
2026-05-27 02:11:08 | INFO     | Precio: 75635.80 | Fase: neutral | H4: bullish
2026-05-27 02:12:13 | INFO     | Precio: 75622.31 | Fase: neutral | H4: bullish
2026-05-27 02:13:17 | INFO     | Precio: 75622.00 | Fase: neutral | H4: bullish
2026-05-27 02:14:19 | INFO     | Precio: 75610.02 | Fase: neutral | H4: bullish
2026-05-27 02:15:23 | INFO     | Precio: 75620.23 | Fase: neutral | H4: bullish
2026-05-27 02:16:27 | INFO     | Precio: 75616.01 | Fase: neutral | H4: bullish
2026-05-27 02:17:32 | INFO     | Precio: 75618.01 | Fase: neutral | H4: bullish
2026-05-27 02:17:45 | INFO     | Precio: 75618.01 | Fase: neutral | H4: bullish
2026-05-27 02:18:35 | INFO     | Precio: 75636.93 | Fase: neutral | H4: bullish
2026-05-27 02:19:39 | INFO     | Precio: 75635.42 | Fase: neutral | H4: bullish
2026-05-27 02:27:55 | INFO     | Precio: 75685.62 | Fase: neutral | H4: bullish
2026-05-27 02:28:42 | INFO     | Precio: 75684.65 | Fase: neutral | H4: bullish
2026-05-27 02:28:50 | INFO     | Precio: 75684.99 | Fase: neutral | H4: bullish
2026-05-27 02:29:53 | INFO     | Precio: 75665.03 | Fase: neutral | H4: bullish
2026-05-27 02:30:57 | INFO     | Precio: 75690.00 | Fase: neutral | H4: bullish
2026-05-27 02:32:00 | INFO     | Precio: 75686.35 | Fase: neutral | H4: bullish
2026-05-27 02:32:46 | INFO     | Precio: 75672.56 | Fase: neutral | H4: bullish
2026-05-27 10:52:12 | INFO     | Precio: 75029.58 | Fase: compressing | H4: bullish
2026-05-27 11:05:21 | INFO     | Precio: 75205.19 | Fase: compressing | H4: bullish
2026-05-27 11:16:58 | INFO     | Precio: 75070.00 | Fase: compressing | H4: bullish
2026-05-27 11:25:36 | INFO     | Precio: 74927.92 | Fase: compressing | H4: bullish
2026-05-27 11:26:29 | INFO     | Precio: 74894.93 | Fase: compressing | H4: bullish
2026-05-27 11:26:41 | INFO     | Precio: 74903.49 | Fase: compressing | H4: bullish
2026-05-27 11:27:45 | INFO     | Precio: 74870.01 | Fase: compressing | H4: bullish
2026-05-27 11:28:49 | INFO     | Precio: 74826.67 | Fase: compressing | H4: bullish
2026-05-27 11:29:55 | INFO     | Precio: 74886.03 | Fase: compressing | H4: bullish
2026-05-27 11:31:05 | INFO     | Precio: 74959.30 | Fase: compressing | H4: bullish
2026-05-27 11:32:21 | INFO     | Precio: 75000.73 | Fase: compressing | H4: bullish
2026-05-27 11:35:24 | INFO     | Precio: 74998.89 | Fase: compressing | H4: bullish
2026-05-27 11:45:19 | INFO     | Precio: 75069.85 | Fase: compressing | H4: bullish
2026-05-27 12:18:12 | INFO     | Precio: 75195.99 | Fase: compressing | H4: bullish
2026-05-27 12:22:30 | INFO     | Precio: 0.00 | Estado: FORMING | Score: 56
2026-05-27 12:32:43 | INFO     | Precio: 0.00 | Estado: INVALID | Score: 53
2026-05-27 12:32:43 | INFO     | Precio: 0.00 | Estado: INVALID | Score: 46
2026-05-27 12:32:43 | INFO     | Precio: 0.00 | Estado: INVALID | Score: 46
2026-05-27 12:32:43 | INFO     | Precio: 0.00 | Estado: INVALID | Score: 46
2026-05-27 12:32:43 | INFO     | Precio: 0.00 | Estado: INVALID | Score: 46
2026-05-27 12:32:43 | INFO     | Precio: 0.00 | Estado: INVALID | Score: 43
2026-05-27 12:32:43 | INFO     | Precio: 0.00 | Estado: INVALID | Score: 43
2026-05-27 12:32:43 | INFO     | Precio: 0.00 | Estado: INVALID | Score: 50
2026-05-27 12:32:43 | INFO     | Precio: 0.00 | Estado: INVALID | Score: 43
2026-05-27 12:32:43 | INFO     | Precio: 0.00 | Estado: INVALID | Score: 43
2026-05-27 12:32:43 | INFO     | Precio: 0.00 | Estado: INVALID | Score: 50
2026-05-27 12:32:43 | INFO     | Precio: 0.00 | Estado: INVALID | Score: 50
2026-05-27 12:32:43 | INFO     | Precio: 0.00 | Estado: INVALID | Score: 50
2026-05-27 12:32:43 | INFO     | Precio: 0.00 | Estado: INVALID | Score: 43
2026-05-27 12:32:43 | INFO     | Precio: 0.00 | Estado: INVALID | Score: 43
2026-05-27 12:32:43 | INFO     | Precio: 0.00 | Estado: INVALID | Score: 50
2026-05-27 12:32:43 | INFO     | Precio: 0.00 | Estado: INVALID | Score: 50
2026-05-27 12:32:43 | INFO     | Precio: 0.00 | Estado: INVALID | Score: 47
2026-05-27 12:32:43 | INFO     | Precio: 0.00 | Estado: INVALID | Score: 43
2026-05-27 12:32:43 | INFO     | Precio: 0.00 | Estado: INVALID | Score: 50
2026-05-27 12:32:43 | INFO     | Precio: 0.00 | Estado: INVALID | Score: 50
2026-05-27 12:32:43 | INFO     | Precio: 0.00 | Estado: INVALID | Score: 50
2026-05-27 12:32:43 | INFO     | Precio: 0.00 | Estado: INVALID | Score: 47
2026-05-27 12:32:43 | INFO     | Precio: 0.00 | Estado: INVALID | Score: 43
2026-05-27 12:32:43 | INFO     | Precio: 0.00 | Estado: INVALID | Score: 43
2026-05-27 12:32:43 | INFO     | Precio: 0.00 | Estado: INVALID | Score: 43
2026-05-27 12:32:43 | INFO     | Precio: 0.00 | Estado: INVALID | Score: 43
2026-05-27 12:32:43 | INFO     | Precio: 0.00 | Estado: INVALID | Score: 43
2026-05-27 12:32:43 | INFO     | Precio: 0.00 | Estado: INVALID | Score: 43
2026-05-27 12:32:43 | INFO     | Precio: 0.00 | Estado: INVALID | Score: 43
2026-05-27 12:32:43 | INFO     | Precio: 0.00 | Estado: INVALID | Score: 43
2026-05-27 12:32:43 | INFO     | Precio: 0.00 | Estado: INVALID | Score: 43
2026-05-27 12:32:43 | INFO     | Precio: 0.00 | Estado: READY | Score: 65
2026-05-27 12:32:43 | INFO     | Precio: 0.00 | Estado: READY | Score: 65
2026-05-27 12:32:43 | INFO     | Precio: 0.00 | Estado: READY | Score: 65
2026-05-27 12:32:43 | INFO     | Precio: 0.00 | Estado: READY | Score: 65
2026-05-27 12:32:43 | INFO     | Precio: 0.00 | Estado: READY | Score: 65
2026-05-27 12:32:43 | INFO     | Precio: 0.00 | Estado: READY | Score: 65
2026-05-27 12:32:43 | INFO     | Precio: 0.00 | Estado: READY | Score: 65
2026-05-27 12:32:43 | INFO     | Precio: 0.00 | Estado: READY | Score: 65
2026-05-27 12:32:43 | INFO     | Precio: 0.00 | Estado: READY | Score: 69
2026-05-27 12:32:43 | INFO     | Precio: 0.00 | Estado: READY | Score: 72
2026-05-27 12:32:43 | INFO     | Precio: 0.00 | Estado: READY | Score: 72
2026-05-27 12:32:43 | INFO     | Precio: 0.00 | Estado: READY | Score: 65
2026-05-27 12:32:43 | INFO     | Precio: 0.00 | Estado: READY | Score: 72
2026-05-27 12:32:43 | INFO     | Precio: 0.00 | Estado: READY | Score: 65
2026-05-27 12:32:43 | INFO     | Precio: 0.00 | Estado: READY | Score: 65
2026-05-27 12:32:43 | INFO     | Precio: 0.00 | Estado: READY | Score: 65
2026-05-27 12:32:43 | INFO     | Precio: 0.00 | Estado: READY | Score: 65
2026-05-27 12:32:43 | INFO     | Precio: 0.00 | Estado: READY | Score: 65
2026-05-27 12:32:43 | INFO     | Precio: 0.00 | Estado: READY | Score: 65
2026-05-27 12:32:43 | INFO     | Precio: 0.00 | Estado: READY | Score: 65
2026-05-27 12:32:43 | INFO     | Precio: 0.00 | Estado: READY | Score: 65
2026-05-27 12:32:43 | INFO     | Precio: 0.00 | Estado: READY | Score: 75
2026-05-27 12:32:43 | INFO     | Precio: 0.00 | Estado: READY | Score: 68
2026-05-27 12:32:43 | INFO     | Precio: 0.00 | Estado: READY | Score: 72
2026-05-27 12:32:43 | INFO     | Precio: 0.00 | Estado: READY | Score: 68
2026-05-27 12:32:43 | INFO     | Precio: 0.00 | Estado: READY | Score: 68
2026-05-27 12:32:43 | INFO     | Precio: 0.00 | Estado: READY | Score: 68
2026-05-27 12:32:43 | INFO     | Precio: 0.00 | Estado: READY | Score: 68
2026-05-27 12:32:43 | INFO     | Precio: 0.00 | Estado: READY | Score: 68
2026-05-27 12:32:43 | INFO     | Precio: 0.00 | Estado: READY | Score: 68
2026-05-27 12:32:43 | INFO     | Precio: 0.00 | Estado: READY | Score: 68
2026-05-27 12:32:43 | INFO     | Precio: 0.00 | Estado: READY | Score: 68
2026-05-27 12:32:43 | INFO     | Precio: 0.00 | Estado: READY | Score: 68
2026-05-27 12:32:43 | INFO     | Precio: 0.00 | Estado: READY | Score: 68
2026-05-27 12:32:43 | INFO     | Precio: 0.00 | Estado: READY | Score: 68
2026-05-27 12:32:43 | INFO     | Precio: 0.00 | Estado: READY | Score: 68
2026-05-27 12:32:43 | INFO     | Precio: 0.00 | Estado: READY | Score: 68
2026-05-27 12:32:43 | INFO     | Precio: 0.00 | Estado: READY | Score: 68
2026-05-27 12:32:43 | INFO     | Precio: 0.00 | Estado: READY | Score: 68
2026-05-27 12:32:43 | INFO     | Precio: 0.00 | Estado: READY | Score: 68
2026-05-27 12:32:43 | INFO     | Precio: 0.00 | Estado: READY | Score: 68
2026-05-27 12:32:43 | INFO     | Precio: 0.00 | Estado: READY | Score: 68
2026-05-27 12:32:43 | INFO     | Precio: 0.00 | Estado: READY | Score: 68
2026-05-27 12:32:43 | INFO     | Precio: 0.00 | Estado: READY | Score: 68
2026-05-27 12:32:43 | INFO     | Precio: 0.00 | Estado: READY | Score: 68
2026-05-27 12:32:43 | INFO     | Precio: 0.00 | Estado: READY | Score: 68
2026-05-27 12:32:43 | INFO     | Precio: 0.00 | Estado: READY | Score: 68
2026-05-27 12:32:43 | INFO     | Precio: 0.00 | Estado: READY | Score: 68
2026-05-27 12:32:43 | INFO     | Precio: 0.00 | Estado: READY | Score: 75
2026-05-27 12:32:43 | INFO     | Precio: 0.00 | Estado: READY | Score: 68
2026-05-27 12:32:43 | INFO     | Precio: 0.00 | Estado: READY | Score: 68
2026-05-27 12:32:43 | INFO     | Precio: 0.00 | Estado: READY | Score: 68
2026-05-27 12:32:43 | INFO     | Precio: 0.00 | Estado: READY | Score: 68
2026-05-27 12:32:43 | INFO     | Precio: 0.00 | Estado: READY | Score: 68
2026-05-27 12:32:43 | INFO     | Precio: 0.00 | Estado: READY | Score: 68
2026-05-27 12:32:43 | INFO     | Precio: 0.00 | Estado: READY | Score: 68
2026-05-27 12:32:43 | INFO     | Precio: 0.00 | Estado: READY | Score: 68
2026-05-27 12:32:43 | INFO     | Precio: 0.00 | Estado: READY | Score: 67
2026-05-27 12:32:43 | INFO     | Precio: 0.00 | Estado: READY | Score: 67
2026-05-27 12:32:43 | INFO     | Precio: 0.00 | Estado: READY | Score: 60
2026-05-27 12:32:43 | INFO     | Precio: 0.00 | Estado: READY | Score: 60
2026-05-27 12:32:43 | INFO     | Precio: 0.00 | Estado: READY | Score: 60
2026-05-27 12:32:43 | INFO     | Precio: 0.00 | Estado: READY | Score: 67
2026-05-27 12:32:43 | INFO     | Precio: 0.00 | Estado: INVALID | Score: 50
2026-05-27 12:32:43 | INFO     | Precio: 0.00 | Estado: INVALID | Score: 50
2026-05-27 12:32:43 | INFO     | Precio: 0.00 | Estado: INVALID | Score: 50
2026-05-27 12:32:43 | INFO     | Precio: 0.00 | Estado: READY | Score: 60
2026-05-27 12:32:43 | INFO     | Precio: 0.00 | Estado: READY | Score: 60
2026-05-27 12:32:43 | INFO     | Precio: 0.00 | Estado: READY | Score: 60
2026-05-27 12:32:43 | INFO     | Precio: 0.00 | Estado: READY | Score: 60
2026-05-27 12:32:43 | INFO     | Precio: 0.00 | Estado: READY | Score: 60
2026-05-27 12:32:44 | INFO     | Precio: 0.00 | Estado: READY | Score: 60
2026-05-27 12:32:44 | INFO     | Precio: 0.00 | Estado: READY | Score: 60
2026-05-27 12:32:44 | INFO     | Precio: 0.00 | Estado: READY | Score: 60
2026-05-27 12:32:44 | INFO     | Precio: 0.00 | Estado: READY | Score: 64
2026-05-27 12:32:44 | INFO     | Precio: 0.00 | Estado: INVALID | Score: 52
2026-05-27 12:32:44 | INFO     | Precio: 0.00 | Estado: INVALID | Score: 55
2026-05-27 12:32:44 | INFO     | Precio: 0.00 | Estado: INVALID | Score: 48
2026-05-27 12:32:44 | INFO     | Precio: 0.00 | Estado: READY | Score: 64
2026-05-27 12:32:44 | INFO     | Precio: 0.00 | Estado: READY | Score: 60
2026-05-27 12:32:44 | INFO     | Precio: 0.00 | Estado: READY | Score: 60
2026-05-27 12:32:44 | INFO     | Precio: 0.00 | Estado: INVALID | Score: 55
2026-05-27 12:32:44 | INFO     | Precio: 0.00 | Estado: INVALID | Score: 48
2026-05-27 12:32:44 | INFO     | Precio: 0.00 | Estado: INVALID | Score: 55
2026-05-27 12:32:44 | INFO     | Precio: 0.00 | Estado: READY | Score: 60
2026-05-27 12:32:44 | INFO     | Precio: 0.00 | Estado: READY | Score: 60
2026-05-27 12:32:44 | INFO     | Precio: 0.00 | Estado: READY | Score: 60
2026-05-27 12:32:44 | INFO     | Precio: 0.00 | Estado: READY | Score: 60
2026-05-27 12:32:44 | INFO     | Precio: 0.00 | Estado: READY | Score: 60
2026-05-27 12:32:44 | INFO     | Precio: 0.00 | Estado: READY | Score: 60
2026-05-27 12:32:44 | INFO     | Precio: 0.00 | Estado: READY | Score: 60
2026-05-27 12:32:44 | INFO     | Precio: 0.00 | Estado: READY | Score: 60
2026-05-27 12:32:44 | INFO     | Precio: 0.00 | Estado: READY | Score: 60
2026-05-27 12:32:44 | INFO     | Precio: 0.00 | Estado: READY | Score: 65
2026-05-27 12:32:44 | INFO     | Precio: 0.00 | Estado: READY | Score: 65
2026-05-27 12:32:44 | INFO     | Precio: 0.00 | Estado: READY | Score: 65
2026-05-27 12:32:44 | INFO     | Precio: 0.00 | Estado: INVALID | Score: 43
2026-05-27 12:32:44 | INFO     | Precio: 0.00 | Estado: INVALID | Score: 43
2026-05-27 12:32:44 | INFO     | Precio: 0.00 | Estado: INVALID | Score: 43
2026-05-27 12:32:44 | INFO     | Precio: 0.00 | Estado: INVALID | Score: 43
2026-05-27 12:32:44 | INFO     | Precio: 0.00 | Estado: INVALID | Score: 47
2026-05-27 12:32:44 | INFO     | Precio: 0.00 | Estado: INVALID | Score: 50
2026-05-27 12:32:44 | INFO     | Precio: 0.00 | Estado: INVALID | Score: 43
2026-05-27 12:32:44 | INFO     | Precio: 0.00 | Estado: INVALID | Score: 43
2026-05-27 12:32:44 | INFO     | Precio: 0.00 | Estado: INVALID | Score: 43
2026-05-27 12:32:44 | INFO     | Precio: 0.00 | Estado: INVALID | Score: 47
2026-05-27 12:32:44 | INFO     | Precio: 0.00 | Estado: INVALID | Score: 40
2026-05-27 12:32:44 | INFO     | Precio: 0.00 | Estado: INVALID | Score: 40
2026-05-27 12:32:44 | INFO     | Precio: 0.00 | Estado: INVALID | Score: 44
2026-05-27 12:32:44 | INFO     | Precio: 0.00 | Estado: INVALID | Score: 40
2026-05-27 12:32:44 | INFO     | Precio: 0.00 | Estado: INVALID | Score: 40
2026-05-27 12:32:44 | INFO     | Precio: 0.00 | Estado: INVALID | Score: 40
2026-05-27 12:32:44 | INFO     | Precio: 0.00 | Estado: INVALID | Score: 40
2026-05-27 12:32:44 | INFO     | Precio: 0.00 | Estado: INVALID | Score: 40
2026-05-27 12:32:44 | INFO     | Precio: 0.00 | Estado: INVALID | Score: 44
2026-05-27 12:32:44 | INFO     | Precio: 0.00 | Estado: INVALID | Score: 40
2026-05-27 12:32:44 | INFO     | Precio: 0.00 | Estado: INVALID | Score: 40
2026-05-27 12:32:44 | INFO     | Precio: 0.00 | Estado: INVALID | Score: 44
2026-05-27 12:32:44 | INFO     | Precio: 0.00 | Estado: INVALID | Score: 44
2026-05-27 12:32:44 | INFO     | Precio: 0.00 | Estado: INVALID | Score: 37
2026-05-27 12:32:44 | INFO     | Precio: 0.00 | Estado: INVALID | Score: 44
2026-05-27 12:32:44 | INFO     | Precio: 0.00 | Estado: INVALID | Score: 37
2026-05-27 12:32:44 | INFO     | Precio: 0.00 | Estado: INVALID | Score: 37
2026-05-27 12:32:44 | INFO     | Precio: 0.00 | Estado: INVALID | Score: 37
2026-05-27 12:32:44 | INFO     | Precio: 0.00 | Estado: INVALID | Score: 37
2026-05-27 12:32:44 | INFO     | Precio: 0.00 | Estado: INVALID | Score: 37
2026-05-27 12:32:44 | INFO     | Precio: 0.00 | Estado: INVALID | Score: 37
2026-05-27 12:32:44 | INFO     | Precio: 0.00 | Estado: INVALID | Score: 37
2026-05-27 12:32:44 | INFO     | Precio: 0.00 | Estado: INVALID | Score: 41
2026-05-27 12:32:44 | INFO     | Precio: 0.00 | Estado: INVALID | Score: 40
2026-05-27 12:32:44 | INFO     | Precio: 0.00 | Estado: INVALID | Score: 47
2026-05-27 12:32:44 | INFO     | Precio: 0.00 | Estado: INVALID | Score: 40
2026-05-27 12:32:44 | INFO     | Precio: 0.00 | Estado: INVALID | Score: 40
2026-05-27 12:32:44 | INFO     | Precio: 0.00 | Estado: INVALID | Score: 40
2026-05-27 12:32:44 | INFO     | Precio: 0.00 | Estado: INVALID | Score: 44
2026-05-27 12:32:44 | INFO     | Precio: 0.00 | Estado: INVALID | Score: 40
2026-05-27 12:32:44 | INFO     | Precio: 0.00 | Estado: INVALID | Score: 40
2026-05-27 12:32:44 | INFO     | Precio: 0.00 | Estado: INVALID | Score: 40
2026-05-27 12:32:44 | INFO     | Precio: 0.00 | Estado: INVALID | Score: 40
2026-05-27 12:32:44 | INFO     | Precio: 0.00 | Estado: INVALID | Score: 40
2026-05-27 12:32:44 | INFO     | Precio: 0.00 | Estado: INVALID | Score: 40
2026-05-27 12:32:44 | INFO     | Precio: 0.00 | Estado: INVALID | Score: 40
2026-05-27 12:32:44 | INFO     | Precio: 0.00 | Estado: INVALID | Score: 40
2026-05-27 12:32:44 | INFO     | Precio: 0.00 | Estado: INVALID | Score: 40
2026-05-27 12:32:44 | INFO     | Precio: 0.00 | Estado: INVALID | Score: 40
2026-05-27 12:32:44 | INFO     | Precio: 0.00 | Estado: INVALID | Score: 40
2026-05-27 12:32:44 | INFO     | Precio: 0.00 | Estado: INVALID | Score: 40
2026-05-27 12:32:44 | INFO     | Precio: 0.00 | Estado: INVALID | Score: 44
2026-05-27 12:32:44 | INFO     | Precio: 0.00 | Estado: INVALID | Score: 40
2026-05-27 12:32:44 | INFO     | Precio: 0.00 | Estado: INVALID | Score: 40
2026-05-27 12:32:44 | INFO     | Precio: 0.00 | Estado: INVALID | Score: 44
2026-05-27 12:32:44 | INFO     | Precio: 0.00 | Estado: INVALID | Score: 40
2026-05-27 12:32:44 | INFO     | Precio: 0.00 | Estado: INVALID | Score: 40
2026-05-27 12:32:44 | INFO     | Precio: 0.00 | Estado: INVALID | Score: 40
2026-05-27 12:32:44 | INFO     | Precio: 0.00 | Estado: INVALID | Score: 40
2026-05-27 12:32:44 | INFO     | Precio: 0.00 | Estado: INVALID | Score: 40
2026-05-27 12:32:44 | INFO     | Precio: 0.00 | Estado: INVALID | Score: 40
2026-05-27 12:32:44 | INFO     | Precio: 0.00 | Estado: INVALID | Score: 47
2026-05-27 12:32:44 | INFO     | Precio: 0.00 | Estado: INVALID | Score: 40
2026-05-27 12:32:44 | INFO     | Precio: 0.00 | Estado: INVALID | Score: 40
2026-05-27 12:32:44 | INFO     | Precio: 0.00 | Estado: INVALID | Score: 47
2026-05-27 12:32:44 | INFO     | Precio: 0.00 | Estado: INVALID | Score: 40
2026-05-27 12:32:44 | INFO     | Precio: 0.00 | Estado: INVALID | Score: 40
2026-05-27 12:32:44 | INFO     | Precio: 0.00 | Estado: INVALID | Score: 47
2026-05-27 12:32:44 | INFO     | Precio: 0.00 | Estado: INVALID | Score: 40
2026-05-27 12:32:44 | INFO     | Precio: 0.00 | Estado: INVALID | Score: 47
2026-05-27 12:32:44 | INFO     | Precio: 0.00 | Estado: INVALID | Score: 47
2026-05-27 12:32:44 | INFO     | Precio: 0.00 | Estado: INVALID | Score: 40
2026-05-27 12:32:44 | INFO     | Precio: 0.00 | Estado: INVALID | Score: 47
2026-05-27 12:32:44 | INFO     | Precio: 0.00 | Estado: INVALID | Score: 40
2026-05-27 12:32:44 | INFO     | Precio: 0.00 | Estado: INVALID | Score: 40
2026-05-27 12:32:44 | INFO     | Precio: 0.00 | Estado: INVALID | Score: 44
2026-05-27 12:32:44 | INFO     | Precio: 0.00 | Estado: INVALID | Score: 40
2026-05-27 12:32:44 | INFO     | Precio: 0.00 | Estado: INVALID | Score: 40
2026-05-27 12:32:44 | INFO     | Precio: 0.00 | Estado: INVALID | Score: 40
2026-05-27 12:32:44 | INFO     | Precio: 0.00 | Estado: INVALID | Score: 40
2026-05-27 12:32:44 | INFO     | Precio: 0.00 | Estado: INVALID | Score: 40
2026-05-27 12:32:44 | INFO     | Precio: 0.00 | Estado: INVALID | Score: 37
2026-05-27 12:32:44 | INFO     | Precio: 0.00 | Estado: INVALID | Score: 44
2026-05-27 12:32:44 | INFO     | Precio: 0.00 | Estado: INVALID | Score: 41
2026-05-27 12:32:44 | INFO     | Precio: 0.00 | Estado: INVALID | Score: 37
2026-05-27 12:32:44 | INFO     | Precio: 0.00 | Estado: INVALID | Score: 37
2026-05-27 12:32:44 | INFO     | Precio: 0.00 | Estado: INVALID | Score: 37
2026-05-27 12:32:44 | INFO     | Precio: 0.00 | Estado: INVALID | Score: 37
2026-05-27 12:32:44 | INFO     | Precio: 0.00 | Estado: INVALID | Score: 37
2026-05-27 12:32:44 | INFO     | Precio: 0.00 | Estado: INVALID | Score: 37
2026-05-27 12:32:44 | INFO     | Precio: 0.00 | Estado: INVALID | Score: 37
2026-05-27 12:32:44 | INFO     | Precio: 0.00 | Estado: INVALID | Score: 37
2026-05-27 12:32:44 | INFO     | Precio: 0.00 | Estado: INVALID | Score: 37
2026-05-27 12:32:44 | INFO     | Precio: 0.00 | Estado: INVALID | Score: 44
2026-05-27 12:32:44 | INFO     | Precio: 0.00 | Estado: INVALID | Score: 37
2026-05-27 12:32:44 | INFO     | Precio: 0.00 | Estado: INVALID | Score: 37
2026-05-27 12:32:44 | INFO     | Precio: 0.00 | Estado: INVALID | Score: 41
2026-05-27 12:32:44 | INFO     | Precio: 0.00 | Estado: INVALID | Score: 37
2026-05-27 12:32:44 | INFO     | Precio: 0.00 | Estado: INVALID | Score: 37
2026-05-27 12:32:44 | INFO     | Precio: 0.00 | Estado: INVALID | Score: 41
2026-05-27 12:32:44 | INFO     | Precio: 0.00 | Estado: INVALID | Score: 37
2026-05-27 12:32:44 | INFO     | Precio: 0.00 | Estado: INVALID | Score: 37
2026-05-27 12:32:44 | INFO     | Precio: 0.00 | Estado: INVALID | Score: 44
2026-05-27 12:32:44 | INFO     | Precio: 0.00 | Estado: INVALID | Score: 37
2026-05-27 12:32:44 | INFO     | Precio: 0.00 | Estado: INVALID | Score: 37
2026-05-27 12:32:44 | INFO     | Precio: 0.00 | Estado: INVALID | Score: 41
2026-05-27 12:32:44 | INFO     | Precio: 0.00 | Estado: INVALID | Score: 37
2026-05-27 12:32:44 | INFO     | Precio: 0.00 | Estado: INVALID | Score: 37
2026-05-27 12:32:44 | INFO     | Precio: 0.00 | Estado: INVALID | Score: 37
2026-05-27 12:32:44 | INFO     | Precio: 0.00 | Estado: INVALID | Score: 37
2026-05-27 12:32:44 | INFO     | Precio: 0.00 | Estado: INVALID | Score: 37
2026-05-27 12:32:44 | INFO     | Precio: 0.00 | Estado: INVALID | Score: 44
2026-05-27 12:32:44 | INFO     | Precio: 0.00 | Estado: INVALID | Score: 44
2026-05-27 12:32:44 | INFO     | Precio: 0.00 | Estado: INVALID | Score: 37
2026-05-27 12:32:44 | INFO     | Precio: 0.00 | Estado: INVALID | Score: 37
2026-05-27 12:32:44 | INFO     | Precio: 0.00 | Estado: INVALID | Score: 41
2026-05-27 12:32:44 | INFO     | Precio: 0.00 | Estado: INVALID | Score: 37
2026-05-27 12:32:44 | INFO     | Precio: 0.00 | Estado: INVALID | Score: 37
2026-05-27 12:32:44 | INFO     | Precio: 0.00 | Estado: INVALID | Score: 37
2026-05-27 12:32:44 | INFO     | Precio: 0.00 | Estado: INVALID | Score: 37
2026-05-27 12:32:44 | INFO     | Precio: 0.00 | Estado: INVALID | Score: 37
2026-05-27 12:32:44 | INFO     | Precio: 0.00 | Estado: INVALID | Score: 37
2026-05-27 12:32:44 | INFO     | Precio: 0.00 | Estado: INVALID | Score: 37
2026-05-27 12:32:44 | INFO     | Precio: 0.00 | Estado: INVALID | Score: 44
2026-05-27 12:32:44 | INFO     | Precio: 0.00 | Estado: INVALID | Score: 41
2026-05-27 12:32:44 | INFO     | Precio: 0.00 | Estado: INVALID | Score: 37
2026-05-27 12:32:44 | INFO     | Precio: 0.00 | Estado: INVALID | Score: 37
2026-05-27 12:32:44 | INFO     | Precio: 0.00 | Estado: INVALID | Score: 41
2026-05-27 12:32:44 | INFO     | Precio: 0.00 | Estado: INVALID | Score: 37
2026-05-27 12:32:44 | INFO     | Precio: 0.00 | Estado: INVALID | Score: 37
2026-05-27 12:32:44 | INFO     | Precio: 0.00 | Estado: INVALID | Score: 37
2026-05-27 12:32:44 | INFO     | Precio: 0.00 | Estado: INVALID | Score: 37
2026-05-27 12:32:44 | INFO     | Precio: 0.00 | Estado: INVALID | Score: 41
2026-05-27 12:32:44 | INFO     | Precio: 0.00 | Estado: INVALID | Score: 37
2026-05-27 12:32:44 | INFO     | Precio: 0.00 | Estado: INVALID | Score: 37
2026-05-27 12:32:44 | INFO     | Precio: 0.00 | Estado: INVALID | Score: 37
2026-05-27 12:32:44 | INFO     | Precio: 0.00 | Estado: INVALID | Score: 37
2026-05-27 12:32:44 | INFO     | Precio: 0.00 | Estado: INVALID | Score: 41
2026-05-27 12:32:44 | INFO     | Precio: 0.00 | Estado: INVALID | Score: 37
2026-05-27 12:32:44 | INFO     | Precio: 0.00 | Estado: INVALID | Score: 37
2026-05-27 12:32:44 | INFO     | Precio: 0.00 | Estado: INVALID | Score: 37
2026-05-27 12:32:44 | INFO     | Precio: 0.00 | Estado: INVALID | Score: 47
2026-05-27 12:32:44 | INFO     | Precio: 0.00 | Estado: INVALID | Score: 40
2026-05-27 12:32:44 | INFO     | Precio: 0.00 | Estado: INVALID | Score: 40
2026-05-27 12:32:44 | INFO     | Precio: 0.00 | Estado: INVALID | Score: 40
2026-05-27 12:32:44 | INFO     | Precio: 0.00 | Estado: INVALID | Score: 40
2026-05-27 12:32:44 | INFO     | Precio: 0.00 | Estado: INVALID | Score: 40
2026-05-27 12:32:44 | INFO     | Precio: 0.00 | Estado: INVALID | Score: 40
2026-05-27 12:32:44 | INFO     | Precio: 0.00 | Estado: INVALID | Score: 40
2026-05-27 12:32:44 | INFO     | Precio: 0.00 | Estado: INVALID | Score: 40
2026-05-27 12:32:44 | INFO     | Precio: 0.00 | Estado: INVALID | Score: 40
2026-05-27 12:32:44 | INFO     | Precio: 0.00 | Estado: INVALID | Score: 40
2026-05-27 12:32:44 | INFO     | Precio: 0.00 | Estado: INVALID | Score: 40
2026-05-27 12:32:44 | INFO     | Precio: 0.00 | Estado: INVALID | Score: 47
2026-05-27 12:32:44 | INFO     | Precio: 0.00 | Estado: INVALID | Score: 40
2026-05-27 12:32:44 | INFO     | Precio: 0.00 | Estado: INVALID | Score: 40
2026-05-27 12:32:44 | INFO     | Precio: 0.00 | Estado: INVALID | Score: 40
2026-05-27 12:32:44 | INFO     | Precio: 0.00 | Estado: INVALID | Score: 47
2026-05-27 12:32:44 | INFO     | Precio: 0.00 | Estado: INVALID | Score: 44
2026-05-27 12:32:44 | INFO     | Precio: 0.00 | Estado: INVALID | Score: 40
2026-05-27 12:32:44 | INFO     | Precio: 0.00 | Estado: INVALID | Score: 40
2026-05-27 12:32:44 | INFO     | Precio: 0.00 | Estado: INVALID | Score: 40
2026-05-27 12:32:44 | INFO     | Precio: 0.00 | Estado: INVALID | Score: 44
2026-05-27 12:32:44 | INFO     | Precio: 0.00 | Estado: INVALID | Score: 40
2026-05-27 12:32:44 | INFO     | Precio: 0.00 | Estado: INVALID | Score: 44
2026-05-27 12:32:44 | INFO     | Precio: 0.00 | Estado: INVALID | Score: 40
2026-05-27 12:32:44 | INFO     | Precio: 0.00 | Estado: INVALID | Score: 40
2026-05-27 12:32:44 | INFO     | Precio: 0.00 | Estado: INVALID | Score: 40
2026-05-27 12:32:44 | INFO     | Precio: 0.00 | Estado: INVALID | Score: 40
2026-05-27 12:32:44 | INFO     | Precio: 0.00 | Estado: INVALID | Score: 40
2026-05-27 12:32:44 | INFO     | Precio: 0.00 | Estado: INVALID | Score: 40
2026-05-27 12:32:44 | INFO     | Precio: 0.00 | Estado: INVALID | Score: 40
2026-05-27 12:32:44 | INFO     | Precio: 0.00 | Estado: INVALID | Score: 40
2026-05-27 12:32:44 | INFO     | Precio: 0.00 | Estado: INVALID | Score: 47
2026-05-27 12:32:44 | INFO     | Precio: 0.00 | Estado: INVALID | Score: 40
2026-05-27 12:32:44 | INFO     | Precio: 0.00 | Estado: INVALID | Score: 40
2026-05-27 12:32:44 | INFO     | Precio: 0.00 | Estado: INVALID | Score: 40
2026-05-27 12:32:44 | INFO     | Precio: 0.00 | Estado: INVALID | Score: 44
2026-05-27 12:32:44 | INFO     | Precio: 0.00 | Estado: INVALID | Score: 44
2026-05-27 12:32:44 | INFO     | Precio: 0.00 | Estado: INVALID | Score: 37
2026-05-27 12:32:44 | INFO     | Precio: 0.00 | Estado: INVALID | Score: 44
2026-05-27 12:32:44 | INFO     | Precio: 0.00 | Estado: INVALID | Score: 44
2026-05-27 12:32:44 | INFO     | Precio: 0.00 | Estado: INVALID | Score: 44
2026-05-27 12:32:44 | INFO     | Precio: 0.00 | Estado: INVALID | Score: 41
2026-05-27 12:32:44 | INFO     | Precio: 0.00 | Estado: INVALID | Score: 41
2026-05-27 12:32:44 | INFO     | Precio: 0.00 | Estado: INVALID | Score: 44
2026-05-27 12:32:44 | INFO     | Precio: 0.00 | Estado: INVALID | Score: 44
2026-05-27 12:32:44 | INFO     | Precio: 0.00 | Estado: INVALID | Score: 41
2026-05-27 12:32:44 | INFO     | Precio: 0.00 | Estado: INVALID | Score: 37
2026-05-27 12:32:44 | INFO     | Precio: 0.00 | Estado: INVALID | Score: 41
2026-05-27 12:32:44 | INFO     | Precio: 0.00 | Estado: INVALID | Score: 41
2026-05-27 12:32:44 | INFO     | Precio: 0.00 | Estado: INVALID | Score: 44
2026-05-27 12:32:44 | INFO     | Precio: 0.00 | Estado: INVALID | Score: 37
2026-05-27 12:32:44 | INFO     | Precio: 0.00 | Estado: INVALID | Score: 37
2026-05-27 12:32:44 | INFO     | Precio: 0.00 | Estado: INVALID | Score: 37
2026-05-27 12:32:44 | INFO     | Precio: 0.00 | Estado: INVALID | Score: 37
2026-05-27 12:32:44 | INFO     | Precio: 0.00 | Estado: INVALID | Score: 37
2026-05-27 12:32:44 | INFO     | Precio: 0.00 | Estado: INVALID | Score: 37
2026-05-27 12:32:44 | INFO     | Precio: 0.00 | Estado: INVALID | Score: 37
2026-05-27 12:32:44 | INFO     | Precio: 0.00 | Estado: INVALID | Score: 37
2026-05-27 12:32:44 | INFO     | Precio: 0.00 | Estado: INVALID | Score: 37
2026-05-27 12:32:44 | INFO     | Precio: 0.00 | Estado: INVALID | Score: 37
2026-05-27 12:32:44 | INFO     | Precio: 0.00 | Estado: INVALID | Score: 37
2026-05-27 12:32:44 | INFO     | Precio: 0.00 | Estado: INVALID | Score: 37
2026-05-27 12:32:44 | INFO     | Precio: 0.00 | Estado: INVALID | Score: 37
2026-05-27 12:32:44 | INFO     | Precio: 0.00 | Estado: INVALID | Score: 37
2026-05-27 12:32:44 | INFO     | Precio: 0.00 | Estado: INVALID | Score: 37
2026-05-27 12:32:44 | INFO     | Precio: 0.00 | Estado: INVALID | Score: 37
2026-05-27 12:32:44 | INFO     | Precio: 0.00 | Estado: INVALID | Score: 37
2026-05-27 12:32:44 | INFO     | Precio: 0.00 | Estado: INVALID | Score: 37
2026-05-27 12:32:44 | INFO     | Precio: 0.00 | Estado: INVALID | Score: 37
2026-05-27 12:32:44 | INFO     | Precio: 0.00 | Estado: INVALID | Score: 44
2026-05-27 12:32:44 | INFO     | Precio: 0.00 | Estado: INVALID | Score: 37
2026-05-27 12:32:44 | INFO     | Precio: 0.00 | Estado: INVALID | Score: 44
2026-05-27 12:32:44 | INFO     | Precio: 0.00 | Estado: INVALID | Score: 40
2026-05-27 12:32:44 | INFO     | Precio: 0.00 | Estado: INVALID | Score: 47
2026-05-27 12:32:44 | INFO     | Precio: 0.00 | Estado: INVALID | Score: 44
2026-05-27 12:32:44 | INFO     | Precio: 0.00 | Estado: INVALID | Score: 40
2026-05-27 12:32:44 | INFO     | Precio: 0.00 | Estado: INVALID | Score: 40
2026-05-27 12:32:44 | INFO     | Precio: 0.00 | Estado: INVALID | Score: 40
2026-05-27 12:32:44 | INFO     | Precio: 0.00 | Estado: INVALID | Score: 40
2026-05-27 12:32:44 | INFO     | Precio: 0.00 | Estado: INVALID | Score: 40
2026-05-27 12:32:44 | INFO     | Precio: 0.00 | Estado: INVALID | Score: 40
2026-05-27 12:32:44 | INFO     | Precio: 0.00 | Estado: INVALID | Score: 40
2026-05-27 12:32:44 | INFO     | Precio: 0.00 | Estado: INVALID | Score: 40
2026-05-27 12:32:44 | INFO     | Precio: 0.00 | Estado: INVALID | Score: 40
2026-05-27 12:32:44 | INFO     | Precio: 0.00 | Estado: INVALID | Score: 40
2026-05-27 12:32:44 | INFO     | Precio: 0.00 | Estado: INVALID | Score: 40
2026-05-27 12:32:44 | INFO     | Precio: 0.00 | Estado: INVALID | Score: 40
2026-05-27 12:32:44 | INFO     | Precio: 0.00 | Estado: INVALID | Score: 40
2026-05-27 12:32:44 | INFO     | Precio: 0.00 | Estado: INVALID | Score: 40
2026-05-27 12:32:44 | INFO     | Precio: 0.00 | Estado: INVALID | Score: 40
2026-05-27 12:32:44 | INFO     | Precio: 0.00 | Estado: INVALID | Score: 40
2026-05-27 12:32:44 | INFO     | Precio: 0.00 | Estado: INVALID | Score: 40
2026-05-27 12:32:44 | INFO     | Precio: 0.00 | Estado: INVALID | Score: 44
2026-05-27 12:32:44 | INFO     | Precio: 0.00 | Estado: INVALID | Score: 47
2026-05-27 12:32:44 | INFO     | Precio: 0.00 | Estado: INVALID | Score: 40
2026-05-27 12:32:44 | INFO     | Precio: 0.00 | Estado: INVALID | Score: 44
2026-05-27 12:32:44 | INFO     | Precio: 0.00 | Estado: INVALID | Score: 44
2026-05-27 12:32:44 | INFO     | Precio: 0.00 | Estado: INVALID | Score: 37
2026-05-27 12:32:44 | INFO     | Precio: 0.00 | Estado: INVALID | Score: 44
2026-05-27 12:32:44 | INFO     | Precio: 0.00 | Estado: INVALID | Score: 37
2026-05-27 12:32:44 | INFO     | Precio: 0.00 | Estado: INVALID | Score: 37
2026-05-27 12:32:44 | INFO     | Precio: 0.00 | Estado: INVALID | Score: 37
2026-05-27 12:32:44 | INFO     | Precio: 0.00 | Estado: INVALID | Score: 44
2026-05-27 12:32:44 | INFO     | Precio: 0.00 | Estado: INVALID | Score: 37
2026-05-27 12:32:44 | INFO     | Precio: 0.00 | Estado: INVALID | Score: 37
2026-05-27 12:32:44 | INFO     | Precio: 0.00 | Estado: INVALID | Score: 37
2026-05-27 12:32:44 | INFO     | Precio: 0.00 | Estado: INVALID | Score: 37
2026-05-27 12:32:44 | INFO     | Precio: 0.00 | Estado: INVALID | Score: 37
2026-05-27 12:32:44 | INFO     | Precio: 0.00 | Estado: INVALID | Score: 37
2026-05-27 12:32:44 | INFO     | Precio: 0.00 | Estado: INVALID | Score: 37
2026-05-27 12:32:44 | INFO     | Precio: 0.00 | Estado: INVALID | Score: 37
2026-05-27 12:32:44 | INFO     | Precio: 0.00 | Estado: INVALID | Score: 37
2026-05-27 12:32:44 | INFO     | Precio: 0.00 | Estado: INVALID | Score: 44
2026-05-27 12:32:44 | INFO     | Precio: 0.00 | Estado: INVALID | Score: 37
2026-05-27 12:32:44 | INFO     | Precio: 0.00 | Estado: INVALID | Score: 44
2026-05-27 12:32:44 | INFO     | Precio: 0.00 | Estado: INVALID | Score: 44
2026-05-27 12:32:44 | INFO     | Precio: 0.00 | Estado: INVALID | Score: 37
2026-05-27 12:32:44 | INFO     | Precio: 0.00 | Estado: INVALID | Score: 44
2026-05-27 12:32:44 | INFO     | Precio: 0.00 | Estado: INVALID | Score: 37
2026-05-27 12:32:44 | INFO     | Precio: 0.00 | Estado: INVALID | Score: 40
2026-05-27 12:32:44 | INFO     | Precio: 0.00 | Estado: INVALID | Score: 40
2026-05-27 12:32:44 | INFO     | Precio: 0.00 | Estado: INVALID | Score: 40
2026-05-27 12:32:44 | INFO     | Precio: 0.00 | Estado: INVALID | Score: 40
2026-05-27 12:32:44 | INFO     | Precio: 0.00 | Estado: INVALID | Score: 40
2026-05-27 12:32:44 | INFO     | Precio: 0.00 | Estado: INVALID | Score: 40
2026-05-27 12:32:44 | INFO     | Precio: 0.00 | Estado: FORMING | Score: 50
2026-05-27 12:32:44 | INFO     | Precio: 0.00 | Estado: READY | Score: 57
2026-05-27 12:32:44 | INFO     | Precio: 0.00 | Estado: FORMING | Score: 50
2026-05-27 12:32:44 | INFO     | Precio: 0.00 | Estado: FORMING | Score: 50
2026-05-27 12:32:44 | INFO     | Precio: 0.00 | Estado: FORMING | Score: 50
2026-05-27 12:32:44 | INFO     | Precio: 0.00 | Estado: FORMING | Score: 50
2026-05-27 12:32:44 | INFO     | Precio: 0.00 | Estado: FORMING | Score: 47
2026-05-27 12:32:44 | INFO     | Precio: 0.00 | Estado: FORMING | Score: 47
2026-05-27 12:32:44 | INFO     | Precio: 0.00 | Estado: FORMING | Score: 47
2026-05-27 12:32:44 | INFO     | Precio: 0.00 | Estado: FORMING | Score: 47
2026-05-27 12:32:44 | INFO     | Precio: 0.00 | Estado: FORMING | Score: 47
2026-05-27 12:32:44 | INFO     | Precio: 0.00 | Estado: FORMING | Score: 47
2026-05-27 12:32:44 | INFO     | Precio: 0.00 | Estado: FORMING | Score: 49
2026-05-27 12:32:44 | INFO     | Precio: 0.00 | Estado: FORMING | Score: 49
2026-05-27 12:32:44 | INFO     | Precio: 0.00 | Estado: FORMING | Score: 42
2026-05-27 12:32:44 | INFO     | Precio: 0.00 | Estado: FORMING | Score: 47
2026-05-27 12:32:44 | INFO     | Precio: 0.00 | Estado: FORMING | Score: 47
2026-05-27 12:32:44 | INFO     | Precio: 0.00 | Estado: FORMING | Score: 47
2026-05-27 12:32:44 | INFO     | Precio: 0.00 | Estado: FORMING | Score: 50
2026-05-27 12:32:44 | INFO     | Precio: 0.00 | Estado: FORMING | Score: 50
2026-05-27 12:32:44 | INFO     | Precio: 0.00 | Estado: FORMING | Score: 50
2026-05-27 12:32:44 | INFO     | Precio: 0.00 | Estado: FORMING | Score: 50
2026-05-27 12:32:44 | INFO     | Precio: 0.00 | Estado: FORMING | Score: 50
2026-05-27 12:32:44 | INFO     | Precio: 0.00 | Estado: FORMING | Score: 50
2026-05-27 12:32:44 | INFO     | Precio: 0.00 | Estado: FORMING | Score: 50
2026-05-27 12:32:44 | INFO     | Precio: 0.00 | Estado: FORMING | Score: 50
2026-05-27 12:32:44 | INFO     | Precio: 0.00 | Estado: FORMING | Score: 50
2026-05-27 12:32:44 | INFO     | Precio: 0.00 | Estado: FORMING | Score: 50
2026-05-27 12:32:44 | INFO     | Precio: 0.00 | Estado: FORMING | Score: 50
2026-05-27 12:32:44 | INFO     | Precio: 0.00 | Estado: FORMING | Score: 50
2026-05-27 12:32:44 | INFO     | Precio: 0.00 | Estado: INVALID | Score: 42
2026-05-27 12:32:44 | INFO     | Precio: 0.00 | Estado: INVALID | Score: 42
2026-05-27 12:32:44 | INFO     | Precio: 0.00 | Estado: INVALID | Score: 42
2026-05-27 12:32:44 | INFO     | Precio: 0.00 | Estado: INVALID | Score: 49
2026-05-27 12:32:44 | INFO     | Precio: 0.00 | Estado: INVALID | Score: 49
2026-05-27 12:32:44 | INFO     | Precio: 0.00 | Estado: INVALID | Score: 49
2026-05-27 12:32:44 | INFO     | Precio: 0.00 | Estado: INVALID | Score: 49
2026-05-27 12:32:44 | INFO     | Precio: 0.00 | Estado: INVALID | Score: 49
2026-05-27 12:32:44 | INFO     | Precio: 0.00 | Estado: INVALID | Score: 49
2026-05-27 12:32:44 | INFO     | Precio: 0.00 | Estado: INVALID | Score: 44
2026-05-27 12:32:44 | INFO     | Precio: 0.00 | Estado: INVALID | Score: 44
2026-05-27 12:32:44 | INFO     | Precio: 0.00 | Estado: INVALID | Score: 37
2026-05-27 12:32:44 | INFO     | Precio: 0.00 | Estado: FORMING | Score: 46
2026-05-27 12:32:44 | INFO     | Precio: 0.00 | Estado: FORMING | Score: 42
2026-05-27 12:32:44 | INFO     | Precio: 0.00 | Estado: FORMING | Score: 42
2026-05-27 12:32:44 | INFO     | Precio: 0.00 | Estado: FORMING | Score: 47
2026-05-27 12:32:44 | INFO     | Precio: 0.00 | Estado: FORMING | Score: 47
2026-05-27 12:32:44 | INFO     | Precio: 0.00 | Estado: FORMING | Score: 47
2026-05-27 12:32:44 | INFO     | Precio: 0.00 | Estado: FORMING | Score: 42
2026-05-27 12:32:44 | INFO     | Precio: 0.00 | Estado: FORMING | Score: 42
2026-05-27 12:32:44 | INFO     | Precio: 0.00 | Estado: FORMING | Score: 42
2026-05-27 12:32:44 | INFO     | Precio: 0.00 | Estado: FORMING | Score: 42
2026-05-27 12:32:44 | INFO     | Precio: 0.00 | Estado: FORMING | Score: 42
2026-05-27 12:32:44 | INFO     | Precio: 0.00 | Estado: FORMING | Score: 42
2026-05-27 12:32:44 | INFO     | Precio: 0.00 | Estado: INVALID | Score: 44
2026-05-27 12:32:44 | INFO     | Precio: 0.00 | Estado: INVALID | Score: 37
2026-05-27 12:32:44 | INFO     | Precio: 0.00 | Estado: INVALID | Score: 44
2026-05-27 12:32:44 | INFO     | Precio: 0.00 | Estado: INVALID | Score: 46
2026-05-27 12:32:44 | INFO     | Precio: 0.00 | Estado: INVALID | Score: 46
2026-05-27 12:32:44 | INFO     | Precio: 0.00 | Estado: INVALID | Score: 42
2026-05-27 12:32:44 | INFO     | Precio: 0.00 | Estado: INVALID | Score: 42
2026-05-27 12:32:44 | INFO     | Precio: 0.00 | Estado: INVALID | Score: 42
2026-05-27 12:32:44 | INFO     | Precio: 0.00 | Estado: INVALID | Score: 42
2026-05-27 12:32:44 | INFO     | Precio: 0.00 | Estado: INVALID | Score: 49
2026-05-27 12:32:44 | INFO     | Precio: 0.00 | Estado: INVALID | Score: 42
2026-05-27 12:32:44 | INFO     | Precio: 0.00 | Estado: INVALID | Score: 42
2026-05-27 12:32:44 | INFO     | Precio: 0.00 | Estado: FORMING | Score: 42
2026-05-27 12:32:44 | INFO     | Precio: 0.00 | Estado: FORMING | Score: 42
2026-05-27 12:32:44 | INFO     | Precio: 0.00 | Estado: FORMING | Score: 42
2026-05-27 12:32:44 | INFO     | Precio: 0.00 | Estado: FORMING | Score: 42
2026-05-27 12:32:44 | INFO     | Precio: 0.00 | Estado: FORMING | Score: 42
2026-05-27 12:32:44 | INFO     | Precio: 0.00 | Estado: FORMING | Score: 49
2026-05-27 12:32:44 | INFO     | Precio: 0.00 | Estado: FORMING | Score: 42
2026-05-27 12:32:44 | INFO     | Precio: 0.00 | Estado: FORMING | Score: 42
2026-05-27 12:32:44 | INFO     | Precio: 0.00 | Estado: FORMING | Score: 42
2026-05-27 12:32:44 | INFO     | Precio: 0.00 | Estado: FORMING | Score: 47
2026-05-27 12:32:44 | INFO     | Precio: 0.00 | Estado: FORMING | Score: 47
2026-05-27 12:32:44 | INFO     | Precio: 0.00 | Estado: FORMING | Score: 47
2026-05-27 12:32:44 | INFO     | Precio: 0.00 | Estado: FORMING | Score: 49
2026-05-27 12:32:44 | INFO     | Precio: 0.00 | Estado: FORMING | Score: 42
2026-05-27 12:32:44 | INFO     | Precio: 0.00 | Estado: FORMING | Score: 42
2026-05-27 12:32:44 | INFO     | Precio: 0.00 | Estado: FORMING | Score: 42
2026-05-27 12:32:44 | INFO     | Precio: 0.00 | Estado: FORMING | Score: 42
2026-05-27 12:32:44 | INFO     | Precio: 0.00 | Estado: FORMING | Score: 42
2026-05-27 12:32:44 | INFO     | Precio: 0.00 | Estado: FORMING | Score: 47
2026-05-27 12:32:44 | INFO     | Precio: 0.00 | Estado: FORMING | Score: 47
2026-05-27 12:32:44 | INFO     | Precio: 0.00 | Estado: FORMING | Score: 47
2026-05-27 12:32:44 | INFO     | Precio: 0.00 | Estado: FORMING | Score: 47
2026-05-27 12:32:44 | INFO     | Precio: 0.00 | Estado: FORMING | Score: 47
2026-05-27 12:32:44 | INFO     | Precio: 0.00 | Estado: FORMING | Score: 47
2026-05-27 12:32:44 | INFO     | Precio: 0.00 | Estado: FORMING | Score: 42
2026-05-27 12:32:44 | INFO     | Precio: 0.00 | Estado: FORMING | Score: 49
2026-05-27 12:32:44 | INFO     | Precio: 0.00 | Estado: FORMING | Score: 46
2026-05-27 12:32:44 | INFO     | Precio: 0.00 | Estado: FORMING | Score: 49
2026-05-27 12:32:44 | INFO     | Precio: 0.00 | Estado: FORMING | Score: 42
2026-05-27 12:32:44 | INFO     | Precio: 0.00 | Estado: FORMING | Score: 49
2026-05-27 12:32:44 | INFO     | Precio: 0.00 | Estado: FORMING | Score: 42
2026-05-27 12:32:44 | INFO     | Precio: 0.00 | Estado: FORMING | Score: 42
2026-05-27 12:32:44 | INFO     | Precio: 0.00 | Estado: FORMING | Score: 42
2026-05-27 12:32:44 | INFO     | Precio: 0.00 | Estado: FORMING | Score: 49
2026-05-27 12:32:44 | INFO     | Precio: 0.00 | Estado: FORMING | Score: 42
2026-05-27 12:32:44 | INFO     | Precio: 0.00 | Estado: FORMING | Score: 49
2026-05-27 12:32:44 | INFO     | Precio: 0.00 | Estado: INVALID | Score: 49
2026-05-27 12:32:44 | INFO     | Precio: 0.00 | Estado: INVALID | Score: 42
2026-05-27 12:32:44 | INFO     | Precio: 0.00 | Estado: INVALID | Score: 46
2026-05-27 12:32:44 | INFO     | Precio: 0.00 | Estado: FORMING | Score: 42
2026-05-27 12:32:44 | INFO     | Precio: 0.00 | Estado: FORMING | Score: 42
2026-05-27 12:32:44 | INFO     | Precio: 0.00 | Estado: FORMING | Score: 46
2026-05-27 12:32:44 | INFO     | Precio: 0.00 | Estado: INVALID | Score: 49
2026-05-27 12:32:44 | INFO     | Precio: 0.00 | Estado: INVALID | Score: 42
2026-05-27 12:32:44 | INFO     | Precio: 0.00 | Estado: INVALID | Score: 46
2026-05-27 12:32:44 | INFO     | Precio: 0.00 | Estado: FORMING | Score: 42
2026-05-27 12:32:44 | INFO     | Precio: 0.00 | Estado: FORMING | Score: 42
2026-05-27 12:32:44 | INFO     | Precio: 0.00 | Estado: FORMING | Score: 42
2026-05-27 12:32:44 | INFO     | Precio: 0.00 | Estado: FORMING | Score: 47
2026-05-27 12:32:44 | INFO     | Precio: 0.00 | Estado: FORMING | Score: 47
2026-05-27 12:32:44 | INFO     | Precio: 0.00 | Estado: FORMING | Score: 47
2026-05-27 12:32:44 | INFO     | Precio: 0.00 | Estado: FORMING | Score: 46
2026-05-27 12:32:44 | INFO     | Precio: 0.00 | Estado: FORMING | Score: 42
2026-05-27 12:32:44 | INFO     | Precio: 0.00 | Estado: FORMING | Score: 42
2026-05-27 12:32:44 | INFO     | Precio: 0.00 | Estado: FORMING | Score: 46
2026-05-27 12:32:44 | INFO     | Precio: 0.00 | Estado: FORMING | Score: 42
2026-05-27 12:32:44 | INFO     | Precio: 0.00 | Estado: FORMING | Score: 42
2026-05-27 12:32:44 | INFO     | Precio: 0.00 | Estado: FORMING | Score: 42
2026-05-27 12:32:44 | INFO     | Precio: 0.00 | Estado: FORMING | Score: 42
2026-05-27 12:32:44 | INFO     | Precio: 0.00 | Estado: FORMING | Score: 42
2026-05-27 12:32:44 | INFO     | Precio: 0.00 | Estado: FORMING | Score: 50
2026-05-27 12:32:44 | INFO     | Precio: 0.00 | Estado: FORMING | Score: 50
2026-05-27 12:32:44 | INFO     | Precio: 0.00 | Estado: FORMING | Score: 50
2026-05-27 12:32:44 | INFO     | Precio: 0.00 | Estado: FORMING | Score: 50
2026-05-27 12:32:44 | INFO     | Precio: 0.00 | Estado: FORMING | Score: 50
2026-05-27 12:32:44 | INFO     | Precio: 0.00 | Estado: FORMING | Score: 50
2026-05-27 12:32:44 | INFO     | Precio: 0.00 | Estado: FORMING | Score: 50
2026-05-27 12:32:44 | INFO     | Precio: 0.00 | Estado: FORMING | Score: 50
2026-05-27 12:32:44 | INFO     | Precio: 0.00 | Estado: FORMING | Score: 50
2026-05-27 12:32:44 | INFO     | Precio: 0.00 | Estado: FORMING | Score: 50
2026-05-27 12:32:44 | INFO     | Precio: 0.00 | Estado: FORMING | Score: 50
2026-05-27 12:32:44 | INFO     | Precio: 0.00 | Estado: FORMING | Score: 50
2026-05-27 12:32:44 | INFO     | Precio: 0.00 | Estado: READY | Score: 60
2026-05-27 12:32:44 | INFO     | Precio: 0.00 | Estado: FORMING | Score: 53
2026-05-27 12:32:44 | INFO     | Precio: 0.00 | Estado: FORMING | Score: 53
2026-05-27 12:32:44 | INFO     | Precio: 0.00 | Estado: READY | Score: 60
2026-05-27 12:32:44 | INFO     | Precio: 0.00 | Estado: FORMING | Score: 53
2026-05-27 12:32:44 | INFO     | Precio: 0.00 | Estado: FORMING | Score: 53
2026-05-27 12:32:44 | INFO     | Precio: 0.00 | Estado: FORMING | Score: 53
2026-05-27 12:32:44 | INFO     | Precio: 0.00 | Estado: READY | Score: 60
2026-05-27 12:32:44 | INFO     | Precio: 0.00 | Estado: FORMING | Score: 57
2026-05-27 12:32:44 | INFO     | Precio: 0.00 | Estado: FORMING | Score: 53
2026-05-27 12:32:44 | INFO     | Precio: 0.00 | Estado: FORMING | Score: 53
2026-05-27 12:32:45 | INFO     | Precio: 0.00 | Estado: FORMING | Score: 53
2026-05-27 12:32:45 | INFO     | Precio: 0.00 | Estado: INVALID | Score: 42
2026-05-27 12:32:45 | INFO     | Precio: 0.00 | Estado: INVALID | Score: 46
2026-05-27 12:32:45 | INFO     | Precio: 0.00 | Estado: INVALID | Score: 42
2026-05-27 12:32:45 | INFO     | Precio: 0.00 | Estado: INVALID | Score: 49
2026-05-27 12:32:45 | INFO     | Precio: 0.00 | Estado: INVALID | Score: 46
2026-05-27 12:32:45 | INFO     | Precio: 0.00 | Estado: INVALID | Score: 49
2026-05-27 12:32:45 | INFO     | Precio: 0.00 | Estado: INVALID | Score: 49
2026-05-27 12:32:45 | INFO     | Precio: 0.00 | Estado: INVALID | Score: 49
2026-05-27 12:32:45 | INFO     | Precio: 0.00 | Estado: INVALID | Score: 49
2026-05-27 12:32:45 | INFO     | Precio: 0.00 | Estado: INVALID | Score: 46
2026-05-27 12:32:45 | INFO     | Precio: 0.00 | Estado: INVALID | Score: 46
2026-05-27 12:32:45 | INFO     | Precio: 0.00 | Estado: INVALID | Score: 42
2026-05-27 12:32:45 | INFO     | Precio: 0.00 | Estado: INVALID | Score: 37
2026-05-27 12:32:45 | INFO     | Precio: 0.00 | Estado: INVALID | Score: 37
2026-05-27 12:32:45 | INFO     | Precio: 0.00 | Estado: INVALID | Score: 37
2026-05-27 12:32:45 | INFO     | Precio: 0.00 | Estado: INVALID | Score: 37
2026-05-27 12:32:45 | INFO     | Precio: 0.00 | Estado: INVALID | Score: 37
2026-05-27 12:32:45 | INFO     | Precio: 0.00 | Estado: INVALID | Score: 37
2026-05-27 12:32:45 | INFO     | Precio: 0.00 | Estado: INVALID | Score: 37
2026-05-27 12:32:45 | INFO     | Precio: 0.00 | Estado: INVALID | Score: 37
2026-05-27 12:32:45 | INFO     | Precio: 0.00 | Estado: INVALID | Score: 37
2026-05-27 12:32:45 | INFO     | Precio: 0.00 | Estado: INVALID | Score: 37
2026-05-27 12:32:45 | INFO     | Precio: 0.00 | Estado: INVALID | Score: 37
2026-05-27 12:32:45 | INFO     | Precio: 0.00 | Estado: INVALID | Score: 37
2026-05-27 12:32:45 | INFO     | Precio: 0.00 | Estado: INVALID | Score: 42
2026-05-27 12:32:45 | INFO     | Precio: 0.00 | Estado: INVALID | Score: 49
2026-05-27 12:32:45 | INFO     | Precio: 0.00 | Estado: INVALID | Score: 42
2026-05-27 12:32:45 | INFO     | Precio: 0.00 | Estado: INVALID | Score: 42
2026-05-27 12:32:45 | INFO     | Precio: 0.00 | Estado: INVALID | Score: 42
2026-05-27 12:32:45 | INFO     | Precio: 0.00 | Estado: INVALID | Score: 42
2026-05-27 12:32:45 | INFO     | Precio: 0.00 | Estado: INVALID | Score: 42
2026-05-27 12:32:45 | INFO     | Precio: 0.00 | Estado: INVALID | Score: 42
2026-05-27 12:32:45 | INFO     | Precio: 0.00 | Estado: INVALID | Score: 42
2026-05-27 12:32:45 | INFO     | Precio: 0.00 | Estado: INVALID | Score: 42
2026-05-27 12:32:45 | INFO     | Precio: 0.00 | Estado: INVALID | Score: 42
2026-05-27 12:32:45 | INFO     | Precio: 0.00 | Estado: INVALID | Score: 42
2026-05-27 12:32:45 | INFO     | Precio: 0.00 | Estado: INVALID | Score: 42
2026-05-27 12:32:45 | INFO     | Precio: 0.00 | Estado: INVALID | Score: 42
2026-05-27 12:32:45 | INFO     | Precio: 0.00 | Estado: INVALID | Score: 42
2026-05-27 12:32:45 | INFO     | Precio: 0.00 | Estado: FORMING | Score: 42
2026-05-27 12:32:45 | INFO     | Precio: 0.00 | Estado: FORMING | Score: 49
2026-05-27 12:32:45 | INFO     | Precio: 0.00 | Estado: FORMING | Score: 42
2026-05-27 12:32:45 | INFO     | Precio: 0.00 | Estado: FORMING | Score: 49
2026-05-27 12:32:45 | INFO     | Precio: 0.00 | Estado: FORMING | Score: 42
2026-05-27 12:32:45 | INFO     | Precio: 0.00 | Estado: FORMING | Score: 46
2026-05-27 12:32:45 | INFO     | Precio: 0.00 | Estado: FORMING | Score: 49
2026-05-27 12:32:45 | INFO     | Precio: 0.00 | Estado: FORMING | Score: 49
2026-05-27 12:32:45 | INFO     | Precio: 0.00 | Estado: FORMING | Score: 42
2026-05-27 12:32:45 | INFO     | Precio: 0.00 | Estado: FORMING | Score: 47
2026-05-27 12:32:45 | INFO     | Precio: 0.00 | Estado: FORMING | Score: 47
2026-05-27 12:32:45 | INFO     | Precio: 0.00 | Estado: FORMING | Score: 47
2026-05-27 12:32:45 | INFO     | Precio: 0.00 | Estado: FORMING | Score: 54
2026-05-27 12:32:45 | INFO     | Precio: 0.00 | Estado: FORMING | Score: 54
2026-05-27 12:32:45 | INFO     | Precio: 0.00 | Estado: FORMING | Score: 54
2026-05-27 12:32:45 | INFO     | Precio: 0.00 | Estado: FORMING | Score: 54
2026-05-27 12:32:45 | INFO     | Precio: 0.00 | Estado: FORMING | Score: 54
2026-05-27 12:32:45 | INFO     | Precio: 0.00 | Estado: FORMING | Score: 54
2026-05-27 12:32:45 | INFO     | Precio: 0.00 | Estado: FORMING | Score: 51
2026-05-27 12:32:45 | INFO     | Precio: 0.00 | Estado: FORMING | Score: 47
2026-05-27 12:32:45 | INFO     | Precio: 0.00 | Estado: FORMING | Score: 47
2026-05-27 12:32:45 | INFO     | Precio: 0.00 | Estado: FORMING | Score: 51
2026-05-27 12:32:45 | INFO     | Precio: 0.00 | Estado: FORMING | Score: 47
2026-05-27 12:32:45 | INFO     | Precio: 0.00 | Estado: FORMING | Score: 47
2026-05-27 12:32:45 | INFO     | Precio: 0.00 | Estado: FORMING | Score: 47
2026-05-27 12:32:45 | INFO     | Precio: 0.00 | Estado: FORMING | Score: 47
2026-05-27 12:32:45 | INFO     | Precio: 0.00 | Estado: FORMING | Score: 47
2026-05-27 12:32:45 | INFO     | Precio: 0.00 | Estado: INVALID | Score: 44
2026-05-27 12:32:45 | INFO     | Precio: 0.00 | Estado: INVALID | Score: 41
2026-05-27 12:32:45 | INFO     | Precio: 0.00 | Estado: INVALID | Score: 37
2026-05-27 12:32:45 | INFO     | Precio: 0.00 | Estado: INVALID | Score: 37
2026-05-27 12:32:45 | INFO     | Precio: 0.00 | Estado: INVALID | Score: 44
2026-05-27 12:32:45 | INFO     | Precio: 0.00 | Estado: INVALID | Score: 44
2026-05-27 12:32:45 | INFO     | Precio: 0.00 | Estado: FORMING | Score: 53
2026-05-27 12:32:45 | INFO     | Precio: 0.00 | Estado: FORMING | Score: 53
2026-05-27 12:32:45 | INFO     | Precio: 0.00 | Estado: READY | Score: 60
2026-05-27 12:32:45 | INFO     | Precio: 0.00 | Estado: FORMING | Score: 53
2026-05-27 12:32:45 | INFO     | Precio: 0.00 | Estado: FORMING | Score: 53
2026-05-27 12:32:45 | INFO     | Precio: 0.00 | Estado: FORMING | Score: 53
2026-05-27 12:32:45 | INFO     | Precio: 0.00 | Estado: FORMING | Score: 53
2026-05-27 12:32:45 | INFO     | Precio: 0.00 | Estado: FORMING | Score: 53
2026-05-27 12:32:45 | INFO     | Precio: 0.00 | Estado: FORMING | Score: 53
2026-05-27 12:32:45 | INFO     | Precio: 0.00 | Estado: FORMING | Score: 53
2026-05-27 12:32:45 | INFO     | Precio: 0.00 | Estado: FORMING | Score: 53
2026-05-27 12:32:45 | INFO     | Precio: 0.00 | Estado: FORMING | Score: 53
2026-05-27 12:32:45 | INFO     | Precio: 0.00 | Estado: FORMING | Score: 53
2026-05-27 12:32:45 | INFO     | Precio: 0.00 | Estado: FORMING | Score: 53
2026-05-27 12:32:45 | INFO     | Precio: 0.00 | Estado: FORMING | Score: 53
2026-05-27 12:32:45 | INFO     | Precio: 0.00 | Estado: FORMING | Score: 53
2026-05-27 12:32:45 | INFO     | Precio: 0.00 | Estado: FORMING | Score: 53
2026-05-27 12:32:45 | INFO     | Precio: 0.00 | Estado: FORMING | Score: 53
2026-05-27 12:32:45 | INFO     | Precio: 0.00 | Estado: READY | Score: 60
2026-05-27 12:32:45 | INFO     | Precio: 0.00 | Estado: FORMING | Score: 53
2026-05-27 12:32:45 | INFO     | Precio: 0.00 | Estado: FORMING | Score: 53
2026-05-27 12:32:45 | INFO     | Precio: 0.00 | Estado: FORMING | Score: 53
2026-05-27 12:32:45 | INFO     | Precio: 0.00 | Estado: FORMING | Score: 53
2026-05-27 12:32:45 | INFO     | Precio: 0.00 | Estado: FORMING | Score: 53
2026-05-27 12:32:45 | INFO     | Precio: 0.00 | Estado: READY | Score: 60
2026-05-27 12:32:45 | INFO     | Precio: 0.00 | Estado: FORMING | Score: 53
2026-05-27 12:32:45 | INFO     | Precio: 0.00 | Estado: FORMING | Score: 53
2026-05-27 12:32:45 | INFO     | Precio: 0.00 | Estado: FORMING | Score: 53
2026-05-27 12:32:45 | INFO     | Precio: 0.00 | Estado: FORMING | Score: 57
2026-05-27 12:32:45 | INFO     | Precio: 0.00 | Estado: FORMING | Score: 53
2026-05-27 12:32:45 | INFO     | Precio: 0.00 | Estado: FORMING | Score: 53
2026-05-27 12:32:45 | INFO     | Precio: 0.00 | Estado: FORMING | Score: 53
2026-05-27 12:32:45 | INFO     | Precio: 0.00 | Estado: FORMING | Score: 53
2026-05-27 12:32:45 | INFO     | Precio: 0.00 | Estado: FORMING | Score: 53
2026-05-27 12:32:45 | INFO     | Precio: 0.00 | Estado: FORMING | Score: 53
2026-05-27 12:32:45 | INFO     | Precio: 0.00 | Estado: FORMING | Score: 53
2026-05-27 12:32:45 | INFO     | Precio: 0.00 | Estado: READY | Score: 56
2026-05-27 12:32:45 | INFO     | Precio: 0.00 | Estado: READY | Score: 56
2026-05-27 12:32:45 | INFO     | Precio: 0.00 | Estado: READY | Score: 56
2026-05-27 12:32:45 | INFO     | Precio: 0.00 | Estado: READY | Score: 56
2026-05-27 12:32:45 | INFO     | Precio: 0.00 | Estado: READY | Score: 56
2026-05-27 12:32:45 | INFO     | Precio: 0.00 | Estado: READY | Score: 56
2026-05-27 12:32:45 | INFO     | Precio: 0.00 | Estado: READY | Score: 56
2026-05-27 12:32:45 | INFO     | Precio: 0.00 | Estado: READY | Score: 56
2026-05-27 12:32:45 | INFO     | Precio: 0.00 | Estado: READY | Score: 56
2026-05-27 12:32:45 | INFO     | Precio: 0.00 | Estado: READY | Score: 56
2026-05-27 12:32:45 | INFO     | Precio: 0.00 | Estado: READY | Score: 60
2026-05-27 12:32:45 | INFO     | Precio: 0.00 | Estado: READY | Score: 56
2026-05-27 12:32:45 | INFO     | Precio: 0.00 | Estado: READY | Score: 56
2026-05-27 12:32:45 | INFO     | Precio: 0.00 | Estado: READY | Score: 56
2026-05-27 12:32:45 | INFO     | Precio: 0.00 | Estado: READY | Score: 56
2026-05-27 12:32:45 | INFO     | Precio: 0.00 | Estado: READY | Score: 56
2026-05-27 12:32:45 | INFO     | Precio: 0.00 | Estado: READY | Score: 56
2026-05-27 12:32:45 | INFO     | Precio: 0.00 | Estado: READY | Score: 56
2026-05-27 12:32:45 | INFO     | Precio: 0.00 | Estado: READY | Score: 56
2026-05-27 12:32:45 | INFO     | Precio: 0.00 | Estado: READY | Score: 56
2026-05-27 12:32:45 | INFO     | Precio: 0.00 | Estado: READY | Score: 56
2026-05-27 12:32:45 | INFO     | Precio: 0.00 | Estado: READY | Score: 56
2026-05-27 12:32:45 | INFO     | Precio: 0.00 | Estado: READY | Score: 56
2026-05-27 12:32:45 | INFO     | Precio: 0.00 | Estado: READY | Score: 60
2026-05-27 12:32:45 | INFO     | Precio: 0.00 | Estado: READY | Score: 56
2026-05-27 12:32:45 | INFO     | Precio: 0.00 | Estado: READY | Score: 56
2026-05-27 12:32:45 | INFO     | Precio: 0.00 | Estado: READY | Score: 63
2026-05-27 12:32:45 | INFO     | Precio: 0.00 | Estado: READY | Score: 56
2026-05-27 12:32:45 | INFO     | Precio: 0.00 | Estado: READY | Score: 56
2026-05-27 12:32:45 | INFO     | Precio: 0.00 | Estado: READY | Score: 56
2026-05-27 12:32:45 | INFO     | Precio: 0.00 | Estado: READY | Score: 56
2026-05-27 12:32:45 | INFO     | Precio: 0.00 | Estado: READY | Score: 56
2026-05-27 12:32:45 | INFO     | Precio: 0.00 | Estado: READY | Score: 56
2026-05-27 12:32:45 | INFO     | Precio: 0.00 | Estado: READY | Score: 56
2026-05-27 12:32:45 | INFO     | Precio: 0.00 | Estado: READY | Score: 56
2026-05-27 12:32:45 | INFO     | Precio: 0.00 | Estado: READY | Score: 63
2026-05-27 12:32:45 | INFO     | Precio: 0.00 | Estado: READY | Score: 56
2026-05-27 12:32:45 | INFO     | Precio: 0.00 | Estado: READY | Score: 63
2026-05-27 12:32:45 | INFO     | Precio: 0.00 | Estado: READY | Score: 63
2026-05-27 12:32:45 | INFO     | Precio: 0.00 | Estado: READY | Score: 63
2026-05-27 12:32:45 | INFO     | Precio: 0.00 | Estado: READY | Score: 56
2026-05-27 12:32:45 | INFO     | Precio: 0.00 | Estado: READY | Score: 56
2026-05-27 12:32:45 | INFO     | Precio: 0.00 | Estado: READY | Score: 56
2026-05-27 12:32:45 | INFO     | Precio: 0.00 | Estado: READY | Score: 60
2026-05-27 12:32:45 | INFO     | Precio: 0.00 | Estado: READY | Score: 63
2026-05-27 12:32:45 | INFO     | Precio: 0.00 | Estado: READY | Score: 60
2026-05-27 12:32:45 | INFO     | Precio: 0.00 | Estado: READY | Score: 56
2026-05-27 12:32:45 | INFO     | Precio: 0.00 | Estado: READY | Score: 56
2026-05-27 12:32:45 | INFO     | Precio: 0.00 | Estado: READY | Score: 60
2026-05-27 12:32:45 | INFO     | Precio: 0.00 | Estado: READY | Score: 56
2026-05-27 12:32:45 | INFO     | Precio: 0.00 | Estado: READY | Score: 63
2026-05-27 12:32:45 | INFO     | Precio: 0.00 | Estado: READY | Score: 56
2026-05-27 12:32:45 | INFO     | Precio: 0.00 | Estado: READY | Score: 56
2026-05-27 12:32:45 | INFO     | Precio: 0.00 | Estado: READY | Score: 56
2026-05-27 12:32:45 | INFO     | Precio: 0.00 | Estado: READY | Score: 60
2026-05-27 12:32:45 | INFO     | Precio: 0.00 | Estado: READY | Score: 56
2026-05-27 12:32:45 | INFO     | Precio: 0.00 | Estado: READY | Score: 56
2026-05-27 12:32:45 | INFO     | Precio: 0.00 | Estado: READY | Score: 56
2026-05-27 12:32:45 | INFO     | Precio: 0.00 | Estado: READY | Score: 56
2026-05-27 12:32:45 | INFO     | Precio: 0.00 | Estado: READY | Score: 56
2026-05-27 12:32:45 | INFO     | Precio: 0.00 | Estado: READY | Score: 60
2026-05-27 12:32:45 | INFO     | Precio: 0.00 | Estado: READY | Score: 60
2026-05-27 12:32:45 | INFO     | Precio: 0.00 | Estado: FORMING | Score: 53
2026-05-27 12:32:45 | INFO     | Precio: 0.00 | Estado: FORMING | Score: 53
2026-05-27 12:32:45 | INFO     | Precio: 0.00 | Estado: FORMING | Score: 53
2026-05-27 12:32:45 | INFO     | Precio: 0.00 | Estado: FORMING | Score: 53
2026-05-27 12:32:45 | INFO     | Precio: 0.00 | Estado: FORMING | Score: 53
2026-05-27 12:32:45 | INFO     | Precio: 0.00 | Estado: FORMING | Score: 53
2026-05-27 12:32:45 | INFO     | Precio: 0.00 | Estado: FORMING | Score: 53
2026-05-27 12:32:45 | INFO     | Precio: 0.00 | Estado: READY | Score: 60
2026-05-27 12:32:45 | INFO     | Precio: 0.00 | Estado: READY | Score: 60
2026-05-27 12:32:45 | INFO     | Precio: 0.00 | Estado: FORMING | Score: 53
2026-05-27 12:32:45 | INFO     | Precio: 0.00 | Estado: READY | Score: 56
2026-05-27 12:32:45 | INFO     | Precio: 0.00 | Estado: READY | Score: 56
2026-05-27 12:32:45 | INFO     | Precio: 0.00 | Estado: READY | Score: 56
2026-05-27 12:32:45 | INFO     | Precio: 0.00 | Estado: READY | Score: 56
2026-05-27 12:32:45 | INFO     | Precio: 0.00 | Estado: READY | Score: 56
2026-05-27 12:32:45 | INFO     | Precio: 0.00 | Estado: READY | Score: 56
2026-05-27 12:32:45 | INFO     | Precio: 0.00 | Estado: READY | Score: 56
2026-05-27 12:32:45 | INFO     | Precio: 0.00 | Estado: READY | Score: 56
2026-05-27 12:32:45 | INFO     | Precio: 0.00 | Estado: READY | Score: 63
2026-05-27 12:32:45 | INFO     | Precio: 0.00 | Estado: READY | Score: 63
2026-05-27 12:32:45 | INFO     | Precio: 0.00 | Estado: READY | Score: 56
2026-05-27 12:32:45 | INFO     | Precio: 0.00 | Estado: READY | Score: 56
2026-05-27 12:32:45 | INFO     | Precio: 0.00 | Estado: READY | Score: 56
2026-05-27 12:32:45 | INFO     | Precio: 0.00 | Estado: READY | Score: 56
2026-05-27 12:32:45 | INFO     | Precio: 0.00 | Estado: READY | Score: 56
2026-05-27 12:32:45 | INFO     | Precio: 0.00 | Estado: READY | Score: 60
2026-05-27 12:32:45 | INFO     | Precio: 0.00 | Estado: READY | Score: 56
2026-05-27 12:32:45 | INFO     | Precio: 0.00 | Estado: READY | Score: 56
2026-05-27 12:32:45 | INFO     | Precio: 0.00 | Estado: READY | Score: 56
2026-05-27 12:32:45 | INFO     | Precio: 0.00 | Estado: READY | Score: 56
2026-05-27 12:32:45 | INFO     | Precio: 0.00 | Estado: READY | Score: 56
2026-05-27 12:32:45 | INFO     | Precio: 0.00 | Estado: READY | Score: 56
2026-05-27 12:32:45 | INFO     | Precio: 0.00 | Estado: READY | Score: 56
2026-05-27 12:32:45 | INFO     | Precio: 0.00 | Estado: READY | Score: 63
2026-05-27 12:32:45 | INFO     | Precio: 0.00 | Estado: FORMING | Score: 53
2026-05-27 12:32:45 | INFO     | Precio: 0.00 | Estado: READY | Score: 60
2026-05-27 12:32:45 | INFO     | Precio: 0.00 | Estado: FORMING | Score: 53
2026-05-27 12:32:45 | INFO     | Precio: 0.00 | Estado: FORMING | Score: 53
2026-05-27 12:32:45 | INFO     | Precio: 0.00 | Estado: FORMING | Score: 53
2026-05-27 12:32:45 | INFO     | Precio: 0.00 | Estado: FORMING | Score: 53
2026-05-27 12:32:45 | INFO     | Precio: 0.00 | Estado: FORMING | Score: 53
2026-05-27 12:32:45 | INFO     | Precio: 0.00 | Estado: FORMING | Score: 53
2026-05-27 12:32:45 | INFO     | Precio: 0.00 | Estado: FORMING | Score: 53
2026-05-27 12:32:45 | INFO     | Precio: 0.00 | Estado: READY | Score: 60
2026-05-27 12:32:45 | INFO     | Precio: 0.00 | Estado: FORMING | Score: 57
2026-05-27 12:32:45 | INFO     | Precio: 0.00 | Estado: READY | Score: 60
2026-05-27 12:32:45 | INFO     | Precio: 0.00 | Estado: FORMING | Score: 53
2026-05-27 12:32:45 | INFO     | Precio: 0.00 | Estado: FORMING | Score: 53
2026-05-27 12:32:45 | INFO     | Precio: 0.00 | Estado: FORMING | Score: 53
2026-05-27 12:32:45 | INFO     | Precio: 0.00 | Estado: READY | Score: 60
2026-05-27 12:32:45 | INFO     | Precio: 0.00 | Estado: FORMING | Score: 53
2026-05-27 12:32:45 | INFO     | Precio: 0.00 | Estado: FORMING | Score: 53
2026-05-27 12:32:45 | INFO     | Precio: 0.00 | Estado: READY | Score: 60
2026-05-27 12:32:45 | INFO     | Precio: 0.00 | Estado: FORMING | Score: 53
2026-05-27 12:32:45 | INFO     | Precio: 0.00 | Estado: FORMING | Score: 53
2026-05-27 12:32:45 | INFO     | Precio: 0.00 | Estado: FORMING | Score: 53
2026-05-27 12:32:45 | INFO     | Precio: 0.00 | Estado: READY | Score: 60
2026-05-27 12:32:45 | INFO     | Precio: 0.00 | Estado: FORMING | Score: 53
2026-05-27 12:32:45 | INFO     | Precio: 0.00 | Estado: FORMING | Score: 53
2026-05-27 12:32:45 | INFO     | Precio: 0.00 | Estado: FORMING | Score: 53
2026-05-27 12:32:45 | INFO     | Precio: 0.00 | Estado: FORMING | Score: 53
2026-05-27 12:32:45 | INFO     | Precio: 0.00 | Estado: FORMING | Score: 53
2026-05-27 12:32:45 | INFO     | Precio: 0.00 | Estado: FORMING | Score: 53
2026-05-27 12:32:45 | INFO     | Precio: 0.00 | Estado: READY | Score: 60
2026-05-27 12:32:45 | INFO     | Precio: 0.00 | Estado: FORMING | Score: 53
2026-05-27 12:32:45 | INFO     | Precio: 0.00 | Estado: FORMING | Score: 53
2026-05-27 12:32:45 | INFO     | Precio: 0.00 | Estado: FORMING | Score: 53
2026-05-27 12:32:45 | INFO     | Precio: 0.00 | Estado: FORMING | Score: 53
2026-05-27 12:32:45 | INFO     | Precio: 0.00 | Estado: FORMING | Score: 53
2026-05-27 12:32:45 | INFO     | Precio: 0.00 | Estado: READY | Score: 60
2026-05-27 12:32:45 | INFO     | Precio: 0.00 | Estado: READY | Score: 56
2026-05-27 12:32:45 | INFO     | Precio: 0.00 | Estado: READY | Score: 63
2026-05-27 12:32:45 | INFO     | Precio: 0.00 | Estado: READY | Score: 56
2026-05-27 12:32:45 | INFO     | Precio: 0.00 | Estado: READY | Score: 56
2026-05-27 12:32:45 | INFO     | Precio: 0.00 | Estado: READY | Score: 56
2026-05-27 12:32:45 | INFO     | Precio: 0.00 | Estado: READY | Score: 56
2026-05-27 12:32:45 | INFO     | Precio: 0.00 | Estado: READY | Score: 56
2026-05-27 12:32:45 | INFO     | Precio: 0.00 | Estado: READY | Score: 63
2026-05-27 12:32:45 | INFO     | Precio: 0.00 | Estado: READY | Score: 56
2026-05-27 12:32:45 | INFO     | Precio: 0.00 | Estado: READY | Score: 56
2026-05-27 12:32:45 | INFO     | Precio: 0.00 | Estado: READY | Score: 56
2026-05-27 12:32:45 | INFO     | Precio: 0.00 | Estado: READY | Score: 56
2026-05-27 12:32:45 | INFO     | Precio: 0.00 | Estado: READY | Score: 56
2026-05-27 12:32:45 | INFO     | Precio: 0.00 | Estado: READY | Score: 56
2026-05-27 12:32:45 | INFO     | Precio: 0.00 | Estado: READY | Score: 56
2026-05-27 12:32:45 | INFO     | Precio: 0.00 | Estado: READY | Score: 56
2026-05-27 12:32:45 | INFO     | Precio: 0.00 | Estado: READY | Score: 56
2026-05-27 12:32:45 | INFO     | Precio: 0.00 | Estado: READY | Score: 56
2026-05-27 12:32:45 | INFO     | Precio: 0.00 | Estado: READY | Score: 60
2026-05-27 12:32:45 | INFO     | Precio: 0.00 | Estado: READY | Score: 63
2026-05-27 12:32:45 | INFO     | Precio: 0.00 | Estado: READY | Score: 56
2026-05-27 12:32:45 | INFO     | Precio: 0.00 | Estado: READY | Score: 56
2026-05-27 12:32:45 | INFO     | Precio: 0.00 | Estado: READY | Score: 56
2026-05-27 12:32:45 | INFO     | Precio: 0.00 | Estado: READY | Score: 56
2026-05-27 12:32:45 | INFO     | Precio: 0.00 | Estado: READY | Score: 56
2026-05-27 12:32:45 | INFO     | Precio: 0.00 | Estado: READY | Score: 56
2026-05-27 12:32:45 | INFO     | Precio: 0.00 | Estado: READY | Score: 56
2026-05-27 12:32:45 | INFO     | Precio: 0.00 | Estado: READY | Score: 56
2026-05-27 12:32:45 | INFO     | Precio: 0.00 | Estado: READY | Score: 56
2026-05-27 12:32:45 | INFO     | Precio: 0.00 | Estado: READY | Score: 56
2026-05-27 12:32:45 | INFO     | Precio: 0.00 | Estado: READY | Score: 56
2026-05-27 12:32:45 | INFO     | Precio: 0.00 | Estado: READY | Score: 56
2026-05-27 12:32:45 | INFO     | Precio: 0.00 | Estado: READY | Score: 56
2026-05-27 12:32:45 | INFO     | Precio: 0.00 | Estado: READY | Score: 56
2026-05-27 12:32:45 | INFO     | Precio: 0.00 | Estado: READY | Score: 60
2026-05-27 12:32:45 | INFO     | Precio: 0.00 | Estado: READY | Score: 56
2026-05-27 12:32:45 | INFO     | Precio: 0.00 | Estado: READY | Score: 56
2026-05-27 12:32:45 | INFO     | Precio: 0.00 | Estado: READY | Score: 63
2026-05-27 12:32:45 | INFO     | Precio: 0.00 | Estado: READY | Score: 56
2026-05-27 12:32:45 | INFO     | Precio: 0.00 | Estado: READY | Score: 56
2026-05-27 12:32:45 | INFO     | Precio: 0.00 | Estado: READY | Score: 56
2026-05-27 12:32:45 | INFO     | Precio: 0.00 | Estado: READY | Score: 56
2026-05-27 12:32:45 | INFO     | Precio: 0.00 | Estado: READY | Score: 56
2026-05-27 12:32:45 | INFO     | Precio: 0.00 | Estado: READY | Score: 63
2026-05-27 12:32:45 | INFO     | Precio: 0.00 | Estado: READY | Score: 56
2026-05-27 12:32:45 | INFO     | Precio: 0.00 | Estado: READY | Score: 56
2026-05-27 12:32:45 | INFO     | Precio: 0.00 | Estado: READY | Score: 56
2026-05-27 12:32:45 | INFO     | Precio: 0.00 | Estado: READY | Score: 56
2026-05-27 12:32:45 | INFO     | Precio: 0.00 | Estado: READY | Score: 56
2026-05-27 12:32:45 | INFO     | Precio: 0.00 | Estado: READY | Score: 56
2026-05-27 12:32:45 | INFO     | Precio: 0.00 | Estado: READY | Score: 56
2026-05-27 12:32:45 | INFO     | Precio: 0.00 | Estado: READY | Score: 56
2026-05-27 12:32:45 | INFO     | Precio: 0.00 | Estado: READY | Score: 56
2026-05-27 12:32:45 | INFO     | Precio: 0.00 | Estado: READY | Score: 60
2026-05-27 12:32:45 | INFO     | Precio: 0.00 | Estado: READY | Score: 56
2026-05-27 12:32:45 | INFO     | Precio: 0.00 | Estado: READY | Score: 56
2026-05-27 12:32:45 | INFO     | Precio: 0.00 | Estado: READY | Score: 63
2026-05-27 12:32:45 | INFO     | Precio: 0.00 | Estado: READY | Score: 63
2026-05-27 12:32:45 | INFO     | Precio: 0.00 | Estado: READY | Score: 63
2026-05-27 12:32:45 | INFO     | Precio: 0.00 | Estado: READY | Score: 56
2026-05-27 12:32:45 | INFO     | Precio: 0.00 | Estado: READY | Score: 56
2026-05-27 12:32:45 | INFO     | Precio: 0.00 | Estado: READY | Score: 56
2026-05-27 12:32:45 | INFO     | Precio: 0.00 | Estado: READY | Score: 56
2026-05-27 12:32:45 | INFO     | Precio: 0.00 | Estado: READY | Score: 60
2026-05-27 12:32:45 | INFO     | Precio: 0.00 | Estado: READY | Score: 56
2026-05-27 12:32:45 | INFO     | Precio: 0.00 | Estado: READY | Score: 60
2026-05-27 12:32:45 | INFO     | Precio: 0.00 | Estado: READY | Score: 56
2026-05-27 12:32:45 | INFO     | Precio: 0.00 | Estado: READY | Score: 56
2026-05-27 12:32:45 | INFO     | Precio: 0.00 | Estado: READY | Score: 56
2026-05-27 12:32:45 | INFO     | Precio: 0.00 | Estado: READY | Score: 56
2026-05-27 12:32:45 | INFO     | Precio: 0.00 | Estado: READY | Score: 56
2026-05-27 12:32:45 | INFO     | Precio: 0.00 | Estado: READY | Score: 56
2026-05-27 12:32:45 | INFO     | Precio: 0.00 | Estado: FORMING | Score: 53
2026-05-27 12:32:45 | INFO     | Precio: 0.00 | Estado: FORMING | Score: 53
2026-05-27 12:32:45 | INFO     | Precio: 0.00 | Estado: READY | Score: 60
2026-05-27 12:32:45 | INFO     | Precio: 0.00 | Estado: READY | Score: 60
2026-05-27 12:32:45 | INFO     | Precio: 0.00 | Estado: READY | Score: 60
2026-05-27 12:32:45 | INFO     | Precio: 0.00 | Estado: READY | Score: 60
2026-05-27 12:32:45 | INFO     | Precio: 0.00 | Estado: FORMING | Score: 53
2026-05-27 12:32:45 | INFO     | Precio: 0.00 | Estado: FORMING | Score: 53
2026-05-27 12:32:45 | INFO     | Precio: 0.00 | Estado: FORMING | Score: 53
2026-05-27 12:32:45 | INFO     | Precio: 0.00 | Estado: FORMING | Score: 57
2026-05-27 12:32:45 | INFO     | Precio: 0.00 | Estado: FORMING | Score: 53
2026-05-27 12:32:45 | INFO     | Precio: 0.00 | Estado: FORMING | Score: 53
2026-05-27 12:32:45 | INFO     | Precio: 0.00 | Estado: FORMING | Score: 57
2026-05-27 12:32:45 | INFO     | Precio: 0.00 | Estado: FORMING | Score: 57
2026-05-27 12:32:45 | INFO     | Precio: 0.00 | Estado: FORMING | Score: 57
2026-05-27 12:32:45 | INFO     | Precio: 0.00 | Estado: FORMING | Score: 53
2026-05-27 12:32:45 | INFO     | Precio: 75200.01 | Estado: EXECUTE | Score: 60
2026-05-27 12:32:45 | INFO     | Precio: 75200.01 | Estado: EXECUTE | Score: 60
2026-05-27 12:32:45 | INFO     | Precio: 0.00 | Estado: FORMING | Score: 54
2026-05-27 12:32:45 | INFO     | Precio: 0.00 | Estado: FORMING | Score: 54
2026-05-27 12:32:45 | INFO     | Precio: 0.00 | Estado: FORMING | Score: 54
2026-05-27 12:32:45 | INFO     | Precio: 0.00 | Estado: FORMING | Score: 54
2026-05-27 12:32:45 | INFO     | Precio: 0.00 | Estado: FORMING | Score: 54
2026-05-27 12:32:45 | INFO     | Precio: 0.00 | Estado: FORMING | Score: 51
2026-05-27 12:32:45 | INFO     | Precio: 75002.57 | Estado: EXECUTE | Score: 60
2026-05-27 12:32:45 | INFO     | Precio: 0.00 | Estado: FORMING | Score: 53
2026-05-27 12:32:45 | INFO     | Precio: 0.00 | Estado: FORMING | Score: 53
2026-05-27 12:32:45 | INFO     | Precio: 0.00 | Estado: FORMING | Score: 53
2026-05-27 12:32:45 | INFO     | Precio: 0.00 | Estado: FORMING | Score: 53
2026-05-27 12:32:45 | INFO     | Precio: 0.00 | Estado: FORMING | Score: 57
2026-05-27 12:32:45 | INFO     | Precio: 0.00 | Estado: FORMING | Score: 57
2026-05-27 12:32:45 | INFO     | Precio: 0.00 | Estado: FORMING | Score: 53
2026-05-27 12:32:45 | INFO     | Precio: 0.00 | Estado: FORMING | Score: 53
2026-05-27 12:32:45 | INFO     | Precio: 0.00 | Estado: FORMING | Score: 53
2026-05-27 12:32:45 | INFO     | Precio: 0.00 | Estado: FORMING | Score: 53
2026-05-27 12:32:45 | INFO     | Precio: 0.00 | Estado: FORMING | Score: 53
2026-05-27 12:32:45 | INFO     | Precio: 0.00 | Estado: READY | Score: 56
2026-05-27 12:32:45 | INFO     | Precio: 0.00 | Estado: READY | Score: 56
2026-05-27 12:32:45 | INFO     | Precio: 0.00 | Estado: READY | Score: 56
2026-05-27 12:32:45 | INFO     | Precio: 0.00 | Estado: READY | Score: 56
2026-05-27 12:32:45 | INFO     | Precio: 0.00 | Estado: READY | Score: 56
2026-05-27 12:32:45 | INFO     | Precio: 0.00 | Estado: READY | Score: 56
2026-05-27 12:32:45 | INFO     | Precio: 0.00 | Estado: READY | Score: 56
2026-05-27 12:38:30 | INFO     | Precio: 0.00 | Estado: INVALID | Score: 46
2026-05-27 12:38:30 | INFO     | Precio: 0.00 | Estado: INVALID | Score: 46
2026-05-27 12:38:30 | INFO     | Precio: 0.00 | Estado: INVALID | Score: 46
2026-05-27 12:38:30 | INFO     | Precio: 0.00 | Estado: INVALID | Score: 46
2026-05-27 12:38:30 | INFO     | Precio: 0.00 | Estado: INVALID | Score: 43
2026-05-27 12:38:30 | INFO     | Precio: 0.00 | Estado: INVALID | Score: 43
2026-05-27 12:38:30 | INFO     | Precio: 0.00 | Estado: INVALID | Score: 50
2026-05-27 12:38:30 | INFO     | Precio: 0.00 | Estado: INVALID | Score: 43
2026-05-27 12:38:30 | INFO     | Precio: 0.00 | Estado: INVALID | Score: 43
2026-05-27 12:38:30 | INFO     | Precio: 0.00 | Estado: INVALID | Score: 50
2026-05-27 12:38:30 | INFO     | Precio: 0.00 | Estado: INVALID | Score: 50
2026-05-27 12:38:30 | INFO     | Precio: 0.00 | Estado: INVALID | Score: 50
2026-05-27 12:38:30 | INFO     | Precio: 0.00 | Estado: INVALID | Score: 43
2026-05-27 12:38:30 | INFO     | Precio: 0.00 | Estado: INVALID | Score: 43
2026-05-27 12:38:30 | INFO     | Precio: 0.00 | Estado: INVALID | Score: 50
2026-05-27 12:38:30 | INFO     | Precio: 0.00 | Estado: INVALID | Score: 50
2026-05-27 12:38:30 | INFO     | Precio: 0.00 | Estado: INVALID | Score: 47
2026-05-27 12:38:30 | INFO     | Precio: 0.00 | Estado: INVALID | Score: 43
2026-05-27 12:38:30 | INFO     | Precio: 0.00 | Estado: INVALID | Score: 50
2026-05-27 12:38:30 | INFO     | Precio: 0.00 | Estado: INVALID | Score: 50
2026-05-27 12:38:30 | INFO     | Precio: 0.00 | Estado: INVALID | Score: 50
2026-05-27 12:38:30 | INFO     | Precio: 0.00 | Estado: INVALID | Score: 47
2026-05-27 12:38:30 | INFO     | Precio: 0.00 | Estado: INVALID | Score: 43
2026-05-27 12:38:30 | INFO     | Precio: 0.00 | Estado: INVALID | Score: 43
2026-05-27 12:38:30 | INFO     | Precio: 0.00 | Estado: INVALID | Score: 43
2026-05-27 12:38:30 | INFO     | Precio: 0.00 | Estado: INVALID | Score: 43
2026-05-27 12:38:30 | INFO     | Precio: 0.00 | Estado: INVALID | Score: 43
2026-05-27 12:38:30 | INFO     | Precio: 0.00 | Estado: INVALID | Score: 43
2026-05-27 12:38:30 | INFO     | Precio: 0.00 | Estado: INVALID | Score: 43
2026-05-27 12:38:30 | INFO     | Precio: 0.00 | Estado: INVALID | Score: 43
2026-05-27 12:38:30 | INFO     | Precio: 0.00 | Estado: INVALID | Score: 43
2026-05-27 12:38:30 | INFO     | Precio: 0.00 | Estado: READY | Score: 65
2026-05-27 12:38:30 | INFO     | Precio: 0.00 | Estado: READY | Score: 65
2026-05-27 12:38:30 | INFO     | Precio: 0.00 | Estado: READY | Score: 65
2026-05-27 12:38:30 | INFO     | Precio: 0.00 | Estado: READY | Score: 65
2026-05-27 12:38:30 | INFO     | Precio: 0.00 | Estado: READY | Score: 65
2026-05-27 12:38:30 | INFO     | Precio: 0.00 | Estado: READY | Score: 65
2026-05-27 12:38:30 | INFO     | Precio: 0.00 | Estado: READY | Score: 65
2026-05-27 12:38:30 | INFO     | Precio: 0.00 | Estado: READY | Score: 65
2026-05-27 12:38:30 | INFO     | Precio: 0.00 | Estado: READY | Score: 69
2026-05-27 12:38:30 | INFO     | Precio: 0.00 | Estado: READY | Score: 72
2026-05-27 12:38:30 | INFO     | Precio: 0.00 | Estado: READY | Score: 72
2026-05-27 12:38:30 | INFO     | Precio: 0.00 | Estado: READY | Score: 65
2026-05-27 12:38:30 | INFO     | Precio: 0.00 | Estado: READY | Score: 72
2026-05-27 12:38:30 | INFO     | Precio: 0.00 | Estado: READY | Score: 65
2026-05-27 12:38:30 | INFO     | Precio: 0.00 | Estado: READY | Score: 65
2026-05-27 12:38:30 | INFO     | Precio: 0.00 | Estado: READY | Score: 65
2026-05-27 12:38:30 | INFO     | Precio: 0.00 | Estado: READY | Score: 65
2026-05-27 12:38:30 | INFO     | Precio: 0.00 | Estado: READY | Score: 65
2026-05-27 12:38:30 | INFO     | Precio: 0.00 | Estado: READY | Score: 65
2026-05-27 12:38:30 | INFO     | Precio: 0.00 | Estado: READY | Score: 65
2026-05-27 12:38:30 | INFO     | Precio: 0.00 | Estado: READY | Score: 65
2026-05-27 12:38:30 | INFO     | Precio: 0.00 | Estado: READY | Score: 75
2026-05-27 12:38:30 | INFO     | Precio: 0.00 | Estado: READY | Score: 68
2026-05-27 12:38:30 | INFO     | Precio: 0.00 | Estado: READY | Score: 72
2026-05-27 12:38:30 | INFO     | Precio: 0.00 | Estado: READY | Score: 68
2026-05-27 12:38:30 | INFO     | Precio: 0.00 | Estado: READY | Score: 68
2026-05-27 12:38:30 | INFO     | Precio: 0.00 | Estado: READY | Score: 68
2026-05-27 12:38:30 | INFO     | Precio: 0.00 | Estado: READY | Score: 68
2026-05-27 12:38:30 | INFO     | Precio: 0.00 | Estado: READY | Score: 68
2026-05-27 12:38:30 | INFO     | Precio: 0.00 | Estado: READY | Score: 68
2026-05-27 12:38:30 | INFO     | Precio: 0.00 | Estado: READY | Score: 68
2026-05-27 12:38:30 | INFO     | Precio: 0.00 | Estado: READY | Score: 68
2026-05-27 12:38:30 | INFO     | Precio: 0.00 | Estado: READY | Score: 68
2026-05-27 12:38:30 | INFO     | Precio: 0.00 | Estado: READY | Score: 68
2026-05-27 12:38:30 | INFO     | Precio: 0.00 | Estado: READY | Score: 68
2026-05-27 12:38:30 | INFO     | Precio: 0.00 | Estado: READY | Score: 68
2026-05-27 12:38:30 | INFO     | Precio: 0.00 | Estado: READY | Score: 68
2026-05-27 12:38:30 | INFO     | Precio: 0.00 | Estado: READY | Score: 68
2026-05-27 12:38:30 | INFO     | Precio: 0.00 | Estado: READY | Score: 68
2026-05-27 12:38:30 | INFO     | Precio: 0.00 | Estado: READY | Score: 68
2026-05-27 12:38:30 | INFO     | Precio: 0.00 | Estado: READY | Score: 68
2026-05-27 12:38:30 | INFO     | Precio: 0.00 | Estado: READY | Score: 68
2026-05-27 12:38:30 | INFO     | Precio: 0.00 | Estado: READY | Score: 68
2026-05-27 12:38:30 | INFO     | Precio: 0.00 | Estado: READY | Score: 68
2026-05-27 12:38:30 | INFO     | Precio: 0.00 | Estado: READY | Score: 68
2026-05-27 12:38:30 | INFO     | Precio: 0.00 | Estado: READY | Score: 68
2026-05-27 12:38:30 | INFO     | Precio: 0.00 | Estado: READY | Score: 68
2026-05-27 12:38:30 | INFO     | Precio: 0.00 | Estado: READY | Score: 68
2026-05-27 12:38:30 | INFO     | Precio: 0.00 | Estado: READY | Score: 75
2026-05-27 12:38:30 | INFO     | Precio: 0.00 | Estado: READY | Score: 68
2026-05-27 12:38:30 | INFO     | Precio: 0.00 | Estado: READY | Score: 68
2026-05-27 12:38:30 | INFO     | Precio: 0.00 | Estado: READY | Score: 68
2026-05-27 12:38:30 | INFO     | Precio: 0.00 | Estado: READY | Score: 68
2026-05-27 12:38:30 | INFO     | Precio: 0.00 | Estado: READY | Score: 68
2026-05-27 12:38:30 | INFO     | Precio: 0.00 | Estado: READY | Score: 68
2026-05-27 12:38:30 | INFO     | Precio: 0.00 | Estado: READY | Score: 68
2026-05-27 12:38:30 | INFO     | Precio: 0.00 | Estado: READY | Score: 68
2026-05-27 12:38:30 | INFO     | Precio: 0.00 | Estado: READY | Score: 67
2026-05-27 12:38:30 | INFO     | Precio: 0.00 | Estado: READY | Score: 67
2026-05-27 12:38:30 | INFO     | Precio: 0.00 | Estado: READY | Score: 60
2026-05-27 12:38:30 | INFO     | Precio: 0.00 | Estado: READY | Score: 60
2026-05-27 12:38:30 | INFO     | Precio: 0.00 | Estado: READY | Score: 60
2026-05-27 12:38:30 | INFO     | Precio: 0.00 | Estado: READY | Score: 67
2026-05-27 12:38:30 | INFO     | Precio: 0.00 | Estado: INVALID | Score: 50
2026-05-27 12:38:30 | INFO     | Precio: 0.00 | Estado: INVALID | Score: 50
2026-05-27 12:38:30 | INFO     | Precio: 0.00 | Estado: INVALID | Score: 50
2026-05-27 12:38:30 | INFO     | Precio: 0.00 | Estado: READY | Score: 60
2026-05-27 12:38:30 | INFO     | Precio: 0.00 | Estado: READY | Score: 60
2026-05-27 12:38:30 | INFO     | Precio: 0.00 | Estado: READY | Score: 60
2026-05-27 12:38:30 | INFO     | Precio: 0.00 | Estado: READY | Score: 60
2026-05-27 12:38:30 | INFO     | Precio: 0.00 | Estado: READY | Score: 60
2026-05-27 12:38:30 | INFO     | Precio: 0.00 | Estado: READY | Score: 60
2026-05-27 12:38:30 | INFO     | Precio: 0.00 | Estado: READY | Score: 60
2026-05-27 12:38:30 | INFO     | Precio: 0.00 | Estado: READY | Score: 60
2026-05-27 12:38:30 | INFO     | Precio: 0.00 | Estado: READY | Score: 64
2026-05-27 12:38:30 | INFO     | Precio: 0.00 | Estado: INVALID | Score: 52
2026-05-27 12:38:30 | INFO     | Precio: 0.00 | Estado: INVALID | Score: 55
2026-05-27 12:38:30 | INFO     | Precio: 0.00 | Estado: INVALID | Score: 48
2026-05-27 12:38:30 | INFO     | Precio: 0.00 | Estado: READY | Score: 64
2026-05-27 12:38:30 | INFO     | Precio: 0.00 | Estado: READY | Score: 60
2026-05-27 12:38:30 | INFO     | Precio: 0.00 | Estado: READY | Score: 60
2026-05-27 12:38:30 | INFO     | Precio: 0.00 | Estado: INVALID | Score: 55
2026-05-27 12:38:30 | INFO     | Precio: 0.00 | Estado: INVALID | Score: 48
2026-05-27 12:38:30 | INFO     | Precio: 0.00 | Estado: INVALID | Score: 55
2026-05-27 12:38:30 | INFO     | Precio: 0.00 | Estado: READY | Score: 60
2026-05-27 12:38:30 | INFO     | Precio: 0.00 | Estado: READY | Score: 60
2026-05-27 12:38:30 | INFO     | Precio: 0.00 | Estado: READY | Score: 60
2026-05-27 12:38:30 | INFO     | Precio: 0.00 | Estado: READY | Score: 60
2026-05-27 12:38:30 | INFO     | Precio: 0.00 | Estado: READY | Score: 60
2026-05-27 12:38:30 | INFO     | Precio: 0.00 | Estado: READY | Score: 60
2026-05-27 12:38:30 | INFO     | Precio: 0.00 | Estado: READY | Score: 60
2026-05-27 12:38:30 | INFO     | Precio: 0.00 | Estado: READY | Score: 60
2026-05-27 12:38:30 | INFO     | Precio: 0.00 | Estado: READY | Score: 60
2026-05-27 12:38:30 | INFO     | Precio: 0.00 | Estado: READY | Score: 65
2026-05-27 12:38:30 | INFO     | Precio: 0.00 | Estado: READY | Score: 65
2026-05-27 12:38:30 | INFO     | Precio: 0.00 | Estado: READY | Score: 65
2026-05-27 12:38:30 | INFO     | Precio: 0.00 | Estado: INVALID | Score: 43
2026-05-27 12:38:30 | INFO     | Precio: 0.00 | Estado: INVALID | Score: 43
2026-05-27 12:38:30 | INFO     | Precio: 0.00 | Estado: INVALID | Score: 43
2026-05-27 12:38:30 | INFO     | Precio: 0.00 | Estado: INVALID | Score: 43
2026-05-27 12:38:30 | INFO     | Precio: 0.00 | Estado: INVALID | Score: 47
2026-05-27 12:38:30 | INFO     | Precio: 0.00 | Estado: INVALID | Score: 50
2026-05-27 12:38:30 | INFO     | Precio: 0.00 | Estado: INVALID | Score: 43
2026-05-27 12:38:30 | INFO     | Precio: 0.00 | Estado: INVALID | Score: 43
2026-05-27 12:38:30 | INFO     | Precio: 0.00 | Estado: INVALID | Score: 43
2026-05-27 12:38:30 | INFO     | Precio: 0.00 | Estado: INVALID | Score: 47
2026-05-27 12:38:30 | INFO     | Precio: 0.00 | Estado: INVALID | Score: 40
2026-05-27 12:38:30 | INFO     | Precio: 0.00 | Estado: INVALID | Score: 40
2026-05-27 12:38:30 | INFO     | Precio: 0.00 | Estado: INVALID | Score: 44
2026-05-27 12:38:30 | INFO     | Precio: 0.00 | Estado: INVALID | Score: 40
2026-05-27 12:38:30 | INFO     | Precio: 0.00 | Estado: INVALID | Score: 40
2026-05-27 12:38:30 | INFO     | Precio: 0.00 | Estado: INVALID | Score: 40
2026-05-27 12:38:30 | INFO     | Precio: 0.00 | Estado: INVALID | Score: 40
2026-05-27 12:38:30 | INFO     | Precio: 0.00 | Estado: INVALID | Score: 40
2026-05-27 12:38:30 | INFO     | Precio: 0.00 | Estado: INVALID | Score: 44
2026-05-27 12:38:30 | INFO     | Precio: 0.00 | Estado: INVALID | Score: 40
2026-05-27 12:38:30 | INFO     | Precio: 0.00 | Estado: INVALID | Score: 40
2026-05-27 12:38:30 | INFO     | Precio: 0.00 | Estado: INVALID | Score: 44
2026-05-27 12:38:30 | INFO     | Precio: 0.00 | Estado: INVALID | Score: 44
2026-05-27 12:38:30 | INFO     | Precio: 0.00 | Estado: INVALID | Score: 37
2026-05-27 12:38:30 | INFO     | Precio: 0.00 | Estado: INVALID | Score: 44
2026-05-27 12:38:30 | INFO     | Precio: 0.00 | Estado: INVALID | Score: 37
2026-05-27 12:38:30 | INFO     | Precio: 0.00 | Estado: INVALID | Score: 37
2026-05-27 12:38:30 | INFO     | Precio: 0.00 | Estado: INVALID | Score: 37
2026-05-27 12:38:30 | INFO     | Precio: 0.00 | Estado: INVALID | Score: 37
2026-05-27 12:38:30 | INFO     | Precio: 0.00 | Estado: INVALID | Score: 37
2026-05-27 12:38:30 | INFO     | Precio: 0.00 | Estado: INVALID | Score: 37
2026-05-27 12:38:30 | INFO     | Precio: 0.00 | Estado: INVALID | Score: 37
2026-05-27 12:38:30 | INFO     | Precio: 0.00 | Estado: INVALID | Score: 41
2026-05-27 12:38:30 | INFO     | Precio: 0.00 | Estado: INVALID | Score: 40
2026-05-27 12:38:30 | INFO     | Precio: 0.00 | Estado: INVALID | Score: 47
2026-05-27 12:38:30 | INFO     | Precio: 0.00 | Estado: INVALID | Score: 40
2026-05-27 12:38:30 | INFO     | Precio: 0.00 | Estado: INVALID | Score: 40
2026-05-27 12:38:30 | INFO     | Precio: 0.00 | Estado: INVALID | Score: 40
2026-05-27 12:38:30 | INFO     | Precio: 0.00 | Estado: INVALID | Score: 44
2026-05-27 12:38:30 | INFO     | Precio: 0.00 | Estado: INVALID | Score: 40
2026-05-27 12:38:30 | INFO     | Precio: 0.00 | Estado: INVALID | Score: 40
2026-05-27 12:38:30 | INFO     | Precio: 0.00 | Estado: INVALID | Score: 40
2026-05-27 12:38:30 | INFO     | Precio: 0.00 | Estado: INVALID | Score: 40
2026-05-27 12:38:30 | INFO     | Precio: 0.00 | Estado: INVALID | Score: 40
2026-05-27 12:38:30 | INFO     | Precio: 0.00 | Estado: INVALID | Score: 40
2026-05-27 12:38:30 | INFO     | Precio: 0.00 | Estado: INVALID | Score: 40
2026-05-27 12:38:30 | INFO     | Precio: 0.00 | Estado: INVALID | Score: 40
2026-05-27 12:38:30 | INFO     | Precio: 0.00 | Estado: INVALID | Score: 40
2026-05-27 12:38:30 | INFO     | Precio: 0.00 | Estado: INVALID | Score: 40
2026-05-27 12:38:30 | INFO     | Precio: 0.00 | Estado: INVALID | Score: 40
2026-05-27 12:38:30 | INFO     | Precio: 0.00 | Estado: INVALID | Score: 40
2026-05-27 12:38:30 | INFO     | Precio: 0.00 | Estado: INVALID | Score: 44
2026-05-27 12:38:30 | INFO     | Precio: 0.00 | Estado: INVALID | Score: 40
2026-05-27 12:38:30 | INFO     | Precio: 0.00 | Estado: INVALID | Score: 40
2026-05-27 12:38:30 | INFO     | Precio: 0.00 | Estado: INVALID | Score: 44
2026-05-27 12:38:30 | INFO     | Precio: 0.00 | Estado: INVALID | Score: 40
2026-05-27 12:38:30 | INFO     | Precio: 0.00 | Estado: INVALID | Score: 40
2026-05-27 12:38:30 | INFO     | Precio: 0.00 | Estado: INVALID | Score: 40
2026-05-27 12:38:30 | INFO     | Precio: 0.00 | Estado: INVALID | Score: 40
2026-05-27 12:38:30 | INFO     | Precio: 0.00 | Estado: INVALID | Score: 40
2026-05-27 12:38:30 | INFO     | Precio: 0.00 | Estado: INVALID | Score: 40
2026-05-27 12:38:30 | INFO     | Precio: 0.00 | Estado: INVALID | Score: 47
2026-05-27 12:38:30 | INFO     | Precio: 0.00 | Estado: INVALID | Score: 40
2026-05-27 12:38:30 | INFO     | Precio: 0.00 | Estado: INVALID | Score: 40
2026-05-27 12:38:30 | INFO     | Precio: 0.00 | Estado: INVALID | Score: 47
2026-05-27 12:38:30 | INFO     | Precio: 0.00 | Estado: INVALID | Score: 40
2026-05-27 12:38:30 | INFO     | Precio: 0.00 | Estado: INVALID | Score: 40
2026-05-27 12:38:30 | INFO     | Precio: 0.00 | Estado: INVALID | Score: 47
2026-05-27 12:38:30 | INFO     | Precio: 0.00 | Estado: INVALID | Score: 40
2026-05-27 12:38:30 | INFO     | Precio: 0.00 | Estado: INVALID | Score: 47
2026-05-27 12:38:30 | INFO     | Precio: 0.00 | Estado: INVALID | Score: 47
2026-05-27 12:38:30 | INFO     | Precio: 0.00 | Estado: INVALID | Score: 40
2026-05-27 12:38:30 | INFO     | Precio: 0.00 | Estado: INVALID | Score: 47
2026-05-27 12:38:30 | INFO     | Precio: 0.00 | Estado: INVALID | Score: 40
2026-05-27 12:38:30 | INFO     | Precio: 0.00 | Estado: INVALID | Score: 40
2026-05-27 12:38:30 | INFO     | Precio: 0.00 | Estado: INVALID | Score: 44
2026-05-27 12:38:30 | INFO     | Precio: 0.00 | Estado: INVALID | Score: 40
2026-05-27 12:38:30 | INFO     | Precio: 0.00 | Estado: INVALID | Score: 40
2026-05-27 12:38:30 | INFO     | Precio: 0.00 | Estado: INVALID | Score: 40
2026-05-27 12:38:30 | INFO     | Precio: 0.00 | Estado: INVALID | Score: 40
2026-05-27 12:38:30 | INFO     | Precio: 0.00 | Estado: INVALID | Score: 40
2026-05-27 12:38:30 | INFO     | Precio: 0.00 | Estado: INVALID | Score: 37
2026-05-27 12:38:30 | INFO     | Precio: 0.00 | Estado: INVALID | Score: 44
2026-05-27 12:38:30 | INFO     | Precio: 0.00 | Estado: INVALID | Score: 41
2026-05-27 12:38:30 | INFO     | Precio: 0.00 | Estado: INVALID | Score: 37
2026-05-27 12:38:30 | INFO     | Precio: 0.00 | Estado: INVALID | Score: 37
2026-05-27 12:38:30 | INFO     | Precio: 0.00 | Estado: INVALID | Score: 37
2026-05-27 12:38:30 | INFO     | Precio: 0.00 | Estado: INVALID | Score: 37
2026-05-27 12:38:30 | INFO     | Precio: 0.00 | Estado: INVALID | Score: 37
2026-05-27 12:38:30 | INFO     | Precio: 0.00 | Estado: INVALID | Score: 37
2026-05-27 12:38:30 | INFO     | Precio: 0.00 | Estado: INVALID | Score: 37
2026-05-27 12:38:30 | INFO     | Precio: 0.00 | Estado: INVALID | Score: 37
2026-05-27 12:38:30 | INFO     | Precio: 0.00 | Estado: INVALID | Score: 37
2026-05-27 12:38:30 | INFO     | Precio: 0.00 | Estado: INVALID | Score: 44
2026-05-27 12:38:30 | INFO     | Precio: 0.00 | Estado: INVALID | Score: 37
2026-05-27 12:38:30 | INFO     | Precio: 0.00 | Estado: INVALID | Score: 37
2026-05-27 12:38:30 | INFO     | Precio: 0.00 | Estado: INVALID | Score: 41
2026-05-27 12:38:30 | INFO     | Precio: 0.00 | Estado: INVALID | Score: 37
2026-05-27 12:38:30 | INFO     | Precio: 0.00 | Estado: INVALID | Score: 37
2026-05-27 12:38:30 | INFO     | Precio: 0.00 | Estado: INVALID | Score: 41
2026-05-27 12:38:30 | INFO     | Precio: 0.00 | Estado: INVALID | Score: 37
2026-05-27 12:38:30 | INFO     | Precio: 0.00 | Estado: INVALID | Score: 37
2026-05-27 12:38:30 | INFO     | Precio: 0.00 | Estado: INVALID | Score: 44
2026-05-27 12:38:30 | INFO     | Precio: 0.00 | Estado: INVALID | Score: 37
2026-05-27 12:38:30 | INFO     | Precio: 0.00 | Estado: INVALID | Score: 37
2026-05-27 12:38:30 | INFO     | Precio: 0.00 | Estado: INVALID | Score: 41
2026-05-27 12:38:30 | INFO     | Precio: 0.00 | Estado: INVALID | Score: 37
2026-05-27 12:38:30 | INFO     | Precio: 0.00 | Estado: INVALID | Score: 37
2026-05-27 12:38:30 | INFO     | Precio: 0.00 | Estado: INVALID | Score: 37
2026-05-27 12:38:30 | INFO     | Precio: 0.00 | Estado: INVALID | Score: 37
2026-05-27 12:38:30 | INFO     | Precio: 0.00 | Estado: INVALID | Score: 37
2026-05-27 12:38:30 | INFO     | Precio: 0.00 | Estado: INVALID | Score: 44
2026-05-27 12:38:30 | INFO     | Precio: 0.00 | Estado: INVALID | Score: 44
2026-05-27 12:38:30 | INFO     | Precio: 0.00 | Estado: INVALID | Score: 37
2026-05-27 12:38:30 | INFO     | Precio: 0.00 | Estado: INVALID | Score: 37
2026-05-27 12:38:30 | INFO     | Precio: 0.00 | Estado: INVALID | Score: 41
2026-05-27 12:38:30 | INFO     | Precio: 0.00 | Estado: INVALID | Score: 37
2026-05-27 12:38:30 | INFO     | Precio: 0.00 | Estado: INVALID | Score: 37
2026-05-27 12:38:30 | INFO     | Precio: 0.00 | Estado: INVALID | Score: 37
2026-05-27 12:38:30 | INFO     | Precio: 0.00 | Estado: INVALID | Score: 37
2026-05-27 12:38:30 | INFO     | Precio: 0.00 | Estado: INVALID | Score: 37
2026-05-27 12:38:30 | INFO     | Precio: 0.00 | Estado: INVALID | Score: 37
2026-05-27 12:38:30 | INFO     | Precio: 0.00 | Estado: INVALID | Score: 37
2026-05-27 12:38:30 | INFO     | Precio: 0.00 | Estado: INVALID | Score: 44
2026-05-27 12:38:30 | INFO     | Precio: 0.00 | Estado: INVALID | Score: 41
2026-05-27 12:38:30 | INFO     | Precio: 0.00 | Estado: INVALID | Score: 37
2026-05-27 12:38:30 | INFO     | Precio: 0.00 | Estado: INVALID | Score: 37
2026-05-27 12:38:30 | INFO     | Precio: 0.00 | Estado: INVALID | Score: 41
2026-05-27 12:38:30 | INFO     | Precio: 0.00 | Estado: INVALID | Score: 37
2026-05-27 12:38:30 | INFO     | Precio: 0.00 | Estado: INVALID | Score: 37
2026-05-27 12:38:30 | INFO     | Precio: 0.00 | Estado: INVALID | Score: 37
2026-05-27 12:38:30 | INFO     | Precio: 0.00 | Estado: INVALID | Score: 37
2026-05-27 12:38:30 | INFO     | Precio: 0.00 | Estado: INVALID | Score: 41
2026-05-27 12:38:30 | INFO     | Precio: 0.00 | Estado: INVALID | Score: 37
2026-05-27 12:38:30 | INFO     | Precio: 0.00 | Estado: INVALID | Score: 37
2026-05-27 12:38:30 | INFO     | Precio: 0.00 | Estado: INVALID | Score: 37
2026-05-27 12:38:30 | INFO     | Precio: 0.00 | Estado: INVALID | Score: 37
2026-05-27 12:38:30 | INFO     | Precio: 0.00 | Estado: INVALID | Score: 41
2026-05-27 12:38:30 | INFO     | Precio: 0.00 | Estado: INVALID | Score: 37
2026-05-27 12:38:30 | INFO     | Precio: 0.00 | Estado: INVALID | Score: 37
2026-05-27 12:38:30 | INFO     | Precio: 0.00 | Estado: INVALID | Score: 37
2026-05-27 12:38:30 | INFO     | Precio: 0.00 | Estado: INVALID | Score: 47
2026-05-27 12:38:30 | INFO     | Precio: 0.00 | Estado: INVALID | Score: 40
2026-05-27 12:38:30 | INFO     | Precio: 0.00 | Estado: INVALID | Score: 40
2026-05-27 12:38:30 | INFO     | Precio: 0.00 | Estado: INVALID | Score: 40
2026-05-27 12:38:30 | INFO     | Precio: 0.00 | Estado: INVALID | Score: 40
2026-05-27 12:38:30 | INFO     | Precio: 0.00 | Estado: INVALID | Score: 40
2026-05-27 12:38:30 | INFO     | Precio: 0.00 | Estado: INVALID | Score: 40
2026-05-27 12:38:30 | INFO     | Precio: 0.00 | Estado: INVALID | Score: 40
2026-05-27 12:38:30 | INFO     | Precio: 0.00 | Estado: INVALID | Score: 40
2026-05-27 12:38:30 | INFO     | Precio: 0.00 | Estado: INVALID | Score: 40
2026-05-27 12:38:30 | INFO     | Precio: 0.00 | Estado: INVALID | Score: 40
2026-05-27 12:38:30 | INFO     | Precio: 0.00 | Estado: INVALID | Score: 40
2026-05-27 12:38:30 | INFO     | Precio: 0.00 | Estado: INVALID | Score: 47
2026-05-27 12:38:30 | INFO     | Precio: 0.00 | Estado: INVALID | Score: 40
2026-05-27 12:38:30 | INFO     | Precio: 0.00 | Estado: INVALID | Score: 40
2026-05-27 12:38:30 | INFO     | Precio: 0.00 | Estado: INVALID | Score: 40
2026-05-27 12:38:30 | INFO     | Precio: 0.00 | Estado: INVALID | Score: 47
2026-05-27 12:38:30 | INFO     | Precio: 0.00 | Estado: INVALID | Score: 44
2026-05-27 12:38:30 | INFO     | Precio: 0.00 | Estado: INVALID | Score: 40
2026-05-27 12:38:30 | INFO     | Precio: 0.00 | Estado: INVALID | Score: 40
2026-05-27 12:38:30 | INFO     | Precio: 0.00 | Estado: INVALID | Score: 40
2026-05-27 12:38:30 | INFO     | Precio: 0.00 | Estado: INVALID | Score: 44
2026-05-27 12:38:30 | INFO     | Precio: 0.00 | Estado: INVALID | Score: 40
2026-05-27 12:38:30 | INFO     | Precio: 0.00 | Estado: INVALID | Score: 44
2026-05-27 12:38:30 | INFO     | Precio: 0.00 | Estado: INVALID | Score: 40
2026-05-27 12:38:30 | INFO     | Precio: 0.00 | Estado: INVALID | Score: 40
2026-05-27 12:38:30 | INFO     | Precio: 0.00 | Estado: INVALID | Score: 40
2026-05-27 12:38:30 | INFO     | Precio: 0.00 | Estado: INVALID | Score: 40
2026-05-27 12:38:30 | INFO     | Precio: 0.00 | Estado: INVALID | Score: 40
2026-05-27 12:38:30 | INFO     | Precio: 0.00 | Estado: INVALID | Score: 40
2026-05-27 12:38:30 | INFO     | Precio: 0.00 | Estado: INVALID | Score: 40
2026-05-27 12:38:30 | INFO     | Precio: 0.00 | Estado: INVALID | Score: 40
2026-05-27 12:38:30 | INFO     | Precio: 0.00 | Estado: INVALID | Score: 47
2026-05-27 12:38:30 | INFO     | Precio: 0.00 | Estado: INVALID | Score: 40
2026-05-27 12:38:30 | INFO     | Precio: 0.00 | Estado: INVALID | Score: 40
2026-05-27 12:38:30 | INFO     | Precio: 0.00 | Estado: INVALID | Score: 40
2026-05-27 12:38:30 | INFO     | Precio: 0.00 | Estado: INVALID | Score: 44
2026-05-27 12:38:30 | INFO     | Precio: 0.00 | Estado: INVALID | Score: 44
2026-05-27 12:38:30 | INFO     | Precio: 0.00 | Estado: INVALID | Score: 37
2026-05-27 12:38:30 | INFO     | Precio: 0.00 | Estado: INVALID | Score: 44
2026-05-27 12:38:30 | INFO     | Precio: 0.00 | Estado: INVALID | Score: 44
2026-05-27 12:38:30 | INFO     | Precio: 0.00 | Estado: INVALID | Score: 44
2026-05-27 12:38:30 | INFO     | Precio: 0.00 | Estado: INVALID | Score: 41
2026-05-27 12:38:30 | INFO     | Precio: 0.00 | Estado: INVALID | Score: 41
2026-05-27 12:38:30 | INFO     | Precio: 0.00 | Estado: INVALID | Score: 44
2026-05-27 12:38:30 | INFO     | Precio: 0.00 | Estado: INVALID | Score: 44
2026-05-27 12:38:30 | INFO     | Precio: 0.00 | Estado: INVALID | Score: 41
2026-05-27 12:38:30 | INFO     | Precio: 0.00 | Estado: INVALID | Score: 37
2026-05-27 12:38:30 | INFO     | Precio: 0.00 | Estado: INVALID | Score: 41
2026-05-27 12:38:30 | INFO     | Precio: 0.00 | Estado: INVALID | Score: 41
2026-05-27 12:38:30 | INFO     | Precio: 0.00 | Estado: INVALID | Score: 44
2026-05-27 12:38:30 | INFO     | Precio: 0.00 | Estado: INVALID | Score: 37
2026-05-27 12:38:30 | INFO     | Precio: 0.00 | Estado: INVALID | Score: 37
2026-05-27 12:38:30 | INFO     | Precio: 0.00 | Estado: INVALID | Score: 37
2026-05-27 12:38:30 | INFO     | Precio: 0.00 | Estado: INVALID | Score: 37
2026-05-27 12:38:30 | INFO     | Precio: 0.00 | Estado: INVALID | Score: 37
2026-05-27 12:38:30 | INFO     | Precio: 0.00 | Estado: INVALID | Score: 37
2026-05-27 12:38:30 | INFO     | Precio: 0.00 | Estado: INVALID | Score: 37
2026-05-27 12:38:30 | INFO     | Precio: 0.00 | Estado: INVALID | Score: 37
2026-05-27 12:38:30 | INFO     | Precio: 0.00 | Estado: INVALID | Score: 37
2026-05-27 12:38:30 | INFO     | Precio: 0.00 | Estado: INVALID | Score: 37
2026-05-27 12:38:30 | INFO     | Precio: 0.00 | Estado: INVALID | Score: 37
2026-05-27 12:38:30 | INFO     | Precio: 0.00 | Estado: INVALID | Score: 37
2026-05-27 12:38:30 | INFO     | Precio: 0.00 | Estado: INVALID | Score: 37
2026-05-27 12:38:30 | INFO     | Precio: 0.00 | Estado: INVALID | Score: 37
2026-05-27 12:38:30 | INFO     | Precio: 0.00 | Estado: INVALID | Score: 37
2026-05-27 12:38:30 | INFO     | Precio: 0.00 | Estado: INVALID | Score: 37
2026-05-27 12:38:30 | INFO     | Precio: 0.00 | Estado: INVALID | Score: 37
2026-05-27 12:38:30 | INFO     | Precio: 0.00 | Estado: INVALID | Score: 37
2026-05-27 12:38:30 | INFO     | Precio: 0.00 | Estado: INVALID | Score: 37
2026-05-27 12:38:30 | INFO     | Precio: 0.00 | Estado: INVALID | Score: 44
2026-05-27 12:38:30 | INFO     | Precio: 0.00 | Estado: INVALID | Score: 37
2026-05-27 12:38:30 | INFO     | Precio: 0.00 | Estado: INVALID | Score: 44
2026-05-27 12:38:30 | INFO     | Precio: 0.00 | Estado: INVALID | Score: 40
2026-05-27 12:38:30 | INFO     | Precio: 0.00 | Estado: INVALID | Score: 47
2026-05-27 12:38:30 | INFO     | Precio: 0.00 | Estado: INVALID | Score: 44
2026-05-27 12:38:30 | INFO     | Precio: 0.00 | Estado: INVALID | Score: 40
2026-05-27 12:38:30 | INFO     | Precio: 0.00 | Estado: INVALID | Score: 40
2026-05-27 12:38:30 | INFO     | Precio: 0.00 | Estado: INVALID | Score: 40
2026-05-27 12:38:30 | INFO     | Precio: 0.00 | Estado: INVALID | Score: 40
2026-05-27 12:38:30 | INFO     | Precio: 0.00 | Estado: INVALID | Score: 40
2026-05-27 12:38:30 | INFO     | Precio: 0.00 | Estado: INVALID | Score: 40
2026-05-27 12:38:30 | INFO     | Precio: 0.00 | Estado: INVALID | Score: 40
2026-05-27 12:38:30 | INFO     | Precio: 0.00 | Estado: INVALID | Score: 40
2026-05-27 12:38:30 | INFO     | Precio: 0.00 | Estado: INVALID | Score: 40
2026-05-27 12:38:30 | INFO     | Precio: 0.00 | Estado: INVALID | Score: 40
2026-05-27 12:38:30 | INFO     | Precio: 0.00 | Estado: INVALID | Score: 40
2026-05-27 12:38:31 | INFO     | Precio: 0.00 | Estado: INVALID | Score: 40
2026-05-27 12:38:31 | INFO     | Precio: 0.00 | Estado: INVALID | Score: 40
2026-05-27 12:38:31 | INFO     | Precio: 0.00 | Estado: INVALID | Score: 40
2026-05-27 12:38:31 | INFO     | Precio: 0.00 | Estado: INVALID | Score: 40
2026-05-27 12:38:31 | INFO     | Precio: 0.00 | Estado: INVALID | Score: 40
2026-05-27 12:38:31 | INFO     | Precio: 0.00 | Estado: INVALID | Score: 40
2026-05-27 12:38:31 | INFO     | Precio: 0.00 | Estado: INVALID | Score: 44
2026-05-27 12:38:31 | INFO     | Precio: 0.00 | Estado: INVALID | Score: 47
2026-05-27 12:38:31 | INFO     | Precio: 0.00 | Estado: INVALID | Score: 40
2026-05-27 12:38:31 | INFO     | Precio: 0.00 | Estado: INVALID | Score: 44
2026-05-27 12:38:31 | INFO     | Precio: 0.00 | Estado: INVALID | Score: 44
2026-05-27 12:38:31 | INFO     | Precio: 0.00 | Estado: INVALID | Score: 37
2026-05-27 12:38:31 | INFO     | Precio: 0.00 | Estado: INVALID | Score: 44
2026-05-27 12:38:31 | INFO     | Precio: 0.00 | Estado: INVALID | Score: 37
2026-05-27 12:38:31 | INFO     | Precio: 0.00 | Estado: INVALID | Score: 37
2026-05-27 12:38:31 | INFO     | Precio: 0.00 | Estado: INVALID | Score: 37
2026-05-27 12:38:31 | INFO     | Precio: 0.00 | Estado: INVALID | Score: 44
2026-05-27 12:38:31 | INFO     | Precio: 0.00 | Estado: INVALID | Score: 37
2026-05-27 12:38:31 | INFO     | Precio: 0.00 | Estado: INVALID | Score: 37
2026-05-27 12:38:31 | INFO     | Precio: 0.00 | Estado: INVALID | Score: 37
2026-05-27 12:38:31 | INFO     | Precio: 0.00 | Estado: INVALID | Score: 37
2026-05-27 12:38:31 | INFO     | Precio: 0.00 | Estado: INVALID | Score: 37
2026-05-27 12:38:31 | INFO     | Precio: 0.00 | Estado: INVALID | Score: 37
2026-05-27 12:38:31 | INFO     | Precio: 0.00 | Estado: INVALID | Score: 37
2026-05-27 12:38:31 | INFO     | Precio: 0.00 | Estado: INVALID | Score: 37
2026-05-27 12:38:31 | INFO     | Precio: 0.00 | Estado: INVALID | Score: 37
2026-05-27 12:38:31 | INFO     | Precio: 0.00 | Estado: INVALID | Score: 44
2026-05-27 12:38:31 | INFO     | Precio: 0.00 | Estado: INVALID | Score: 37
2026-05-27 12:38:31 | INFO     | Precio: 0.00 | Estado: INVALID | Score: 44
2026-05-27 12:38:31 | INFO     | Precio: 0.00 | Estado: INVALID | Score: 44
2026-05-27 12:38:31 | INFO     | Precio: 0.00 | Estado: INVALID | Score: 37
2026-05-27 12:38:31 | INFO     | Precio: 0.00 | Estado: INVALID | Score: 44
2026-05-27 12:38:31 | INFO     | Precio: 0.00 | Estado: INVALID | Score: 37
2026-05-27 12:38:31 | INFO     | Precio: 0.00 | Estado: INVALID | Score: 40
2026-05-27 12:38:31 | INFO     | Precio: 0.00 | Estado: INVALID | Score: 40
2026-05-27 12:38:31 | INFO     | Precio: 0.00 | Estado: INVALID | Score: 40
2026-05-27 12:38:31 | INFO     | Precio: 0.00 | Estado: INVALID | Score: 40
2026-05-27 12:38:31 | INFO     | Precio: 0.00 | Estado: INVALID | Score: 40
2026-05-27 12:38:31 | INFO     | Precio: 0.00 | Estado: INVALID | Score: 40
2026-05-27 12:38:31 | INFO     | Precio: 0.00 | Estado: FORMING | Score: 50
2026-05-27 12:38:31 | INFO     | Precio: 0.00 | Estado: READY | Score: 57
2026-05-27 12:38:31 | INFO     | Precio: 0.00 | Estado: FORMING | Score: 50
2026-05-27 12:38:31 | INFO     | Precio: 0.00 | Estado: FORMING | Score: 50
2026-05-27 12:38:31 | INFO     | Precio: 0.00 | Estado: FORMING | Score: 50
2026-05-27 12:38:31 | INFO     | Precio: 0.00 | Estado: FORMING | Score: 50
2026-05-27 12:38:31 | INFO     | Precio: 0.00 | Estado: FORMING | Score: 47
2026-05-27 12:38:31 | INFO     | Precio: 0.00 | Estado: FORMING | Score: 47
2026-05-27 12:38:31 | INFO     | Precio: 0.00 | Estado: FORMING | Score: 47
2026-05-27 12:38:31 | INFO     | Precio: 0.00 | Estado: FORMING | Score: 47
2026-05-27 12:38:31 | INFO     | Precio: 0.00 | Estado: FORMING | Score: 47
2026-05-27 12:38:31 | INFO     | Precio: 0.00 | Estado: FORMING | Score: 47
2026-05-27 12:38:31 | INFO     | Precio: 0.00 | Estado: FORMING | Score: 49
2026-05-27 12:38:31 | INFO     | Precio: 0.00 | Estado: FORMING | Score: 49
2026-05-27 12:38:31 | INFO     | Precio: 0.00 | Estado: FORMING | Score: 42
2026-05-27 12:38:31 | INFO     | Precio: 0.00 | Estado: FORMING | Score: 47
2026-05-27 12:38:31 | INFO     | Precio: 0.00 | Estado: FORMING | Score: 47
2026-05-27 12:38:31 | INFO     | Precio: 0.00 | Estado: FORMING | Score: 47
2026-05-27 12:38:31 | INFO     | Precio: 0.00 | Estado: FORMING | Score: 50
2026-05-27 12:38:31 | INFO     | Precio: 0.00 | Estado: FORMING | Score: 50
2026-05-27 12:38:31 | INFO     | Precio: 0.00 | Estado: FORMING | Score: 50
2026-05-27 12:38:31 | INFO     | Precio: 0.00 | Estado: FORMING | Score: 50
2026-05-27 12:38:31 | INFO     | Precio: 0.00 | Estado: FORMING | Score: 50
2026-05-27 12:38:31 | INFO     | Precio: 0.00 | Estado: FORMING | Score: 50
2026-05-27 12:38:31 | INFO     | Precio: 0.00 | Estado: FORMING | Score: 50
2026-05-27 12:38:31 | INFO     | Precio: 0.00 | Estado: FORMING | Score: 50
2026-05-27 12:38:31 | INFO     | Precio: 0.00 | Estado: FORMING | Score: 50
2026-05-27 12:38:31 | INFO     | Precio: 0.00 | Estado: FORMING | Score: 50
2026-05-27 12:38:31 | INFO     | Precio: 0.00 | Estado: FORMING | Score: 50
2026-05-27 12:38:31 | INFO     | Precio: 0.00 | Estado: FORMING | Score: 50
2026-05-27 12:38:31 | INFO     | Precio: 0.00 | Estado: INVALID | Score: 42
2026-05-27 12:38:31 | INFO     | Precio: 0.00 | Estado: INVALID | Score: 42
2026-05-27 12:38:31 | INFO     | Precio: 0.00 | Estado: INVALID | Score: 42
2026-05-27 12:38:31 | INFO     | Precio: 0.00 | Estado: INVALID | Score: 49
2026-05-27 12:38:31 | INFO     | Precio: 0.00 | Estado: INVALID | Score: 49
2026-05-27 12:38:31 | INFO     | Precio: 0.00 | Estado: INVALID | Score: 49
2026-05-27 12:38:31 | INFO     | Precio: 0.00 | Estado: INVALID | Score: 49
2026-05-27 12:38:31 | INFO     | Precio: 0.00 | Estado: INVALID | Score: 49
2026-05-27 12:38:31 | INFO     | Precio: 0.00 | Estado: INVALID | Score: 49
2026-05-27 12:38:31 | INFO     | Precio: 0.00 | Estado: INVALID | Score: 44
2026-05-27 12:38:31 | INFO     | Precio: 0.00 | Estado: INVALID | Score: 44
2026-05-27 12:38:31 | INFO     | Precio: 0.00 | Estado: INVALID | Score: 37
2026-05-27 12:38:31 | INFO     | Precio: 0.00 | Estado: FORMING | Score: 46
2026-05-27 12:38:31 | INFO     | Precio: 0.00 | Estado: FORMING | Score: 42
2026-05-27 12:38:31 | INFO     | Precio: 0.00 | Estado: FORMING | Score: 42
2026-05-27 12:38:31 | INFO     | Precio: 0.00 | Estado: FORMING | Score: 47
2026-05-27 12:38:31 | INFO     | Precio: 0.00 | Estado: FORMING | Score: 47
2026-05-27 12:38:31 | INFO     | Precio: 0.00 | Estado: FORMING | Score: 47
2026-05-27 12:38:31 | INFO     | Precio: 0.00 | Estado: FORMING | Score: 42
2026-05-27 12:38:31 | INFO     | Precio: 0.00 | Estado: FORMING | Score: 42
2026-05-27 12:38:31 | INFO     | Precio: 0.00 | Estado: FORMING | Score: 42
2026-05-27 12:38:31 | INFO     | Precio: 0.00 | Estado: FORMING | Score: 42
2026-05-27 12:38:31 | INFO     | Precio: 0.00 | Estado: FORMING | Score: 42
2026-05-27 12:38:31 | INFO     | Precio: 0.00 | Estado: FORMING | Score: 42
2026-05-27 12:38:31 | INFO     | Precio: 0.00 | Estado: INVALID | Score: 44
2026-05-27 12:38:31 | INFO     | Precio: 0.00 | Estado: INVALID | Score: 37
2026-05-27 12:38:31 | INFO     | Precio: 0.00 | Estado: INVALID | Score: 44
2026-05-27 12:38:31 | INFO     | Precio: 0.00 | Estado: INVALID | Score: 46
2026-05-27 12:38:31 | INFO     | Precio: 0.00 | Estado: INVALID | Score: 46
2026-05-27 12:38:31 | INFO     | Precio: 0.00 | Estado: INVALID | Score: 42
2026-05-27 12:38:31 | INFO     | Precio: 0.00 | Estado: INVALID | Score: 42
2026-05-27 12:38:31 | INFO     | Precio: 0.00 | Estado: INVALID | Score: 42
2026-05-27 12:38:31 | INFO     | Precio: 0.00 | Estado: INVALID | Score: 42
2026-05-27 12:38:31 | INFO     | Precio: 0.00 | Estado: INVALID | Score: 49
2026-05-27 12:38:31 | INFO     | Precio: 0.00 | Estado: INVALID | Score: 42
2026-05-27 12:38:31 | INFO     | Precio: 0.00 | Estado: INVALID | Score: 42
2026-05-27 12:38:31 | INFO     | Precio: 0.00 | Estado: FORMING | Score: 42
2026-05-27 12:38:31 | INFO     | Precio: 0.00 | Estado: FORMING | Score: 42
2026-05-27 12:38:31 | INFO     | Precio: 0.00 | Estado: FORMING | Score: 42
2026-05-27 12:38:31 | INFO     | Precio: 0.00 | Estado: FORMING | Score: 42
2026-05-27 12:38:31 | INFO     | Precio: 0.00 | Estado: FORMING | Score: 42
2026-05-27 12:38:31 | INFO     | Precio: 0.00 | Estado: FORMING | Score: 49
2026-05-27 12:38:31 | INFO     | Precio: 0.00 | Estado: FORMING | Score: 42
2026-05-27 12:38:31 | INFO     | Precio: 0.00 | Estado: FORMING | Score: 42
2026-05-27 12:38:31 | INFO     | Precio: 0.00 | Estado: FORMING | Score: 42
2026-05-27 12:38:31 | INFO     | Precio: 0.00 | Estado: FORMING | Score: 47
2026-05-27 12:38:31 | INFO     | Precio: 0.00 | Estado: FORMING | Score: 47
2026-05-27 12:38:31 | INFO     | Precio: 0.00 | Estado: FORMING | Score: 47
2026-05-27 12:38:31 | INFO     | Precio: 0.00 | Estado: FORMING | Score: 49
2026-05-27 12:38:31 | INFO     | Precio: 0.00 | Estado: FORMING | Score: 42
2026-05-27 12:38:31 | INFO     | Precio: 0.00 | Estado: FORMING | Score: 42
2026-05-27 12:38:31 | INFO     | Precio: 0.00 | Estado: FORMING | Score: 42
2026-05-27 12:38:31 | INFO     | Precio: 0.00 | Estado: FORMING | Score: 42
2026-05-27 12:38:31 | INFO     | Precio: 0.00 | Estado: FORMING | Score: 42
2026-05-27 12:38:31 | INFO     | Precio: 0.00 | Estado: FORMING | Score: 47
2026-05-27 12:38:31 | INFO     | Precio: 0.00 | Estado: FORMING | Score: 47
2026-05-27 12:38:31 | INFO     | Precio: 0.00 | Estado: FORMING | Score: 47
2026-05-27 12:38:31 | INFO     | Precio: 0.00 | Estado: FORMING | Score: 47
2026-05-27 12:38:31 | INFO     | Precio: 0.00 | Estado: FORMING | Score: 47
2026-05-27 12:38:31 | INFO     | Precio: 0.00 | Estado: FORMING | Score: 47
2026-05-27 12:38:31 | INFO     | Precio: 0.00 | Estado: FORMING | Score: 42
2026-05-27 12:38:31 | INFO     | Precio: 0.00 | Estado: FORMING | Score: 49
2026-05-27 12:38:31 | INFO     | Precio: 0.00 | Estado: FORMING | Score: 46
2026-05-27 12:38:31 | INFO     | Precio: 0.00 | Estado: FORMING | Score: 49
2026-05-27 12:38:31 | INFO     | Precio: 0.00 | Estado: FORMING | Score: 42
2026-05-27 12:38:31 | INFO     | Precio: 0.00 | Estado: FORMING | Score: 49
2026-05-27 12:38:31 | INFO     | Precio: 0.00 | Estado: FORMING | Score: 42
2026-05-27 12:38:31 | INFO     | Precio: 0.00 | Estado: FORMING | Score: 42
2026-05-27 12:38:31 | INFO     | Precio: 0.00 | Estado: FORMING | Score: 42
2026-05-27 12:38:31 | INFO     | Precio: 0.00 | Estado: FORMING | Score: 49
2026-05-27 12:38:31 | INFO     | Precio: 0.00 | Estado: FORMING | Score: 42
2026-05-27 12:38:31 | INFO     | Precio: 0.00 | Estado: FORMING | Score: 49
2026-05-27 12:38:31 | INFO     | Precio: 0.00 | Estado: INVALID | Score: 49
2026-05-27 12:38:31 | INFO     | Precio: 0.00 | Estado: INVALID | Score: 42
2026-05-27 12:38:31 | INFO     | Precio: 0.00 | Estado: INVALID | Score: 46
2026-05-27 12:38:31 | INFO     | Precio: 0.00 | Estado: FORMING | Score: 42
2026-05-27 12:38:31 | INFO     | Precio: 0.00 | Estado: FORMING | Score: 42
2026-05-27 12:38:31 | INFO     | Precio: 0.00 | Estado: FORMING | Score: 46
2026-05-27 12:38:31 | INFO     | Precio: 0.00 | Estado: INVALID | Score: 49
2026-05-27 12:38:31 | INFO     | Precio: 0.00 | Estado: INVALID | Score: 42
2026-05-27 12:38:31 | INFO     | Precio: 0.00 | Estado: INVALID | Score: 46
2026-05-27 12:38:31 | INFO     | Precio: 0.00 | Estado: FORMING | Score: 42
2026-05-27 12:38:31 | INFO     | Precio: 0.00 | Estado: FORMING | Score: 42
2026-05-27 12:38:31 | INFO     | Precio: 0.00 | Estado: FORMING | Score: 42
2026-05-27 12:38:31 | INFO     | Precio: 0.00 | Estado: FORMING | Score: 47
2026-05-27 12:38:31 | INFO     | Precio: 0.00 | Estado: FORMING | Score: 47
2026-05-27 12:38:31 | INFO     | Precio: 0.00 | Estado: FORMING | Score: 47
2026-05-27 12:38:31 | INFO     | Precio: 0.00 | Estado: FORMING | Score: 46
2026-05-27 12:38:31 | INFO     | Precio: 0.00 | Estado: FORMING | Score: 42
2026-05-27 12:38:31 | INFO     | Precio: 0.00 | Estado: FORMING | Score: 42
2026-05-27 12:38:31 | INFO     | Precio: 0.00 | Estado: FORMING | Score: 46
2026-05-27 12:38:31 | INFO     | Precio: 0.00 | Estado: FORMING | Score: 42
2026-05-27 12:38:31 | INFO     | Precio: 0.00 | Estado: FORMING | Score: 42
2026-05-27 12:38:31 | INFO     | Precio: 0.00 | Estado: FORMING | Score: 42
2026-05-27 12:38:31 | INFO     | Precio: 0.00 | Estado: FORMING | Score: 42
2026-05-27 12:38:31 | INFO     | Precio: 0.00 | Estado: FORMING | Score: 42
2026-05-27 12:38:31 | INFO     | Precio: 0.00 | Estado: FORMING | Score: 50
2026-05-27 12:38:31 | INFO     | Precio: 0.00 | Estado: FORMING | Score: 50
2026-05-27 12:38:31 | INFO     | Precio: 0.00 | Estado: FORMING | Score: 50
2026-05-27 12:38:31 | INFO     | Precio: 0.00 | Estado: FORMING | Score: 50
2026-05-27 12:38:31 | INFO     | Precio: 0.00 | Estado: FORMING | Score: 50
2026-05-27 12:38:31 | INFO     | Precio: 0.00 | Estado: FORMING | Score: 50
2026-05-27 12:38:31 | INFO     | Precio: 0.00 | Estado: FORMING | Score: 50
2026-05-27 12:38:31 | INFO     | Precio: 0.00 | Estado: FORMING | Score: 50
2026-05-27 12:38:31 | INFO     | Precio: 0.00 | Estado: FORMING | Score: 50
2026-05-27 12:38:31 | INFO     | Precio: 0.00 | Estado: FORMING | Score: 50
2026-05-27 12:38:31 | INFO     | Precio: 0.00 | Estado: FORMING | Score: 50
2026-05-27 12:38:31 | INFO     | Precio: 0.00 | Estado: FORMING | Score: 50
2026-05-27 12:38:31 | INFO     | Precio: 0.00 | Estado: READY | Score: 60
2026-05-27 12:38:31 | INFO     | Precio: 0.00 | Estado: FORMING | Score: 53
2026-05-27 12:38:31 | INFO     | Precio: 0.00 | Estado: FORMING | Score: 53
2026-05-27 12:38:31 | INFO     | Precio: 0.00 | Estado: READY | Score: 60
2026-05-27 12:38:31 | INFO     | Precio: 0.00 | Estado: FORMING | Score: 53
2026-05-27 12:38:31 | INFO     | Precio: 0.00 | Estado: FORMING | Score: 53
2026-05-27 12:38:31 | INFO     | Precio: 0.00 | Estado: FORMING | Score: 53
2026-05-27 12:38:31 | INFO     | Precio: 0.00 | Estado: READY | Score: 60
2026-05-27 12:38:31 | INFO     | Precio: 0.00 | Estado: FORMING | Score: 57
2026-05-27 12:38:31 | INFO     | Precio: 0.00 | Estado: FORMING | Score: 53
2026-05-27 12:38:31 | INFO     | Precio: 0.00 | Estado: FORMING | Score: 53
2026-05-27 12:38:31 | INFO     | Precio: 0.00 | Estado: FORMING | Score: 53
2026-05-27 12:38:31 | INFO     | Precio: 0.00 | Estado: INVALID | Score: 42
2026-05-27 12:38:31 | INFO     | Precio: 0.00 | Estado: INVALID | Score: 46
2026-05-27 12:38:31 | INFO     | Precio: 0.00 | Estado: INVALID | Score: 42
2026-05-27 12:38:31 | INFO     | Precio: 0.00 | Estado: INVALID | Score: 49
2026-05-27 12:38:31 | INFO     | Precio: 0.00 | Estado: INVALID | Score: 46
2026-05-27 12:38:31 | INFO     | Precio: 0.00 | Estado: INVALID | Score: 49
2026-05-27 12:38:31 | INFO     | Precio: 0.00 | Estado: INVALID | Score: 49
2026-05-27 12:38:31 | INFO     | Precio: 0.00 | Estado: INVALID | Score: 49
2026-05-27 12:38:31 | INFO     | Precio: 0.00 | Estado: INVALID | Score: 49
2026-05-27 12:38:31 | INFO     | Precio: 0.00 | Estado: INVALID | Score: 46
2026-05-27 12:38:31 | INFO     | Precio: 0.00 | Estado: INVALID | Score: 46
2026-05-27 12:38:31 | INFO     | Precio: 0.00 | Estado: INVALID | Score: 42
2026-05-27 12:38:31 | INFO     | Precio: 0.00 | Estado: INVALID | Score: 37
2026-05-27 12:38:31 | INFO     | Precio: 0.00 | Estado: INVALID | Score: 37
2026-05-27 12:38:31 | INFO     | Precio: 0.00 | Estado: INVALID | Score: 37
2026-05-27 12:38:31 | INFO     | Precio: 0.00 | Estado: INVALID | Score: 37
2026-05-27 12:38:31 | INFO     | Precio: 0.00 | Estado: INVALID | Score: 37
2026-05-27 12:38:31 | INFO     | Precio: 0.00 | Estado: INVALID | Score: 37
2026-05-27 12:38:31 | INFO     | Precio: 0.00 | Estado: INVALID | Score: 37
2026-05-27 12:38:31 | INFO     | Precio: 0.00 | Estado: INVALID | Score: 37
2026-05-27 12:38:31 | INFO     | Precio: 0.00 | Estado: INVALID | Score: 37
2026-05-27 12:38:31 | INFO     | Precio: 0.00 | Estado: INVALID | Score: 37
2026-05-27 12:38:31 | INFO     | Precio: 0.00 | Estado: INVALID | Score: 37
2026-05-27 12:38:31 | INFO     | Precio: 0.00 | Estado: INVALID | Score: 37
2026-05-27 12:38:31 | INFO     | Precio: 0.00 | Estado: INVALID | Score: 42
2026-05-27 12:38:31 | INFO     | Precio: 0.00 | Estado: INVALID | Score: 49
2026-05-27 12:38:31 | INFO     | Precio: 0.00 | Estado: INVALID | Score: 42
2026-05-27 12:38:31 | INFO     | Precio: 0.00 | Estado: INVALID | Score: 42
2026-05-27 12:38:31 | INFO     | Precio: 0.00 | Estado: INVALID | Score: 42
2026-05-27 12:38:31 | INFO     | Precio: 0.00 | Estado: INVALID | Score: 42
2026-05-27 12:38:31 | INFO     | Precio: 0.00 | Estado: INVALID | Score: 42
2026-05-27 12:38:31 | INFO     | Precio: 0.00 | Estado: INVALID | Score: 42
2026-05-27 12:38:31 | INFO     | Precio: 0.00 | Estado: INVALID | Score: 42
2026-05-27 12:38:31 | INFO     | Precio: 0.00 | Estado: INVALID | Score: 42
2026-05-27 12:38:31 | INFO     | Precio: 0.00 | Estado: INVALID | Score: 42
2026-05-27 12:38:31 | INFO     | Precio: 0.00 | Estado: INVALID | Score: 42
2026-05-27 12:38:31 | INFO     | Precio: 0.00 | Estado: INVALID | Score: 42
2026-05-27 12:38:31 | INFO     | Precio: 0.00 | Estado: INVALID | Score: 42
2026-05-27 12:38:31 | INFO     | Precio: 0.00 | Estado: INVALID | Score: 42
2026-05-27 12:38:31 | INFO     | Precio: 0.00 | Estado: FORMING | Score: 42
2026-05-27 12:38:31 | INFO     | Precio: 0.00 | Estado: FORMING | Score: 49
2026-05-27 12:38:31 | INFO     | Precio: 0.00 | Estado: FORMING | Score: 42
2026-05-27 12:38:31 | INFO     | Precio: 0.00 | Estado: FORMING | Score: 49
2026-05-27 12:38:31 | INFO     | Precio: 0.00 | Estado: FORMING | Score: 42
2026-05-27 12:38:31 | INFO     | Precio: 0.00 | Estado: FORMING | Score: 46
2026-05-27 12:38:31 | INFO     | Precio: 0.00 | Estado: FORMING | Score: 49
2026-05-27 12:38:31 | INFO     | Precio: 0.00 | Estado: FORMING | Score: 49
2026-05-27 12:38:31 | INFO     | Precio: 0.00 | Estado: FORMING | Score: 42
2026-05-27 12:38:31 | INFO     | Precio: 0.00 | Estado: FORMING | Score: 47
2026-05-27 12:38:31 | INFO     | Precio: 0.00 | Estado: FORMING | Score: 47
2026-05-27 12:38:31 | INFO     | Precio: 0.00 | Estado: FORMING | Score: 47
2026-05-27 12:38:31 | INFO     | Precio: 0.00 | Estado: FORMING | Score: 54
2026-05-27 12:38:31 | INFO     | Precio: 0.00 | Estado: FORMING | Score: 54
2026-05-27 12:38:31 | INFO     | Precio: 0.00 | Estado: FORMING | Score: 54
2026-05-27 12:38:31 | INFO     | Precio: 0.00 | Estado: FORMING | Score: 54
2026-05-27 12:38:31 | INFO     | Precio: 0.00 | Estado: FORMING | Score: 54
2026-05-27 12:38:31 | INFO     | Precio: 0.00 | Estado: FORMING | Score: 54
2026-05-27 12:38:31 | INFO     | Precio: 0.00 | Estado: FORMING | Score: 51
2026-05-27 12:38:31 | INFO     | Precio: 0.00 | Estado: FORMING | Score: 47
2026-05-27 12:38:31 | INFO     | Precio: 0.00 | Estado: FORMING | Score: 47
2026-05-27 12:38:31 | INFO     | Precio: 0.00 | Estado: FORMING | Score: 51
2026-05-27 12:38:31 | INFO     | Precio: 0.00 | Estado: FORMING | Score: 47
2026-05-27 12:38:31 | INFO     | Precio: 0.00 | Estado: FORMING | Score: 47
2026-05-27 12:38:31 | INFO     | Precio: 0.00 | Estado: FORMING | Score: 47
2026-05-27 12:38:31 | INFO     | Precio: 0.00 | Estado: FORMING | Score: 47
2026-05-27 12:38:31 | INFO     | Precio: 0.00 | Estado: FORMING | Score: 47
2026-05-27 12:38:31 | INFO     | Precio: 0.00 | Estado: INVALID | Score: 44
2026-05-27 12:38:31 | INFO     | Precio: 0.00 | Estado: INVALID | Score: 41
2026-05-27 12:38:31 | INFO     | Precio: 0.00 | Estado: INVALID | Score: 37
2026-05-27 12:38:31 | INFO     | Precio: 0.00 | Estado: INVALID | Score: 37
2026-05-27 12:38:31 | INFO     | Precio: 0.00 | Estado: INVALID | Score: 44
2026-05-27 12:38:31 | INFO     | Precio: 0.00 | Estado: INVALID | Score: 44
2026-05-27 12:38:31 | INFO     | Precio: 0.00 | Estado: FORMING | Score: 53
2026-05-27 12:38:31 | INFO     | Precio: 0.00 | Estado: FORMING | Score: 53
2026-05-27 12:38:31 | INFO     | Precio: 0.00 | Estado: READY | Score: 60
2026-05-27 12:38:31 | INFO     | Precio: 0.00 | Estado: FORMING | Score: 53
2026-05-27 12:38:31 | INFO     | Precio: 0.00 | Estado: FORMING | Score: 53
2026-05-27 12:38:31 | INFO     | Precio: 0.00 | Estado: FORMING | Score: 53
2026-05-27 12:38:31 | INFO     | Precio: 0.00 | Estado: FORMING | Score: 53
2026-05-27 12:38:31 | INFO     | Precio: 0.00 | Estado: FORMING | Score: 53
2026-05-27 12:38:31 | INFO     | Precio: 0.00 | Estado: FORMING | Score: 53
2026-05-27 12:38:31 | INFO     | Precio: 0.00 | Estado: FORMING | Score: 53
2026-05-27 12:38:31 | INFO     | Precio: 0.00 | Estado: FORMING | Score: 53
2026-05-27 12:38:31 | INFO     | Precio: 0.00 | Estado: FORMING | Score: 53
2026-05-27 12:38:31 | INFO     | Precio: 0.00 | Estado: FORMING | Score: 53
2026-05-27 12:38:31 | INFO     | Precio: 0.00 | Estado: FORMING | Score: 53
2026-05-27 12:38:31 | INFO     | Precio: 0.00 | Estado: FORMING | Score: 53
2026-05-27 12:38:31 | INFO     | Precio: 0.00 | Estado: FORMING | Score: 53
2026-05-27 12:38:31 | INFO     | Precio: 0.00 | Estado: FORMING | Score: 53
2026-05-27 12:38:31 | INFO     | Precio: 0.00 | Estado: FORMING | Score: 53
2026-05-27 12:38:31 | INFO     | Precio: 0.00 | Estado: READY | Score: 60
2026-05-27 12:38:31 | INFO     | Precio: 0.00 | Estado: FORMING | Score: 53
2026-05-27 12:38:31 | INFO     | Precio: 0.00 | Estado: FORMING | Score: 53
2026-05-27 12:38:31 | INFO     | Precio: 0.00 | Estado: FORMING | Score: 53
2026-05-27 12:38:31 | INFO     | Precio: 0.00 | Estado: FORMING | Score: 53
2026-05-27 12:38:31 | INFO     | Precio: 0.00 | Estado: FORMING | Score: 53
2026-05-27 12:38:31 | INFO     | Precio: 0.00 | Estado: READY | Score: 60
2026-05-27 12:38:31 | INFO     | Precio: 0.00 | Estado: FORMING | Score: 53
2026-05-27 12:38:31 | INFO     | Precio: 0.00 | Estado: FORMING | Score: 53
2026-05-27 12:38:31 | INFO     | Precio: 0.00 | Estado: FORMING | Score: 53
2026-05-27 12:38:31 | INFO     | Precio: 0.00 | Estado: FORMING | Score: 57
2026-05-27 12:38:31 | INFO     | Precio: 0.00 | Estado: FORMING | Score: 53
2026-05-27 12:38:31 | INFO     | Precio: 0.00 | Estado: FORMING | Score: 53
2026-05-27 12:38:31 | INFO     | Precio: 0.00 | Estado: FORMING | Score: 53
2026-05-27 12:38:31 | INFO     | Precio: 0.00 | Estado: FORMING | Score: 53
2026-05-27 12:38:31 | INFO     | Precio: 0.00 | Estado: FORMING | Score: 53
2026-05-27 12:38:31 | INFO     | Precio: 0.00 | Estado: FORMING | Score: 53
2026-05-27 12:38:31 | INFO     | Precio: 0.00 | Estado: FORMING | Score: 53
2026-05-27 12:38:31 | INFO     | Precio: 0.00 | Estado: READY | Score: 56
2026-05-27 12:38:31 | INFO     | Precio: 0.00 | Estado: READY | Score: 56
2026-05-27 12:38:31 | INFO     | Precio: 0.00 | Estado: READY | Score: 56
2026-05-27 12:38:31 | INFO     | Precio: 0.00 | Estado: READY | Score: 56
2026-05-27 12:38:31 | INFO     | Precio: 0.00 | Estado: READY | Score: 56
2026-05-27 12:38:31 | INFO     | Precio: 0.00 | Estado: READY | Score: 56
2026-05-27 12:38:31 | INFO     | Precio: 0.00 | Estado: READY | Score: 56
2026-05-27 12:38:31 | INFO     | Precio: 0.00 | Estado: READY | Score: 56
2026-05-27 12:38:31 | INFO     | Precio: 0.00 | Estado: READY | Score: 56
2026-05-27 12:38:31 | INFO     | Precio: 0.00 | Estado: READY | Score: 56
2026-05-27 12:38:31 | INFO     | Precio: 0.00 | Estado: READY | Score: 60
2026-05-27 12:38:31 | INFO     | Precio: 0.00 | Estado: READY | Score: 56
2026-05-27 12:38:31 | INFO     | Precio: 0.00 | Estado: READY | Score: 56
2026-05-27 12:38:31 | INFO     | Precio: 0.00 | Estado: READY | Score: 56
2026-05-27 12:38:31 | INFO     | Precio: 0.00 | Estado: READY | Score: 56
2026-05-27 12:38:31 | INFO     | Precio: 0.00 | Estado: READY | Score: 56
2026-05-27 12:38:31 | INFO     | Precio: 0.00 | Estado: READY | Score: 56
2026-05-27 12:38:31 | INFO     | Precio: 0.00 | Estado: READY | Score: 56
2026-05-27 12:38:31 | INFO     | Precio: 0.00 | Estado: READY | Score: 56
2026-05-27 12:38:31 | INFO     | Precio: 0.00 | Estado: READY | Score: 56
2026-05-27 12:38:31 | INFO     | Precio: 0.00 | Estado: READY | Score: 56
2026-05-27 12:38:31 | INFO     | Precio: 0.00 | Estado: READY | Score: 56
2026-05-27 12:38:31 | INFO     | Precio: 0.00 | Estado: READY | Score: 56
2026-05-27 12:38:31 | INFO     | Precio: 0.00 | Estado: READY | Score: 60
2026-05-27 12:38:31 | INFO     | Precio: 0.00 | Estado: READY | Score: 56
2026-05-27 12:38:31 | INFO     | Precio: 0.00 | Estado: READY | Score: 56
2026-05-27 12:38:31 | INFO     | Precio: 0.00 | Estado: READY | Score: 63
2026-05-27 12:38:31 | INFO     | Precio: 0.00 | Estado: READY | Score: 56
2026-05-27 12:38:31 | INFO     | Precio: 0.00 | Estado: READY | Score: 56
2026-05-27 12:38:31 | INFO     | Precio: 0.00 | Estado: READY | Score: 56
2026-05-27 12:38:31 | INFO     | Precio: 0.00 | Estado: READY | Score: 56
2026-05-27 12:38:31 | INFO     | Precio: 0.00 | Estado: READY | Score: 56
2026-05-27 12:38:31 | INFO     | Precio: 0.00 | Estado: READY | Score: 56
2026-05-27 12:38:31 | INFO     | Precio: 0.00 | Estado: READY | Score: 56
2026-05-27 12:38:31 | INFO     | Precio: 0.00 | Estado: READY | Score: 56
2026-05-27 12:38:31 | INFO     | Precio: 0.00 | Estado: READY | Score: 63
2026-05-27 12:38:31 | INFO     | Precio: 0.00 | Estado: READY | Score: 56
2026-05-27 12:38:31 | INFO     | Precio: 0.00 | Estado: READY | Score: 63
2026-05-27 12:38:31 | INFO     | Precio: 0.00 | Estado: READY | Score: 63
2026-05-27 12:38:31 | INFO     | Precio: 0.00 | Estado: READY | Score: 63
2026-05-27 12:38:31 | INFO     | Precio: 0.00 | Estado: READY | Score: 56
2026-05-27 12:38:31 | INFO     | Precio: 0.00 | Estado: READY | Score: 56
2026-05-27 12:38:31 | INFO     | Precio: 0.00 | Estado: READY | Score: 56
2026-05-27 12:38:31 | INFO     | Precio: 0.00 | Estado: READY | Score: 60
2026-05-27 12:38:31 | INFO     | Precio: 0.00 | Estado: READY | Score: 63
2026-05-27 12:38:31 | INFO     | Precio: 0.00 | Estado: READY | Score: 60
2026-05-27 12:38:31 | INFO     | Precio: 0.00 | Estado: READY | Score: 56
2026-05-27 12:38:31 | INFO     | Precio: 0.00 | Estado: READY | Score: 56
2026-05-27 12:38:31 | INFO     | Precio: 0.00 | Estado: READY | Score: 60
2026-05-27 12:38:31 | INFO     | Precio: 0.00 | Estado: READY | Score: 56
2026-05-27 12:38:31 | INFO     | Precio: 0.00 | Estado: READY | Score: 63
2026-05-27 12:38:31 | INFO     | Precio: 0.00 | Estado: READY | Score: 56
2026-05-27 12:38:31 | INFO     | Precio: 0.00 | Estado: READY | Score: 56
2026-05-27 12:38:31 | INFO     | Precio: 0.00 | Estado: READY | Score: 56
2026-05-27 12:38:31 | INFO     | Precio: 0.00 | Estado: READY | Score: 60
2026-05-27 12:38:31 | INFO     | Precio: 0.00 | Estado: READY | Score: 56
2026-05-27 12:38:31 | INFO     | Precio: 0.00 | Estado: READY | Score: 56
2026-05-27 12:38:31 | INFO     | Precio: 0.00 | Estado: READY | Score: 56
2026-05-27 12:38:31 | INFO     | Precio: 0.00 | Estado: READY | Score: 56
2026-05-27 12:38:31 | INFO     | Precio: 0.00 | Estado: READY | Score: 56
2026-05-27 12:38:31 | INFO     | Precio: 0.00 | Estado: READY | Score: 60
2026-05-27 12:38:31 | INFO     | Precio: 0.00 | Estado: READY | Score: 60
2026-05-27 12:38:31 | INFO     | Precio: 0.00 | Estado: FORMING | Score: 53
2026-05-27 12:38:31 | INFO     | Precio: 0.00 | Estado: FORMING | Score: 53
2026-05-27 12:38:31 | INFO     | Precio: 0.00 | Estado: FORMING | Score: 53
2026-05-27 12:38:31 | INFO     | Precio: 0.00 | Estado: FORMING | Score: 53
2026-05-27 12:38:31 | INFO     | Precio: 0.00 | Estado: FORMING | Score: 53
2026-05-27 12:38:31 | INFO     | Precio: 0.00 | Estado: FORMING | Score: 53
2026-05-27 12:38:31 | INFO     | Precio: 0.00 | Estado: FORMING | Score: 53
2026-05-27 12:38:31 | INFO     | Precio: 0.00 | Estado: READY | Score: 60
2026-05-27 12:38:31 | INFO     | Precio: 0.00 | Estado: READY | Score: 60
2026-05-27 12:38:31 | INFO     | Precio: 0.00 | Estado: FORMING | Score: 53
2026-05-27 12:38:31 | INFO     | Precio: 0.00 | Estado: READY | Score: 56
2026-05-27 12:38:31 | INFO     | Precio: 0.00 | Estado: READY | Score: 56
2026-05-27 12:38:31 | INFO     | Precio: 0.00 | Estado: READY | Score: 56
2026-05-27 12:38:31 | INFO     | Precio: 0.00 | Estado: READY | Score: 56
2026-05-27 12:38:31 | INFO     | Precio: 0.00 | Estado: READY | Score: 56
2026-05-27 12:38:31 | INFO     | Precio: 0.00 | Estado: READY | Score: 56
2026-05-27 12:38:31 | INFO     | Precio: 0.00 | Estado: READY | Score: 56
2026-05-27 12:38:31 | INFO     | Precio: 0.00 | Estado: READY | Score: 56
2026-05-27 12:38:31 | INFO     | Precio: 0.00 | Estado: READY | Score: 63
2026-05-27 12:38:31 | INFO     | Precio: 0.00 | Estado: READY | Score: 63
2026-05-27 12:38:31 | INFO     | Precio: 0.00 | Estado: READY | Score: 56
2026-05-27 12:38:31 | INFO     | Precio: 0.00 | Estado: READY | Score: 56
2026-05-27 12:38:31 | INFO     | Precio: 0.00 | Estado: READY | Score: 56
2026-05-27 12:38:31 | INFO     | Precio: 0.00 | Estado: READY | Score: 56
2026-05-27 12:38:31 | INFO     | Precio: 0.00 | Estado: READY | Score: 56
2026-05-27 12:38:31 | INFO     | Precio: 0.00 | Estado: READY | Score: 60
2026-05-27 12:38:31 | INFO     | Precio: 0.00 | Estado: READY | Score: 56
2026-05-27 12:38:31 | INFO     | Precio: 0.00 | Estado: READY | Score: 56
2026-05-27 12:38:31 | INFO     | Precio: 0.00 | Estado: READY | Score: 56
2026-05-27 12:38:31 | INFO     | Precio: 0.00 | Estado: READY | Score: 56
2026-05-27 12:38:31 | INFO     | Precio: 0.00 | Estado: READY | Score: 56
2026-05-27 12:38:31 | INFO     | Precio: 0.00 | Estado: READY | Score: 56
2026-05-27 12:38:31 | INFO     | Precio: 0.00 | Estado: READY | Score: 56
2026-05-27 12:38:31 | INFO     | Precio: 0.00 | Estado: READY | Score: 63
2026-05-27 12:38:31 | INFO     | Precio: 0.00 | Estado: FORMING | Score: 53
2026-05-27 12:38:31 | INFO     | Precio: 0.00 | Estado: READY | Score: 60
2026-05-27 12:38:31 | INFO     | Precio: 0.00 | Estado: FORMING | Score: 53
2026-05-27 12:38:31 | INFO     | Precio: 0.00 | Estado: FORMING | Score: 53
2026-05-27 12:38:31 | INFO     | Precio: 0.00 | Estado: FORMING | Score: 53
2026-05-27 12:38:31 | INFO     | Precio: 0.00 | Estado: FORMING | Score: 53
2026-05-27 12:38:31 | INFO     | Precio: 0.00 | Estado: FORMING | Score: 53
2026-05-27 12:38:31 | INFO     | Precio: 0.00 | Estado: FORMING | Score: 53
2026-05-27 12:38:31 | INFO     | Precio: 0.00 | Estado: FORMING | Score: 53
2026-05-27 12:38:31 | INFO     | Precio: 0.00 | Estado: READY | Score: 60
2026-05-27 12:38:31 | INFO     | Precio: 0.00 | Estado: FORMING | Score: 57
2026-05-27 12:38:31 | INFO     | Precio: 0.00 | Estado: READY | Score: 60
2026-05-27 12:38:31 | INFO     | Precio: 0.00 | Estado: FORMING | Score: 53
2026-05-27 12:38:31 | INFO     | Precio: 0.00 | Estado: FORMING | Score: 53
2026-05-27 12:38:31 | INFO     | Precio: 0.00 | Estado: FORMING | Score: 53
2026-05-27 12:38:31 | INFO     | Precio: 0.00 | Estado: READY | Score: 60
2026-05-27 12:38:32 | INFO     | Precio: 0.00 | Estado: FORMING | Score: 53
2026-05-27 12:38:32 | INFO     | Precio: 0.00 | Estado: FORMING | Score: 53
2026-05-27 12:38:32 | INFO     | Precio: 0.00 | Estado: READY | Score: 60
2026-05-27 12:38:32 | INFO     | Precio: 0.00 | Estado: FORMING | Score: 53
2026-05-27 12:38:32 | INFO     | Precio: 0.00 | Estado: FORMING | Score: 53
2026-05-27 12:38:32 | INFO     | Precio: 0.00 | Estado: FORMING | Score: 53
2026-05-27 12:38:32 | INFO     | Precio: 0.00 | Estado: READY | Score: 60
2026-05-27 12:38:32 | INFO     | Precio: 0.00 | Estado: FORMING | Score: 53
2026-05-27 12:38:32 | INFO     | Precio: 0.00 | Estado: FORMING | Score: 53
2026-05-27 12:38:32 | INFO     | Precio: 0.00 | Estado: FORMING | Score: 53
2026-05-27 12:38:32 | INFO     | Precio: 0.00 | Estado: FORMING | Score: 53
2026-05-27 12:38:32 | INFO     | Precio: 0.00 | Estado: FORMING | Score: 53
2026-05-27 12:38:32 | INFO     | Precio: 0.00 | Estado: FORMING | Score: 53
2026-05-27 12:38:32 | INFO     | Precio: 0.00 | Estado: READY | Score: 60
2026-05-27 12:38:32 | INFO     | Precio: 0.00 | Estado: FORMING | Score: 53
2026-05-27 12:38:32 | INFO     | Precio: 0.00 | Estado: FORMING | Score: 53
2026-05-27 12:38:32 | INFO     | Precio: 0.00 | Estado: FORMING | Score: 53
2026-05-27 12:38:32 | INFO     | Precio: 0.00 | Estado: FORMING | Score: 53
2026-05-27 12:38:32 | INFO     | Precio: 0.00 | Estado: FORMING | Score: 53
2026-05-27 12:38:32 | INFO     | Precio: 0.00 | Estado: READY | Score: 60
2026-05-27 12:38:32 | INFO     | Precio: 0.00 | Estado: READY | Score: 56
2026-05-27 12:38:32 | INFO     | Precio: 0.00 | Estado: READY | Score: 63
2026-05-27 12:38:32 | INFO     | Precio: 0.00 | Estado: READY | Score: 56
2026-05-27 12:38:32 | INFO     | Precio: 0.00 | Estado: READY | Score: 56
2026-05-27 12:38:32 | INFO     | Precio: 0.00 | Estado: READY | Score: 56
2026-05-27 12:38:32 | INFO     | Precio: 0.00 | Estado: READY | Score: 56
2026-05-27 12:38:32 | INFO     | Precio: 0.00 | Estado: READY | Score: 56
2026-05-27 12:38:32 | INFO     | Precio: 0.00 | Estado: READY | Score: 63
2026-05-27 12:38:32 | INFO     | Precio: 0.00 | Estado: READY | Score: 56
2026-05-27 12:38:32 | INFO     | Precio: 0.00 | Estado: READY | Score: 56
2026-05-27 12:38:32 | INFO     | Precio: 0.00 | Estado: READY | Score: 56
2026-05-27 12:38:32 | INFO     | Precio: 0.00 | Estado: READY | Score: 56
2026-05-27 12:38:32 | INFO     | Precio: 0.00 | Estado: READY | Score: 56
2026-05-27 12:38:32 | INFO     | Precio: 0.00 | Estado: READY | Score: 56
2026-05-27 12:38:32 | INFO     | Precio: 0.00 | Estado: READY | Score: 56
2026-05-27 12:38:32 | INFO     | Precio: 0.00 | Estado: READY | Score: 56
2026-05-27 12:38:32 | INFO     | Precio: 0.00 | Estado: READY | Score: 56
2026-05-27 12:38:32 | INFO     | Precio: 0.00 | Estado: READY | Score: 56
2026-05-27 12:38:32 | INFO     | Precio: 0.00 | Estado: READY | Score: 60
2026-05-27 12:38:32 | INFO     | Precio: 0.00 | Estado: READY | Score: 63
2026-05-27 12:38:32 | INFO     | Precio: 0.00 | Estado: READY | Score: 56
2026-05-27 12:38:32 | INFO     | Precio: 0.00 | Estado: READY | Score: 56
2026-05-27 12:38:32 | INFO     | Precio: 0.00 | Estado: READY | Score: 56
2026-05-27 12:38:32 | INFO     | Precio: 0.00 | Estado: READY | Score: 56
2026-05-27 12:38:32 | INFO     | Precio: 0.00 | Estado: READY | Score: 56
2026-05-27 12:38:32 | INFO     | Precio: 0.00 | Estado: READY | Score: 56
2026-05-27 12:38:32 | INFO     | Precio: 0.00 | Estado: READY | Score: 56
2026-05-27 12:38:32 | INFO     | Precio: 0.00 | Estado: READY | Score: 56
2026-05-27 12:38:32 | INFO     | Precio: 0.00 | Estado: READY | Score: 56
2026-05-27 12:38:32 | INFO     | Precio: 0.00 | Estado: READY | Score: 56
2026-05-27 12:38:32 | INFO     | Precio: 0.00 | Estado: READY | Score: 56
2026-05-27 12:38:32 | INFO     | Precio: 0.00 | Estado: READY | Score: 56
2026-05-27 12:38:32 | INFO     | Precio: 0.00 | Estado: READY | Score: 56
2026-05-27 12:38:32 | INFO     | Precio: 0.00 | Estado: READY | Score: 56
2026-05-27 12:38:32 | INFO     | Precio: 0.00 | Estado: READY | Score: 60
2026-05-27 12:38:32 | INFO     | Precio: 0.00 | Estado: READY | Score: 56
2026-05-27 12:38:32 | INFO     | Precio: 0.00 | Estado: READY | Score: 56
2026-05-27 12:38:32 | INFO     | Precio: 0.00 | Estado: READY | Score: 63
2026-05-27 12:38:32 | INFO     | Precio: 0.00 | Estado: READY | Score: 56
2026-05-27 12:38:32 | INFO     | Precio: 0.00 | Estado: READY | Score: 56
2026-05-27 12:38:32 | INFO     | Precio: 0.00 | Estado: READY | Score: 56
2026-05-27 12:38:32 | INFO     | Precio: 0.00 | Estado: READY | Score: 56
2026-05-27 12:38:32 | INFO     | Precio: 0.00 | Estado: READY | Score: 56
2026-05-27 12:38:32 | INFO     | Precio: 0.00 | Estado: READY | Score: 63
2026-05-27 12:38:32 | INFO     | Precio: 0.00 | Estado: READY | Score: 56
2026-05-27 12:38:32 | INFO     | Precio: 0.00 | Estado: READY | Score: 56
2026-05-27 12:38:32 | INFO     | Precio: 0.00 | Estado: READY | Score: 56
2026-05-27 12:38:32 | INFO     | Precio: 0.00 | Estado: READY | Score: 56
2026-05-27 12:38:32 | INFO     | Precio: 0.00 | Estado: READY | Score: 56
2026-05-27 12:38:32 | INFO     | Precio: 0.00 | Estado: READY | Score: 56
2026-05-27 12:38:32 | INFO     | Precio: 0.00 | Estado: READY | Score: 56
2026-05-27 12:38:32 | INFO     | Precio: 0.00 | Estado: READY | Score: 56
2026-05-27 12:38:32 | INFO     | Precio: 0.00 | Estado: READY | Score: 56
2026-05-27 12:38:32 | INFO     | Precio: 0.00 | Estado: READY | Score: 60
2026-05-27 12:38:32 | INFO     | Precio: 0.00 | Estado: READY | Score: 56
2026-05-27 12:38:32 | INFO     | Precio: 0.00 | Estado: READY | Score: 56
2026-05-27 12:38:32 | INFO     | Precio: 0.00 | Estado: READY | Score: 63
2026-05-27 12:38:32 | INFO     | Precio: 0.00 | Estado: READY | Score: 63
2026-05-27 12:38:32 | INFO     | Precio: 0.00 | Estado: READY | Score: 63
2026-05-27 12:38:32 | INFO     | Precio: 0.00 | Estado: READY | Score: 56
2026-05-27 12:38:32 | INFO     | Precio: 0.00 | Estado: READY | Score: 56
2026-05-27 12:38:32 | INFO     | Precio: 0.00 | Estado: READY | Score: 56
2026-05-27 12:38:32 | INFO     | Precio: 0.00 | Estado: READY | Score: 56
2026-05-27 12:38:32 | INFO     | Precio: 0.00 | Estado: READY | Score: 60
2026-05-27 12:38:32 | INFO     | Precio: 0.00 | Estado: READY | Score: 56
2026-05-27 12:38:32 | INFO     | Precio: 0.00 | Estado: READY | Score: 60
2026-05-27 12:38:32 | INFO     | Precio: 0.00 | Estado: READY | Score: 56
2026-05-27 12:38:32 | INFO     | Precio: 0.00 | Estado: READY | Score: 56
2026-05-27 12:38:32 | INFO     | Precio: 0.00 | Estado: READY | Score: 56
2026-05-27 12:38:32 | INFO     | Precio: 0.00 | Estado: READY | Score: 56
2026-05-27 12:38:32 | INFO     | Precio: 0.00 | Estado: READY | Score: 56
2026-05-27 12:38:32 | INFO     | Precio: 0.00 | Estado: READY | Score: 56
2026-05-27 12:38:32 | INFO     | Precio: 0.00 | Estado: FORMING | Score: 53
2026-05-27 12:38:32 | INFO     | Precio: 0.00 | Estado: FORMING | Score: 53
2026-05-27 12:38:32 | INFO     | Precio: 0.00 | Estado: READY | Score: 60
2026-05-27 12:38:32 | INFO     | Precio: 0.00 | Estado: READY | Score: 60
2026-05-27 12:38:32 | INFO     | Precio: 0.00 | Estado: READY | Score: 60
2026-05-27 12:38:32 | INFO     | Precio: 0.00 | Estado: READY | Score: 60
2026-05-27 12:38:32 | INFO     | Precio: 0.00 | Estado: FORMING | Score: 53
2026-05-27 12:38:32 | INFO     | Precio: 0.00 | Estado: FORMING | Score: 53
2026-05-27 12:38:32 | INFO     | Precio: 0.00 | Estado: FORMING | Score: 53
2026-05-27 12:38:32 | INFO     | Precio: 0.00 | Estado: FORMING | Score: 57
2026-05-27 12:38:32 | INFO     | Precio: 0.00 | Estado: FORMING | Score: 53
2026-05-27 12:38:32 | INFO     | Precio: 0.00 | Estado: FORMING | Score: 53
2026-05-27 12:38:32 | INFO     | Precio: 0.00 | Estado: FORMING | Score: 57
2026-05-27 12:38:32 | INFO     | Precio: 0.00 | Estado: FORMING | Score: 57
2026-05-27 12:38:32 | INFO     | Precio: 0.00 | Estado: FORMING | Score: 57
2026-05-27 12:38:32 | INFO     | Precio: 0.00 | Estado: FORMING | Score: 53
2026-05-27 12:38:32 | INFO     | Precio: 75372.01 | Estado: EXECUTE | Score: 60
2026-05-27 12:38:32 | INFO     | Precio: 75200.01 | Estado: EXECUTE | Score: 60
2026-05-27 12:38:32 | INFO     | Precio: 0.00 | Estado: FORMING | Score: 54
2026-05-27 12:38:32 | INFO     | Precio: 0.00 | Estado: FORMING | Score: 54
2026-05-27 12:38:32 | INFO     | Precio: 0.00 | Estado: FORMING | Score: 54
2026-05-27 12:38:32 | INFO     | Precio: 0.00 | Estado: FORMING | Score: 54
2026-05-27 12:38:32 | INFO     | Precio: 0.00 | Estado: FORMING | Score: 54
2026-05-27 12:38:32 | INFO     | Precio: 0.00 | Estado: FORMING | Score: 51
2026-05-27 12:38:32 | INFO     | Precio: 75218.76 | Estado: EXECUTE | Score: 60
2026-05-27 12:38:32 | INFO     | Precio: 0.00 | Estado: FORMING | Score: 53
2026-05-27 12:38:32 | INFO     | Precio: 0.00 | Estado: FORMING | Score: 53
2026-05-27 12:38:32 | INFO     | Precio: 0.00 | Estado: FORMING | Score: 53
2026-05-27 12:38:32 | INFO     | Precio: 0.00 | Estado: FORMING | Score: 53
2026-05-27 12:38:32 | INFO     | Precio: 0.00 | Estado: FORMING | Score: 57
2026-05-27 12:38:32 | INFO     | Precio: 0.00 | Estado: FORMING | Score: 57
2026-05-27 12:38:32 | INFO     | Precio: 0.00 | Estado: FORMING | Score: 53
2026-05-27 12:38:32 | INFO     | Precio: 0.00 | Estado: FORMING | Score: 53
2026-05-27 12:38:32 | INFO     | Precio: 0.00 | Estado: FORMING | Score: 53
2026-05-27 12:38:32 | INFO     | Precio: 0.00 | Estado: FORMING | Score: 53
2026-05-27 12:38:32 | INFO     | Precio: 0.00 | Estado: FORMING | Score: 53
2026-05-27 12:38:32 | INFO     | Precio: 0.00 | Estado: FORMING | Score: 53
2026-05-27 12:38:32 | INFO     | Precio: 0.00 | Estado: FORMING | Score: 53
2026-05-27 12:38:32 | INFO     | Precio: 0.00 | Estado: FORMING | Score: 53
2026-05-27 12:38:32 | INFO     | Precio: 0.00 | Estado: FORMING | Score: 53
2026-05-27 12:38:32 | INFO     | Precio: 0.00 | Estado: FORMING | Score: 53
2026-05-27 12:38:32 | INFO     | Precio: 0.00 | Estado: FORMING | Score: 53
2026-05-27 12:38:32 | INFO     | Precio: 0.00 | Estado: FORMING | Score: 53
2026-05-27 12:38:32 | INFO     | Precio: 0.00 | Estado: FORMING | Score: 53
