2026-05-26 20:30:18 | INFO     | Señal: WAIT | Score: 2 | Dir: bearish | H4 bullish pero momentum bearish (+1) | Compresión (+1) | Volumen normal (0) | Score total: 2/6 (umbral: 4) | → Sin señal porque el score no alcanza el umbral.
2026-05-26 20:30:24 | INFO     | Señal: WAIT | Score: 2 | Dir: bearish | H4 bullish pero momentum bearish (+1) | Compresión (+1) | Volumen normal (0) | Score total: 2/6 (umbral: 4) | → Sin señal porque el score no alcanza el umbral.
2026-05-26 20:30:36 | INFO     | Señal: WAIT | Score: 2 | Dir: bearish | H4 bullish pero momentum bearish (+1) | Compresión (+1) | Volumen normal (0) | Score total: 2/6 (umbral: 4) | → Sin señal porque el score no alcanza el umbral.
2026-05-26 20:30:45 | INFO     | Señal: WAIT | Score: 2 | Dir: bearish | H4 bullish pero momentum bearish (+1) | Compresión (+1) | Volumen normal (0) | Score total: 2/6 (umbral: 4) | → Sin señal porque el score no alcanza el umbral.
2026-05-26 20:30:51 | INFO     | Señal: WAIT | Score: 2 | Dir: bearish | H4 bullish pero momentum bearish (+1) | Compresión (+1) | Volumen normal (0) | Score total: 2/6 (umbral: 4) | → Sin señal porque el score no alcanza el umbral.
2026-05-26 20:31:06 | INFO     | Señal: WAIT | Score: 2 | Dir: bearish | H4 bullish pero momentum bearish (+1) | Compresión (+1) | Volumen normal (0) | Score total: 2/6 (umbral: 4) | → Sin señal porque el score no alcanza el umbral.
2026-05-26 20:31:24 | INFO     | Señal: WAIT | Score: 2 | Dir: bearish | H4 bullish pero momentum bearish (+1) | Compresión (+1) | Volumen normal (0) | Score total: 2/6 (umbral: 4) | → Sin señal porque el score no alcanza el umbral.
2026-05-26 20:31:30 | INFO     | Señal: WAIT | Score: 2 | Dir: bearish | H4 bullish pero momentum bearish (+1) | Compresión (+1) | Volumen normal (0) | Score total: 2/6 (umbral: 4) | → Sin señal porque el score no alcanza el umbral.
2026-05-26 20:32:18 | INFO     | Señal: WAIT | Score: 2 | Dir: bearish | H4 bullish pero momentum bearish (+1) | Compresión (+1) | Volumen normal (0) | Score total: 2/6 (umbral: 4) | → Sin señal porque el score no alcanza el umbral.
2026-05-26 20:33:05 | INFO     | Señal: WAIT | Score: 2 | Dir: bearish | H4 bullish pero momentum bearish (+1) | Compresión (+1) | Volumen normal (0) | Score total: 2/6 (umbral: 4) | → Sin señal porque el score no alcanza el umbral.
2026-05-26 20:34:09 | INFO     | Señal: WAIT | Score: 2 | Dir: bearish | H4 bullish pero momentum bearish (+1) | Compresión (+1) | Volumen normal (0) | Score total: 2/6 (umbral: 4) | → Sin señal porque el score no alcanza el umbral.
2026-05-26 20:35:14 | INFO     | Señal: WAIT | Score: 2 | Dir: bearish | H4 bullish pero momentum bearish (+1) | Compresión (+1) | Volumen normal (0) | Score total: 2/6 (umbral: 4) | → Sin señal porque el score no alcanza el umbral.
2026-05-26 20:36:19 | INFO     | Señal: WAIT | Score: 2 | Dir: bearish | H4 bullish pero momentum bearish (+1) | Compresión (+1) | Volumen normal (0) | Score total: 2/6 (umbral: 4) | → Sin señal porque el score no alcanza el umbral.
2026-05-26 20:37:23 | INFO     | Señal: WAIT | Score: 2 | Dir: bearish | H4 bullish pero momentum bearish (+1) | Compresión (+1) | Volumen normal (0) | Score total: 2/6 (umbral: 4) | → Sin señal porque el score no alcanza el umbral.
2026-05-26 20:41:51 | INFO     | Señal: WAIT | Score: 2 | Dir: bearish | H4 bullish pero momentum bearish (+1) | Compresión (+1) | Volumen normal (0) | Score total: 2/6 (umbral: 4) | → Sin señal porque el score no alcanza el umbral.
2026-05-26 20:42:43 | INFO     | Señal: WAIT | Score: 2 | Dir: bearish | H4 bullish pero momentum bearish (+1) | Compresión (+1) | Volumen normal (0) | Score total: 2/6 (umbral: 4) | → Sin señal porque el score no alcanza el umbral.
2026-05-26 20:43:19 | INFO     | Señal: WAIT | Score: 2 | Dir: bearish | H4 bullish pero momentum bearish (+1) | Compresión (+1) | Volumen normal (0) | Score total: 2/6 (umbral: 4) | → Sin señal porque el score no alcanza el umbral.
2026-05-26 20:44:26 | INFO     | Señal: WAIT | Score: 2 | Dir: bearish | H4 bullish pero momentum bearish (+1) | Compresión (+1) | Volumen normal (0) | Score total: 2/6 (umbral: 4) | → Sin señal porque el score no alcanza el umbral.
2026-05-26 20:45:29 | INFO     | Señal: WAIT | Score: 2 | Dir: bearish | H4 bullish pero momentum bearish (+1) | Compresión (+1) | Volumen normal (0) | Score total: 2/6 (umbral: 4) | → Sin señal porque el score no alcanza el umbral.
2026-05-26 20:46:26 | INFO     | Señal: WAIT | Score: 2 | Umbral: 5 | H4 bullish pero momentum bearish (+1) | Compresión (+1) | Volumen normal (0) | Score total: 2/6 (umbral dinámico: 5) | → Sin señal porque el score no alcanza el umbral de 5.
2026-05-26 20:46:30 | INFO     | Señal: WAIT | Score: 2 | Umbral: 5 | H4 bullish pero momentum bearish (+1) | Compresión (+1) | Volumen normal (0) | Score total: 2/6 (umbral dinámico: 5) | → Sin señal porque el score no alcanza el umbral de 5.
2026-05-26 20:47:55 | INFO     | Señal: WAIT | Score: 2 | Umbral: 5 | H4 bullish pero momentum bearish (+1) | Compresión (+1) | Volumen normal (0) | Score total: 2/6 (umbral dinámico: 5) | → Sin señal porque el score no alcanza el umbral de 5.
2026-05-26 20:48:59 | INFO     | Señal: WAIT | Score: 2 | Umbral: 5 | H4 bullish pero momentum bearish (+1) | Compresión (+1) | Volumen normal (0) | Score total: 2/6 (umbral dinámico: 5) | → Sin señal porque el score no alcanza el umbral de 5.
2026-05-26 20:49:30 | INFO     | Señal: WAIT | Score: 2 | Umbral: 5 | H4 bullish pero momentum bearish (+1) | Compresión (+1) | Volumen normal (0) | Score total: 2/6 (umbral dinámico: 5) | → Sin señal porque el score no alcanza el umbral de 5.
2026-05-26 20:50:34 | INFO     | Señal: WAIT | Score: 2 | Umbral: 5 | H4 bullish pero momentum bearish (+1) | Compresión (+1) | Volumen normal (0) | Score total: 2/6 (umbral dinámico: 5) | → Sin señal porque el score no alcanza el umbral de 5.
2026-05-26 20:51:34 | INFO     | Señal: WAIT | Score: 2 | Umbral: 5 | H4 bullish pero momentum bearish (+1) | Compresión (+1) | Volumen normal (0) | Score total: 2/6 (umbral dinámico: 5) | → Sin señal porque el score no alcanza el umbral de 5.
2026-05-26 20:51:38 | INFO     | Señal: WAIT | Score: 2 | Umbral: 5 | H4 bullish pero momentum bearish (+1) | Compresión (+1) | Volumen normal (0) | Score total: 2/6 (umbral dinámico: 5) | → Sin señal porque el score no alcanza el umbral de 5.
2026-05-26 20:52:24 | INFO     | Señal: WAIT | Score: 2 | Umbral: 5 | H4 bullish pero momentum bearish (+1) | Compresión (+1) | Volumen normal (0) | Score total: 2/6 (umbral dinámico: 5) | → Sin señal porque el score no alcanza el umbral de 5.
2026-05-26 20:53:30 | INFO     | Señal: WAIT | Score: 2 | Umbral: 5 | H4 bullish pero momentum bearish (+1) | Compresión (+1) | Volumen normal (0) | Score total: 2/6 (umbral dinámico: 5) | → Sin señal porque el score no alcanza el umbral de 5.
2026-05-26 20:54:39 | INFO     | Señal: WAIT | Score: 2 | Umbral: 5 | H4 bullish pero momentum bearish (+1) | Compresión (+1) | Volumen normal (0) | Score total: 2/6 (umbral dinámico: 5) | → Sin señal porque el score no alcanza el umbral de 5.
2026-05-26 20:55:47 | INFO     | Señal: WAIT | Score: 2 | Umbral: 5 | H4 bullish pero momentum bearish (+1) | Compresión (+1) | Volumen normal (0) | Score total: 2/6 (umbral dinámico: 5) | → Sin señal porque el score no alcanza el umbral de 5.
2026-05-26 20:56:55 | INFO     | Señal: WAIT | Score: 2 | Umbral: 5 | H4 bullish pero momentum bearish (+1) | Compresión (+1) | Volumen normal (0) | Score total: 2/6 (umbral dinámico: 5) | → Sin señal porque el score no alcanza el umbral de 5.
2026-05-27 01:50:57 | INFO     | Señal: WAIT | Score: 1 | Umbral: 4 | H4 bullish pero momentum bearish (+1) | Fase neutral (0) | Volumen normal (0) | Score total: 1/6 (umbral dinámico: 4) | → Sin señal porque el score no alcanza el umbral de 4.
2026-05-27 01:51:50 | INFO     | Señal: WAIT | Score: 1 | Umbral: 4 | H4 bullish pero momentum bearish (+1) | Fase neutral (0) | Volumen normal (0) | Score total: 1/6 (umbral dinámico: 4) | → Sin señal porque el score no alcanza el umbral de 4.
2026-05-27 01:51:55 | INFO     | Señal: WAIT | Score: 1 | Umbral: 4 | H4 bullish pero momentum bearish (+1) | Fase neutral (0) | Volumen normal (0) | Score total: 1/6 (umbral dinámico: 4) | → Sin señal porque el score no alcanza el umbral de 4.
2026-05-27 01:52:01 | INFO     | Señal: WAIT | Score: 1 | Umbral: 4 | H4 bullish pero momentum bearish (+1) | Fase neutral (0) | Volumen normal (0) | Score total: 1/6 (umbral dinámico: 4) | → Sin señal porque el score no alcanza el umbral de 4.
2026-05-27 01:52:04 | INFO     | Señal: WAIT | Score: 1 | Umbral: 4 | H4 bullish pero momentum bearish (+1) | Fase neutral (0) | Volumen normal (0) | Score total: 1/6 (umbral dinámico: 4) | → Sin señal porque el score no alcanza el umbral de 4.
2026-05-27 01:52:18 | INFO     | Señal: WAIT | Score: 1 | Umbral: 4 | H4 bullish pero momentum bearish (+1) | Fase neutral (0) | Volumen normal (0) | Score total: 1/6 (umbral dinámico: 4) | → Sin señal porque el score no alcanza el umbral de 4.
2026-05-27 01:53:37 | INFO     | Señal: WAIT | Score: 2 | Umbral: 4 | H4 bullish pero momentum bearish (+1) | Fase neutral (0) | Volumen alto (+1) | Score total: 2/6 (umbral dinámico: 4) | → Sin señal porque el score no alcanza el umbral de 4.
2026-05-27 01:54:40 | INFO     | Señal: WAIT | Score: 2 | Umbral: 4 | H4 bullish pero momentum bearish (+1) | Fase neutral (0) | Volumen alto (+1) | Score total: 2/6 (umbral dinámico: 4) | → Sin señal porque el score no alcanza el umbral de 4.
2026-05-27 01:55:44 | INFO     | Señal: WAIT | Score: 1 | Umbral: 4 | H4 bullish pero momentum bearish (+1) | Fase neutral (0) | Volumen normal (0) | Score total: 1/6 (umbral dinámico: 4) | → Sin señal porque el score no alcanza el umbral de 4.
2026-05-27 01:56:47 | INFO     | Señal: WAIT | Score: 1 | Umbral: 4 | H4 bullish pero momentum bearish (+1) | Fase neutral (0) | Volumen normal (0) | Score total: 1/6 (umbral dinámico: 4) | → Sin señal porque el score no alcanza el umbral de 4.
2026-05-27 01:57:50 | INFO     | Señal: WAIT | Score: 1 | Umbral: 4 | H4 bullish pero momentum bearish (+1) | Fase neutral (0) | Volumen normal (0) | Score total: 1/6 (umbral dinámico: 4) | → Sin señal porque el score no alcanza el umbral de 4.
2026-05-27 01:58:53 | INFO     | Señal: WAIT | Score: 1 | Umbral: 4 | H4 bullish pero momentum bearish (+1) | Fase neutral (0) | Volumen normal (0) | Score total: 1/6 (umbral dinámico: 4) | → Sin señal porque el score no alcanza el umbral de 4.
2026-05-27 01:59:59 | INFO     | Señal: WAIT | Score: 1 | Umbral: 4 | H4 bullish pero momentum bearish (+1) | Fase neutral (0) | Volumen normal (0) | Score total: 1/6 (umbral dinámico: 4) | → Sin señal porque el score no alcanza el umbral de 4.
2026-05-27 02:01:04 | INFO     | Señal: WAIT | Score: 1 | Umbral: 5 | H4 bullish pero momentum bearish (+1) | Fase neutral (0) | Volumen normal (0) | Score total: 1/6 (umbral dinámico: 5) | → Sin señal porque el score no alcanza el umbral de 5.
2026-05-27 02:01:27 | INFO     | Señal: WAIT | Score: 1 | Umbral: 5 | H4 bullish pero momentum bearish (+1) | Fase neutral (0) | Volumen normal (0) | Score total: 1/6 (umbral dinámico: 5) | → Sin señal porque el score no alcanza el umbral de 5.
2026-05-27 02:02:30 | INFO     | Señal: WAIT | Score: 1 | Umbral: 5 | H4 bullish pero momentum bearish (+1) | Fase neutral (0) | Volumen normal (0) | Score total: 1/6 (umbral dinámico: 5) | → Sin señal porque el score no alcanza el umbral de 5.
2026-05-27 02:03:34 | INFO     | Señal: WAIT | Score: 1 | Umbral: 5 | H4 bullish pero momentum bearish (+1) | Fase neutral (0) | Volumen normal (0) | Score total: 1/6 (umbral dinámico: 5) | → Sin señal porque el score no alcanza el umbral de 5.
2026-05-27 02:04:38 | INFO     | Señal: WAIT | Score: 1 | Umbral: 5 | H4 bullish pero momentum bearish (+1) | Fase neutral (0) | Volumen normal (0) | Score total: 1/6 (umbral dinámico: 5) | → Sin señal porque el score no alcanza el umbral de 5.
2026-05-27 02:05:41 | INFO     | Señal: WAIT | Score: 1 | Umbral: 5 | H4 bullish pero momentum bearish (+1) | Fase neutral (0) | Volumen normal (0) | Score total: 1/6 (umbral dinámico: 5) | → Sin señal porque el score no alcanza el umbral de 5.
2026-05-27 02:06:41 | INFO     | Señal: WAIT | Score: 1 | Umbral: 5 | H4 bullish pero momentum bearish (+1) | Fase neutral (0) | Volumen normal (0) | Score total: 1/6 (umbral dinámico: 5) | → Sin señal porque el score no alcanza el umbral de 5.
2026-05-27 02:06:45 | INFO     | Señal: WAIT | Score: 1 | Umbral: 5 | H4 bullish pero momentum bearish (+1) | Fase neutral (0) | Volumen normal (0) | Score total: 1/6 (umbral dinámico: 5) | → Sin señal porque el score no alcanza el umbral de 5.
2026-05-27 02:07:48 | INFO     | Señal: WAIT | Score: 1 | Umbral: 5 | H4 bullish pero momentum bearish (+1) | Fase neutral (0) | Volumen normal (0) | Score total: 1/6 (umbral dinámico: 5) | → Sin señal porque el score no alcanza el umbral de 5.
2026-05-27 02:08:52 | INFO     | Señal: WAIT | Score: 1 | Umbral: 5 | H4 bullish pero momentum bearish (+1) | Fase neutral (0) | Volumen normal (0) | Score total: 1/6 (umbral dinámico: 5) | → Sin señal porque el score no alcanza el umbral de 5.
2026-05-27 02:09:55 | INFO     | Señal: WAIT | Score: 1 | Umbral: 5 | H4 bullish pero momentum bearish (+1) | Fase neutral (0) | Volumen normal (0) | Score total: 1/6 (umbral dinámico: 5) | → Sin señal porque el score no alcanza el umbral de 5.
2026-05-27 02:10:05 | INFO     | Señal: WAIT | Score: 1 | Umbral: 5 | H4 bullish pero momentum bearish (+1) | Fase neutral (0) | Volumen normal (0) | Score total: 1/6 (umbral dinámico: 5) | → Sin señal porque el score no alcanza el umbral de 5.
2026-05-27 02:11:08 | INFO     | Señal: WAIT | Score: 1 | Umbral: 5 | H4 bullish pero momentum bearish (+1) | Fase neutral (0) | Volumen normal (0) | Score total: 1/6 (umbral dinámico: 5) | → Sin señal porque el score no alcanza el umbral de 5.
2026-05-27 02:12:13 | INFO     | Señal: WAIT | Score: 1 | Umbral: 5 | H4 bullish pero momentum bearish (+1) | Fase neutral (0) | Volumen normal (0) | Score total: 1/6 (umbral dinámico: 5) | → Sin señal porque el score no alcanza el umbral de 5.
2026-05-27 02:13:17 | INFO     | Señal: WAIT | Score: 1 | Umbral: 5 | H4 bullish pero momentum bearish (+1) | Fase neutral (0) | Volumen normal (0) | Score total: 1/6 (umbral dinámico: 5) | → Sin señal porque el score no alcanza el umbral de 5.
2026-05-27 02:14:19 | INFO     | Señal: WAIT | Score: 1 | Umbral: 5 | H4 bullish pero momentum bearish (+1) | Fase neutral (0) | Volumen normal (0) | Score total: 1/6 (umbral dinámico: 5) | → Sin señal porque el score no alcanza el umbral de 5.
2026-05-27 02:15:23 | INFO     | Señal: WAIT | Score: 1 | Umbral: 5 | H4 bullish pero momentum bearish (+1) | Fase neutral (0) | Volumen normal (0) | Score total: 1/6 (umbral dinámico: 5) | → Sin señal porque el score no alcanza el umbral de 5.
2026-05-27 02:16:27 | INFO     | Señal: WAIT | Score: 1 | Umbral: 5 | H4 bullish pero momentum bearish (+1) | Fase neutral (0) | Volumen normal (0) | Score total: 1/6 (umbral dinámico: 5) | → Sin señal porque el score no alcanza el umbral de 5.
2026-05-27 02:17:32 | INFO     | Señal: WAIT | Score: 1 | Umbral: 5 | H4 bullish pero momentum bearish (+1) | Fase neutral (0) | Volumen normal (0) | Score total: 1/6 (umbral dinámico: 5) | → Sin señal porque el score no alcanza el umbral de 5.
2026-05-27 02:17:45 | INFO     | Señal: WAIT | Score: 1 | Umbral: 5 | H4 bullish pero momentum bearish (+1) | Fase neutral (0) | Volumen normal (0) | Score total: 1/6 (umbral dinámico: 5) | → Sin señal porque el score no alcanza el umbral de 5.
2026-05-27 02:18:35 | INFO     | Señal: WAIT | Score: 1 | Umbral: 5 | H4 bullish pero momentum bearish (+1) | Fase neutral (0) | Volumen normal (0) | Score total: 1/6 (umbral dinámico: 5) | → Sin señal porque el score no alcanza el umbral de 5.
2026-05-27 02:19:39 | INFO     | Señal: WAIT | Score: 1 | Umbral: 5 | H4 bullish pero momentum bearish (+1) | Fase neutral (0) | Volumen normal (0) | Score total: 1/6 (umbral dinámico: 5) | → Sin señal porque el score no alcanza el umbral de 5.
2026-05-27 02:27:55 | INFO     | Señal: WAIT | Score: 1 | Umbral: 5 | H4 bullish pero momentum bearish (+1) | Fase neutral (0) | Volumen normal (0) | Score total: 1/6 (umbral dinámico: 5) | → Sin señal porque el score no alcanza el umbral de 5.
2026-05-27 02:28:42 | INFO     | Señal: WAIT | Score: 1 | Umbral: 5 | H4 bullish pero momentum bearish (+1) | Fase neutral (0) | Volumen normal (0) | Score total: 1/6 (umbral dinámico: 5) | → Sin señal porque el score no alcanza el umbral de 5.
2026-05-27 02:28:50 | INFO     | Señal: WAIT | Score: 1 | Umbral: 5 | H4 bullish pero momentum bearish (+1) | Fase neutral (0) | Volumen normal (0) | Score total: 1/6 (umbral dinámico: 5) | → Sin señal porque el score no alcanza el umbral de 5.
2026-05-27 02:29:53 | INFO     | Señal: WAIT | Score: 2 | Umbral: 5 | H4 bullish pero momentum bearish (+1) | Fase neutral (0) | Volumen alto (+1) | Score total: 2/6 (umbral dinámico: 5) | → Sin señal porque el score no alcanza el umbral de 5.
2026-05-27 02:30:57 | INFO     | Señal: WAIT | Score: 1 | Umbral: 5 | H4 bullish pero momentum bearish (+1) | Fase neutral (0) | Volumen normal (0) | Score total: 1/6 (umbral dinámico: 5) | → Sin señal porque el score no alcanza el umbral de 5.
2026-05-27 02:32:00 | INFO     | Señal: WAIT | Score: 1 | Umbral: 5 | H4 bullish pero momentum bearish (+1) | Fase neutral (0) | Volumen normal (0) | Score total: 1/6 (umbral dinámico: 5) | → Sin señal porque el score no alcanza el umbral de 5.
2026-05-27 02:32:46 | INFO     | Señal: WAIT | Score: 1 | Umbral: 5 | H4 bullish pero momentum bearish (+1) | Fase neutral (0) | Volumen normal (0) | Score total: 1/6 (umbral dinámico: 5) | → Sin señal porque el score no alcanza el umbral de 5.
2026-05-27 10:52:12 | INFO     | Señal: WAIT | Score: 2 | Umbral: 6 | H4 bullish pero momentum bearish (+1) | Compresión (+1) | Volumen normal (0) | Score total: 2/6 (umbral dinámico: 6) | → Sin señal porque el score no alcanza el umbral de 6.
2026-05-27 11:05:21 | INFO     | Señal: WAIT | Score: 2 | Umbral: 6 | H4 bullish pero momentum bearish (+1) | Compresión (+1) | Volumen normal (0) | Score total: 2/6 (umbral dinámico: 6) | → Sin señal porque el score no alcanza el umbral de 6.
2026-05-27 11:16:58 | INFO     | Señal: WAIT | Score: 2 | Umbral: 6 | H4 bullish pero momentum bearish (+1) | Compresión (+1) | Volumen normal (0) | Score total: 2/6 (umbral dinámico: 6) | → Sin señal porque el score no alcanza el umbral de 6.
2026-05-27 11:25:36 | INFO     | Señal: SHORT | Score: 4 | Umbral: 4 | H4 bullish pero momentum bearish (+1) | Compresión (+1, calidad:2) | Volumen normal (0) | Score total: 4/6 (umbral dinámico: 4)
2026-05-27 11:26:29 | INFO     | Señal: SHORT | Score: 5 | Umbral: 4 | H4 bullish pero momentum bearish (+1) | Compresión (+1, calidad:3) | Volumen normal (0) | Score total: 5/6 (umbral dinámico: 4)
2026-05-27 11:26:41 | INFO     | Señal: SHORT | Score: 5 | Umbral: 4 | H4 bullish pero momentum bearish (+1) | Compresión (+1, calidad:3) | Volumen normal (0) | Score total: 5/6 (umbral dinámico: 4)
2026-05-27 11:27:45 | INFO     | Señal: SHORT | Score: 5 | Umbral: 4 | H4 bullish pero momentum bearish (+1) | Compresión (+1, calidad:3) | Volumen normal (0) | Score total: 5/6 (umbral dinámico: 4)
2026-05-27 11:28:49 | INFO     | Señal: SHORT | Score: 5 | Umbral: 4 | H4 bullish pero momentum bearish (+1) | Compresión (+1, calidad:3) | Volumen normal (0) | Score total: 5/6 (umbral dinámico: 4)
2026-05-27 11:29:55 | INFO     | Señal: SHORT | Score: 5 | Umbral: 4 | H4 bullish pero momentum bearish (+1) | Compresión (+1, calidad:3) | Volumen normal (0) | Score total: 5/6 (umbral dinámico: 4)
2026-05-27 11:31:05 | INFO     | Señal: SHORT | Score: 4 | Umbral: 4 | H4 bullish pero momentum bearish (+1) | Compresión (+1, calidad:2) | Volumen normal (0) | Score total: 4/6 (umbral dinámico: 4)
2026-05-27 11:32:21 | INFO     | Señal: SHORT | Score: 4 | Umbral: 4 | H4 bullish pero momentum bearish (+1) | Compresión (+1, calidad:2) | Volumen normal (0) | Score total: 4/6 (umbral dinámico: 4)
2026-05-27 11:35:24 | INFO     | Señal: SHORT | Score: 4 | Umbral: 4 | H4 bullish pero momentum bearish (+1) | Compresión (+1, calidad:2) | Volumen normal (0) | Score total: 4/6 (umbral dinámico: 4)
2026-05-27 11:45:19 | INFO     | Señal: SHORT | Score: 4 | Umbral: 4 | H4 bullish pero momentum bearish (+1) | Compresión (+1, calidad:2) | Volumen normal (0) | Score total: 4/6 (umbral dinámico: 4)
2026-05-27 12:18:12 | INFO     | Señal: WAIT | Score: 3 | Umbral: 6 | H4 bullish pero momentum bearish (+1) | Compresión (+1, calidad:1) | Volumen normal (0) | Score total: 3/6 (umbral dinámico: 6) | → Sin señal porque el score no alcanza el umbral de 6.
2026-05-27 12:22:30 | INFO     | Señal: WAIT | Estado: FORMING | Estado: FORMING | Score ponderado: 56% | Compresión detectada | Sin breakout → FORMING
2026-05-27 12:32:43 | INFO     | Señal: WAIT | Estado: INVALID | Estado: INVALID | Score ponderado: 53% | Compresión detectada | Sin breakout → FORMING
2026-05-27 12:32:43 | INFO     | Señal: WAIT | Estado: INVALID | Estado: INVALID | Score ponderado: 46% | Compresión detectada | Sin breakout → FORMING
2026-05-27 12:32:43 | INFO     | Señal: WAIT | Estado: INVALID | Estado: INVALID | Score ponderado: 46% | Compresión detectada | Sin breakout → FORMING
2026-05-27 12:32:43 | INFO     | Señal: WAIT | Estado: INVALID | Estado: INVALID | Score ponderado: 46% | Compresión detectada | Sin breakout → FORMING
2026-05-27 12:32:43 | INFO     | Señal: WAIT | Estado: INVALID | Estado: INVALID | Score ponderado: 46% | Compresión detectada | Sin breakout → FORMING
2026-05-27 12:32:43 | INFO     | Señal: WAIT | Estado: INVALID | Estado: INVALID | Score ponderado: 43% | Fase: neutral
2026-05-27 12:32:43 | INFO     | Señal: WAIT | Estado: INVALID | Estado: INVALID | Score ponderado: 43% | Fase: neutral
2026-05-27 12:32:43 | INFO     | Señal: WAIT | Estado: INVALID | Estado: INVALID | Score ponderado: 50% | Fase: neutral
2026-05-27 12:32:43 | INFO     | Señal: WAIT | Estado: INVALID | Estado: INVALID | Score ponderado: 43% | Fase: neutral
2026-05-27 12:32:43 | INFO     | Señal: WAIT | Estado: INVALID | Estado: INVALID | Score ponderado: 43% | Fase: neutral
2026-05-27 12:32:43 | INFO     | Señal: WAIT | Estado: INVALID | Estado: INVALID | Score ponderado: 50% | Fase: neutral
2026-05-27 12:32:43 | INFO     | Señal: WAIT | Estado: INVALID | Estado: INVALID | Score ponderado: 50% | Fase: neutral
2026-05-27 12:32:43 | INFO     | Señal: WAIT | Estado: INVALID | Estado: INVALID | Score ponderado: 50% | Fase: neutral
2026-05-27 12:32:43 | INFO     | Señal: WAIT | Estado: INVALID | Estado: INVALID | Score ponderado: 43% | Fase: neutral
2026-05-27 12:32:43 | INFO     | Señal: WAIT | Estado: INVALID | Estado: INVALID | Score ponderado: 43% | Fase: neutral
2026-05-27 12:32:43 | INFO     | Señal: WAIT | Estado: INVALID | Estado: INVALID | Score ponderado: 50% | Fase: neutral
2026-05-27 12:32:43 | INFO     | Señal: WAIT | Estado: INVALID | Estado: INVALID | Score ponderado: 50% | Fase: neutral
2026-05-27 12:32:43 | INFO     | Señal: WAIT | Estado: INVALID | Estado: INVALID | Score ponderado: 47% | Fase: neutral
2026-05-27 12:32:43 | INFO     | Señal: WAIT | Estado: INVALID | Estado: INVALID | Score ponderado: 43% | Fase: neutral
2026-05-27 12:32:43 | INFO     | Señal: WAIT | Estado: INVALID | Estado: INVALID | Score ponderado: 50% | Fase: neutral
2026-05-27 12:32:43 | INFO     | Señal: WAIT | Estado: INVALID | Estado: INVALID | Score ponderado: 50% | Fase: neutral
2026-05-27 12:32:43 | INFO     | Señal: WAIT | Estado: INVALID | Estado: INVALID | Score ponderado: 50% | Fase: neutral
2026-05-27 12:32:43 | INFO     | Señal: WAIT | Estado: INVALID | Estado: INVALID | Score ponderado: 47% | Fase: neutral
2026-05-27 12:32:43 | INFO     | Señal: WAIT | Estado: INVALID | Estado: INVALID | Score ponderado: 43% | Fase: neutral
2026-05-27 12:32:43 | INFO     | Señal: WAIT | Estado: INVALID | Estado: INVALID | Score ponderado: 43% | Fase: neutral
2026-05-27 12:32:43 | INFO     | Señal: WAIT | Estado: INVALID | Estado: INVALID | Score ponderado: 43% | Fase: neutral
2026-05-27 12:32:43 | INFO     | Señal: WAIT | Estado: INVALID | Estado: INVALID | Score ponderado: 43% | Fase: neutral
2026-05-27 12:32:43 | INFO     | Señal: WAIT | Estado: INVALID | Estado: INVALID | Score ponderado: 43% | Fase: neutral
2026-05-27 12:32:43 | INFO     | Señal: WAIT | Estado: INVALID | Estado: INVALID | Score ponderado: 43% | Fase: neutral
2026-05-27 12:32:43 | INFO     | Señal: WAIT | Estado: INVALID | Estado: INVALID | Score ponderado: 43% | Fase: neutral
2026-05-27 12:32:43 | INFO     | Señal: WAIT | Estado: INVALID | Estado: INVALID | Score ponderado: 43% | Fase: neutral
2026-05-27 12:32:43 | INFO     | Señal: WAIT | Estado: INVALID | Estado: INVALID | Score ponderado: 43% | Fase: neutral
2026-05-27 12:32:43 | INFO     | Señal: WAIT | Estado: READY | Estado: READY | Score ponderado: 65% | Fase: neutral
2026-05-27 12:32:43 | INFO     | Señal: WAIT | Estado: READY | Estado: READY | Score ponderado: 65% | Fase: neutral
2026-05-27 12:32:43 | INFO     | Señal: WAIT | Estado: READY | Estado: READY | Score ponderado: 65% | Fase: neutral
2026-05-27 12:32:43 | INFO     | Señal: WAIT | Estado: READY | Estado: READY | Score ponderado: 65% | Fase: neutral
2026-05-27 12:32:43 | INFO     | Señal: WAIT | Estado: READY | Estado: READY | Score ponderado: 65% | Fase: neutral
2026-05-27 12:32:43 | INFO     | Señal: WAIT | Estado: READY | Estado: READY | Score ponderado: 65% | Fase: neutral
2026-05-27 12:32:43 | INFO     | Señal: WAIT | Estado: READY | Estado: READY | Score ponderado: 65% | Fase: neutral
2026-05-27 12:32:43 | INFO     | Señal: WAIT | Estado: READY | Estado: READY | Score ponderado: 65% | Fase: neutral
2026-05-27 12:32:43 | INFO     | Señal: WAIT | Estado: READY | Estado: READY | Score ponderado: 69% | Fase: neutral
2026-05-27 12:32:43 | INFO     | Señal: WAIT | Estado: READY | Estado: READY | Score ponderado: 72% | Fase: neutral
2026-05-27 12:32:43 | INFO     | Señal: WAIT | Estado: READY | Estado: READY | Score ponderado: 72% | Fase: neutral
2026-05-27 12:32:43 | INFO     | Señal: WAIT | Estado: READY | Estado: READY | Score ponderado: 65% | Fase: neutral
2026-05-27 12:32:43 | INFO     | Señal: WAIT | Estado: READY | Estado: READY | Score ponderado: 72% | Fase: neutral
2026-05-27 12:32:43 | INFO     | Señal: WAIT | Estado: READY | Estado: READY | Score ponderado: 65% | Fase: neutral
2026-05-27 12:32:43 | INFO     | Señal: WAIT | Estado: READY | Estado: READY | Score ponderado: 65% | Fase: neutral
2026-05-27 12:32:43 | INFO     | Señal: WAIT | Estado: READY | Estado: READY | Score ponderado: 65% | Fase: neutral
2026-05-27 12:32:43 | INFO     | Señal: WAIT | Estado: READY | Estado: READY | Score ponderado: 65% | Fase: neutral
2026-05-27 12:32:43 | INFO     | Señal: WAIT | Estado: READY | Estado: READY | Score ponderado: 65% | Fase: neutral
2026-05-27 12:32:43 | INFO     | Señal: WAIT | Estado: READY | Estado: READY | Score ponderado: 65% | Fase: neutral
2026-05-27 12:32:43 | INFO     | Señal: WAIT | Estado: READY | Estado: READY | Score ponderado: 65% | Fase: neutral
2026-05-27 12:32:43 | INFO     | Señal: WAIT | Estado: READY | Estado: READY | Score ponderado: 65% | Fase: neutral
2026-05-27 12:32:43 | INFO     | Señal: WAIT | Estado: READY | Estado: READY | Score ponderado: 75% | Compresión detectada | Sin breakout → FORMING
2026-05-27 12:32:43 | INFO     | Señal: WAIT | Estado: READY | Estado: READY | Score ponderado: 68% | Compresión detectada | Sin breakout → FORMING
2026-05-27 12:32:43 | INFO     | Señal: WAIT | Estado: READY | Estado: READY | Score ponderado: 72% | Compresión detectada | Sin breakout → FORMING
2026-05-27 12:32:43 | INFO     | Señal: WAIT | Estado: READY | Estado: READY | Score ponderado: 68% | Compresión detectada | Sin breakout → FORMING
2026-05-27 12:32:43 | INFO     | Señal: WAIT | Estado: READY | Estado: READY | Score ponderado: 68% | Compresión detectada | Sin breakout → FORMING
2026-05-27 12:32:43 | INFO     | Señal: WAIT | Estado: READY | Estado: READY | Score ponderado: 68% | Compresión detectada | Sin breakout → FORMING
2026-05-27 12:32:43 | INFO     | Señal: WAIT | Estado: READY | Estado: READY | Score ponderado: 68% | Compresión detectada | Sin breakout → FORMING
2026-05-27 12:32:43 | INFO     | Señal: WAIT | Estado: READY | Estado: READY | Score ponderado: 68% | Compresión detectada | Sin breakout → FORMING
2026-05-27 12:32:43 | INFO     | Señal: WAIT | Estado: READY | Estado: READY | Score ponderado: 68% | Compresión detectada | Sin breakout → FORMING
2026-05-27 12:32:43 | INFO     | Señal: WAIT | Estado: READY | Estado: READY | Score ponderado: 68% | Compresión detectada | Sin breakout → FORMING
2026-05-27 12:32:43 | INFO     | Señal: WAIT | Estado: READY | Estado: READY | Score ponderado: 68% | Compresión detectada | Sin breakout → FORMING
2026-05-27 12:32:43 | INFO     | Señal: WAIT | Estado: READY | Estado: READY | Score ponderado: 68% | Compresión detectada | Sin breakout → FORMING
2026-05-27 12:32:43 | INFO     | Señal: WAIT | Estado: READY | Estado: READY | Score ponderado: 68% | Compresión detectada | Sin breakout → FORMING
2026-05-27 12:32:43 | INFO     | Señal: WAIT | Estado: READY | Estado: READY | Score ponderado: 68% | Compresión detectada | Sin breakout → FORMING
2026-05-27 12:32:43 | INFO     | Señal: WAIT | Estado: READY | Estado: READY | Score ponderado: 68% | Compresión detectada | Sin breakout → FORMING
2026-05-27 12:32:43 | INFO     | Señal: WAIT | Estado: READY | Estado: READY | Score ponderado: 68% | Compresión detectada | Sin breakout → FORMING
2026-05-27 12:32:43 | INFO     | Señal: WAIT | Estado: READY | Estado: READY | Score ponderado: 68% | Compresión detectada | Sin breakout → FORMING
2026-05-27 12:32:43 | INFO     | Señal: WAIT | Estado: READY | Estado: READY | Score ponderado: 68% | Compresión detectada | Sin breakout → FORMING
2026-05-27 12:32:43 | INFO     | Señal: WAIT | Estado: READY | Estado: READY | Score ponderado: 68% | Compresión detectada | Sin breakout → FORMING
2026-05-27 12:32:43 | INFO     | Señal: WAIT | Estado: READY | Estado: READY | Score ponderado: 68% | Compresión detectada | Sin breakout → FORMING
2026-05-27 12:32:43 | INFO     | Señal: WAIT | Estado: READY | Estado: READY | Score ponderado: 68% | Compresión detectada | Sin breakout → FORMING
2026-05-27 12:32:43 | INFO     | Señal: WAIT | Estado: READY | Estado: READY | Score ponderado: 68% | Compresión detectada | Sin breakout → FORMING
2026-05-27 12:32:43 | INFO     | Señal: WAIT | Estado: READY | Estado: READY | Score ponderado: 68% | Compresión detectada | Sin breakout → FORMING
2026-05-27 12:32:43 | INFO     | Señal: WAIT | Estado: READY | Estado: READY | Score ponderado: 68% | Compresión detectada | Sin breakout → FORMING
2026-05-27 12:32:43 | INFO     | Señal: WAIT | Estado: READY | Estado: READY | Score ponderado: 68% | Compresión detectada | Sin breakout → FORMING
2026-05-27 12:32:43 | INFO     | Señal: WAIT | Estado: READY | Estado: READY | Score ponderado: 68% | Compresión detectada | Sin breakout → FORMING
2026-05-27 12:32:43 | INFO     | Señal: WAIT | Estado: READY | Estado: READY | Score ponderado: 68% | Compresión detectada | Sin breakout → FORMING
2026-05-27 12:32:43 | INFO     | Señal: WAIT | Estado: READY | Estado: READY | Score ponderado: 75% | Compresión detectada | Sin breakout → FORMING
2026-05-27 12:32:43 | INFO     | Señal: WAIT | Estado: READY | Estado: READY | Score ponderado: 68% | Compresión detectada | Sin breakout → FORMING
2026-05-27 12:32:43 | INFO     | Señal: WAIT | Estado: READY | Estado: READY | Score ponderado: 68% | Compresión detectada | Sin breakout → FORMING
2026-05-27 12:32:43 | INFO     | Señal: WAIT | Estado: READY | Estado: READY | Score ponderado: 68% | Compresión detectada | Sin breakout → FORMING
2026-05-27 12:32:43 | INFO     | Señal: WAIT | Estado: READY | Estado: READY | Score ponderado: 68% | Compresión detectada | Sin breakout → FORMING
2026-05-27 12:32:43 | INFO     | Señal: WAIT | Estado: READY | Estado: READY | Score ponderado: 68% | Compresión detectada | Sin breakout → FORMING
2026-05-27 12:32:43 | INFO     | Señal: WAIT | Estado: READY | Estado: READY | Score ponderado: 68% | Compresión detectada | Sin breakout → FORMING
2026-05-27 12:32:43 | INFO     | Señal: WAIT | Estado: READY | Estado: READY | Score ponderado: 68% | Compresión detectada | Sin breakout → FORMING
2026-05-27 12:32:43 | INFO     | Señal: WAIT | Estado: READY | Estado: READY | Score ponderado: 68% | Compresión detectada | Sin breakout → FORMING
2026-05-27 12:32:43 | INFO     | Señal: WAIT | Estado: READY | Estado: READY | Score ponderado: 67% | Fase: neutral
2026-05-27 12:32:43 | INFO     | Señal: WAIT | Estado: READY | Estado: READY | Score ponderado: 67% | Fase: neutral
2026-05-27 12:32:43 | INFO     | Señal: WAIT | Estado: READY | Estado: READY | Score ponderado: 60% | Fase: neutral
2026-05-27 12:32:43 | INFO     | Señal: WAIT | Estado: READY | Estado: READY | Score ponderado: 60% | Fase: neutral
2026-05-27 12:32:43 | INFO     | Señal: WAIT | Estado: READY | Estado: READY | Score ponderado: 60% | Fase: neutral
2026-05-27 12:32:43 | INFO     | Señal: WAIT | Estado: READY | Estado: READY | Score ponderado: 67% | Fase: neutral
2026-05-27 12:32:43 | INFO     | Señal: WAIT | Estado: INVALID | Estado: INVALID | Score ponderado: 50% | Fase: neutral
2026-05-27 12:32:43 | INFO     | Señal: WAIT | Estado: INVALID | Estado: INVALID | Score ponderado: 50% | Fase: neutral
2026-05-27 12:32:43 | INFO     | Señal: WAIT | Estado: INVALID | Estado: INVALID | Score ponderado: 50% | Fase: neutral
2026-05-27 12:32:43 | INFO     | Señal: WAIT | Estado: READY | Estado: READY | Score ponderado: 60% | Fase: neutral
2026-05-27 12:32:43 | INFO     | Señal: WAIT | Estado: READY | Estado: READY | Score ponderado: 60% | Fase: neutral
2026-05-27 12:32:43 | INFO     | Señal: WAIT | Estado: READY | Estado: READY | Score ponderado: 60% | Fase: neutral
2026-05-27 12:32:43 | INFO     | Señal: WAIT | Estado: READY | Estado: READY | Score ponderado: 60% | Fase: neutral
2026-05-27 12:32:43 | INFO     | Señal: WAIT | Estado: READY | Estado: READY | Score ponderado: 60% | Fase: neutral
2026-05-27 12:32:44 | INFO     | Señal: WAIT | Estado: READY | Estado: READY | Score ponderado: 60% | Fase: neutral
2026-05-27 12:32:44 | INFO     | Señal: WAIT | Estado: READY | Estado: READY | Score ponderado: 60% | Fase: neutral
2026-05-27 12:32:44 | INFO     | Señal: WAIT | Estado: READY | Estado: READY | Score ponderado: 60% | Fase: neutral
2026-05-27 12:32:44 | INFO     | Señal: WAIT | Estado: READY | Estado: READY | Score ponderado: 64% | Fase: neutral
2026-05-27 12:32:44 | INFO     | Señal: WAIT | Estado: INVALID | Estado: INVALID | Score ponderado: 52% | Fase: neutral
2026-05-27 12:32:44 | INFO     | Señal: WAIT | Estado: INVALID | Estado: INVALID | Score ponderado: 55% | Fase: neutral
2026-05-27 12:32:44 | INFO     | Señal: WAIT | Estado: INVALID | Estado: INVALID | Score ponderado: 48% | Fase: neutral
2026-05-27 12:32:44 | INFO     | Señal: WAIT | Estado: READY | Estado: READY | Score ponderado: 64% | Fase: neutral
2026-05-27 12:32:44 | INFO     | Señal: WAIT | Estado: READY | Estado: READY | Score ponderado: 60% | Fase: neutral
2026-05-27 12:32:44 | INFO     | Señal: WAIT | Estado: READY | Estado: READY | Score ponderado: 60% | Fase: neutral
2026-05-27 12:32:44 | INFO     | Señal: WAIT | Estado: INVALID | Estado: INVALID | Score ponderado: 55% | Fase: neutral
2026-05-27 12:32:44 | INFO     | Señal: WAIT | Estado: INVALID | Estado: INVALID | Score ponderado: 48% | Fase: neutral
2026-05-27 12:32:44 | INFO     | Señal: WAIT | Estado: INVALID | Estado: INVALID | Score ponderado: 55% | Fase: neutral
2026-05-27 12:32:44 | INFO     | Señal: WAIT | Estado: READY | Estado: READY | Score ponderado: 60% | Fase: neutral
2026-05-27 12:32:44 | INFO     | Señal: WAIT | Estado: READY | Estado: READY | Score ponderado: 60% | Fase: neutral
2026-05-27 12:32:44 | INFO     | Señal: WAIT | Estado: READY | Estado: READY | Score ponderado: 60% | Fase: neutral
2026-05-27 12:32:44 | INFO     | Señal: WAIT | Estado: READY | Estado: READY | Score ponderado: 60% | Fase: neutral
2026-05-27 12:32:44 | INFO     | Señal: WAIT | Estado: READY | Estado: READY | Score ponderado: 60% | Fase: neutral
2026-05-27 12:32:44 | INFO     | Señal: WAIT | Estado: READY | Estado: READY | Score ponderado: 60% | Fase: neutral
2026-05-27 12:32:44 | INFO     | Señal: WAIT | Estado: READY | Estado: READY | Score ponderado: 60% | Fase: neutral
2026-05-27 12:32:44 | INFO     | Señal: WAIT | Estado: READY | Estado: READY | Score ponderado: 60% | Fase: neutral
2026-05-27 12:32:44 | INFO     | Señal: WAIT | Estado: READY | Estado: READY | Score ponderado: 60% | Fase: neutral
2026-05-27 12:32:44 | INFO     | Señal: WAIT | Estado: READY | Estado: READY | Score ponderado: 65% | Fase: neutral
2026-05-27 12:32:44 | INFO     | Señal: WAIT | Estado: READY | Estado: READY | Score ponderado: 65% | Fase: neutral
2026-05-27 12:32:44 | INFO     | Señal: WAIT | Estado: READY | Estado: READY | Score ponderado: 65% | Fase: neutral
2026-05-27 12:32:44 | INFO     | Señal: WAIT | Estado: INVALID | Estado: INVALID | Score ponderado: 43% | Fase: neutral
2026-05-27 12:32:44 | INFO     | Señal: WAIT | Estado: INVALID | Estado: INVALID | Score ponderado: 43% | Fase: neutral
2026-05-27 12:32:44 | INFO     | Señal: WAIT | Estado: INVALID | Estado: INVALID | Score ponderado: 43% | Fase: neutral
2026-05-27 12:32:44 | INFO     | Señal: WAIT | Estado: INVALID | Estado: INVALID | Score ponderado: 43% | Fase: neutral
2026-05-27 12:32:44 | INFO     | Señal: WAIT | Estado: INVALID | Estado: INVALID | Score ponderado: 47% | Fase: neutral
2026-05-27 12:32:44 | INFO     | Señal: WAIT | Estado: INVALID | Estado: INVALID | Score ponderado: 50% | Fase: neutral
2026-05-27 12:32:44 | INFO     | Señal: WAIT | Estado: INVALID | Estado: INVALID | Score ponderado: 43% | Fase: neutral
2026-05-27 12:32:44 | INFO     | Señal: WAIT | Estado: INVALID | Estado: INVALID | Score ponderado: 43% | Fase: neutral
2026-05-27 12:32:44 | INFO     | Señal: WAIT | Estado: INVALID | Estado: INVALID | Score ponderado: 43% | Fase: neutral
2026-05-27 12:32:44 | INFO     | Señal: WAIT | Estado: INVALID | Estado: INVALID | Score ponderado: 47% | Compresión detectada | Sin breakout → FORMING
2026-05-27 12:32:44 | INFO     | Señal: WAIT | Estado: INVALID | Estado: INVALID | Score ponderado: 40% | Compresión detectada | Sin breakout → FORMING
2026-05-27 12:32:44 | INFO     | Señal: WAIT | Estado: INVALID | Estado: INVALID | Score ponderado: 40% | Compresión detectada | Sin breakout → FORMING
2026-05-27 12:32:44 | INFO     | Señal: WAIT | Estado: INVALID | Estado: INVALID | Score ponderado: 44% | Compresión detectada | Sin breakout → FORMING
2026-05-27 12:32:44 | INFO     | Señal: WAIT | Estado: INVALID | Estado: INVALID | Score ponderado: 40% | Compresión detectada | Sin breakout → FORMING
2026-05-27 12:32:44 | INFO     | Señal: WAIT | Estado: INVALID | Estado: INVALID | Score ponderado: 40% | Compresión detectada | Sin breakout → FORMING
2026-05-27 12:32:44 | INFO     | Señal: WAIT | Estado: INVALID | Estado: INVALID | Score ponderado: 40% | Compresión detectada | Sin breakout → FORMING
2026-05-27 12:32:44 | INFO     | Señal: WAIT | Estado: INVALID | Estado: INVALID | Score ponderado: 40% | Compresión detectada | Sin breakout → FORMING
2026-05-27 12:32:44 | INFO     | Señal: WAIT | Estado: INVALID | Estado: INVALID | Score ponderado: 40% | Compresión detectada | Sin breakout → FORMING
2026-05-27 12:32:44 | INFO     | Señal: WAIT | Estado: INVALID | Estado: INVALID | Score ponderado: 44% | Compresión detectada | Sin breakout → FORMING
2026-05-27 12:32:44 | INFO     | Señal: WAIT | Estado: INVALID | Estado: INVALID | Score ponderado: 40% | Compresión detectada | Sin breakout → FORMING
2026-05-27 12:32:44 | INFO     | Señal: WAIT | Estado: INVALID | Estado: INVALID | Score ponderado: 40% | Compresión detectada | Sin breakout → FORMING
2026-05-27 12:32:44 | INFO     | Señal: WAIT | Estado: INVALID | Estado: INVALID | Score ponderado: 44% | Fase: neutral
2026-05-27 12:32:44 | INFO     | Señal: WAIT | Estado: INVALID | Estado: INVALID | Score ponderado: 44% | Fase: neutral
2026-05-27 12:32:44 | INFO     | Señal: WAIT | Estado: INVALID | Estado: INVALID | Score ponderado: 37% | Fase: neutral
2026-05-27 12:32:44 | INFO     | Señal: WAIT | Estado: INVALID | Estado: INVALID | Score ponderado: 44% | Fase: neutral
2026-05-27 12:32:44 | INFO     | Señal: WAIT | Estado: INVALID | Estado: INVALID | Score ponderado: 37% | Fase: neutral
2026-05-27 12:32:44 | INFO     | Señal: WAIT | Estado: INVALID | Estado: INVALID | Score ponderado: 37% | Fase: neutral
2026-05-27 12:32:44 | INFO     | Señal: WAIT | Estado: INVALID | Estado: INVALID | Score ponderado: 37% | Fase: neutral
2026-05-27 12:32:44 | INFO     | Señal: WAIT | Estado: INVALID | Estado: INVALID | Score ponderado: 37% | Fase: neutral
2026-05-27 12:32:44 | INFO     | Señal: WAIT | Estado: INVALID | Estado: INVALID | Score ponderado: 37% | Fase: neutral
2026-05-27 12:32:44 | INFO     | Señal: WAIT | Estado: INVALID | Estado: INVALID | Score ponderado: 37% | Fase: neutral
2026-05-27 12:32:44 | INFO     | Señal: WAIT | Estado: INVALID | Estado: INVALID | Score ponderado: 37% | Fase: neutral
2026-05-27 12:32:44 | INFO     | Señal: WAIT | Estado: INVALID | Estado: INVALID | Score ponderado: 41% | Fase: neutral
2026-05-27 12:32:44 | INFO     | Señal: WAIT | Estado: INVALID | Estado: INVALID | Score ponderado: 40% | Compresión detectada | Sin breakout → FORMING
2026-05-27 12:32:44 | INFO     | Señal: WAIT | Estado: INVALID | Estado: INVALID | Score ponderado: 47% | Compresión detectada | Sin breakout → FORMING
2026-05-27 12:32:44 | INFO     | Señal: WAIT | Estado: INVALID | Estado: INVALID | Score ponderado: 40% | Compresión detectada | Sin breakout → FORMING
2026-05-27 12:32:44 | INFO     | Señal: WAIT | Estado: INVALID | Estado: INVALID | Score ponderado: 40% | Compresión detectada | Sin breakout → FORMING
2026-05-27 12:32:44 | INFO     | Señal: WAIT | Estado: INVALID | Estado: INVALID | Score ponderado: 40% | Compresión detectada | Sin breakout → FORMING
2026-05-27 12:32:44 | INFO     | Señal: WAIT | Estado: INVALID | Estado: INVALID | Score ponderado: 44% | Compresión detectada | Sin breakout → FORMING
2026-05-27 12:32:44 | INFO     | Señal: WAIT | Estado: INVALID | Estado: INVALID | Score ponderado: 40% | Compresión detectada | Sin breakout → FORMING
2026-05-27 12:32:44 | INFO     | Señal: WAIT | Estado: INVALID | Estado: INVALID | Score ponderado: 40% | Compresión detectada | Sin breakout → FORMING
2026-05-27 12:32:44 | INFO     | Señal: WAIT | Estado: INVALID | Estado: INVALID | Score ponderado: 40% | Compresión detectada | Sin breakout → FORMING
2026-05-27 12:32:44 | INFO     | Señal: WAIT | Estado: INVALID | Estado: INVALID | Score ponderado: 40% | Compresión detectada | Sin breakout → FORMING
2026-05-27 12:32:44 | INFO     | Señal: WAIT | Estado: INVALID | Estado: INVALID | Score ponderado: 40% | Compresión detectada | Sin breakout → FORMING
2026-05-27 12:32:44 | INFO     | Señal: WAIT | Estado: INVALID | Estado: INVALID | Score ponderado: 40% | Compresión detectada | Sin breakout → FORMING
2026-05-27 12:32:44 | INFO     | Señal: WAIT | Estado: INVALID | Estado: INVALID | Score ponderado: 40% | Compresión detectada | Sin breakout → FORMING
2026-05-27 12:32:44 | INFO     | Señal: WAIT | Estado: INVALID | Estado: INVALID | Score ponderado: 40% | Compresión detectada | Sin breakout → FORMING
2026-05-27 12:32:44 | INFO     | Señal: WAIT | Estado: INVALID | Estado: INVALID | Score ponderado: 40% | Compresión detectada | Sin breakout → FORMING
2026-05-27 12:32:44 | INFO     | Señal: WAIT | Estado: INVALID | Estado: INVALID | Score ponderado: 40% | Compresión detectada | Sin breakout → FORMING
2026-05-27 12:32:44 | INFO     | Señal: WAIT | Estado: INVALID | Estado: INVALID | Score ponderado: 40% | Compresión detectada | Sin breakout → FORMING
2026-05-27 12:32:44 | INFO     | Señal: WAIT | Estado: INVALID | Estado: INVALID | Score ponderado: 40% | Compresión detectada | Sin breakout → FORMING
2026-05-27 12:32:44 | INFO     | Señal: WAIT | Estado: INVALID | Estado: INVALID | Score ponderado: 44% | Compresión detectada | Sin breakout → FORMING
2026-05-27 12:32:44 | INFO     | Señal: WAIT | Estado: INVALID | Estado: INVALID | Score ponderado: 40% | Compresión detectada | Sin breakout → FORMING
2026-05-27 12:32:44 | INFO     | Señal: WAIT | Estado: INVALID | Estado: INVALID | Score ponderado: 40% | Compresión detectada | Sin breakout → FORMING
2026-05-27 12:32:44 | INFO     | Señal: WAIT | Estado: INVALID | Estado: INVALID | Score ponderado: 44% | Compresión detectada | Sin breakout → FORMING
2026-05-27 12:32:44 | INFO     | Señal: WAIT | Estado: INVALID | Estado: INVALID | Score ponderado: 40% | Compresión detectada | Sin breakout → FORMING
2026-05-27 12:32:44 | INFO     | Señal: WAIT | Estado: INVALID | Estado: INVALID | Score ponderado: 40% | Compresión detectada | Sin breakout → FORMING
2026-05-27 12:32:44 | INFO     | Señal: WAIT | Estado: INVALID | Estado: INVALID | Score ponderado: 40% | Compresión detectada | Sin breakout → FORMING
2026-05-27 12:32:44 | INFO     | Señal: WAIT | Estado: INVALID | Estado: INVALID | Score ponderado: 40% | Compresión detectada | Sin breakout → FORMING
2026-05-27 12:32:44 | INFO     | Señal: WAIT | Estado: INVALID | Estado: INVALID | Score ponderado: 40% | Compresión detectada | Sin breakout → FORMING
2026-05-27 12:32:44 | INFO     | Señal: WAIT | Estado: INVALID | Estado: INVALID | Score ponderado: 40% | Compresión detectada | Sin breakout → FORMING
2026-05-27 12:32:44 | INFO     | Señal: WAIT | Estado: INVALID | Estado: INVALID | Score ponderado: 47% | Compresión detectada | Sin breakout → FORMING
2026-05-27 12:32:44 | INFO     | Señal: WAIT | Estado: INVALID | Estado: INVALID | Score ponderado: 40% | Compresión detectada | Sin breakout → FORMING
2026-05-27 12:32:44 | INFO     | Señal: WAIT | Estado: INVALID | Estado: INVALID | Score ponderado: 40% | Compresión detectada | Sin breakout → FORMING
2026-05-27 12:32:44 | INFO     | Señal: WAIT | Estado: INVALID | Estado: INVALID | Score ponderado: 47% | Compresión detectada | Sin breakout → FORMING
2026-05-27 12:32:44 | INFO     | Señal: WAIT | Estado: INVALID | Estado: INVALID | Score ponderado: 40% | Compresión detectada | Sin breakout → FORMING
2026-05-27 12:32:44 | INFO     | Señal: WAIT | Estado: INVALID | Estado: INVALID | Score ponderado: 40% | Compresión detectada | Sin breakout → FORMING
2026-05-27 12:32:44 | INFO     | Señal: WAIT | Estado: INVALID | Estado: INVALID | Score ponderado: 47% | Compresión detectada | Sin breakout → FORMING
2026-05-27 12:32:44 | INFO     | Señal: WAIT | Estado: INVALID | Estado: INVALID | Score ponderado: 40% | Compresión detectada | Sin breakout → FORMING
2026-05-27 12:32:44 | INFO     | Señal: WAIT | Estado: INVALID | Estado: INVALID | Score ponderado: 47% | Compresión detectada | Sin breakout → FORMING
2026-05-27 12:32:44 | INFO     | Señal: WAIT | Estado: INVALID | Estado: INVALID | Score ponderado: 47% | Compresión detectada | Sin breakout → FORMING
2026-05-27 12:32:44 | INFO     | Señal: WAIT | Estado: INVALID | Estado: INVALID | Score ponderado: 40% | Compresión detectada | Sin breakout → FORMING
2026-05-27 12:32:44 | INFO     | Señal: WAIT | Estado: INVALID | Estado: INVALID | Score ponderado: 47% | Compresión detectada | Sin breakout → FORMING
2026-05-27 12:32:44 | INFO     | Señal: WAIT | Estado: INVALID | Estado: INVALID | Score ponderado: 40% | Compresión detectada | Sin breakout → FORMING
2026-05-27 12:32:44 | INFO     | Señal: WAIT | Estado: INVALID | Estado: INVALID | Score ponderado: 40% | Compresión detectada | Sin breakout → FORMING
2026-05-27 12:32:44 | INFO     | Señal: WAIT | Estado: INVALID | Estado: INVALID | Score ponderado: 44% | Compresión detectada | Sin breakout → FORMING
2026-05-27 12:32:44 | INFO     | Señal: WAIT | Estado: INVALID | Estado: INVALID | Score ponderado: 40% | Compresión detectada | Sin breakout → FORMING
2026-05-27 12:32:44 | INFO     | Señal: WAIT | Estado: INVALID | Estado: INVALID | Score ponderado: 40% | Compresión detectada | Sin breakout → FORMING
2026-05-27 12:32:44 | INFO     | Señal: WAIT | Estado: INVALID | Estado: INVALID | Score ponderado: 40% | Compresión detectada | Sin breakout → FORMING
2026-05-27 12:32:44 | INFO     | Señal: WAIT | Estado: INVALID | Estado: INVALID | Score ponderado: 40% | Compresión detectada | Sin breakout → FORMING
2026-05-27 12:32:44 | INFO     | Señal: WAIT | Estado: INVALID | Estado: INVALID | Score ponderado: 40% | Compresión detectada | Sin breakout → FORMING
2026-05-27 12:32:44 | INFO     | Señal: WAIT | Estado: INVALID | Estado: INVALID | Score ponderado: 37% | Fase: neutral
2026-05-27 12:32:44 | INFO     | Señal: WAIT | Estado: INVALID | Estado: INVALID | Score ponderado: 44% | Fase: neutral
2026-05-27 12:32:44 | INFO     | Señal: WAIT | Estado: INVALID | Estado: INVALID | Score ponderado: 41% | Fase: neutral
2026-05-27 12:32:44 | INFO     | Señal: WAIT | Estado: INVALID | Estado: INVALID | Score ponderado: 37% | Fase: neutral
2026-05-27 12:32:44 | INFO     | Señal: WAIT | Estado: INVALID | Estado: INVALID | Score ponderado: 37% | Fase: neutral
2026-05-27 12:32:44 | INFO     | Señal: WAIT | Estado: INVALID | Estado: INVALID | Score ponderado: 37% | Fase: neutral
2026-05-27 12:32:44 | INFO     | Señal: WAIT | Estado: INVALID | Estado: INVALID | Score ponderado: 37% | Fase: neutral
2026-05-27 12:32:44 | INFO     | Señal: WAIT | Estado: INVALID | Estado: INVALID | Score ponderado: 37% | Fase: neutral
2026-05-27 12:32:44 | INFO     | Señal: WAIT | Estado: INVALID | Estado: INVALID | Score ponderado: 37% | Fase: neutral
2026-05-27 12:32:44 | INFO     | Señal: WAIT | Estado: INVALID | Estado: INVALID | Score ponderado: 37% | Fase: neutral
2026-05-27 12:32:44 | INFO     | Señal: WAIT | Estado: INVALID | Estado: INVALID | Score ponderado: 37% | Fase: neutral
2026-05-27 12:32:44 | INFO     | Señal: WAIT | Estado: INVALID | Estado: INVALID | Score ponderado: 37% | Fase: neutral
2026-05-27 12:32:44 | INFO     | Señal: WAIT | Estado: INVALID | Estado: INVALID | Score ponderado: 44% | Fase: neutral
2026-05-27 12:32:44 | INFO     | Señal: WAIT | Estado: INVALID | Estado: INVALID | Score ponderado: 37% | Fase: neutral
2026-05-27 12:32:44 | INFO     | Señal: WAIT | Estado: INVALID | Estado: INVALID | Score ponderado: 37% | Fase: neutral
2026-05-27 12:32:44 | INFO     | Señal: WAIT | Estado: INVALID | Estado: INVALID | Score ponderado: 41% | Fase: neutral
2026-05-27 12:32:44 | INFO     | Señal: WAIT | Estado: INVALID | Estado: INVALID | Score ponderado: 37% | Fase: neutral
2026-05-27 12:32:44 | INFO     | Señal: WAIT | Estado: INVALID | Estado: INVALID | Score ponderado: 37% | Fase: neutral
2026-05-27 12:32:44 | INFO     | Señal: WAIT | Estado: INVALID | Estado: INVALID | Score ponderado: 41% | Fase: neutral
2026-05-27 12:32:44 | INFO     | Señal: WAIT | Estado: INVALID | Estado: INVALID | Score ponderado: 37% | Fase: neutral
2026-05-27 12:32:44 | INFO     | Señal: WAIT | Estado: INVALID | Estado: INVALID | Score ponderado: 37% | Fase: neutral
2026-05-27 12:32:44 | INFO     | Señal: WAIT | Estado: INVALID | Estado: INVALID | Score ponderado: 44% | Fase: neutral
2026-05-27 12:32:44 | INFO     | Señal: WAIT | Estado: INVALID | Estado: INVALID | Score ponderado: 37% | Fase: neutral
2026-05-27 12:32:44 | INFO     | Señal: WAIT | Estado: INVALID | Estado: INVALID | Score ponderado: 37% | Fase: neutral
2026-05-27 12:32:44 | INFO     | Señal: WAIT | Estado: INVALID | Estado: INVALID | Score ponderado: 41% | Fase: neutral
2026-05-27 12:32:44 | INFO     | Señal: WAIT | Estado: INVALID | Estado: INVALID | Score ponderado: 37% | Fase: neutral
2026-05-27 12:32:44 | INFO     | Señal: WAIT | Estado: INVALID | Estado: INVALID | Score ponderado: 37% | Fase: neutral
2026-05-27 12:32:44 | INFO     | Señal: WAIT | Estado: INVALID | Estado: INVALID | Score ponderado: 37% | Fase: neutral
2026-05-27 12:32:44 | INFO     | Señal: WAIT | Estado: INVALID | Estado: INVALID | Score ponderado: 37% | Fase: neutral
2026-05-27 12:32:44 | INFO     | Señal: WAIT | Estado: INVALID | Estado: INVALID | Score ponderado: 37% | Fase: neutral
2026-05-27 12:32:44 | INFO     | Señal: WAIT | Estado: INVALID | Estado: INVALID | Score ponderado: 44% | Fase: neutral
2026-05-27 12:32:44 | INFO     | Señal: WAIT | Estado: INVALID | Estado: INVALID | Score ponderado: 44% | Fase: neutral
2026-05-27 12:32:44 | INFO     | Señal: WAIT | Estado: INVALID | Estado: INVALID | Score ponderado: 37% | Fase: neutral
2026-05-27 12:32:44 | INFO     | Señal: WAIT | Estado: INVALID | Estado: INVALID | Score ponderado: 37% | Fase: neutral
2026-05-27 12:32:44 | INFO     | Señal: WAIT | Estado: INVALID | Estado: INVALID | Score ponderado: 41% | Fase: neutral
2026-05-27 12:32:44 | INFO     | Señal: WAIT | Estado: INVALID | Estado: INVALID | Score ponderado: 37% | Fase: neutral
2026-05-27 12:32:44 | INFO     | Señal: WAIT | Estado: INVALID | Estado: INVALID | Score ponderado: 37% | Fase: neutral
2026-05-27 12:32:44 | INFO     | Señal: WAIT | Estado: INVALID | Estado: INVALID | Score ponderado: 37% | Fase: neutral
2026-05-27 12:32:44 | INFO     | Señal: WAIT | Estado: INVALID | Estado: INVALID | Score ponderado: 37% | Fase: neutral
2026-05-27 12:32:44 | INFO     | Señal: WAIT | Estado: INVALID | Estado: INVALID | Score ponderado: 37% | Fase: neutral
2026-05-27 12:32:44 | INFO     | Señal: WAIT | Estado: INVALID | Estado: INVALID | Score ponderado: 37% | Fase: neutral
2026-05-27 12:32:44 | INFO     | Señal: WAIT | Estado: INVALID | Estado: INVALID | Score ponderado: 37% | Fase: neutral
2026-05-27 12:32:44 | INFO     | Señal: WAIT | Estado: INVALID | Estado: INVALID | Score ponderado: 44% | Fase: neutral
2026-05-27 12:32:44 | INFO     | Señal: WAIT | Estado: INVALID | Estado: INVALID | Score ponderado: 41% | Fase: neutral
2026-05-27 12:32:44 | INFO     | Señal: WAIT | Estado: INVALID | Estado: INVALID | Score ponderado: 37% | Fase: neutral
2026-05-27 12:32:44 | INFO     | Señal: WAIT | Estado: INVALID | Estado: INVALID | Score ponderado: 37% | Fase: neutral
2026-05-27 12:32:44 | INFO     | Señal: WAIT | Estado: INVALID | Estado: INVALID | Score ponderado: 41% | Fase: neutral
2026-05-27 12:32:44 | INFO     | Señal: WAIT | Estado: INVALID | Estado: INVALID | Score ponderado: 37% | Fase: neutral
2026-05-27 12:32:44 | INFO     | Señal: WAIT | Estado: INVALID | Estado: INVALID | Score ponderado: 37% | Fase: neutral
2026-05-27 12:32:44 | INFO     | Señal: WAIT | Estado: INVALID | Estado: INVALID | Score ponderado: 37% | Fase: neutral
2026-05-27 12:32:44 | INFO     | Señal: WAIT | Estado: INVALID | Estado: INVALID | Score ponderado: 37% | Fase: neutral
2026-05-27 12:32:44 | INFO     | Señal: WAIT | Estado: INVALID | Estado: INVALID | Score ponderado: 41% | Fase: neutral
2026-05-27 12:32:44 | INFO     | Señal: WAIT | Estado: INVALID | Estado: INVALID | Score ponderado: 37% | Fase: neutral
2026-05-27 12:32:44 | INFO     | Señal: WAIT | Estado: INVALID | Estado: INVALID | Score ponderado: 37% | Fase: neutral
2026-05-27 12:32:44 | INFO     | Señal: WAIT | Estado: INVALID | Estado: INVALID | Score ponderado: 37% | Fase: neutral
2026-05-27 12:32:44 | INFO     | Señal: WAIT | Estado: INVALID | Estado: INVALID | Score ponderado: 37% | Fase: neutral
2026-05-27 12:32:44 | INFO     | Señal: WAIT | Estado: INVALID | Estado: INVALID | Score ponderado: 41% | Fase: neutral
2026-05-27 12:32:44 | INFO     | Señal: WAIT | Estado: INVALID | Estado: INVALID | Score ponderado: 37% | Fase: neutral
2026-05-27 12:32:44 | INFO     | Señal: WAIT | Estado: INVALID | Estado: INVALID | Score ponderado: 37% | Fase: neutral
2026-05-27 12:32:44 | INFO     | Señal: WAIT | Estado: INVALID | Estado: INVALID | Score ponderado: 37% | Fase: neutral
2026-05-27 12:32:44 | INFO     | Señal: WAIT | Estado: INVALID | Estado: INVALID | Score ponderado: 47% | Compresión detectada | Sin breakout → FORMING
2026-05-27 12:32:44 | INFO     | Señal: WAIT | Estado: INVALID | Estado: INVALID | Score ponderado: 40% | Compresión detectada | Sin breakout → FORMING
2026-05-27 12:32:44 | INFO     | Señal: WAIT | Estado: INVALID | Estado: INVALID | Score ponderado: 40% | Compresión detectada | Sin breakout → FORMING
2026-05-27 12:32:44 | INFO     | Señal: WAIT | Estado: INVALID | Estado: INVALID | Score ponderado: 40% | Compresión detectada | Sin breakout → FORMING
2026-05-27 12:32:44 | INFO     | Señal: WAIT | Estado: INVALID | Estado: INVALID | Score ponderado: 40% | Compresión detectada | Sin breakout → FORMING
2026-05-27 12:32:44 | INFO     | Señal: WAIT | Estado: INVALID | Estado: INVALID | Score ponderado: 40% | Compresión detectada | Sin breakout → FORMING
2026-05-27 12:32:44 | INFO     | Señal: WAIT | Estado: INVALID | Estado: INVALID | Score ponderado: 40% | Compresión detectada | Sin breakout → FORMING
2026-05-27 12:32:44 | INFO     | Señal: WAIT | Estado: INVALID | Estado: INVALID | Score ponderado: 40% | Compresión detectada | Sin breakout → FORMING
2026-05-27 12:32:44 | INFO     | Señal: WAIT | Estado: INVALID | Estado: INVALID | Score ponderado: 40% | Compresión detectada | Sin breakout → FORMING
2026-05-27 12:32:44 | INFO     | Señal: WAIT | Estado: INVALID | Estado: INVALID | Score ponderado: 40% | Compresión detectada | Sin breakout → FORMING
2026-05-27 12:32:44 | INFO     | Señal: WAIT | Estado: INVALID | Estado: INVALID | Score ponderado: 40% | Compresión detectada | Sin breakout → FORMING
2026-05-27 12:32:44 | INFO     | Señal: WAIT | Estado: INVALID | Estado: INVALID | Score ponderado: 40% | Compresión detectada | Sin breakout → FORMING
2026-05-27 12:32:44 | INFO     | Señal: WAIT | Estado: INVALID | Estado: INVALID | Score ponderado: 47% | Compresión detectada | Sin breakout → FORMING
2026-05-27 12:32:44 | INFO     | Señal: WAIT | Estado: INVALID | Estado: INVALID | Score ponderado: 40% | Compresión detectada | Sin breakout → FORMING
2026-05-27 12:32:44 | INFO     | Señal: WAIT | Estado: INVALID | Estado: INVALID | Score ponderado: 40% | Compresión detectada | Sin breakout → FORMING
2026-05-27 12:32:44 | INFO     | Señal: WAIT | Estado: INVALID | Estado: INVALID | Score ponderado: 40% | Compresión detectada | Sin breakout → FORMING
2026-05-27 12:32:44 | INFO     | Señal: WAIT | Estado: INVALID | Estado: INVALID | Score ponderado: 47% | Compresión detectada | Sin breakout → FORMING
2026-05-27 12:32:44 | INFO     | Señal: WAIT | Estado: INVALID | Estado: INVALID | Score ponderado: 44% | Compresión detectada | Sin breakout → FORMING
2026-05-27 12:32:44 | INFO     | Señal: WAIT | Estado: INVALID | Estado: INVALID | Score ponderado: 40% | Compresión detectada | Sin breakout → FORMING
2026-05-27 12:32:44 | INFO     | Señal: WAIT | Estado: INVALID | Estado: INVALID | Score ponderado: 40% | Compresión detectada | Sin breakout → FORMING
2026-05-27 12:32:44 | INFO     | Señal: WAIT | Estado: INVALID | Estado: INVALID | Score ponderado: 40% | Compresión detectada | Sin breakout → FORMING
2026-05-27 12:32:44 | INFO     | Señal: WAIT | Estado: INVALID | Estado: INVALID | Score ponderado: 44% | Compresión detectada | Sin breakout → FORMING
2026-05-27 12:32:44 | INFO     | Señal: WAIT | Estado: INVALID | Estado: INVALID | Score ponderado: 40% | Compresión detectada | Sin breakout → FORMING
2026-05-27 12:32:44 | INFO     | Señal: WAIT | Estado: INVALID | Estado: INVALID | Score ponderado: 44% | Compresión detectada | Sin breakout → FORMING
2026-05-27 12:32:44 | INFO     | Señal: WAIT | Estado: INVALID | Estado: INVALID | Score ponderado: 40% | Compresión detectada | Sin breakout → FORMING
2026-05-27 12:32:44 | INFO     | Señal: WAIT | Estado: INVALID | Estado: INVALID | Score ponderado: 40% | Compresión detectada | Sin breakout → FORMING
2026-05-27 12:32:44 | INFO     | Señal: WAIT | Estado: INVALID | Estado: INVALID | Score ponderado: 40% | Compresión detectada | Sin breakout → FORMING
2026-05-27 12:32:44 | INFO     | Señal: WAIT | Estado: INVALID | Estado: INVALID | Score ponderado: 40% | Compresión detectada | Sin breakout → FORMING
2026-05-27 12:32:44 | INFO     | Señal: WAIT | Estado: INVALID | Estado: INVALID | Score ponderado: 40% | Compresión detectada | Sin breakout → FORMING
2026-05-27 12:32:44 | INFO     | Señal: WAIT | Estado: INVALID | Estado: INVALID | Score ponderado: 40% | Compresión detectada | Sin breakout → FORMING
2026-05-27 12:32:44 | INFO     | Señal: WAIT | Estado: INVALID | Estado: INVALID | Score ponderado: 40% | Compresión detectada | Sin breakout → FORMING
2026-05-27 12:32:44 | INFO     | Señal: WAIT | Estado: INVALID | Estado: INVALID | Score ponderado: 40% | Compresión detectada | Sin breakout → FORMING
2026-05-27 12:32:44 | INFO     | Señal: WAIT | Estado: INVALID | Estado: INVALID | Score ponderado: 47% | Compresión detectada | Sin breakout → FORMING
2026-05-27 12:32:44 | INFO     | Señal: WAIT | Estado: INVALID | Estado: INVALID | Score ponderado: 40% | Compresión detectada | Sin breakout → FORMING
2026-05-27 12:32:44 | INFO     | Señal: WAIT | Estado: INVALID | Estado: INVALID | Score ponderado: 40% | Compresión detectada | Sin breakout → FORMING
2026-05-27 12:32:44 | INFO     | Señal: WAIT | Estado: INVALID | Estado: INVALID | Score ponderado: 40% | Compresión detectada | Sin breakout → FORMING
2026-05-27 12:32:44 | INFO     | Señal: WAIT | Estado: INVALID | Estado: INVALID | Score ponderado: 44% | Fase: neutral
2026-05-27 12:32:44 | INFO     | Señal: WAIT | Estado: INVALID | Estado: INVALID | Score ponderado: 44% | Fase: neutral
2026-05-27 12:32:44 | INFO     | Señal: WAIT | Estado: INVALID | Estado: INVALID | Score ponderado: 37% | Fase: neutral
2026-05-27 12:32:44 | INFO     | Señal: WAIT | Estado: INVALID | Estado: INVALID | Score ponderado: 44% | Fase: neutral
2026-05-27 12:32:44 | INFO     | Señal: WAIT | Estado: INVALID | Estado: INVALID | Score ponderado: 44% | Fase: neutral
2026-05-27 12:32:44 | INFO     | Señal: WAIT | Estado: INVALID | Estado: INVALID | Score ponderado: 44% | Fase: neutral
2026-05-27 12:32:44 | INFO     | Señal: WAIT | Estado: INVALID | Estado: INVALID | Score ponderado: 41% | Fase: neutral
2026-05-27 12:32:44 | INFO     | Señal: WAIT | Estado: INVALID | Estado: INVALID | Score ponderado: 41% | Fase: neutral
2026-05-27 12:32:44 | INFO     | Señal: WAIT | Estado: INVALID | Estado: INVALID | Score ponderado: 44% | Fase: neutral
2026-05-27 12:32:44 | INFO     | Señal: WAIT | Estado: INVALID | Estado: INVALID | Score ponderado: 44% | Fase: neutral
2026-05-27 12:32:44 | INFO     | Señal: WAIT | Estado: INVALID | Estado: INVALID | Score ponderado: 41% | Fase: neutral
2026-05-27 12:32:44 | INFO     | Señal: WAIT | Estado: INVALID | Estado: INVALID | Score ponderado: 37% | Fase: neutral
2026-05-27 12:32:44 | INFO     | Señal: WAIT | Estado: INVALID | Estado: INVALID | Score ponderado: 41% | Fase: neutral
2026-05-27 12:32:44 | INFO     | Señal: WAIT | Estado: INVALID | Estado: INVALID | Score ponderado: 41% | Fase: neutral
2026-05-27 12:32:44 | INFO     | Señal: WAIT | Estado: INVALID | Estado: INVALID | Score ponderado: 44% | Fase: neutral
2026-05-27 12:32:44 | INFO     | Señal: WAIT | Estado: INVALID | Estado: INVALID | Score ponderado: 37% | Fase: neutral
2026-05-27 12:32:44 | INFO     | Señal: WAIT | Estado: INVALID | Estado: INVALID | Score ponderado: 37% | Fase: neutral
2026-05-27 12:32:44 | INFO     | Señal: WAIT | Estado: INVALID | Estado: INVALID | Score ponderado: 37% | Fase: neutral
2026-05-27 12:32:44 | INFO     | Señal: WAIT | Estado: INVALID | Estado: INVALID | Score ponderado: 37% | Fase: neutral
2026-05-27 12:32:44 | INFO     | Señal: WAIT | Estado: INVALID | Estado: INVALID | Score ponderado: 37% | Fase: neutral
2026-05-27 12:32:44 | INFO     | Señal: WAIT | Estado: INVALID | Estado: INVALID | Score ponderado: 37% | Fase: neutral
2026-05-27 12:32:44 | INFO     | Señal: WAIT | Estado: INVALID | Estado: INVALID | Score ponderado: 37% | Fase: neutral
2026-05-27 12:32:44 | INFO     | Señal: WAIT | Estado: INVALID | Estado: INVALID | Score ponderado: 37% | Fase: neutral
2026-05-27 12:32:44 | INFO     | Señal: WAIT | Estado: INVALID | Estado: INVALID | Score ponderado: 37% | Fase: neutral
2026-05-27 12:32:44 | INFO     | Señal: WAIT | Estado: INVALID | Estado: INVALID | Score ponderado: 37% | Fase: neutral
2026-05-27 12:32:44 | INFO     | Señal: WAIT | Estado: INVALID | Estado: INVALID | Score ponderado: 37% | Fase: neutral
2026-05-27 12:32:44 | INFO     | Señal: WAIT | Estado: INVALID | Estado: INVALID | Score ponderado: 37% | Fase: neutral
2026-05-27 12:32:44 | INFO     | Señal: WAIT | Estado: INVALID | Estado: INVALID | Score ponderado: 37% | Fase: neutral
2026-05-27 12:32:44 | INFO     | Señal: WAIT | Estado: INVALID | Estado: INVALID | Score ponderado: 37% | Fase: neutral
2026-05-27 12:32:44 | INFO     | Señal: WAIT | Estado: INVALID | Estado: INVALID | Score ponderado: 37% | Fase: neutral
2026-05-27 12:32:44 | INFO     | Señal: WAIT | Estado: INVALID | Estado: INVALID | Score ponderado: 37% | Fase: neutral
2026-05-27 12:32:44 | INFO     | Señal: WAIT | Estado: INVALID | Estado: INVALID | Score ponderado: 37% | Fase: neutral
2026-05-27 12:32:44 | INFO     | Señal: WAIT | Estado: INVALID | Estado: INVALID | Score ponderado: 37% | Fase: neutral
2026-05-27 12:32:44 | INFO     | Señal: WAIT | Estado: INVALID | Estado: INVALID | Score ponderado: 37% | Fase: neutral
2026-05-27 12:32:44 | INFO     | Señal: WAIT | Estado: INVALID | Estado: INVALID | Score ponderado: 44% | Fase: neutral
2026-05-27 12:32:44 | INFO     | Señal: WAIT | Estado: INVALID | Estado: INVALID | Score ponderado: 37% | Fase: neutral
2026-05-27 12:32:44 | INFO     | Señal: WAIT | Estado: INVALID | Estado: INVALID | Score ponderado: 44% | Compresión detectada | Sin breakout → FORMING
2026-05-27 12:32:44 | INFO     | Señal: WAIT | Estado: INVALID | Estado: INVALID | Score ponderado: 40% | Compresión detectada | Sin breakout → FORMING
2026-05-27 12:32:44 | INFO     | Señal: WAIT | Estado: INVALID | Estado: INVALID | Score ponderado: 47% | Compresión detectada | Sin breakout → FORMING
2026-05-27 12:32:44 | INFO     | Señal: WAIT | Estado: INVALID | Estado: INVALID | Score ponderado: 44% | Compresión detectada | Sin breakout → FORMING
2026-05-27 12:32:44 | INFO     | Señal: WAIT | Estado: INVALID | Estado: INVALID | Score ponderado: 40% | Compresión detectada | Sin breakout → FORMING
2026-05-27 12:32:44 | INFO     | Señal: WAIT | Estado: INVALID | Estado: INVALID | Score ponderado: 40% | Compresión detectada | Sin breakout → FORMING
2026-05-27 12:32:44 | INFO     | Señal: WAIT | Estado: INVALID | Estado: INVALID | Score ponderado: 40% | Compresión detectada | Sin breakout → FORMING
2026-05-27 12:32:44 | INFO     | Señal: WAIT | Estado: INVALID | Estado: INVALID | Score ponderado: 40% | Compresión detectada | Sin breakout → FORMING
2026-05-27 12:32:44 | INFO     | Señal: WAIT | Estado: INVALID | Estado: INVALID | Score ponderado: 40% | Compresión detectada | Sin breakout → FORMING
2026-05-27 12:32:44 | INFO     | Señal: WAIT | Estado: INVALID | Estado: INVALID | Score ponderado: 40% | Compresión detectada | Sin breakout → FORMING
2026-05-27 12:32:44 | INFO     | Señal: WAIT | Estado: INVALID | Estado: INVALID | Score ponderado: 40% | Compresión detectada | Sin breakout → FORMING
2026-05-27 12:32:44 | INFO     | Señal: WAIT | Estado: INVALID | Estado: INVALID | Score ponderado: 40% | Compresión detectada | Sin breakout → FORMING
2026-05-27 12:32:44 | INFO     | Señal: WAIT | Estado: INVALID | Estado: INVALID | Score ponderado: 40% | Compresión detectada | Sin breakout → FORMING
2026-05-27 12:32:44 | INFO     | Señal: WAIT | Estado: INVALID | Estado: INVALID | Score ponderado: 40% | Compresión detectada | Sin breakout → FORMING
2026-05-27 12:32:44 | INFO     | Señal: WAIT | Estado: INVALID | Estado: INVALID | Score ponderado: 40% | Compresión detectada | Sin breakout → FORMING
2026-05-27 12:32:44 | INFO     | Señal: WAIT | Estado: INVALID | Estado: INVALID | Score ponderado: 40% | Compresión detectada | Sin breakout → FORMING
2026-05-27 12:32:44 | INFO     | Señal: WAIT | Estado: INVALID | Estado: INVALID | Score ponderado: 40% | Compresión detectada | Sin breakout → FORMING
2026-05-27 12:32:44 | INFO     | Señal: WAIT | Estado: INVALID | Estado: INVALID | Score ponderado: 40% | Compresión detectada | Sin breakout → FORMING
2026-05-27 12:32:44 | INFO     | Señal: WAIT | Estado: INVALID | Estado: INVALID | Score ponderado: 40% | Compresión detectada | Sin breakout → FORMING
2026-05-27 12:32:44 | INFO     | Señal: WAIT | Estado: INVALID | Estado: INVALID | Score ponderado: 40% | Compresión detectada | Sin breakout → FORMING
2026-05-27 12:32:44 | INFO     | Señal: WAIT | Estado: INVALID | Estado: INVALID | Score ponderado: 40% | Compresión detectada | Sin breakout → FORMING
2026-05-27 12:32:44 | INFO     | Señal: WAIT | Estado: INVALID | Estado: INVALID | Score ponderado: 44% | Compresión detectada | Sin breakout → FORMING
2026-05-27 12:32:44 | INFO     | Señal: WAIT | Estado: INVALID | Estado: INVALID | Score ponderado: 47% | Compresión detectada | Sin breakout → FORMING
2026-05-27 12:32:44 | INFO     | Señal: WAIT | Estado: INVALID | Estado: INVALID | Score ponderado: 40% | Compresión detectada | Sin breakout → FORMING
2026-05-27 12:32:44 | INFO     | Señal: WAIT | Estado: INVALID | Estado: INVALID | Score ponderado: 44% | Fase: neutral
2026-05-27 12:32:44 | INFO     | Señal: WAIT | Estado: INVALID | Estado: INVALID | Score ponderado: 44% | Fase: neutral
2026-05-27 12:32:44 | INFO     | Señal: WAIT | Estado: INVALID | Estado: INVALID | Score ponderado: 37% | Fase: neutral
2026-05-27 12:32:44 | INFO     | Señal: WAIT | Estado: INVALID | Estado: INVALID | Score ponderado: 44% | Fase: neutral
2026-05-27 12:32:44 | INFO     | Señal: WAIT | Estado: INVALID | Estado: INVALID | Score ponderado: 37% | Fase: neutral
2026-05-27 12:32:44 | INFO     | Señal: WAIT | Estado: INVALID | Estado: INVALID | Score ponderado: 37% | Fase: neutral
2026-05-27 12:32:44 | INFO     | Señal: WAIT | Estado: INVALID | Estado: INVALID | Score ponderado: 37% | Fase: neutral
2026-05-27 12:32:44 | INFO     | Señal: WAIT | Estado: INVALID | Estado: INVALID | Score ponderado: 44% | Fase: neutral
2026-05-27 12:32:44 | INFO     | Señal: WAIT | Estado: INVALID | Estado: INVALID | Score ponderado: 37% | Fase: neutral
2026-05-27 12:32:44 | INFO     | Señal: WAIT | Estado: INVALID | Estado: INVALID | Score ponderado: 37% | Fase: neutral
2026-05-27 12:32:44 | INFO     | Señal: WAIT | Estado: INVALID | Estado: INVALID | Score ponderado: 37% | Fase: neutral
2026-05-27 12:32:44 | INFO     | Señal: WAIT | Estado: INVALID | Estado: INVALID | Score ponderado: 37% | Fase: neutral
2026-05-27 12:32:44 | INFO     | Señal: WAIT | Estado: INVALID | Estado: INVALID | Score ponderado: 37% | Fase: neutral
2026-05-27 12:32:44 | INFO     | Señal: WAIT | Estado: INVALID | Estado: INVALID | Score ponderado: 37% | Fase: neutral
2026-05-27 12:32:44 | INFO     | Señal: WAIT | Estado: INVALID | Estado: INVALID | Score ponderado: 37% | Fase: neutral
2026-05-27 12:32:44 | INFO     | Señal: WAIT | Estado: INVALID | Estado: INVALID | Score ponderado: 37% | Fase: neutral
2026-05-27 12:32:44 | INFO     | Señal: WAIT | Estado: INVALID | Estado: INVALID | Score ponderado: 37% | Fase: neutral
2026-05-27 12:32:44 | INFO     | Señal: WAIT | Estado: INVALID | Estado: INVALID | Score ponderado: 44% | Fase: neutral
2026-05-27 12:32:44 | INFO     | Señal: WAIT | Estado: INVALID | Estado: INVALID | Score ponderado: 37% | Fase: neutral
2026-05-27 12:32:44 | INFO     | Señal: WAIT | Estado: INVALID | Estado: INVALID | Score ponderado: 44% | Fase: neutral
2026-05-27 12:32:44 | INFO     | Señal: WAIT | Estado: INVALID | Estado: INVALID | Score ponderado: 44% | Fase: neutral
2026-05-27 12:32:44 | INFO     | Señal: WAIT | Estado: INVALID | Estado: INVALID | Score ponderado: 37% | Fase: neutral
2026-05-27 12:32:44 | INFO     | Señal: WAIT | Estado: INVALID | Estado: INVALID | Score ponderado: 44% | Fase: neutral
2026-05-27 12:32:44 | INFO     | Señal: WAIT | Estado: INVALID | Estado: INVALID | Score ponderado: 37% | Fase: neutral
2026-05-27 12:32:44 | INFO     | Señal: WAIT | Estado: INVALID | Estado: INVALID | Score ponderado: 40% | Compresión detectada | Sin breakout → FORMING
2026-05-27 12:32:44 | INFO     | Señal: WAIT | Estado: INVALID | Estado: INVALID | Score ponderado: 40% | Compresión detectada | Sin breakout → FORMING
2026-05-27 12:32:44 | INFO     | Señal: WAIT | Estado: INVALID | Estado: INVALID | Score ponderado: 40% | Compresión detectada | Sin breakout → FORMING
2026-05-27 12:32:44 | INFO     | Señal: WAIT | Estado: INVALID | Estado: INVALID | Score ponderado: 40% | Compresión detectada | Sin breakout → FORMING
2026-05-27 12:32:44 | INFO     | Señal: WAIT | Estado: INVALID | Estado: INVALID | Score ponderado: 40% | Compresión detectada | Sin breakout → FORMING
2026-05-27 12:32:44 | INFO     | Señal: WAIT | Estado: INVALID | Estado: INVALID | Score ponderado: 40% | Compresión detectada | Sin breakout → FORMING
2026-05-27 12:32:44 | INFO     | Señal: WAIT | Estado: FORMING | Estado: FORMING | Score ponderado: 50% | Compresión detectada | Sin breakout → FORMING
2026-05-27 12:32:44 | INFO     | Señal: WAIT | Estado: READY | Estado: READY | Score ponderado: 57% | Compresión detectada | Sin breakout → FORMING
2026-05-27 12:32:44 | INFO     | Señal: WAIT | Estado: FORMING | Estado: FORMING | Score ponderado: 50% | Compresión detectada | Sin breakout → FORMING
2026-05-27 12:32:44 | INFO     | Señal: WAIT | Estado: FORMING | Estado: FORMING | Score ponderado: 50% | Compresión detectada | Sin breakout → FORMING
2026-05-27 12:32:44 | INFO     | Señal: WAIT | Estado: FORMING | Estado: FORMING | Score ponderado: 50% | Compresión detectada | Sin breakout → FORMING
2026-05-27 12:32:44 | INFO     | Señal: WAIT | Estado: FORMING | Estado: FORMING | Score ponderado: 50% | Compresión detectada | Sin breakout → FORMING
2026-05-27 12:32:44 | INFO     | Señal: WAIT | Estado: FORMING | Estado: FORMING | Score ponderado: 47% | Fase: neutral
2026-05-27 12:32:44 | INFO     | Señal: WAIT | Estado: FORMING | Estado: FORMING | Score ponderado: 47% | Fase: neutral
2026-05-27 12:32:44 | INFO     | Señal: WAIT | Estado: FORMING | Estado: FORMING | Score ponderado: 47% | Fase: neutral
2026-05-27 12:32:44 | INFO     | Señal: WAIT | Estado: FORMING | Estado: FORMING | Score ponderado: 47% | Fase: neutral
2026-05-27 12:32:44 | INFO     | Señal: WAIT | Estado: FORMING | Estado: FORMING | Score ponderado: 47% | Fase: neutral
2026-05-27 12:32:44 | INFO     | Señal: WAIT | Estado: FORMING | Estado: FORMING | Score ponderado: 47% | Fase: neutral
2026-05-27 12:32:44 | INFO     | Señal: WAIT | Estado: FORMING | Estado: FORMING | Score ponderado: 49% | Fase: neutral
2026-05-27 12:32:44 | INFO     | Señal: WAIT | Estado: FORMING | Estado: FORMING | Score ponderado: 49% | Fase: neutral
2026-05-27 12:32:44 | INFO     | Señal: WAIT | Estado: FORMING | Estado: FORMING | Score ponderado: 42% | Fase: neutral
2026-05-27 12:32:44 | INFO     | Señal: WAIT | Estado: FORMING | Estado: FORMING | Score ponderado: 47% | Fase: neutral
2026-05-27 12:32:44 | INFO     | Señal: WAIT | Estado: FORMING | Estado: FORMING | Score ponderado: 47% | Fase: neutral
2026-05-27 12:32:44 | INFO     | Señal: WAIT | Estado: FORMING | Estado: FORMING | Score ponderado: 47% | Fase: neutral
2026-05-27 12:32:44 | INFO     | Señal: WAIT | Estado: FORMING | Estado: FORMING | Score ponderado: 50% | Compresión detectada | Sin breakout → FORMING
2026-05-27 12:32:44 | INFO     | Señal: WAIT | Estado: FORMING | Estado: FORMING | Score ponderado: 50% | Compresión detectada | Sin breakout → FORMING
2026-05-27 12:32:44 | INFO     | Señal: WAIT | Estado: FORMING | Estado: FORMING | Score ponderado: 50% | Compresión detectada | Sin breakout → FORMING
2026-05-27 12:32:44 | INFO     | Señal: WAIT | Estado: FORMING | Estado: FORMING | Score ponderado: 50% | Compresión detectada | Sin breakout → FORMING
2026-05-27 12:32:44 | INFO     | Señal: WAIT | Estado: FORMING | Estado: FORMING | Score ponderado: 50% | Compresión detectada | Sin breakout → FORMING
2026-05-27 12:32:44 | INFO     | Señal: WAIT | Estado: FORMING | Estado: FORMING | Score ponderado: 50% | Compresión detectada | Sin breakout → FORMING
2026-05-27 12:32:44 | INFO     | Señal: WAIT | Estado: FORMING | Estado: FORMING | Score ponderado: 50% | Compresión detectada | Sin breakout → FORMING
2026-05-27 12:32:44 | INFO     | Señal: WAIT | Estado: FORMING | Estado: FORMING | Score ponderado: 50% | Compresión detectada | Sin breakout → FORMING
2026-05-27 12:32:44 | INFO     | Señal: WAIT | Estado: FORMING | Estado: FORMING | Score ponderado: 50% | Compresión detectada | Sin breakout → FORMING
2026-05-27 12:32:44 | INFO     | Señal: WAIT | Estado: FORMING | Estado: FORMING | Score ponderado: 50% | Compresión detectada | Sin breakout → FORMING
2026-05-27 12:32:44 | INFO     | Señal: WAIT | Estado: FORMING | Estado: FORMING | Score ponderado: 50% | Compresión detectada | Sin breakout → FORMING
2026-05-27 12:32:44 | INFO     | Señal: WAIT | Estado: FORMING | Estado: FORMING | Score ponderado: 50% | Compresión detectada | Sin breakout → FORMING
2026-05-27 12:32:44 | INFO     | Señal: WAIT | Estado: INVALID | Estado: INVALID | Score ponderado: 42% | Fase: neutral
2026-05-27 12:32:44 | INFO     | Señal: WAIT | Estado: INVALID | Estado: INVALID | Score ponderado: 42% | Fase: neutral
2026-05-27 12:32:44 | INFO     | Señal: WAIT | Estado: INVALID | Estado: INVALID | Score ponderado: 42% | Fase: neutral
2026-05-27 12:32:44 | INFO     | Señal: WAIT | Estado: INVALID | Estado: INVALID | Score ponderado: 49% | Fase: neutral
2026-05-27 12:32:44 | INFO     | Señal: WAIT | Estado: INVALID | Estado: INVALID | Score ponderado: 49% | Fase: neutral
2026-05-27 12:32:44 | INFO     | Señal: WAIT | Estado: INVALID | Estado: INVALID | Score ponderado: 49% | Fase: neutral
2026-05-27 12:32:44 | INFO     | Señal: WAIT | Estado: INVALID | Estado: INVALID | Score ponderado: 49% | Fase: neutral
2026-05-27 12:32:44 | INFO     | Señal: WAIT | Estado: INVALID | Estado: INVALID | Score ponderado: 49% | Fase: neutral
2026-05-27 12:32:44 | INFO     | Señal: WAIT | Estado: INVALID | Estado: INVALID | Score ponderado: 49% | Fase: neutral
2026-05-27 12:32:44 | INFO     | Señal: WAIT | Estado: INVALID | Estado: INVALID | Score ponderado: 44% | Fase: neutral
2026-05-27 12:32:44 | INFO     | Señal: WAIT | Estado: INVALID | Estado: INVALID | Score ponderado: 44% | Fase: neutral
2026-05-27 12:32:44 | INFO     | Señal: WAIT | Estado: INVALID | Estado: INVALID | Score ponderado: 37% | Fase: neutral
2026-05-27 12:32:44 | INFO     | Señal: WAIT | Estado: FORMING | Estado: FORMING | Score ponderado: 46% | Fase: neutral
2026-05-27 12:32:44 | INFO     | Señal: WAIT | Estado: FORMING | Estado: FORMING | Score ponderado: 42% | Fase: neutral
2026-05-27 12:32:44 | INFO     | Señal: WAIT | Estado: FORMING | Estado: FORMING | Score ponderado: 42% | Fase: neutral
2026-05-27 12:32:44 | INFO     | Señal: WAIT | Estado: FORMING | Estado: FORMING | Score ponderado: 47% | Fase: neutral
2026-05-27 12:32:44 | INFO     | Señal: WAIT | Estado: FORMING | Estado: FORMING | Score ponderado: 47% | Fase: neutral
2026-05-27 12:32:44 | INFO     | Señal: WAIT | Estado: FORMING | Estado: FORMING | Score ponderado: 47% | Fase: neutral
2026-05-27 12:32:44 | INFO     | Señal: WAIT | Estado: FORMING | Estado: FORMING | Score ponderado: 42% | Fase: neutral
2026-05-27 12:32:44 | INFO     | Señal: WAIT | Estado: FORMING | Estado: FORMING | Score ponderado: 42% | Fase: neutral
2026-05-27 12:32:44 | INFO     | Señal: WAIT | Estado: FORMING | Estado: FORMING | Score ponderado: 42% | Fase: neutral
2026-05-27 12:32:44 | INFO     | Señal: WAIT | Estado: FORMING | Estado: FORMING | Score ponderado: 42% | Fase: neutral
2026-05-27 12:32:44 | INFO     | Señal: WAIT | Estado: FORMING | Estado: FORMING | Score ponderado: 42% | Fase: neutral
2026-05-27 12:32:44 | INFO     | Señal: WAIT | Estado: FORMING | Estado: FORMING | Score ponderado: 42% | Fase: neutral
2026-05-27 12:32:44 | INFO     | Señal: WAIT | Estado: INVALID | Estado: INVALID | Score ponderado: 44% | Fase: neutral
2026-05-27 12:32:44 | INFO     | Señal: WAIT | Estado: INVALID | Estado: INVALID | Score ponderado: 37% | Fase: neutral
2026-05-27 12:32:44 | INFO     | Señal: WAIT | Estado: INVALID | Estado: INVALID | Score ponderado: 44% | Fase: neutral
2026-05-27 12:32:44 | INFO     | Señal: WAIT | Estado: INVALID | Estado: INVALID | Score ponderado: 46% | Fase: neutral
2026-05-27 12:32:44 | INFO     | Señal: WAIT | Estado: INVALID | Estado: INVALID | Score ponderado: 46% | Fase: neutral
2026-05-27 12:32:44 | INFO     | Señal: WAIT | Estado: INVALID | Estado: INVALID | Score ponderado: 42% | Fase: neutral
2026-05-27 12:32:44 | INFO     | Señal: WAIT | Estado: INVALID | Estado: INVALID | Score ponderado: 42% | Fase: neutral
2026-05-27 12:32:44 | INFO     | Señal: WAIT | Estado: INVALID | Estado: INVALID | Score ponderado: 42% | Fase: neutral
2026-05-27 12:32:44 | INFO     | Señal: WAIT | Estado: INVALID | Estado: INVALID | Score ponderado: 42% | Fase: neutral
2026-05-27 12:32:44 | INFO     | Señal: WAIT | Estado: INVALID | Estado: INVALID | Score ponderado: 49% | Fase: neutral
2026-05-27 12:32:44 | INFO     | Señal: WAIT | Estado: INVALID | Estado: INVALID | Score ponderado: 42% | Fase: neutral
2026-05-27 12:32:44 | INFO     | Señal: WAIT | Estado: INVALID | Estado: INVALID | Score ponderado: 42% | Fase: neutral
2026-05-27 12:32:44 | INFO     | Señal: WAIT | Estado: FORMING | Estado: FORMING | Score ponderado: 42% | Fase: neutral
2026-05-27 12:32:44 | INFO     | Señal: WAIT | Estado: FORMING | Estado: FORMING | Score ponderado: 42% | Fase: neutral
2026-05-27 12:32:44 | INFO     | Señal: WAIT | Estado: FORMING | Estado: FORMING | Score ponderado: 42% | Fase: neutral
2026-05-27 12:32:44 | INFO     | Señal: WAIT | Estado: FORMING | Estado: FORMING | Score ponderado: 42% | Fase: neutral
2026-05-27 12:32:44 | INFO     | Señal: WAIT | Estado: FORMING | Estado: FORMING | Score ponderado: 42% | Fase: neutral
2026-05-27 12:32:44 | INFO     | Señal: WAIT | Estado: FORMING | Estado: FORMING | Score ponderado: 49% | Fase: neutral
2026-05-27 12:32:44 | INFO     | Señal: WAIT | Estado: FORMING | Estado: FORMING | Score ponderado: 42% | Fase: neutral
2026-05-27 12:32:44 | INFO     | Señal: WAIT | Estado: FORMING | Estado: FORMING | Score ponderado: 42% | Fase: neutral
2026-05-27 12:32:44 | INFO     | Señal: WAIT | Estado: FORMING | Estado: FORMING | Score ponderado: 42% | Fase: neutral
2026-05-27 12:32:44 | INFO     | Señal: WAIT | Estado: FORMING | Estado: FORMING | Score ponderado: 47% | Fase: neutral
2026-05-27 12:32:44 | INFO     | Señal: WAIT | Estado: FORMING | Estado: FORMING | Score ponderado: 47% | Fase: neutral
2026-05-27 12:32:44 | INFO     | Señal: WAIT | Estado: FORMING | Estado: FORMING | Score ponderado: 47% | Fase: neutral
2026-05-27 12:32:44 | INFO     | Señal: WAIT | Estado: FORMING | Estado: FORMING | Score ponderado: 49% | Fase: neutral
2026-05-27 12:32:44 | INFO     | Señal: WAIT | Estado: FORMING | Estado: FORMING | Score ponderado: 42% | Fase: neutral
2026-05-27 12:32:44 | INFO     | Señal: WAIT | Estado: FORMING | Estado: FORMING | Score ponderado: 42% | Fase: neutral
2026-05-27 12:32:44 | INFO     | Señal: WAIT | Estado: FORMING | Estado: FORMING | Score ponderado: 42% | Fase: neutral
2026-05-27 12:32:44 | INFO     | Señal: WAIT | Estado: FORMING | Estado: FORMING | Score ponderado: 42% | Fase: neutral
2026-05-27 12:32:44 | INFO     | Señal: WAIT | Estado: FORMING | Estado: FORMING | Score ponderado: 42% | Fase: neutral
2026-05-27 12:32:44 | INFO     | Señal: WAIT | Estado: FORMING | Estado: FORMING | Score ponderado: 47% | Fase: neutral
2026-05-27 12:32:44 | INFO     | Señal: WAIT | Estado: FORMING | Estado: FORMING | Score ponderado: 47% | Fase: neutral
2026-05-27 12:32:44 | INFO     | Señal: WAIT | Estado: FORMING | Estado: FORMING | Score ponderado: 47% | Fase: neutral
2026-05-27 12:32:44 | INFO     | Señal: WAIT | Estado: FORMING | Estado: FORMING | Score ponderado: 47% | Fase: neutral
2026-05-27 12:32:44 | INFO     | Señal: WAIT | Estado: FORMING | Estado: FORMING | Score ponderado: 47% | Fase: neutral
2026-05-27 12:32:44 | INFO     | Señal: WAIT | Estado: FORMING | Estado: FORMING | Score ponderado: 47% | Fase: neutral
2026-05-27 12:32:44 | INFO     | Señal: WAIT | Estado: FORMING | Estado: FORMING | Score ponderado: 42% | Fase: neutral
2026-05-27 12:32:44 | INFO     | Señal: WAIT | Estado: FORMING | Estado: FORMING | Score ponderado: 49% | Fase: neutral
2026-05-27 12:32:44 | INFO     | Señal: WAIT | Estado: FORMING | Estado: FORMING | Score ponderado: 46% | Fase: neutral
2026-05-27 12:32:44 | INFO     | Señal: WAIT | Estado: FORMING | Estado: FORMING | Score ponderado: 49% | Fase: neutral
2026-05-27 12:32:44 | INFO     | Señal: WAIT | Estado: FORMING | Estado: FORMING | Score ponderado: 42% | Fase: neutral
2026-05-27 12:32:44 | INFO     | Señal: WAIT | Estado: FORMING | Estado: FORMING | Score ponderado: 49% | Fase: neutral
2026-05-27 12:32:44 | INFO     | Señal: WAIT | Estado: FORMING | Estado: FORMING | Score ponderado: 42% | Fase: neutral
2026-05-27 12:32:44 | INFO     | Señal: WAIT | Estado: FORMING | Estado: FORMING | Score ponderado: 42% | Fase: neutral
2026-05-27 12:32:44 | INFO     | Señal: WAIT | Estado: FORMING | Estado: FORMING | Score ponderado: 42% | Fase: neutral
2026-05-27 12:32:44 | INFO     | Señal: WAIT | Estado: FORMING | Estado: FORMING | Score ponderado: 49% | Fase: neutral
2026-05-27 12:32:44 | INFO     | Señal: WAIT | Estado: FORMING | Estado: FORMING | Score ponderado: 42% | Fase: neutral
2026-05-27 12:32:44 | INFO     | Señal: WAIT | Estado: FORMING | Estado: FORMING | Score ponderado: 49% | Fase: neutral
2026-05-27 12:32:44 | INFO     | Señal: WAIT | Estado: INVALID | Estado: INVALID | Score ponderado: 49% | Fase: neutral
2026-05-27 12:32:44 | INFO     | Señal: WAIT | Estado: INVALID | Estado: INVALID | Score ponderado: 42% | Fase: neutral
2026-05-27 12:32:44 | INFO     | Señal: WAIT | Estado: INVALID | Estado: INVALID | Score ponderado: 46% | Fase: neutral
2026-05-27 12:32:44 | INFO     | Señal: WAIT | Estado: FORMING | Estado: FORMING | Score ponderado: 42% | Fase: neutral
2026-05-27 12:32:44 | INFO     | Señal: WAIT | Estado: FORMING | Estado: FORMING | Score ponderado: 42% | Fase: neutral
2026-05-27 12:32:44 | INFO     | Señal: WAIT | Estado: FORMING | Estado: FORMING | Score ponderado: 46% | Fase: neutral
2026-05-27 12:32:44 | INFO     | Señal: WAIT | Estado: INVALID | Estado: INVALID | Score ponderado: 49% | Fase: neutral
2026-05-27 12:32:44 | INFO     | Señal: WAIT | Estado: INVALID | Estado: INVALID | Score ponderado: 42% | Fase: neutral
2026-05-27 12:32:44 | INFO     | Señal: WAIT | Estado: INVALID | Estado: INVALID | Score ponderado: 46% | Fase: neutral
2026-05-27 12:32:44 | INFO     | Señal: WAIT | Estado: FORMING | Estado: FORMING | Score ponderado: 42% | Fase: neutral
2026-05-27 12:32:44 | INFO     | Señal: WAIT | Estado: FORMING | Estado: FORMING | Score ponderado: 42% | Fase: neutral
2026-05-27 12:32:44 | INFO     | Señal: WAIT | Estado: FORMING | Estado: FORMING | Score ponderado: 42% | Fase: neutral
2026-05-27 12:32:44 | INFO     | Señal: WAIT | Estado: FORMING | Estado: FORMING | Score ponderado: 47% | Fase: neutral
2026-05-27 12:32:44 | INFO     | Señal: WAIT | Estado: FORMING | Estado: FORMING | Score ponderado: 47% | Fase: neutral
2026-05-27 12:32:44 | INFO     | Señal: WAIT | Estado: FORMING | Estado: FORMING | Score ponderado: 47% | Fase: neutral
2026-05-27 12:32:44 | INFO     | Señal: WAIT | Estado: FORMING | Estado: FORMING | Score ponderado: 46% | Fase: neutral
2026-05-27 12:32:44 | INFO     | Señal: WAIT | Estado: FORMING | Estado: FORMING | Score ponderado: 42% | Fase: neutral
2026-05-27 12:32:44 | INFO     | Señal: WAIT | Estado: FORMING | Estado: FORMING | Score ponderado: 42% | Fase: neutral
2026-05-27 12:32:44 | INFO     | Señal: WAIT | Estado: FORMING | Estado: FORMING | Score ponderado: 46% | Fase: neutral
2026-05-27 12:32:44 | INFO     | Señal: WAIT | Estado: FORMING | Estado: FORMING | Score ponderado: 42% | Fase: neutral
2026-05-27 12:32:44 | INFO     | Señal: WAIT | Estado: FORMING | Estado: FORMING | Score ponderado: 42% | Fase: neutral
2026-05-27 12:32:44 | INFO     | Señal: WAIT | Estado: FORMING | Estado: FORMING | Score ponderado: 42% | Fase: neutral
2026-05-27 12:32:44 | INFO     | Señal: WAIT | Estado: FORMING | Estado: FORMING | Score ponderado: 42% | Fase: neutral
2026-05-27 12:32:44 | INFO     | Señal: WAIT | Estado: FORMING | Estado: FORMING | Score ponderado: 42% | Fase: neutral
2026-05-27 12:32:44 | INFO     | Señal: WAIT | Estado: FORMING | Estado: FORMING | Score ponderado: 50% | Compresión detectada | Sin breakout → FORMING
2026-05-27 12:32:44 | INFO     | Señal: WAIT | Estado: FORMING | Estado: FORMING | Score ponderado: 50% | Compresión detectada | Sin breakout → FORMING
2026-05-27 12:32:44 | INFO     | Señal: WAIT | Estado: FORMING | Estado: FORMING | Score ponderado: 50% | Compresión detectada | Sin breakout → FORMING
2026-05-27 12:32:44 | INFO     | Señal: WAIT | Estado: FORMING | Estado: FORMING | Score ponderado: 50% | Compresión detectada | Sin breakout → FORMING
2026-05-27 12:32:44 | INFO     | Señal: WAIT | Estado: FORMING | Estado: FORMING | Score ponderado: 50% | Compresión detectada | Sin breakout → FORMING
2026-05-27 12:32:44 | INFO     | Señal: WAIT | Estado: FORMING | Estado: FORMING | Score ponderado: 50% | Compresión detectada | Sin breakout → FORMING
2026-05-27 12:32:44 | INFO     | Señal: WAIT | Estado: FORMING | Estado: FORMING | Score ponderado: 50% | Compresión detectada | Sin breakout → FORMING
2026-05-27 12:32:44 | INFO     | Señal: WAIT | Estado: FORMING | Estado: FORMING | Score ponderado: 50% | Compresión detectada | Sin breakout → FORMING
2026-05-27 12:32:44 | INFO     | Señal: WAIT | Estado: FORMING | Estado: FORMING | Score ponderado: 50% | Compresión detectada | Sin breakout → FORMING
2026-05-27 12:32:44 | INFO     | Señal: WAIT | Estado: FORMING | Estado: FORMING | Score ponderado: 50% | Compresión detectada | Sin breakout → FORMING
2026-05-27 12:32:44 | INFO     | Señal: WAIT | Estado: FORMING | Estado: FORMING | Score ponderado: 50% | Compresión detectada | Sin breakout → FORMING
2026-05-27 12:32:44 | INFO     | Señal: WAIT | Estado: FORMING | Estado: FORMING | Score ponderado: 50% | Compresión detectada | Sin breakout → FORMING
2026-05-27 12:32:44 | INFO     | Señal: WAIT | Estado: READY | Estado: READY | Score ponderado: 60% | Fase: neutral
2026-05-27 12:32:44 | INFO     | Señal: WAIT | Estado: FORMING | Estado: FORMING | Score ponderado: 53% | Fase: neutral
2026-05-27 12:32:44 | INFO     | Señal: WAIT | Estado: FORMING | Estado: FORMING | Score ponderado: 53% | Fase: neutral
2026-05-27 12:32:44 | INFO     | Señal: WAIT | Estado: READY | Estado: READY | Score ponderado: 60% | Fase: neutral
2026-05-27 12:32:44 | INFO     | Señal: WAIT | Estado: FORMING | Estado: FORMING | Score ponderado: 53% | Fase: neutral
2026-05-27 12:32:44 | INFO     | Señal: WAIT | Estado: FORMING | Estado: FORMING | Score ponderado: 53% | Fase: neutral
2026-05-27 12:32:44 | INFO     | Señal: WAIT | Estado: FORMING | Estado: FORMING | Score ponderado: 53% | Fase: neutral
2026-05-27 12:32:44 | INFO     | Señal: WAIT | Estado: READY | Estado: READY | Score ponderado: 60% | Fase: neutral
2026-05-27 12:32:44 | INFO     | Señal: WAIT | Estado: FORMING | Estado: FORMING | Score ponderado: 57% | Fase: neutral
2026-05-27 12:32:44 | INFO     | Señal: WAIT | Estado: FORMING | Estado: FORMING | Score ponderado: 53% | Fase: neutral
2026-05-27 12:32:44 | INFO     | Señal: WAIT | Estado: FORMING | Estado: FORMING | Score ponderado: 53% | Fase: neutral
2026-05-27 12:32:45 | INFO     | Señal: WAIT | Estado: FORMING | Estado: FORMING | Score ponderado: 53% | Fase: neutral
2026-05-27 12:32:45 | INFO     | Señal: WAIT | Estado: INVALID | Estado: INVALID | Score ponderado: 42% | Fase: neutral
2026-05-27 12:32:45 | INFO     | Señal: WAIT | Estado: INVALID | Estado: INVALID | Score ponderado: 46% | Fase: neutral
2026-05-27 12:32:45 | INFO     | Señal: WAIT | Estado: INVALID | Estado: INVALID | Score ponderado: 42% | Fase: neutral
2026-05-27 12:32:45 | INFO     | Señal: WAIT | Estado: INVALID | Estado: INVALID | Score ponderado: 49% | Fase: neutral
2026-05-27 12:32:45 | INFO     | Señal: WAIT | Estado: INVALID | Estado: INVALID | Score ponderado: 46% | Fase: neutral
2026-05-27 12:32:45 | INFO     | Señal: WAIT | Estado: INVALID | Estado: INVALID | Score ponderado: 49% | Fase: neutral
2026-05-27 12:32:45 | INFO     | Señal: WAIT | Estado: INVALID | Estado: INVALID | Score ponderado: 49% | Fase: neutral
2026-05-27 12:32:45 | INFO     | Señal: WAIT | Estado: INVALID | Estado: INVALID | Score ponderado: 49% | Fase: neutral
2026-05-27 12:32:45 | INFO     | Señal: WAIT | Estado: INVALID | Estado: INVALID | Score ponderado: 49% | Fase: neutral
2026-05-27 12:32:45 | INFO     | Señal: WAIT | Estado: INVALID | Estado: INVALID | Score ponderado: 46% | Fase: neutral
2026-05-27 12:32:45 | INFO     | Señal: WAIT | Estado: INVALID | Estado: INVALID | Score ponderado: 46% | Fase: neutral
2026-05-27 12:32:45 | INFO     | Señal: WAIT | Estado: INVALID | Estado: INVALID | Score ponderado: 42% | Fase: neutral
2026-05-27 12:32:45 | INFO     | Señal: WAIT | Estado: INVALID | Estado: INVALID | Score ponderado: 37% | Fase: neutral
2026-05-27 12:32:45 | INFO     | Señal: WAIT | Estado: INVALID | Estado: INVALID | Score ponderado: 37% | Fase: neutral
2026-05-27 12:32:45 | INFO     | Señal: WAIT | Estado: INVALID | Estado: INVALID | Score ponderado: 37% | Fase: neutral
2026-05-27 12:32:45 | INFO     | Señal: WAIT | Estado: INVALID | Estado: INVALID | Score ponderado: 37% | Fase: neutral
2026-05-27 12:32:45 | INFO     | Señal: WAIT | Estado: INVALID | Estado: INVALID | Score ponderado: 37% | Fase: neutral
2026-05-27 12:32:45 | INFO     | Señal: WAIT | Estado: INVALID | Estado: INVALID | Score ponderado: 37% | Fase: neutral
2026-05-27 12:32:45 | INFO     | Señal: WAIT | Estado: INVALID | Estado: INVALID | Score ponderado: 37% | Fase: neutral
2026-05-27 12:32:45 | INFO     | Señal: WAIT | Estado: INVALID | Estado: INVALID | Score ponderado: 37% | Fase: neutral
2026-05-27 12:32:45 | INFO     | Señal: WAIT | Estado: INVALID | Estado: INVALID | Score ponderado: 37% | Fase: neutral
2026-05-27 12:32:45 | INFO     | Señal: WAIT | Estado: INVALID | Estado: INVALID | Score ponderado: 37% | Fase: neutral
2026-05-27 12:32:45 | INFO     | Señal: WAIT | Estado: INVALID | Estado: INVALID | Score ponderado: 37% | Fase: neutral
2026-05-27 12:32:45 | INFO     | Señal: WAIT | Estado: INVALID | Estado: INVALID | Score ponderado: 37% | Fase: neutral
2026-05-27 12:32:45 | INFO     | Señal: WAIT | Estado: INVALID | Estado: INVALID | Score ponderado: 42% | Fase: neutral
2026-05-27 12:32:45 | INFO     | Señal: WAIT | Estado: INVALID | Estado: INVALID | Score ponderado: 49% | Fase: neutral
2026-05-27 12:32:45 | INFO     | Señal: WAIT | Estado: INVALID | Estado: INVALID | Score ponderado: 42% | Fase: neutral
2026-05-27 12:32:45 | INFO     | Señal: WAIT | Estado: INVALID | Estado: INVALID | Score ponderado: 42% | Fase: neutral
2026-05-27 12:32:45 | INFO     | Señal: WAIT | Estado: INVALID | Estado: INVALID | Score ponderado: 42% | Fase: neutral
2026-05-27 12:32:45 | INFO     | Señal: WAIT | Estado: INVALID | Estado: INVALID | Score ponderado: 42% | Fase: neutral
2026-05-27 12:32:45 | INFO     | Señal: WAIT | Estado: INVALID | Estado: INVALID | Score ponderado: 42% | Fase: neutral
2026-05-27 12:32:45 | INFO     | Señal: WAIT | Estado: INVALID | Estado: INVALID | Score ponderado: 42% | Fase: neutral
2026-05-27 12:32:45 | INFO     | Señal: WAIT | Estado: INVALID | Estado: INVALID | Score ponderado: 42% | Fase: neutral
2026-05-27 12:32:45 | INFO     | Señal: WAIT | Estado: INVALID | Estado: INVALID | Score ponderado: 42% | Fase: neutral
2026-05-27 12:32:45 | INFO     | Señal: WAIT | Estado: INVALID | Estado: INVALID | Score ponderado: 42% | Fase: neutral
2026-05-27 12:32:45 | INFO     | Señal: WAIT | Estado: INVALID | Estado: INVALID | Score ponderado: 42% | Fase: neutral
2026-05-27 12:32:45 | INFO     | Señal: WAIT | Estado: INVALID | Estado: INVALID | Score ponderado: 42% | Fase: neutral
2026-05-27 12:32:45 | INFO     | Señal: WAIT | Estado: INVALID | Estado: INVALID | Score ponderado: 42% | Fase: neutral
2026-05-27 12:32:45 | INFO     | Señal: WAIT | Estado: INVALID | Estado: INVALID | Score ponderado: 42% | Fase: neutral
2026-05-27 12:32:45 | INFO     | Señal: WAIT | Estado: FORMING | Estado: FORMING | Score ponderado: 42% | Fase: neutral
2026-05-27 12:32:45 | INFO     | Señal: WAIT | Estado: FORMING | Estado: FORMING | Score ponderado: 49% | Fase: neutral
2026-05-27 12:32:45 | INFO     | Señal: WAIT | Estado: FORMING | Estado: FORMING | Score ponderado: 42% | Fase: neutral
2026-05-27 12:32:45 | INFO     | Señal: WAIT | Estado: FORMING | Estado: FORMING | Score ponderado: 49% | Fase: neutral
2026-05-27 12:32:45 | INFO     | Señal: WAIT | Estado: FORMING | Estado: FORMING | Score ponderado: 42% | Fase: neutral
2026-05-27 12:32:45 | INFO     | Señal: WAIT | Estado: FORMING | Estado: FORMING | Score ponderado: 46% | Fase: neutral
2026-05-27 12:32:45 | INFO     | Señal: WAIT | Estado: FORMING | Estado: FORMING | Score ponderado: 49% | Fase: neutral
2026-05-27 12:32:45 | INFO     | Señal: WAIT | Estado: FORMING | Estado: FORMING | Score ponderado: 49% | Fase: neutral
2026-05-27 12:32:45 | INFO     | Señal: WAIT | Estado: FORMING | Estado: FORMING | Score ponderado: 42% | Fase: neutral
2026-05-27 12:32:45 | INFO     | Señal: WAIT | Estado: FORMING | Estado: FORMING | Score ponderado: 47% | Fase: neutral
2026-05-27 12:32:45 | INFO     | Señal: WAIT | Estado: FORMING | Estado: FORMING | Score ponderado: 47% | Fase: neutral
2026-05-27 12:32:45 | INFO     | Señal: WAIT | Estado: FORMING | Estado: FORMING | Score ponderado: 47% | Fase: neutral
2026-05-27 12:32:45 | INFO     | Señal: WAIT | Estado: FORMING | Estado: FORMING | Score ponderado: 54% | Fase: neutral
2026-05-27 12:32:45 | INFO     | Señal: WAIT | Estado: FORMING | Estado: FORMING | Score ponderado: 54% | Fase: neutral
2026-05-27 12:32:45 | INFO     | Señal: WAIT | Estado: FORMING | Estado: FORMING | Score ponderado: 54% | Fase: neutral
2026-05-27 12:32:45 | INFO     | Señal: WAIT | Estado: FORMING | Estado: FORMING | Score ponderado: 54% | Fase: neutral
2026-05-27 12:32:45 | INFO     | Señal: WAIT | Estado: FORMING | Estado: FORMING | Score ponderado: 54% | Fase: neutral
2026-05-27 12:32:45 | INFO     | Señal: WAIT | Estado: FORMING | Estado: FORMING | Score ponderado: 54% | Fase: neutral
2026-05-27 12:32:45 | INFO     | Señal: WAIT | Estado: FORMING | Estado: FORMING | Score ponderado: 51% | Fase: neutral
2026-05-27 12:32:45 | INFO     | Señal: WAIT | Estado: FORMING | Estado: FORMING | Score ponderado: 47% | Fase: neutral
2026-05-27 12:32:45 | INFO     | Señal: WAIT | Estado: FORMING | Estado: FORMING | Score ponderado: 47% | Fase: neutral
2026-05-27 12:32:45 | INFO     | Señal: WAIT | Estado: FORMING | Estado: FORMING | Score ponderado: 51% | Fase: neutral
2026-05-27 12:32:45 | INFO     | Señal: WAIT | Estado: FORMING | Estado: FORMING | Score ponderado: 47% | Fase: neutral
2026-05-27 12:32:45 | INFO     | Señal: WAIT | Estado: FORMING | Estado: FORMING | Score ponderado: 47% | Fase: neutral
2026-05-27 12:32:45 | INFO     | Señal: WAIT | Estado: FORMING | Estado: FORMING | Score ponderado: 47% | Fase: neutral
2026-05-27 12:32:45 | INFO     | Señal: WAIT | Estado: FORMING | Estado: FORMING | Score ponderado: 47% | Fase: neutral
2026-05-27 12:32:45 | INFO     | Señal: WAIT | Estado: FORMING | Estado: FORMING | Score ponderado: 47% | Fase: neutral
2026-05-27 12:32:45 | INFO     | Señal: WAIT | Estado: INVALID | Estado: INVALID | Score ponderado: 44% | Fase: neutral
2026-05-27 12:32:45 | INFO     | Señal: WAIT | Estado: INVALID | Estado: INVALID | Score ponderado: 41% | Fase: neutral
2026-05-27 12:32:45 | INFO     | Señal: WAIT | Estado: INVALID | Estado: INVALID | Score ponderado: 37% | Fase: neutral
2026-05-27 12:32:45 | INFO     | Señal: WAIT | Estado: INVALID | Estado: INVALID | Score ponderado: 37% | Fase: neutral
2026-05-27 12:32:45 | INFO     | Señal: WAIT | Estado: INVALID | Estado: INVALID | Score ponderado: 44% | Fase: neutral
2026-05-27 12:32:45 | INFO     | Señal: WAIT | Estado: INVALID | Estado: INVALID | Score ponderado: 44% | Fase: neutral
2026-05-27 12:32:45 | INFO     | Señal: WAIT | Estado: FORMING | Estado: FORMING | Score ponderado: 53% | Fase: neutral
2026-05-27 12:32:45 | INFO     | Señal: WAIT | Estado: FORMING | Estado: FORMING | Score ponderado: 53% | Fase: neutral
2026-05-27 12:32:45 | INFO     | Señal: WAIT | Estado: READY | Estado: READY | Score ponderado: 60% | Fase: neutral
2026-05-27 12:32:45 | INFO     | Señal: WAIT | Estado: FORMING | Estado: FORMING | Score ponderado: 53% | Fase: neutral
2026-05-27 12:32:45 | INFO     | Señal: WAIT | Estado: FORMING | Estado: FORMING | Score ponderado: 53% | Fase: neutral
2026-05-27 12:32:45 | INFO     | Señal: WAIT | Estado: FORMING | Estado: FORMING | Score ponderado: 53% | Fase: neutral
2026-05-27 12:32:45 | INFO     | Señal: WAIT | Estado: FORMING | Estado: FORMING | Score ponderado: 53% | Fase: neutral
2026-05-27 12:32:45 | INFO     | Señal: WAIT | Estado: FORMING | Estado: FORMING | Score ponderado: 53% | Fase: neutral
2026-05-27 12:32:45 | INFO     | Señal: WAIT | Estado: FORMING | Estado: FORMING | Score ponderado: 53% | Fase: neutral
2026-05-27 12:32:45 | INFO     | Señal: WAIT | Estado: FORMING | Estado: FORMING | Score ponderado: 53% | Fase: neutral
2026-05-27 12:32:45 | INFO     | Señal: WAIT | Estado: FORMING | Estado: FORMING | Score ponderado: 53% | Fase: neutral
2026-05-27 12:32:45 | INFO     | Señal: WAIT | Estado: FORMING | Estado: FORMING | Score ponderado: 53% | Fase: neutral
2026-05-27 12:32:45 | INFO     | Señal: WAIT | Estado: FORMING | Estado: FORMING | Score ponderado: 53% | Fase: neutral
2026-05-27 12:32:45 | INFO     | Señal: WAIT | Estado: FORMING | Estado: FORMING | Score ponderado: 53% | Fase: neutral
2026-05-27 12:32:45 | INFO     | Señal: WAIT | Estado: FORMING | Estado: FORMING | Score ponderado: 53% | Fase: neutral
2026-05-27 12:32:45 | INFO     | Señal: WAIT | Estado: FORMING | Estado: FORMING | Score ponderado: 53% | Fase: neutral
2026-05-27 12:32:45 | INFO     | Señal: WAIT | Estado: FORMING | Estado: FORMING | Score ponderado: 53% | Fase: neutral
2026-05-27 12:32:45 | INFO     | Señal: WAIT | Estado: FORMING | Estado: FORMING | Score ponderado: 53% | Fase: neutral
2026-05-27 12:32:45 | INFO     | Señal: WAIT | Estado: READY | Estado: READY | Score ponderado: 60% | Fase: neutral
2026-05-27 12:32:45 | INFO     | Señal: WAIT | Estado: FORMING | Estado: FORMING | Score ponderado: 53% | Fase: neutral
2026-05-27 12:32:45 | INFO     | Señal: WAIT | Estado: FORMING | Estado: FORMING | Score ponderado: 53% | Fase: neutral
2026-05-27 12:32:45 | INFO     | Señal: WAIT | Estado: FORMING | Estado: FORMING | Score ponderado: 53% | Fase: neutral
2026-05-27 12:32:45 | INFO     | Señal: WAIT | Estado: FORMING | Estado: FORMING | Score ponderado: 53% | Fase: neutral
2026-05-27 12:32:45 | INFO     | Señal: WAIT | Estado: FORMING | Estado: FORMING | Score ponderado: 53% | Fase: neutral
2026-05-27 12:32:45 | INFO     | Señal: WAIT | Estado: READY | Estado: READY | Score ponderado: 60% | Fase: neutral
2026-05-27 12:32:45 | INFO     | Señal: WAIT | Estado: FORMING | Estado: FORMING | Score ponderado: 53% | Fase: neutral
2026-05-27 12:32:45 | INFO     | Señal: WAIT | Estado: FORMING | Estado: FORMING | Score ponderado: 53% | Fase: neutral
2026-05-27 12:32:45 | INFO     | Señal: WAIT | Estado: FORMING | Estado: FORMING | Score ponderado: 53% | Fase: neutral
2026-05-27 12:32:45 | INFO     | Señal: WAIT | Estado: FORMING | Estado: FORMING | Score ponderado: 57% | Fase: neutral
2026-05-27 12:32:45 | INFO     | Señal: WAIT | Estado: FORMING | Estado: FORMING | Score ponderado: 53% | Fase: neutral
2026-05-27 12:32:45 | INFO     | Señal: WAIT | Estado: FORMING | Estado: FORMING | Score ponderado: 53% | Fase: neutral
2026-05-27 12:32:45 | INFO     | Señal: WAIT | Estado: FORMING | Estado: FORMING | Score ponderado: 53% | Fase: neutral
2026-05-27 12:32:45 | INFO     | Señal: WAIT | Estado: FORMING | Estado: FORMING | Score ponderado: 53% | Fase: neutral
2026-05-27 12:32:45 | INFO     | Señal: WAIT | Estado: FORMING | Estado: FORMING | Score ponderado: 53% | Fase: neutral
2026-05-27 12:32:45 | INFO     | Señal: WAIT | Estado: FORMING | Estado: FORMING | Score ponderado: 53% | Fase: neutral
2026-05-27 12:32:45 | INFO     | Señal: WAIT | Estado: FORMING | Estado: FORMING | Score ponderado: 53% | Fase: neutral
2026-05-27 12:32:45 | INFO     | Señal: WAIT | Estado: READY | Estado: READY | Score ponderado: 56% | Compresión detectada | Sin breakout → FORMING
2026-05-27 12:32:45 | INFO     | Señal: WAIT | Estado: READY | Estado: READY | Score ponderado: 56% | Compresión detectada | Sin breakout → FORMING
2026-05-27 12:32:45 | INFO     | Señal: WAIT | Estado: READY | Estado: READY | Score ponderado: 56% | Compresión detectada | Sin breakout → FORMING
2026-05-27 12:32:45 | INFO     | Señal: WAIT | Estado: READY | Estado: READY | Score ponderado: 56% | Compresión detectada | Sin breakout → FORMING
2026-05-27 12:32:45 | INFO     | Señal: WAIT | Estado: READY | Estado: READY | Score ponderado: 56% | Compresión detectada | Sin breakout → FORMING
2026-05-27 12:32:45 | INFO     | Señal: WAIT | Estado: READY | Estado: READY | Score ponderado: 56% | Compresión detectada | Sin breakout → FORMING
2026-05-27 12:32:45 | INFO     | Señal: WAIT | Estado: READY | Estado: READY | Score ponderado: 56% | Compresión detectada | Sin breakout → FORMING
2026-05-27 12:32:45 | INFO     | Señal: WAIT | Estado: READY | Estado: READY | Score ponderado: 56% | Compresión detectada | Sin breakout → FORMING
2026-05-27 12:32:45 | INFO     | Señal: WAIT | Estado: READY | Estado: READY | Score ponderado: 56% | Compresión detectada | Sin breakout → FORMING
2026-05-27 12:32:45 | INFO     | Señal: WAIT | Estado: READY | Estado: READY | Score ponderado: 56% | Compresión detectada | Sin breakout → FORMING
2026-05-27 12:32:45 | INFO     | Señal: WAIT | Estado: READY | Estado: READY | Score ponderado: 60% | Compresión detectada | Sin breakout → FORMING
2026-05-27 12:32:45 | INFO     | Señal: WAIT | Estado: READY | Estado: READY | Score ponderado: 56% | Compresión detectada | Sin breakout → FORMING
2026-05-27 12:32:45 | INFO     | Señal: WAIT | Estado: READY | Estado: READY | Score ponderado: 56% | Compresión detectada | Sin breakout → FORMING
2026-05-27 12:32:45 | INFO     | Señal: WAIT | Estado: READY | Estado: READY | Score ponderado: 56% | Compresión detectada | Sin breakout → FORMING
2026-05-27 12:32:45 | INFO     | Señal: WAIT | Estado: READY | Estado: READY | Score ponderado: 56% | Compresión detectada | Sin breakout → FORMING
2026-05-27 12:32:45 | INFO     | Señal: WAIT | Estado: READY | Estado: READY | Score ponderado: 56% | Compresión detectada | Sin breakout → FORMING
2026-05-27 12:32:45 | INFO     | Señal: WAIT | Estado: READY | Estado: READY | Score ponderado: 56% | Compresión detectada | Sin breakout → FORMING
2026-05-27 12:32:45 | INFO     | Señal: WAIT | Estado: READY | Estado: READY | Score ponderado: 56% | Compresión detectada | Sin breakout → FORMING
2026-05-27 12:32:45 | INFO     | Señal: WAIT | Estado: READY | Estado: READY | Score ponderado: 56% | Compresión detectada | Sin breakout → FORMING
2026-05-27 12:32:45 | INFO     | Señal: WAIT | Estado: READY | Estado: READY | Score ponderado: 56% | Compresión detectada | Sin breakout → FORMING
2026-05-27 12:32:45 | INFO     | Señal: WAIT | Estado: READY | Estado: READY | Score ponderado: 56% | Compresión detectada | Sin breakout → FORMING
2026-05-27 12:32:45 | INFO     | Señal: WAIT | Estado: READY | Estado: READY | Score ponderado: 56% | Compresión detectada | Sin breakout → FORMING
2026-05-27 12:32:45 | INFO     | Señal: WAIT | Estado: READY | Estado: READY | Score ponderado: 56% | Compresión detectada | Sin breakout → FORMING
2026-05-27 12:32:45 | INFO     | Señal: WAIT | Estado: READY | Estado: READY | Score ponderado: 60% | Compresión detectada | Sin breakout → FORMING
2026-05-27 12:32:45 | INFO     | Señal: WAIT | Estado: READY | Estado: READY | Score ponderado: 56% | Compresión detectada | Sin breakout → FORMING
2026-05-27 12:32:45 | INFO     | Señal: WAIT | Estado: READY | Estado: READY | Score ponderado: 56% | Compresión detectada | Sin breakout → FORMING
2026-05-27 12:32:45 | INFO     | Señal: WAIT | Estado: READY | Estado: READY | Score ponderado: 63% | Compresión detectada | Sin breakout → FORMING
2026-05-27 12:32:45 | INFO     | Señal: WAIT | Estado: READY | Estado: READY | Score ponderado: 56% | Compresión detectada | Sin breakout → FORMING
2026-05-27 12:32:45 | INFO     | Señal: WAIT | Estado: READY | Estado: READY | Score ponderado: 56% | Compresión detectada | Sin breakout → FORMING
2026-05-27 12:32:45 | INFO     | Señal: WAIT | Estado: READY | Estado: READY | Score ponderado: 56% | Compresión detectada | Sin breakout → FORMING
2026-05-27 12:32:45 | INFO     | Señal: WAIT | Estado: READY | Estado: READY | Score ponderado: 56% | Compresión detectada | Sin breakout → FORMING
2026-05-27 12:32:45 | INFO     | Señal: WAIT | Estado: READY | Estado: READY | Score ponderado: 56% | Compresión detectada | Sin breakout → FORMING
2026-05-27 12:32:45 | INFO     | Señal: WAIT | Estado: READY | Estado: READY | Score ponderado: 56% | Compresión detectada | Sin breakout → FORMING
2026-05-27 12:32:45 | INFO     | Señal: WAIT | Estado: READY | Estado: READY | Score ponderado: 56% | Compresión detectada | Sin breakout → FORMING
2026-05-27 12:32:45 | INFO     | Señal: WAIT | Estado: READY | Estado: READY | Score ponderado: 56% | Compresión detectada | Sin breakout → FORMING
2026-05-27 12:32:45 | INFO     | Señal: WAIT | Estado: READY | Estado: READY | Score ponderado: 63% | Compresión detectada | Sin breakout → FORMING
2026-05-27 12:32:45 | INFO     | Señal: WAIT | Estado: READY | Estado: READY | Score ponderado: 56% | Compresión detectada | Sin breakout → FORMING
2026-05-27 12:32:45 | INFO     | Señal: WAIT | Estado: READY | Estado: READY | Score ponderado: 63% | Compresión detectada | Sin breakout → FORMING
2026-05-27 12:32:45 | INFO     | Señal: WAIT | Estado: READY | Estado: READY | Score ponderado: 63% | Compresión detectada | Sin breakout → FORMING
2026-05-27 12:32:45 | INFO     | Señal: WAIT | Estado: READY | Estado: READY | Score ponderado: 63% | Compresión detectada | Sin breakout → FORMING
2026-05-27 12:32:45 | INFO     | Señal: WAIT | Estado: READY | Estado: READY | Score ponderado: 56% | Compresión detectada | Sin breakout → FORMING
2026-05-27 12:32:45 | INFO     | Señal: WAIT | Estado: READY | Estado: READY | Score ponderado: 56% | Compresión detectada | Sin breakout → FORMING
2026-05-27 12:32:45 | INFO     | Señal: WAIT | Estado: READY | Estado: READY | Score ponderado: 56% | Compresión detectada | Sin breakout → FORMING
2026-05-27 12:32:45 | INFO     | Señal: WAIT | Estado: READY | Estado: READY | Score ponderado: 60% | Compresión detectada | Sin breakout → FORMING
2026-05-27 12:32:45 | INFO     | Señal: WAIT | Estado: READY | Estado: READY | Score ponderado: 63% | Compresión detectada | Sin breakout → FORMING
2026-05-27 12:32:45 | INFO     | Señal: WAIT | Estado: READY | Estado: READY | Score ponderado: 60% | Compresión detectada | Sin breakout → FORMING
2026-05-27 12:32:45 | INFO     | Señal: WAIT | Estado: READY | Estado: READY | Score ponderado: 56% | Compresión detectada | Sin breakout → FORMING
2026-05-27 12:32:45 | INFO     | Señal: WAIT | Estado: READY | Estado: READY | Score ponderado: 56% | Compresión detectada | Sin breakout → FORMING
2026-05-27 12:32:45 | INFO     | Señal: WAIT | Estado: READY | Estado: READY | Score ponderado: 60% | Compresión detectada | Sin breakout → FORMING
2026-05-27 12:32:45 | INFO     | Señal: WAIT | Estado: READY | Estado: READY | Score ponderado: 56% | Compresión detectada | Sin breakout → FORMING
2026-05-27 12:32:45 | INFO     | Señal: WAIT | Estado: READY | Estado: READY | Score ponderado: 63% | Compresión detectada | Sin breakout → FORMING
2026-05-27 12:32:45 | INFO     | Señal: WAIT | Estado: READY | Estado: READY | Score ponderado: 56% | Compresión detectada | Sin breakout → FORMING
2026-05-27 12:32:45 | INFO     | Señal: WAIT | Estado: READY | Estado: READY | Score ponderado: 56% | Compresión detectada | Sin breakout → FORMING
2026-05-27 12:32:45 | INFO     | Señal: WAIT | Estado: READY | Estado: READY | Score ponderado: 56% | Compresión detectada | Sin breakout → FORMING
2026-05-27 12:32:45 | INFO     | Señal: WAIT | Estado: READY | Estado: READY | Score ponderado: 60% | Compresión detectada | Sin breakout → FORMING
2026-05-27 12:32:45 | INFO     | Señal: WAIT | Estado: READY | Estado: READY | Score ponderado: 56% | Compresión detectada | Sin breakout → FORMING
2026-05-27 12:32:45 | INFO     | Señal: WAIT | Estado: READY | Estado: READY | Score ponderado: 56% | Compresión detectada | Sin breakout → FORMING
2026-05-27 12:32:45 | INFO     | Señal: WAIT | Estado: READY | Estado: READY | Score ponderado: 56% | Compresión detectada | Sin breakout → FORMING
2026-05-27 12:32:45 | INFO     | Señal: WAIT | Estado: READY | Estado: READY | Score ponderado: 56% | Compresión detectada | Sin breakout → FORMING
2026-05-27 12:32:45 | INFO     | Señal: WAIT | Estado: READY | Estado: READY | Score ponderado: 56% | Compresión detectada | Sin breakout → FORMING
2026-05-27 12:32:45 | INFO     | Señal: WAIT | Estado: READY | Estado: READY | Score ponderado: 60% | Fase: neutral
2026-05-27 12:32:45 | INFO     | Señal: WAIT | Estado: READY | Estado: READY | Score ponderado: 60% | Fase: neutral
2026-05-27 12:32:45 | INFO     | Señal: WAIT | Estado: FORMING | Estado: FORMING | Score ponderado: 53% | Fase: neutral
2026-05-27 12:32:45 | INFO     | Señal: WAIT | Estado: FORMING | Estado: FORMING | Score ponderado: 53% | Fase: neutral
2026-05-27 12:32:45 | INFO     | Señal: WAIT | Estado: FORMING | Estado: FORMING | Score ponderado: 53% | Fase: neutral
2026-05-27 12:32:45 | INFO     | Señal: WAIT | Estado: FORMING | Estado: FORMING | Score ponderado: 53% | Fase: neutral
2026-05-27 12:32:45 | INFO     | Señal: WAIT | Estado: FORMING | Estado: FORMING | Score ponderado: 53% | Fase: neutral
2026-05-27 12:32:45 | INFO     | Señal: WAIT | Estado: FORMING | Estado: FORMING | Score ponderado: 53% | Fase: neutral
2026-05-27 12:32:45 | INFO     | Señal: WAIT | Estado: FORMING | Estado: FORMING | Score ponderado: 53% | Fase: neutral
2026-05-27 12:32:45 | INFO     | Señal: WAIT | Estado: READY | Estado: READY | Score ponderado: 60% | Fase: neutral
2026-05-27 12:32:45 | INFO     | Señal: WAIT | Estado: READY | Estado: READY | Score ponderado: 60% | Fase: neutral
2026-05-27 12:32:45 | INFO     | Señal: WAIT | Estado: FORMING | Estado: FORMING | Score ponderado: 53% | Fase: neutral
2026-05-27 12:32:45 | INFO     | Señal: WAIT | Estado: READY | Estado: READY | Score ponderado: 56% | Compresión detectada | Sin breakout → FORMING
2026-05-27 12:32:45 | INFO     | Señal: WAIT | Estado: READY | Estado: READY | Score ponderado: 56% | Compresión detectada | Sin breakout → FORMING
2026-05-27 12:32:45 | INFO     | Señal: WAIT | Estado: READY | Estado: READY | Score ponderado: 56% | Compresión detectada | Sin breakout → FORMING
2026-05-27 12:32:45 | INFO     | Señal: WAIT | Estado: READY | Estado: READY | Score ponderado: 56% | Compresión detectada | Sin breakout → FORMING
2026-05-27 12:32:45 | INFO     | Señal: WAIT | Estado: READY | Estado: READY | Score ponderado: 56% | Compresión detectada | Sin breakout → FORMING
2026-05-27 12:32:45 | INFO     | Señal: WAIT | Estado: READY | Estado: READY | Score ponderado: 56% | Compresión detectada | Sin breakout → FORMING
2026-05-27 12:32:45 | INFO     | Señal: WAIT | Estado: READY | Estado: READY | Score ponderado: 56% | Compresión detectada | Sin breakout → FORMING
2026-05-27 12:32:45 | INFO     | Señal: WAIT | Estado: READY | Estado: READY | Score ponderado: 56% | Compresión detectada | Sin breakout → FORMING
2026-05-27 12:32:45 | INFO     | Señal: WAIT | Estado: READY | Estado: READY | Score ponderado: 63% | Compresión detectada | Sin breakout → FORMING
2026-05-27 12:32:45 | INFO     | Señal: WAIT | Estado: READY | Estado: READY | Score ponderado: 63% | Compresión detectada | Sin breakout → FORMING
2026-05-27 12:32:45 | INFO     | Señal: WAIT | Estado: READY | Estado: READY | Score ponderado: 56% | Compresión detectada | Sin breakout → FORMING
2026-05-27 12:32:45 | INFO     | Señal: WAIT | Estado: READY | Estado: READY | Score ponderado: 56% | Compresión detectada | Sin breakout → FORMING
2026-05-27 12:32:45 | INFO     | Señal: WAIT | Estado: READY | Estado: READY | Score ponderado: 56% | Compresión detectada | Sin breakout → FORMING
2026-05-27 12:32:45 | INFO     | Señal: WAIT | Estado: READY | Estado: READY | Score ponderado: 56% | Compresión detectada | Sin breakout → FORMING
2026-05-27 12:32:45 | INFO     | Señal: WAIT | Estado: READY | Estado: READY | Score ponderado: 56% | Compresión detectada | Sin breakout → FORMING
2026-05-27 12:32:45 | INFO     | Señal: WAIT | Estado: READY | Estado: READY | Score ponderado: 60% | Compresión detectada | Sin breakout → FORMING
2026-05-27 12:32:45 | INFO     | Señal: WAIT | Estado: READY | Estado: READY | Score ponderado: 56% | Compresión detectada | Sin breakout → FORMING
2026-05-27 12:32:45 | INFO     | Señal: WAIT | Estado: READY | Estado: READY | Score ponderado: 56% | Compresión detectada | Sin breakout → FORMING
2026-05-27 12:32:45 | INFO     | Señal: WAIT | Estado: READY | Estado: READY | Score ponderado: 56% | Compresión detectada | Sin breakout → FORMING
2026-05-27 12:32:45 | INFO     | Señal: WAIT | Estado: READY | Estado: READY | Score ponderado: 56% | Compresión detectada | Sin breakout → FORMING
2026-05-27 12:32:45 | INFO     | Señal: WAIT | Estado: READY | Estado: READY | Score ponderado: 56% | Compresión detectada | Sin breakout → FORMING
2026-05-27 12:32:45 | INFO     | Señal: WAIT | Estado: READY | Estado: READY | Score ponderado: 56% | Compresión detectada | Sin breakout → FORMING
2026-05-27 12:32:45 | INFO     | Señal: WAIT | Estado: READY | Estado: READY | Score ponderado: 56% | Compresión detectada | Sin breakout → FORMING
2026-05-27 12:32:45 | INFO     | Señal: WAIT | Estado: READY | Estado: READY | Score ponderado: 63% | Compresión detectada | Sin breakout → FORMING
2026-05-27 12:32:45 | INFO     | Señal: WAIT | Estado: FORMING | Estado: FORMING | Score ponderado: 53% | Fase: neutral
2026-05-27 12:32:45 | INFO     | Señal: WAIT | Estado: READY | Estado: READY | Score ponderado: 60% | Fase: neutral
2026-05-27 12:32:45 | INFO     | Señal: WAIT | Estado: FORMING | Estado: FORMING | Score ponderado: 53% | Fase: neutral
2026-05-27 12:32:45 | INFO     | Señal: WAIT | Estado: FORMING | Estado: FORMING | Score ponderado: 53% | Fase: neutral
2026-05-27 12:32:45 | INFO     | Señal: WAIT | Estado: FORMING | Estado: FORMING | Score ponderado: 53% | Fase: neutral
2026-05-27 12:32:45 | INFO     | Señal: WAIT | Estado: FORMING | Estado: FORMING | Score ponderado: 53% | Fase: neutral
2026-05-27 12:32:45 | INFO     | Señal: WAIT | Estado: FORMING | Estado: FORMING | Score ponderado: 53% | Fase: neutral
2026-05-27 12:32:45 | INFO     | Señal: WAIT | Estado: FORMING | Estado: FORMING | Score ponderado: 53% | Fase: neutral
2026-05-27 12:32:45 | INFO     | Señal: WAIT | Estado: FORMING | Estado: FORMING | Score ponderado: 53% | Fase: neutral
2026-05-27 12:32:45 | INFO     | Señal: WAIT | Estado: READY | Estado: READY | Score ponderado: 60% | Fase: neutral
2026-05-27 12:32:45 | INFO     | Señal: WAIT | Estado: FORMING | Estado: FORMING | Score ponderado: 57% | Fase: neutral
2026-05-27 12:32:45 | INFO     | Señal: WAIT | Estado: READY | Estado: READY | Score ponderado: 60% | Fase: neutral
2026-05-27 12:32:45 | INFO     | Señal: WAIT | Estado: FORMING | Estado: FORMING | Score ponderado: 53% | Fase: neutral
2026-05-27 12:32:45 | INFO     | Señal: WAIT | Estado: FORMING | Estado: FORMING | Score ponderado: 53% | Fase: neutral
2026-05-27 12:32:45 | INFO     | Señal: WAIT | Estado: FORMING | Estado: FORMING | Score ponderado: 53% | Fase: neutral
2026-05-27 12:32:45 | INFO     | Señal: WAIT | Estado: READY | Estado: READY | Score ponderado: 60% | Fase: neutral
2026-05-27 12:32:45 | INFO     | Señal: WAIT | Estado: FORMING | Estado: FORMING | Score ponderado: 53% | Fase: neutral
2026-05-27 12:32:45 | INFO     | Señal: WAIT | Estado: FORMING | Estado: FORMING | Score ponderado: 53% | Fase: neutral
2026-05-27 12:32:45 | INFO     | Señal: WAIT | Estado: READY | Estado: READY | Score ponderado: 60% | Fase: neutral
2026-05-27 12:32:45 | INFO     | Señal: WAIT | Estado: FORMING | Estado: FORMING | Score ponderado: 53% | Fase: neutral
2026-05-27 12:32:45 | INFO     | Señal: WAIT | Estado: FORMING | Estado: FORMING | Score ponderado: 53% | Fase: neutral
2026-05-27 12:32:45 | INFO     | Señal: WAIT | Estado: FORMING | Estado: FORMING | Score ponderado: 53% | Fase: neutral
2026-05-27 12:32:45 | INFO     | Señal: WAIT | Estado: READY | Estado: READY | Score ponderado: 60% | Fase: neutral
2026-05-27 12:32:45 | INFO     | Señal: WAIT | Estado: FORMING | Estado: FORMING | Score ponderado: 53% | Fase: neutral
2026-05-27 12:32:45 | INFO     | Señal: WAIT | Estado: FORMING | Estado: FORMING | Score ponderado: 53% | Fase: neutral
2026-05-27 12:32:45 | INFO     | Señal: WAIT | Estado: FORMING | Estado: FORMING | Score ponderado: 53% | Fase: neutral
2026-05-27 12:32:45 | INFO     | Señal: WAIT | Estado: FORMING | Estado: FORMING | Score ponderado: 53% | Fase: neutral
2026-05-27 12:32:45 | INFO     | Señal: WAIT | Estado: FORMING | Estado: FORMING | Score ponderado: 53% | Fase: neutral
2026-05-27 12:32:45 | INFO     | Señal: WAIT | Estado: FORMING | Estado: FORMING | Score ponderado: 53% | Fase: neutral
2026-05-27 12:32:45 | INFO     | Señal: WAIT | Estado: READY | Estado: READY | Score ponderado: 60% | Fase: neutral
2026-05-27 12:32:45 | INFO     | Señal: WAIT | Estado: FORMING | Estado: FORMING | Score ponderado: 53% | Fase: neutral
2026-05-27 12:32:45 | INFO     | Señal: WAIT | Estado: FORMING | Estado: FORMING | Score ponderado: 53% | Fase: neutral
2026-05-27 12:32:45 | INFO     | Señal: WAIT | Estado: FORMING | Estado: FORMING | Score ponderado: 53% | Fase: neutral
2026-05-27 12:32:45 | INFO     | Señal: WAIT | Estado: FORMING | Estado: FORMING | Score ponderado: 53% | Fase: neutral
2026-05-27 12:32:45 | INFO     | Señal: WAIT | Estado: FORMING | Estado: FORMING | Score ponderado: 53% | Fase: neutral
2026-05-27 12:32:45 | INFO     | Señal: WAIT | Estado: READY | Estado: READY | Score ponderado: 60% | Fase: neutral
2026-05-27 12:32:45 | INFO     | Señal: WAIT | Estado: READY | Estado: READY | Score ponderado: 56% | Compresión detectada | Sin breakout → FORMING
2026-05-27 12:32:45 | INFO     | Señal: WAIT | Estado: READY | Estado: READY | Score ponderado: 63% | Compresión detectada | Sin breakout → FORMING
2026-05-27 12:32:45 | INFO     | Señal: WAIT | Estado: READY | Estado: READY | Score ponderado: 56% | Compresión detectada | Sin breakout → FORMING
2026-05-27 12:32:45 | INFO     | Señal: WAIT | Estado: READY | Estado: READY | Score ponderado: 56% | Compresión detectada | Sin breakout → FORMING
2026-05-27 12:32:45 | INFO     | Señal: WAIT | Estado: READY | Estado: READY | Score ponderado: 56% | Compresión detectada | Sin breakout → FORMING
2026-05-27 12:32:45 | INFO     | Señal: WAIT | Estado: READY | Estado: READY | Score ponderado: 56% | Compresión detectada | Sin breakout → FORMING
2026-05-27 12:32:45 | INFO     | Señal: WAIT | Estado: READY | Estado: READY | Score ponderado: 56% | Compresión detectada | Sin breakout → FORMING
2026-05-27 12:32:45 | INFO     | Señal: WAIT | Estado: READY | Estado: READY | Score ponderado: 63% | Compresión detectada | Sin breakout → FORMING
2026-05-27 12:32:45 | INFO     | Señal: WAIT | Estado: READY | Estado: READY | Score ponderado: 56% | Compresión detectada | Sin breakout → FORMING
2026-05-27 12:32:45 | INFO     | Señal: WAIT | Estado: READY | Estado: READY | Score ponderado: 56% | Compresión detectada | Sin breakout → FORMING
2026-05-27 12:32:45 | INFO     | Señal: WAIT | Estado: READY | Estado: READY | Score ponderado: 56% | Compresión detectada | Sin breakout → FORMING
2026-05-27 12:32:45 | INFO     | Señal: WAIT | Estado: READY | Estado: READY | Score ponderado: 56% | Compresión detectada | Sin breakout → FORMING
2026-05-27 12:32:45 | INFO     | Señal: WAIT | Estado: READY | Estado: READY | Score ponderado: 56% | Compresión detectada | Sin breakout → FORMING
2026-05-27 12:32:45 | INFO     | Señal: WAIT | Estado: READY | Estado: READY | Score ponderado: 56% | Compresión detectada | Sin breakout → FORMING
2026-05-27 12:32:45 | INFO     | Señal: WAIT | Estado: READY | Estado: READY | Score ponderado: 56% | Compresión detectada | Sin breakout → FORMING
2026-05-27 12:32:45 | INFO     | Señal: WAIT | Estado: READY | Estado: READY | Score ponderado: 56% | Compresión detectada | Sin breakout → FORMING
2026-05-27 12:32:45 | INFO     | Señal: WAIT | Estado: READY | Estado: READY | Score ponderado: 56% | Compresión detectada | Sin breakout → FORMING
2026-05-27 12:32:45 | INFO     | Señal: WAIT | Estado: READY | Estado: READY | Score ponderado: 56% | Compresión detectada | Sin breakout → FORMING
2026-05-27 12:32:45 | INFO     | Señal: WAIT | Estado: READY | Estado: READY | Score ponderado: 60% | Compresión detectada | Sin breakout → FORMING
2026-05-27 12:32:45 | INFO     | Señal: WAIT | Estado: READY | Estado: READY | Score ponderado: 63% | Compresión detectada | Sin breakout → FORMING
2026-05-27 12:32:45 | INFO     | Señal: WAIT | Estado: READY | Estado: READY | Score ponderado: 56% | Compresión detectada | Sin breakout → FORMING
2026-05-27 12:32:45 | INFO     | Señal: WAIT | Estado: READY | Estado: READY | Score ponderado: 56% | Compresión detectada | Sin breakout → FORMING
2026-05-27 12:32:45 | INFO     | Señal: WAIT | Estado: READY | Estado: READY | Score ponderado: 56% | Compresión detectada | Sin breakout → FORMING
2026-05-27 12:32:45 | INFO     | Señal: WAIT | Estado: READY | Estado: READY | Score ponderado: 56% | Compresión detectada | Sin breakout → FORMING
2026-05-27 12:32:45 | INFO     | Señal: WAIT | Estado: READY | Estado: READY | Score ponderado: 56% | Compresión detectada | Sin breakout → FORMING
2026-05-27 12:32:45 | INFO     | Señal: WAIT | Estado: READY | Estado: READY | Score ponderado: 56% | Compresión detectada | Sin breakout → FORMING
2026-05-27 12:32:45 | INFO     | Señal: WAIT | Estado: READY | Estado: READY | Score ponderado: 56% | Compresión detectada | Sin breakout → FORMING
2026-05-27 12:32:45 | INFO     | Señal: WAIT | Estado: READY | Estado: READY | Score ponderado: 56% | Compresión detectada | Sin breakout → FORMING
2026-05-27 12:32:45 | INFO     | Señal: WAIT | Estado: READY | Estado: READY | Score ponderado: 56% | Compresión detectada | Sin breakout → FORMING
2026-05-27 12:32:45 | INFO     | Señal: WAIT | Estado: READY | Estado: READY | Score ponderado: 56% | Compresión detectada | Sin breakout → FORMING
2026-05-27 12:32:45 | INFO     | Señal: WAIT | Estado: READY | Estado: READY | Score ponderado: 56% | Compresión detectada | Sin breakout → FORMING
2026-05-27 12:32:45 | INFO     | Señal: WAIT | Estado: READY | Estado: READY | Score ponderado: 56% | Compresión detectada | Sin breakout → FORMING
2026-05-27 12:32:45 | INFO     | Señal: WAIT | Estado: READY | Estado: READY | Score ponderado: 56% | Compresión detectada | Sin breakout → FORMING
2026-05-27 12:32:45 | INFO     | Señal: WAIT | Estado: READY | Estado: READY | Score ponderado: 56% | Compresión detectada | Sin breakout → FORMING
2026-05-27 12:32:45 | INFO     | Señal: WAIT | Estado: READY | Estado: READY | Score ponderado: 60% | Compresión detectada | Sin breakout → FORMING
2026-05-27 12:32:45 | INFO     | Señal: WAIT | Estado: READY | Estado: READY | Score ponderado: 56% | Compresión detectada | Sin breakout → FORMING
2026-05-27 12:32:45 | INFO     | Señal: WAIT | Estado: READY | Estado: READY | Score ponderado: 56% | Compresión detectada | Sin breakout → FORMING
2026-05-27 12:32:45 | INFO     | Señal: WAIT | Estado: READY | Estado: READY | Score ponderado: 63% | Compresión detectada | Sin breakout → FORMING
2026-05-27 12:32:45 | INFO     | Señal: WAIT | Estado: READY | Estado: READY | Score ponderado: 56% | Compresión detectada | Sin breakout → FORMING
2026-05-27 12:32:45 | INFO     | Señal: WAIT | Estado: READY | Estado: READY | Score ponderado: 56% | Compresión detectada | Sin breakout → FORMING
2026-05-27 12:32:45 | INFO     | Señal: WAIT | Estado: READY | Estado: READY | Score ponderado: 56% | Compresión detectada | Sin breakout → FORMING
2026-05-27 12:32:45 | INFO     | Señal: WAIT | Estado: READY | Estado: READY | Score ponderado: 56% | Compresión detectada | Sin breakout → FORMING
2026-05-27 12:32:45 | INFO     | Señal: WAIT | Estado: READY | Estado: READY | Score ponderado: 56% | Compresión detectada | Sin breakout → FORMING
2026-05-27 12:32:45 | INFO     | Señal: WAIT | Estado: READY | Estado: READY | Score ponderado: 63% | Compresión detectada | Sin breakout → FORMING
2026-05-27 12:32:45 | INFO     | Señal: WAIT | Estado: READY | Estado: READY | Score ponderado: 56% | Compresión detectada | Sin breakout → FORMING
2026-05-27 12:32:45 | INFO     | Señal: WAIT | Estado: READY | Estado: READY | Score ponderado: 56% | Compresión detectada | Sin breakout → FORMING
2026-05-27 12:32:45 | INFO     | Señal: WAIT | Estado: READY | Estado: READY | Score ponderado: 56% | Compresión detectada | Sin breakout → FORMING
2026-05-27 12:32:45 | INFO     | Señal: WAIT | Estado: READY | Estado: READY | Score ponderado: 56% | Compresión detectada | Sin breakout → FORMING
2026-05-27 12:32:45 | INFO     | Señal: WAIT | Estado: READY | Estado: READY | Score ponderado: 56% | Compresión detectada | Sin breakout → FORMING
2026-05-27 12:32:45 | INFO     | Señal: WAIT | Estado: READY | Estado: READY | Score ponderado: 56% | Compresión detectada | Sin breakout → FORMING
2026-05-27 12:32:45 | INFO     | Señal: WAIT | Estado: READY | Estado: READY | Score ponderado: 56% | Compresión detectada | Sin breakout → FORMING
2026-05-27 12:32:45 | INFO     | Señal: WAIT | Estado: READY | Estado: READY | Score ponderado: 56% | Compresión detectada | Sin breakout → FORMING
2026-05-27 12:32:45 | INFO     | Señal: WAIT | Estado: READY | Estado: READY | Score ponderado: 56% | Compresión detectada | Sin breakout → FORMING
2026-05-27 12:32:45 | INFO     | Señal: WAIT | Estado: READY | Estado: READY | Score ponderado: 60% | Compresión detectada | Sin breakout → FORMING
2026-05-27 12:32:45 | INFO     | Señal: WAIT | Estado: READY | Estado: READY | Score ponderado: 56% | Compresión detectada | Sin breakout → FORMING
2026-05-27 12:32:45 | INFO     | Señal: WAIT | Estado: READY | Estado: READY | Score ponderado: 56% | Compresión detectada | Sin breakout → FORMING
2026-05-27 12:32:45 | INFO     | Señal: WAIT | Estado: READY | Estado: READY | Score ponderado: 63% | Compresión detectada | Sin breakout → FORMING
2026-05-27 12:32:45 | INFO     | Señal: WAIT | Estado: READY | Estado: READY | Score ponderado: 63% | Compresión detectada | Sin breakout → FORMING
2026-05-27 12:32:45 | INFO     | Señal: WAIT | Estado: READY | Estado: READY | Score ponderado: 63% | Compresión detectada | Sin breakout → FORMING
2026-05-27 12:32:45 | INFO     | Señal: WAIT | Estado: READY | Estado: READY | Score ponderado: 56% | Compresión detectada | Sin breakout → FORMING
2026-05-27 12:32:45 | INFO     | Señal: WAIT | Estado: READY | Estado: READY | Score ponderado: 56% | Compresión detectada | Sin breakout → FORMING
2026-05-27 12:32:45 | INFO     | Señal: WAIT | Estado: READY | Estado: READY | Score ponderado: 56% | Compresión detectada | Sin breakout → FORMING
2026-05-27 12:32:45 | INFO     | Señal: WAIT | Estado: READY | Estado: READY | Score ponderado: 56% | Compresión detectada | Sin breakout → FORMING
2026-05-27 12:32:45 | INFO     | Señal: WAIT | Estado: READY | Estado: READY | Score ponderado: 60% | Compresión detectada | Sin breakout → FORMING
2026-05-27 12:32:45 | INFO     | Señal: WAIT | Estado: READY | Estado: READY | Score ponderado: 56% | Compresión detectada | Sin breakout → FORMING
2026-05-27 12:32:45 | INFO     | Señal: WAIT | Estado: READY | Estado: READY | Score ponderado: 60% | Compresión detectada | Sin breakout → FORMING
2026-05-27 12:32:45 | INFO     | Señal: WAIT | Estado: READY | Estado: READY | Score ponderado: 56% | Compresión detectada | Sin breakout → FORMING
2026-05-27 12:32:45 | INFO     | Señal: WAIT | Estado: READY | Estado: READY | Score ponderado: 56% | Compresión detectada | Sin breakout → FORMING
2026-05-27 12:32:45 | INFO     | Señal: WAIT | Estado: READY | Estado: READY | Score ponderado: 56% | Compresión detectada | Sin breakout → FORMING
2026-05-27 12:32:45 | INFO     | Señal: WAIT | Estado: READY | Estado: READY | Score ponderado: 56% | Compresión detectada | Sin breakout → FORMING
2026-05-27 12:32:45 | INFO     | Señal: WAIT | Estado: READY | Estado: READY | Score ponderado: 56% | Compresión detectada | Sin breakout → FORMING
2026-05-27 12:32:45 | INFO     | Señal: WAIT | Estado: READY | Estado: READY | Score ponderado: 56% | Compresión detectada | Sin breakout → FORMING
2026-05-27 12:32:45 | INFO     | Señal: WAIT | Estado: FORMING | Estado: FORMING | Score ponderado: 53% | Fase: neutral
2026-05-27 12:32:45 | INFO     | Señal: WAIT | Estado: FORMING | Estado: FORMING | Score ponderado: 53% | Fase: neutral
2026-05-27 12:32:45 | INFO     | Señal: WAIT | Estado: READY | Estado: READY | Score ponderado: 60% | Fase: neutral
2026-05-27 12:32:45 | INFO     | Señal: WAIT | Estado: READY | Estado: READY | Score ponderado: 60% | Fase: neutral
2026-05-27 12:32:45 | INFO     | Señal: WAIT | Estado: READY | Estado: READY | Score ponderado: 60% | Fase: neutral
2026-05-27 12:32:45 | INFO     | Señal: WAIT | Estado: READY | Estado: READY | Score ponderado: 60% | Fase: neutral
2026-05-27 12:32:45 | INFO     | Señal: WAIT | Estado: FORMING | Estado: FORMING | Score ponderado: 53% | Fase: neutral
2026-05-27 12:32:45 | INFO     | Señal: WAIT | Estado: FORMING | Estado: FORMING | Score ponderado: 53% | Fase: neutral
2026-05-27 12:32:45 | INFO     | Señal: WAIT | Estado: FORMING | Estado: FORMING | Score ponderado: 53% | Fase: neutral
2026-05-27 12:32:45 | INFO     | Señal: WAIT | Estado: FORMING | Estado: FORMING | Score ponderado: 57% | Fase: neutral
2026-05-27 12:32:45 | INFO     | Señal: WAIT | Estado: FORMING | Estado: FORMING | Score ponderado: 53% | Fase: neutral
2026-05-27 12:32:45 | INFO     | Señal: WAIT | Estado: FORMING | Estado: FORMING | Score ponderado: 53% | Fase: neutral
2026-05-27 12:32:45 | INFO     | Señal: WAIT | Estado: FORMING | Estado: FORMING | Score ponderado: 57% | Fase: neutral
2026-05-27 12:32:45 | INFO     | Señal: WAIT | Estado: FORMING | Estado: FORMING | Score ponderado: 57% | Fase: neutral
2026-05-27 12:32:45 | INFO     | Señal: WAIT | Estado: FORMING | Estado: FORMING | Score ponderado: 57% | Fase: neutral
2026-05-27 12:32:45 | INFO     | Señal: WAIT | Estado: FORMING | Estado: FORMING | Score ponderado: 53% | Fase: neutral
2026-05-27 12:32:45 | INFO     | Señal: SHORT | Estado: EXECUTE | Estado: EXECUTE | Score ponderado: 60% | Fase: neutral
2026-05-27 12:32:45 | INFO     | Señal: SHORT | Estado: EXECUTE | Estado: EXECUTE | Score ponderado: 60% | Fase: neutral
2026-05-27 12:32:45 | INFO     | Señal: WAIT | Estado: FORMING | Estado: FORMING | Score ponderado: 54% | Fase: neutral
2026-05-27 12:32:45 | INFO     | Señal: WAIT | Estado: FORMING | Estado: FORMING | Score ponderado: 54% | Fase: neutral
2026-05-27 12:32:45 | INFO     | Señal: WAIT | Estado: FORMING | Estado: FORMING | Score ponderado: 54% | Fase: neutral
2026-05-27 12:32:45 | INFO     | Señal: WAIT | Estado: FORMING | Estado: FORMING | Score ponderado: 54% | Fase: neutral
2026-05-27 12:32:45 | INFO     | Señal: WAIT | Estado: FORMING | Estado: FORMING | Score ponderado: 54% | Fase: neutral
2026-05-27 12:32:45 | INFO     | Señal: WAIT | Estado: FORMING | Estado: FORMING | Score ponderado: 51% | Fase: neutral
2026-05-27 12:32:45 | INFO     | Señal: SHORT | Estado: EXECUTE | Estado: EXECUTE | Score ponderado: 60% | Fase: neutral
2026-05-27 12:32:45 | INFO     | Señal: WAIT | Estado: FORMING | Estado: FORMING | Score ponderado: 53% | Fase: neutral
2026-05-27 12:32:45 | INFO     | Señal: WAIT | Estado: FORMING | Estado: FORMING | Score ponderado: 53% | Fase: neutral
2026-05-27 12:32:45 | INFO     | Señal: WAIT | Estado: FORMING | Estado: FORMING | Score ponderado: 53% | Fase: neutral
2026-05-27 12:32:45 | INFO     | Señal: WAIT | Estado: FORMING | Estado: FORMING | Score ponderado: 53% | Fase: neutral
2026-05-27 12:32:45 | INFO     | Señal: WAIT | Estado: FORMING | Estado: FORMING | Score ponderado: 57% | Fase: neutral
2026-05-27 12:32:45 | INFO     | Señal: WAIT | Estado: FORMING | Estado: FORMING | Score ponderado: 57% | Fase: neutral
2026-05-27 12:32:45 | INFO     | Señal: WAIT | Estado: FORMING | Estado: FORMING | Score ponderado: 53% | Fase: neutral
2026-05-27 12:32:45 | INFO     | Señal: WAIT | Estado: FORMING | Estado: FORMING | Score ponderado: 53% | Fase: neutral
2026-05-27 12:32:45 | INFO     | Señal: WAIT | Estado: FORMING | Estado: FORMING | Score ponderado: 53% | Fase: neutral
2026-05-27 12:32:45 | INFO     | Señal: WAIT | Estado: FORMING | Estado: FORMING | Score ponderado: 53% | Fase: neutral
2026-05-27 12:32:45 | INFO     | Señal: WAIT | Estado: FORMING | Estado: FORMING | Score ponderado: 53% | Fase: neutral
2026-05-27 12:32:45 | INFO     | Señal: WAIT | Estado: READY | Estado: READY | Score ponderado: 56% | Compresión detectada | Sin breakout → FORMING
2026-05-27 12:32:45 | INFO     | Señal: WAIT | Estado: READY | Estado: READY | Score ponderado: 56% | Compresión detectada | Sin breakout → FORMING
2026-05-27 12:32:45 | INFO     | Señal: WAIT | Estado: READY | Estado: READY | Score ponderado: 56% | Compresión detectada | Sin breakout → FORMING
2026-05-27 12:32:45 | INFO     | Señal: WAIT | Estado: READY | Estado: READY | Score ponderado: 56% | Compresión detectada | Sin breakout → FORMING
2026-05-27 12:32:45 | INFO     | Señal: WAIT | Estado: READY | Estado: READY | Score ponderado: 56% | Compresión detectada | Sin breakout → FORMING
2026-05-27 12:32:45 | INFO     | Señal: WAIT | Estado: READY | Estado: READY | Score ponderado: 56% | Compresión detectada | Sin breakout → FORMING
2026-05-27 12:32:45 | INFO     | Señal: WAIT | Estado: READY | Estado: READY | Score ponderado: 56% | Compresión detectada | Sin breakout → FORMING
2026-05-27 12:38:30 | INFO     | Señal: WAIT | Estado: INVALID | Estado: INVALID | Score ponderado: 46% | Compresión detectada | Sin breakout → FORMING
2026-05-27 12:38:30 | INFO     | Señal: WAIT | Estado: INVALID | Estado: INVALID | Score ponderado: 46% | Compresión detectada | Sin breakout → FORMING
2026-05-27 12:38:30 | INFO     | Señal: WAIT | Estado: INVALID | Estado: INVALID | Score ponderado: 46% | Compresión detectada | Sin breakout → FORMING
2026-05-27 12:38:30 | INFO     | Señal: WAIT | Estado: INVALID | Estado: INVALID | Score ponderado: 46% | Compresión detectada | Sin breakout → FORMING
2026-05-27 12:38:30 | INFO     | Señal: WAIT | Estado: INVALID | Estado: INVALID | Score ponderado: 43% | Fase: neutral
2026-05-27 12:38:30 | INFO     | Señal: WAIT | Estado: INVALID | Estado: INVALID | Score ponderado: 43% | Fase: neutral
2026-05-27 12:38:30 | INFO     | Señal: WAIT | Estado: INVALID | Estado: INVALID | Score ponderado: 50% | Fase: neutral
2026-05-27 12:38:30 | INFO     | Señal: WAIT | Estado: INVALID | Estado: INVALID | Score ponderado: 43% | Fase: neutral
2026-05-27 12:38:30 | INFO     | Señal: WAIT | Estado: INVALID | Estado: INVALID | Score ponderado: 43% | Fase: neutral
2026-05-27 12:38:30 | INFO     | Señal: WAIT | Estado: INVALID | Estado: INVALID | Score ponderado: 50% | Fase: neutral
2026-05-27 12:38:30 | INFO     | Señal: WAIT | Estado: INVALID | Estado: INVALID | Score ponderado: 50% | Fase: neutral
2026-05-27 12:38:30 | INFO     | Señal: WAIT | Estado: INVALID | Estado: INVALID | Score ponderado: 50% | Fase: neutral
2026-05-27 12:38:30 | INFO     | Señal: WAIT | Estado: INVALID | Estado: INVALID | Score ponderado: 43% | Fase: neutral
2026-05-27 12:38:30 | INFO     | Señal: WAIT | Estado: INVALID | Estado: INVALID | Score ponderado: 43% | Fase: neutral
2026-05-27 12:38:30 | INFO     | Señal: WAIT | Estado: INVALID | Estado: INVALID | Score ponderado: 50% | Fase: neutral
2026-05-27 12:38:30 | INFO     | Señal: WAIT | Estado: INVALID | Estado: INVALID | Score ponderado: 50% | Fase: neutral
2026-05-27 12:38:30 | INFO     | Señal: WAIT | Estado: INVALID | Estado: INVALID | Score ponderado: 47% | Fase: neutral
2026-05-27 12:38:30 | INFO     | Señal: WAIT | Estado: INVALID | Estado: INVALID | Score ponderado: 43% | Fase: neutral
2026-05-27 12:38:30 | INFO     | Señal: WAIT | Estado: INVALID | Estado: INVALID | Score ponderado: 50% | Fase: neutral
2026-05-27 12:38:30 | INFO     | Señal: WAIT | Estado: INVALID | Estado: INVALID | Score ponderado: 50% | Fase: neutral
2026-05-27 12:38:30 | INFO     | Señal: WAIT | Estado: INVALID | Estado: INVALID | Score ponderado: 50% | Fase: neutral
2026-05-27 12:38:30 | INFO     | Señal: WAIT | Estado: INVALID | Estado: INVALID | Score ponderado: 47% | Fase: neutral
2026-05-27 12:38:30 | INFO     | Señal: WAIT | Estado: INVALID | Estado: INVALID | Score ponderado: 43% | Fase: neutral
2026-05-27 12:38:30 | INFO     | Señal: WAIT | Estado: INVALID | Estado: INVALID | Score ponderado: 43% | Fase: neutral
2026-05-27 12:38:30 | INFO     | Señal: WAIT | Estado: INVALID | Estado: INVALID | Score ponderado: 43% | Fase: neutral
2026-05-27 12:38:30 | INFO     | Señal: WAIT | Estado: INVALID | Estado: INVALID | Score ponderado: 43% | Fase: neutral
2026-05-27 12:38:30 | INFO     | Señal: WAIT | Estado: INVALID | Estado: INVALID | Score ponderado: 43% | Fase: neutral
2026-05-27 12:38:30 | INFO     | Señal: WAIT | Estado: INVALID | Estado: INVALID | Score ponderado: 43% | Fase: neutral
2026-05-27 12:38:30 | INFO     | Señal: WAIT | Estado: INVALID | Estado: INVALID | Score ponderado: 43% | Fase: neutral
2026-05-27 12:38:30 | INFO     | Señal: WAIT | Estado: INVALID | Estado: INVALID | Score ponderado: 43% | Fase: neutral
2026-05-27 12:38:30 | INFO     | Señal: WAIT | Estado: INVALID | Estado: INVALID | Score ponderado: 43% | Fase: neutral
2026-05-27 12:38:30 | INFO     | Señal: WAIT | Estado: READY | Estado: READY | Score ponderado: 65% | Fase: neutral
2026-05-27 12:38:30 | INFO     | Señal: WAIT | Estado: READY | Estado: READY | Score ponderado: 65% | Fase: neutral
2026-05-27 12:38:30 | INFO     | Señal: WAIT | Estado: READY | Estado: READY | Score ponderado: 65% | Fase: neutral
2026-05-27 12:38:30 | INFO     | Señal: WAIT | Estado: READY | Estado: READY | Score ponderado: 65% | Fase: neutral
2026-05-27 12:38:30 | INFO     | Señal: WAIT | Estado: READY | Estado: READY | Score ponderado: 65% | Fase: neutral
2026-05-27 12:38:30 | INFO     | Señal: WAIT | Estado: READY | Estado: READY | Score ponderado: 65% | Fase: neutral
2026-05-27 12:38:30 | INFO     | Señal: WAIT | Estado: READY | Estado: READY | Score ponderado: 65% | Fase: neutral
2026-05-27 12:38:30 | INFO     | Señal: WAIT | Estado: READY | Estado: READY | Score ponderado: 65% | Fase: neutral
2026-05-27 12:38:30 | INFO     | Señal: WAIT | Estado: READY | Estado: READY | Score ponderado: 69% | Fase: neutral
2026-05-27 12:38:30 | INFO     | Señal: WAIT | Estado: READY | Estado: READY | Score ponderado: 72% | Fase: neutral
2026-05-27 12:38:30 | INFO     | Señal: WAIT | Estado: READY | Estado: READY | Score ponderado: 72% | Fase: neutral
2026-05-27 12:38:30 | INFO     | Señal: WAIT | Estado: READY | Estado: READY | Score ponderado: 65% | Fase: neutral
2026-05-27 12:38:30 | INFO     | Señal: WAIT | Estado: READY | Estado: READY | Score ponderado: 72% | Fase: neutral
2026-05-27 12:38:30 | INFO     | Señal: WAIT | Estado: READY | Estado: READY | Score ponderado: 65% | Fase: neutral
2026-05-27 12:38:30 | INFO     | Señal: WAIT | Estado: READY | Estado: READY | Score ponderado: 65% | Fase: neutral
2026-05-27 12:38:30 | INFO     | Señal: WAIT | Estado: READY | Estado: READY | Score ponderado: 65% | Fase: neutral
2026-05-27 12:38:30 | INFO     | Señal: WAIT | Estado: READY | Estado: READY | Score ponderado: 65% | Fase: neutral
2026-05-27 12:38:30 | INFO     | Señal: WAIT | Estado: READY | Estado: READY | Score ponderado: 65% | Fase: neutral
2026-05-27 12:38:30 | INFO     | Señal: WAIT | Estado: READY | Estado: READY | Score ponderado: 65% | Fase: neutral
2026-05-27 12:38:30 | INFO     | Señal: WAIT | Estado: READY | Estado: READY | Score ponderado: 65% | Fase: neutral
2026-05-27 12:38:30 | INFO     | Señal: WAIT | Estado: READY | Estado: READY | Score ponderado: 65% | Fase: neutral
2026-05-27 12:38:30 | INFO     | Señal: WAIT | Estado: READY | Estado: READY | Score ponderado: 75% | Compresión detectada | Sin breakout → FORMING
2026-05-27 12:38:30 | INFO     | Señal: WAIT | Estado: READY | Estado: READY | Score ponderado: 68% | Compresión detectada | Sin breakout → FORMING
2026-05-27 12:38:30 | INFO     | Señal: WAIT | Estado: READY | Estado: READY | Score ponderado: 72% | Compresión detectada | Sin breakout → FORMING
2026-05-27 12:38:30 | INFO     | Señal: WAIT | Estado: READY | Estado: READY | Score ponderado: 68% | Compresión detectada | Sin breakout → FORMING
2026-05-27 12:38:30 | INFO     | Señal: WAIT | Estado: READY | Estado: READY | Score ponderado: 68% | Compresión detectada | Sin breakout → FORMING
2026-05-27 12:38:30 | INFO     | Señal: WAIT | Estado: READY | Estado: READY | Score ponderado: 68% | Compresión detectada | Sin breakout → FORMING
2026-05-27 12:38:30 | INFO     | Señal: WAIT | Estado: READY | Estado: READY | Score ponderado: 68% | Compresión detectada | Sin breakout → FORMING
2026-05-27 12:38:30 | INFO     | Señal: WAIT | Estado: READY | Estado: READY | Score ponderado: 68% | Compresión detectada | Sin breakout → FORMING
2026-05-27 12:38:30 | INFO     | Señal: WAIT | Estado: READY | Estado: READY | Score ponderado: 68% | Compresión detectada | Sin breakout → FORMING
2026-05-27 12:38:30 | INFO     | Señal: WAIT | Estado: READY | Estado: READY | Score ponderado: 68% | Compresión detectada | Sin breakout → FORMING
2026-05-27 12:38:30 | INFO     | Señal: WAIT | Estado: READY | Estado: READY | Score ponderado: 68% | Compresión detectada | Sin breakout → FORMING
2026-05-27 12:38:30 | INFO     | Señal: WAIT | Estado: READY | Estado: READY | Score ponderado: 68% | Compresión detectada | Sin breakout → FORMING
2026-05-27 12:38:30 | INFO     | Señal: WAIT | Estado: READY | Estado: READY | Score ponderado: 68% | Compresión detectada | Sin breakout → FORMING
2026-05-27 12:38:30 | INFO     | Señal: WAIT | Estado: READY | Estado: READY | Score ponderado: 68% | Compresión detectada | Sin breakout → FORMING
2026-05-27 12:38:30 | INFO     | Señal: WAIT | Estado: READY | Estado: READY | Score ponderado: 68% | Compresión detectada | Sin breakout → FORMING
2026-05-27 12:38:30 | INFO     | Señal: WAIT | Estado: READY | Estado: READY | Score ponderado: 68% | Compresión detectada | Sin breakout → FORMING
2026-05-27 12:38:30 | INFO     | Señal: WAIT | Estado: READY | Estado: READY | Score ponderado: 68% | Compresión detectada | Sin breakout → FORMING
2026-05-27 12:38:30 | INFO     | Señal: WAIT | Estado: READY | Estado: READY | Score ponderado: 68% | Compresión detectada | Sin breakout → FORMING
2026-05-27 12:38:30 | INFO     | Señal: WAIT | Estado: READY | Estado: READY | Score ponderado: 68% | Compresión detectada | Sin breakout → FORMING
2026-05-27 12:38:30 | INFO     | Señal: WAIT | Estado: READY | Estado: READY | Score ponderado: 68% | Compresión detectada | Sin breakout → FORMING
2026-05-27 12:38:30 | INFO     | Señal: WAIT | Estado: READY | Estado: READY | Score ponderado: 68% | Compresión detectada | Sin breakout → FORMING
2026-05-27 12:38:30 | INFO     | Señal: WAIT | Estado: READY | Estado: READY | Score ponderado: 68% | Compresión detectada | Sin breakout → FORMING
2026-05-27 12:38:30 | INFO     | Señal: WAIT | Estado: READY | Estado: READY | Score ponderado: 68% | Compresión detectada | Sin breakout → FORMING
2026-05-27 12:38:30 | INFO     | Señal: WAIT | Estado: READY | Estado: READY | Score ponderado: 68% | Compresión detectada | Sin breakout → FORMING
2026-05-27 12:38:30 | INFO     | Señal: WAIT | Estado: READY | Estado: READY | Score ponderado: 68% | Compresión detectada | Sin breakout → FORMING
2026-05-27 12:38:30 | INFO     | Señal: WAIT | Estado: READY | Estado: READY | Score ponderado: 68% | Compresión detectada | Sin breakout → FORMING
2026-05-27 12:38:30 | INFO     | Señal: WAIT | Estado: READY | Estado: READY | Score ponderado: 68% | Compresión detectada | Sin breakout → FORMING
2026-05-27 12:38:30 | INFO     | Señal: WAIT | Estado: READY | Estado: READY | Score ponderado: 75% | Compresión detectada | Sin breakout → FORMING
2026-05-27 12:38:30 | INFO     | Señal: WAIT | Estado: READY | Estado: READY | Score ponderado: 68% | Compresión detectada | Sin breakout → FORMING
2026-05-27 12:38:30 | INFO     | Señal: WAIT | Estado: READY | Estado: READY | Score ponderado: 68% | Compresión detectada | Sin breakout → FORMING
2026-05-27 12:38:30 | INFO     | Señal: WAIT | Estado: READY | Estado: READY | Score ponderado: 68% | Compresión detectada | Sin breakout → FORMING
2026-05-27 12:38:30 | INFO     | Señal: WAIT | Estado: READY | Estado: READY | Score ponderado: 68% | Compresión detectada | Sin breakout → FORMING
2026-05-27 12:38:30 | INFO     | Señal: WAIT | Estado: READY | Estado: READY | Score ponderado: 68% | Compresión detectada | Sin breakout → FORMING
2026-05-27 12:38:30 | INFO     | Señal: WAIT | Estado: READY | Estado: READY | Score ponderado: 68% | Compresión detectada | Sin breakout → FORMING
2026-05-27 12:38:30 | INFO     | Señal: WAIT | Estado: READY | Estado: READY | Score ponderado: 68% | Compresión detectada | Sin breakout → FORMING
2026-05-27 12:38:30 | INFO     | Señal: WAIT | Estado: READY | Estado: READY | Score ponderado: 68% | Compresión detectada | Sin breakout → FORMING
2026-05-27 12:38:30 | INFO     | Señal: WAIT | Estado: READY | Estado: READY | Score ponderado: 67% | Fase: neutral
2026-05-27 12:38:30 | INFO     | Señal: WAIT | Estado: READY | Estado: READY | Score ponderado: 67% | Fase: neutral
2026-05-27 12:38:30 | INFO     | Señal: WAIT | Estado: READY | Estado: READY | Score ponderado: 60% | Fase: neutral
2026-05-27 12:38:30 | INFO     | Señal: WAIT | Estado: READY | Estado: READY | Score ponderado: 60% | Fase: neutral
2026-05-27 12:38:30 | INFO     | Señal: WAIT | Estado: READY | Estado: READY | Score ponderado: 60% | Fase: neutral
2026-05-27 12:38:30 | INFO     | Señal: WAIT | Estado: READY | Estado: READY | Score ponderado: 67% | Fase: neutral
2026-05-27 12:38:30 | INFO     | Señal: WAIT | Estado: INVALID | Estado: INVALID | Score ponderado: 50% | Fase: neutral
2026-05-27 12:38:30 | INFO     | Señal: WAIT | Estado: INVALID | Estado: INVALID | Score ponderado: 50% | Fase: neutral
2026-05-27 12:38:30 | INFO     | Señal: WAIT | Estado: INVALID | Estado: INVALID | Score ponderado: 50% | Fase: neutral
2026-05-27 12:38:30 | INFO     | Señal: WAIT | Estado: READY | Estado: READY | Score ponderado: 60% | Fase: neutral
2026-05-27 12:38:30 | INFO     | Señal: WAIT | Estado: READY | Estado: READY | Score ponderado: 60% | Fase: neutral
2026-05-27 12:38:30 | INFO     | Señal: WAIT | Estado: READY | Estado: READY | Score ponderado: 60% | Fase: neutral
2026-05-27 12:38:30 | INFO     | Señal: WAIT | Estado: READY | Estado: READY | Score ponderado: 60% | Fase: neutral
2026-05-27 12:38:30 | INFO     | Señal: WAIT | Estado: READY | Estado: READY | Score ponderado: 60% | Fase: neutral
2026-05-27 12:38:30 | INFO     | Señal: WAIT | Estado: READY | Estado: READY | Score ponderado: 60% | Fase: neutral
2026-05-27 12:38:30 | INFO     | Señal: WAIT | Estado: READY | Estado: READY | Score ponderado: 60% | Fase: neutral
2026-05-27 12:38:30 | INFO     | Señal: WAIT | Estado: READY | Estado: READY | Score ponderado: 60% | Fase: neutral
2026-05-27 12:38:30 | INFO     | Señal: WAIT | Estado: READY | Estado: READY | Score ponderado: 64% | Fase: neutral
2026-05-27 12:38:30 | INFO     | Señal: WAIT | Estado: INVALID | Estado: INVALID | Score ponderado: 52% | Fase: neutral
2026-05-27 12:38:30 | INFO     | Señal: WAIT | Estado: INVALID | Estado: INVALID | Score ponderado: 55% | Fase: neutral
2026-05-27 12:38:30 | INFO     | Señal: WAIT | Estado: INVALID | Estado: INVALID | Score ponderado: 48% | Fase: neutral
2026-05-27 12:38:30 | INFO     | Señal: WAIT | Estado: READY | Estado: READY | Score ponderado: 64% | Fase: neutral
2026-05-27 12:38:30 | INFO     | Señal: WAIT | Estado: READY | Estado: READY | Score ponderado: 60% | Fase: neutral
2026-05-27 12:38:30 | INFO     | Señal: WAIT | Estado: READY | Estado: READY | Score ponderado: 60% | Fase: neutral
2026-05-27 12:38:30 | INFO     | Señal: WAIT | Estado: INVALID | Estado: INVALID | Score ponderado: 55% | Fase: neutral
2026-05-27 12:38:30 | INFO     | Señal: WAIT | Estado: INVALID | Estado: INVALID | Score ponderado: 48% | Fase: neutral
2026-05-27 12:38:30 | INFO     | Señal: WAIT | Estado: INVALID | Estado: INVALID | Score ponderado: 55% | Fase: neutral
2026-05-27 12:38:30 | INFO     | Señal: WAIT | Estado: READY | Estado: READY | Score ponderado: 60% | Fase: neutral
2026-05-27 12:38:30 | INFO     | Señal: WAIT | Estado: READY | Estado: READY | Score ponderado: 60% | Fase: neutral
2026-05-27 12:38:30 | INFO     | Señal: WAIT | Estado: READY | Estado: READY | Score ponderado: 60% | Fase: neutral
2026-05-27 12:38:30 | INFO     | Señal: WAIT | Estado: READY | Estado: READY | Score ponderado: 60% | Fase: neutral
2026-05-27 12:38:30 | INFO     | Señal: WAIT | Estado: READY | Estado: READY | Score ponderado: 60% | Fase: neutral
2026-05-27 12:38:30 | INFO     | Señal: WAIT | Estado: READY | Estado: READY | Score ponderado: 60% | Fase: neutral
2026-05-27 12:38:30 | INFO     | Señal: WAIT | Estado: READY | Estado: READY | Score ponderado: 60% | Fase: neutral
2026-05-27 12:38:30 | INFO     | Señal: WAIT | Estado: READY | Estado: READY | Score ponderado: 60% | Fase: neutral
2026-05-27 12:38:30 | INFO     | Señal: WAIT | Estado: READY | Estado: READY | Score ponderado: 60% | Fase: neutral
2026-05-27 12:38:30 | INFO     | Señal: WAIT | Estado: READY | Estado: READY | Score ponderado: 65% | Fase: neutral
2026-05-27 12:38:30 | INFO     | Señal: WAIT | Estado: READY | Estado: READY | Score ponderado: 65% | Fase: neutral
2026-05-27 12:38:30 | INFO     | Señal: WAIT | Estado: READY | Estado: READY | Score ponderado: 65% | Fase: neutral
2026-05-27 12:38:30 | INFO     | Señal: WAIT | Estado: INVALID | Estado: INVALID | Score ponderado: 43% | Fase: neutral
2026-05-27 12:38:30 | INFO     | Señal: WAIT | Estado: INVALID | Estado: INVALID | Score ponderado: 43% | Fase: neutral
2026-05-27 12:38:30 | INFO     | Señal: WAIT | Estado: INVALID | Estado: INVALID | Score ponderado: 43% | Fase: neutral
2026-05-27 12:38:30 | INFO     | Señal: WAIT | Estado: INVALID | Estado: INVALID | Score ponderado: 43% | Fase: neutral
2026-05-27 12:38:30 | INFO     | Señal: WAIT | Estado: INVALID | Estado: INVALID | Score ponderado: 47% | Fase: neutral
2026-05-27 12:38:30 | INFO     | Señal: WAIT | Estado: INVALID | Estado: INVALID | Score ponderado: 50% | Fase: neutral
2026-05-27 12:38:30 | INFO     | Señal: WAIT | Estado: INVALID | Estado: INVALID | Score ponderado: 43% | Fase: neutral
2026-05-27 12:38:30 | INFO     | Señal: WAIT | Estado: INVALID | Estado: INVALID | Score ponderado: 43% | Fase: neutral
2026-05-27 12:38:30 | INFO     | Señal: WAIT | Estado: INVALID | Estado: INVALID | Score ponderado: 43% | Fase: neutral
2026-05-27 12:38:30 | INFO     | Señal: WAIT | Estado: INVALID | Estado: INVALID | Score ponderado: 47% | Compresión detectada | Sin breakout → FORMING
2026-05-27 12:38:30 | INFO     | Señal: WAIT | Estado: INVALID | Estado: INVALID | Score ponderado: 40% | Compresión detectada | Sin breakout → FORMING
2026-05-27 12:38:30 | INFO     | Señal: WAIT | Estado: INVALID | Estado: INVALID | Score ponderado: 40% | Compresión detectada | Sin breakout → FORMING
2026-05-27 12:38:30 | INFO     | Señal: WAIT | Estado: INVALID | Estado: INVALID | Score ponderado: 44% | Compresión detectada | Sin breakout → FORMING
2026-05-27 12:38:30 | INFO     | Señal: WAIT | Estado: INVALID | Estado: INVALID | Score ponderado: 40% | Compresión detectada | Sin breakout → FORMING
2026-05-27 12:38:30 | INFO     | Señal: WAIT | Estado: INVALID | Estado: INVALID | Score ponderado: 40% | Compresión detectada | Sin breakout → FORMING
2026-05-27 12:38:30 | INFO     | Señal: WAIT | Estado: INVALID | Estado: INVALID | Score ponderado: 40% | Compresión detectada | Sin breakout → FORMING
2026-05-27 12:38:30 | INFO     | Señal: WAIT | Estado: INVALID | Estado: INVALID | Score ponderado: 40% | Compresión detectada | Sin breakout → FORMING
2026-05-27 12:38:30 | INFO     | Señal: WAIT | Estado: INVALID | Estado: INVALID | Score ponderado: 40% | Compresión detectada | Sin breakout → FORMING
2026-05-27 12:38:30 | INFO     | Señal: WAIT | Estado: INVALID | Estado: INVALID | Score ponderado: 44% | Compresión detectada | Sin breakout → FORMING
2026-05-27 12:38:30 | INFO     | Señal: WAIT | Estado: INVALID | Estado: INVALID | Score ponderado: 40% | Compresión detectada | Sin breakout → FORMING
2026-05-27 12:38:30 | INFO     | Señal: WAIT | Estado: INVALID | Estado: INVALID | Score ponderado: 40% | Compresión detectada | Sin breakout → FORMING
2026-05-27 12:38:30 | INFO     | Señal: WAIT | Estado: INVALID | Estado: INVALID | Score ponderado: 44% | Fase: neutral
2026-05-27 12:38:30 | INFO     | Señal: WAIT | Estado: INVALID | Estado: INVALID | Score ponderado: 44% | Fase: neutral
2026-05-27 12:38:30 | INFO     | Señal: WAIT | Estado: INVALID | Estado: INVALID | Score ponderado: 37% | Fase: neutral
2026-05-27 12:38:30 | INFO     | Señal: WAIT | Estado: INVALID | Estado: INVALID | Score ponderado: 44% | Fase: neutral
2026-05-27 12:38:30 | INFO     | Señal: WAIT | Estado: INVALID | Estado: INVALID | Score ponderado: 37% | Fase: neutral
2026-05-27 12:38:30 | INFO     | Señal: WAIT | Estado: INVALID | Estado: INVALID | Score ponderado: 37% | Fase: neutral
2026-05-27 12:38:30 | INFO     | Señal: WAIT | Estado: INVALID | Estado: INVALID | Score ponderado: 37% | Fase: neutral
2026-05-27 12:38:30 | INFO     | Señal: WAIT | Estado: INVALID | Estado: INVALID | Score ponderado: 37% | Fase: neutral
2026-05-27 12:38:30 | INFO     | Señal: WAIT | Estado: INVALID | Estado: INVALID | Score ponderado: 37% | Fase: neutral
2026-05-27 12:38:30 | INFO     | Señal: WAIT | Estado: INVALID | Estado: INVALID | Score ponderado: 37% | Fase: neutral
2026-05-27 12:38:30 | INFO     | Señal: WAIT | Estado: INVALID | Estado: INVALID | Score ponderado: 37% | Fase: neutral
2026-05-27 12:38:30 | INFO     | Señal: WAIT | Estado: INVALID | Estado: INVALID | Score ponderado: 41% | Fase: neutral
2026-05-27 12:38:30 | INFO     | Señal: WAIT | Estado: INVALID | Estado: INVALID | Score ponderado: 40% | Compresión detectada | Sin breakout → FORMING
2026-05-27 12:38:30 | INFO     | Señal: WAIT | Estado: INVALID | Estado: INVALID | Score ponderado: 47% | Compresión detectada | Sin breakout → FORMING
2026-05-27 12:38:30 | INFO     | Señal: WAIT | Estado: INVALID | Estado: INVALID | Score ponderado: 40% | Compresión detectada | Sin breakout → FORMING
2026-05-27 12:38:30 | INFO     | Señal: WAIT | Estado: INVALID | Estado: INVALID | Score ponderado: 40% | Compresión detectada | Sin breakout → FORMING
2026-05-27 12:38:30 | INFO     | Señal: WAIT | Estado: INVALID | Estado: INVALID | Score ponderado: 40% | Compresión detectada | Sin breakout → FORMING
2026-05-27 12:38:30 | INFO     | Señal: WAIT | Estado: INVALID | Estado: INVALID | Score ponderado: 44% | Compresión detectada | Sin breakout → FORMING
2026-05-27 12:38:30 | INFO     | Señal: WAIT | Estado: INVALID | Estado: INVALID | Score ponderado: 40% | Compresión detectada | Sin breakout → FORMING
2026-05-27 12:38:30 | INFO     | Señal: WAIT | Estado: INVALID | Estado: INVALID | Score ponderado: 40% | Compresión detectada | Sin breakout → FORMING
2026-05-27 12:38:30 | INFO     | Señal: WAIT | Estado: INVALID | Estado: INVALID | Score ponderado: 40% | Compresión detectada | Sin breakout → FORMING
2026-05-27 12:38:30 | INFO     | Señal: WAIT | Estado: INVALID | Estado: INVALID | Score ponderado: 40% | Compresión detectada | Sin breakout → FORMING
2026-05-27 12:38:30 | INFO     | Señal: WAIT | Estado: INVALID | Estado: INVALID | Score ponderado: 40% | Compresión detectada | Sin breakout → FORMING
2026-05-27 12:38:30 | INFO     | Señal: WAIT | Estado: INVALID | Estado: INVALID | Score ponderado: 40% | Compresión detectada | Sin breakout → FORMING
2026-05-27 12:38:30 | INFO     | Señal: WAIT | Estado: INVALID | Estado: INVALID | Score ponderado: 40% | Compresión detectada | Sin breakout → FORMING
2026-05-27 12:38:30 | INFO     | Señal: WAIT | Estado: INVALID | Estado: INVALID | Score ponderado: 40% | Compresión detectada | Sin breakout → FORMING
2026-05-27 12:38:30 | INFO     | Señal: WAIT | Estado: INVALID | Estado: INVALID | Score ponderado: 40% | Compresión detectada | Sin breakout → FORMING
2026-05-27 12:38:30 | INFO     | Señal: WAIT | Estado: INVALID | Estado: INVALID | Score ponderado: 40% | Compresión detectada | Sin breakout → FORMING
2026-05-27 12:38:30 | INFO     | Señal: WAIT | Estado: INVALID | Estado: INVALID | Score ponderado: 40% | Compresión detectada | Sin breakout → FORMING
2026-05-27 12:38:30 | INFO     | Señal: WAIT | Estado: INVALID | Estado: INVALID | Score ponderado: 40% | Compresión detectada | Sin breakout → FORMING
2026-05-27 12:38:30 | INFO     | Señal: WAIT | Estado: INVALID | Estado: INVALID | Score ponderado: 44% | Compresión detectada | Sin breakout → FORMING
2026-05-27 12:38:30 | INFO     | Señal: WAIT | Estado: INVALID | Estado: INVALID | Score ponderado: 40% | Compresión detectada | Sin breakout → FORMING
2026-05-27 12:38:30 | INFO     | Señal: WAIT | Estado: INVALID | Estado: INVALID | Score ponderado: 40% | Compresión detectada | Sin breakout → FORMING
2026-05-27 12:38:30 | INFO     | Señal: WAIT | Estado: INVALID | Estado: INVALID | Score ponderado: 44% | Compresión detectada | Sin breakout → FORMING
2026-05-27 12:38:30 | INFO     | Señal: WAIT | Estado: INVALID | Estado: INVALID | Score ponderado: 40% | Compresión detectada | Sin breakout → FORMING
2026-05-27 12:38:30 | INFO     | Señal: WAIT | Estado: INVALID | Estado: INVALID | Score ponderado: 40% | Compresión detectada | Sin breakout → FORMING
2026-05-27 12:38:30 | INFO     | Señal: WAIT | Estado: INVALID | Estado: INVALID | Score ponderado: 40% | Compresión detectada | Sin breakout → FORMING
2026-05-27 12:38:30 | INFO     | Señal: WAIT | Estado: INVALID | Estado: INVALID | Score ponderado: 40% | Compresión detectada | Sin breakout → FORMING
2026-05-27 12:38:30 | INFO     | Señal: WAIT | Estado: INVALID | Estado: INVALID | Score ponderado: 40% | Compresión detectada | Sin breakout → FORMING
2026-05-27 12:38:30 | INFO     | Señal: WAIT | Estado: INVALID | Estado: INVALID | Score ponderado: 40% | Compresión detectada | Sin breakout → FORMING
2026-05-27 12:38:30 | INFO     | Señal: WAIT | Estado: INVALID | Estado: INVALID | Score ponderado: 47% | Compresión detectada | Sin breakout → FORMING
2026-05-27 12:38:30 | INFO     | Señal: WAIT | Estado: INVALID | Estado: INVALID | Score ponderado: 40% | Compresión detectada | Sin breakout → FORMING
2026-05-27 12:38:30 | INFO     | Señal: WAIT | Estado: INVALID | Estado: INVALID | Score ponderado: 40% | Compresión detectada | Sin breakout → FORMING
2026-05-27 12:38:30 | INFO     | Señal: WAIT | Estado: INVALID | Estado: INVALID | Score ponderado: 47% | Compresión detectada | Sin breakout → FORMING
2026-05-27 12:38:30 | INFO     | Señal: WAIT | Estado: INVALID | Estado: INVALID | Score ponderado: 40% | Compresión detectada | Sin breakout → FORMING
2026-05-27 12:38:30 | INFO     | Señal: WAIT | Estado: INVALID | Estado: INVALID | Score ponderado: 40% | Compresión detectada | Sin breakout → FORMING
2026-05-27 12:38:30 | INFO     | Señal: WAIT | Estado: INVALID | Estado: INVALID | Score ponderado: 47% | Compresión detectada | Sin breakout → FORMING
2026-05-27 12:38:30 | INFO     | Señal: WAIT | Estado: INVALID | Estado: INVALID | Score ponderado: 40% | Compresión detectada | Sin breakout → FORMING
2026-05-27 12:38:30 | INFO     | Señal: WAIT | Estado: INVALID | Estado: INVALID | Score ponderado: 47% | Compresión detectada | Sin breakout → FORMING
2026-05-27 12:38:30 | INFO     | Señal: WAIT | Estado: INVALID | Estado: INVALID | Score ponderado: 47% | Compresión detectada | Sin breakout → FORMING
2026-05-27 12:38:30 | INFO     | Señal: WAIT | Estado: INVALID | Estado: INVALID | Score ponderado: 40% | Compresión detectada | Sin breakout → FORMING
2026-05-27 12:38:30 | INFO     | Señal: WAIT | Estado: INVALID | Estado: INVALID | Score ponderado: 47% | Compresión detectada | Sin breakout → FORMING
2026-05-27 12:38:30 | INFO     | Señal: WAIT | Estado: INVALID | Estado: INVALID | Score ponderado: 40% | Compresión detectada | Sin breakout → FORMING
2026-05-27 12:38:30 | INFO     | Señal: WAIT | Estado: INVALID | Estado: INVALID | Score ponderado: 40% | Compresión detectada | Sin breakout → FORMING
2026-05-27 12:38:30 | INFO     | Señal: WAIT | Estado: INVALID | Estado: INVALID | Score ponderado: 44% | Compresión detectada | Sin breakout → FORMING
2026-05-27 12:38:30 | INFO     | Señal: WAIT | Estado: INVALID | Estado: INVALID | Score ponderado: 40% | Compresión detectada | Sin breakout → FORMING
2026-05-27 12:38:30 | INFO     | Señal: WAIT | Estado: INVALID | Estado: INVALID | Score ponderado: 40% | Compresión detectada | Sin breakout → FORMING
2026-05-27 12:38:30 | INFO     | Señal: WAIT | Estado: INVALID | Estado: INVALID | Score ponderado: 40% | Compresión detectada | Sin breakout → FORMING
2026-05-27 12:38:30 | INFO     | Señal: WAIT | Estado: INVALID | Estado: INVALID | Score ponderado: 40% | Compresión detectada | Sin breakout → FORMING
2026-05-27 12:38:30 | INFO     | Señal: WAIT | Estado: INVALID | Estado: INVALID | Score ponderado: 40% | Compresión detectada | Sin breakout → FORMING
2026-05-27 12:38:30 | INFO     | Señal: WAIT | Estado: INVALID | Estado: INVALID | Score ponderado: 37% | Fase: neutral
2026-05-27 12:38:30 | INFO     | Señal: WAIT | Estado: INVALID | Estado: INVALID | Score ponderado: 44% | Fase: neutral
2026-05-27 12:38:30 | INFO     | Señal: WAIT | Estado: INVALID | Estado: INVALID | Score ponderado: 41% | Fase: neutral
2026-05-27 12:38:30 | INFO     | Señal: WAIT | Estado: INVALID | Estado: INVALID | Score ponderado: 37% | Fase: neutral
2026-05-27 12:38:30 | INFO     | Señal: WAIT | Estado: INVALID | Estado: INVALID | Score ponderado: 37% | Fase: neutral
2026-05-27 12:38:30 | INFO     | Señal: WAIT | Estado: INVALID | Estado: INVALID | Score ponderado: 37% | Fase: neutral
2026-05-27 12:38:30 | INFO     | Señal: WAIT | Estado: INVALID | Estado: INVALID | Score ponderado: 37% | Fase: neutral
2026-05-27 12:38:30 | INFO     | Señal: WAIT | Estado: INVALID | Estado: INVALID | Score ponderado: 37% | Fase: neutral
2026-05-27 12:38:30 | INFO     | Señal: WAIT | Estado: INVALID | Estado: INVALID | Score ponderado: 37% | Fase: neutral
2026-05-27 12:38:30 | INFO     | Señal: WAIT | Estado: INVALID | Estado: INVALID | Score ponderado: 37% | Fase: neutral
2026-05-27 12:38:30 | INFO     | Señal: WAIT | Estado: INVALID | Estado: INVALID | Score ponderado: 37% | Fase: neutral
2026-05-27 12:38:30 | INFO     | Señal: WAIT | Estado: INVALID | Estado: INVALID | Score ponderado: 37% | Fase: neutral
2026-05-27 12:38:30 | INFO     | Señal: WAIT | Estado: INVALID | Estado: INVALID | Score ponderado: 44% | Fase: neutral
2026-05-27 12:38:30 | INFO     | Señal: WAIT | Estado: INVALID | Estado: INVALID | Score ponderado: 37% | Fase: neutral
2026-05-27 12:38:30 | INFO     | Señal: WAIT | Estado: INVALID | Estado: INVALID | Score ponderado: 37% | Fase: neutral
2026-05-27 12:38:30 | INFO     | Señal: WAIT | Estado: INVALID | Estado: INVALID | Score ponderado: 41% | Fase: neutral
2026-05-27 12:38:30 | INFO     | Señal: WAIT | Estado: INVALID | Estado: INVALID | Score ponderado: 37% | Fase: neutral
2026-05-27 12:38:30 | INFO     | Señal: WAIT | Estado: INVALID | Estado: INVALID | Score ponderado: 37% | Fase: neutral
2026-05-27 12:38:30 | INFO     | Señal: WAIT | Estado: INVALID | Estado: INVALID | Score ponderado: 41% | Fase: neutral
2026-05-27 12:38:30 | INFO     | Señal: WAIT | Estado: INVALID | Estado: INVALID | Score ponderado: 37% | Fase: neutral
2026-05-27 12:38:30 | INFO     | Señal: WAIT | Estado: INVALID | Estado: INVALID | Score ponderado: 37% | Fase: neutral
2026-05-27 12:38:30 | INFO     | Señal: WAIT | Estado: INVALID | Estado: INVALID | Score ponderado: 44% | Fase: neutral
2026-05-27 12:38:30 | INFO     | Señal: WAIT | Estado: INVALID | Estado: INVALID | Score ponderado: 37% | Fase: neutral
2026-05-27 12:38:30 | INFO     | Señal: WAIT | Estado: INVALID | Estado: INVALID | Score ponderado: 37% | Fase: neutral
2026-05-27 12:38:30 | INFO     | Señal: WAIT | Estado: INVALID | Estado: INVALID | Score ponderado: 41% | Fase: neutral
2026-05-27 12:38:30 | INFO     | Señal: WAIT | Estado: INVALID | Estado: INVALID | Score ponderado: 37% | Fase: neutral
2026-05-27 12:38:30 | INFO     | Señal: WAIT | Estado: INVALID | Estado: INVALID | Score ponderado: 37% | Fase: neutral
2026-05-27 12:38:30 | INFO     | Señal: WAIT | Estado: INVALID | Estado: INVALID | Score ponderado: 37% | Fase: neutral
2026-05-27 12:38:30 | INFO     | Señal: WAIT | Estado: INVALID | Estado: INVALID | Score ponderado: 37% | Fase: neutral
2026-05-27 12:38:30 | INFO     | Señal: WAIT | Estado: INVALID | Estado: INVALID | Score ponderado: 37% | Fase: neutral
2026-05-27 12:38:30 | INFO     | Señal: WAIT | Estado: INVALID | Estado: INVALID | Score ponderado: 44% | Fase: neutral
2026-05-27 12:38:30 | INFO     | Señal: WAIT | Estado: INVALID | Estado: INVALID | Score ponderado: 44% | Fase: neutral
2026-05-27 12:38:30 | INFO     | Señal: WAIT | Estado: INVALID | Estado: INVALID | Score ponderado: 37% | Fase: neutral
2026-05-27 12:38:30 | INFO     | Señal: WAIT | Estado: INVALID | Estado: INVALID | Score ponderado: 37% | Fase: neutral
2026-05-27 12:38:30 | INFO     | Señal: WAIT | Estado: INVALID | Estado: INVALID | Score ponderado: 41% | Fase: neutral
2026-05-27 12:38:30 | INFO     | Señal: WAIT | Estado: INVALID | Estado: INVALID | Score ponderado: 37% | Fase: neutral
2026-05-27 12:38:30 | INFO     | Señal: WAIT | Estado: INVALID | Estado: INVALID | Score ponderado: 37% | Fase: neutral
2026-05-27 12:38:30 | INFO     | Señal: WAIT | Estado: INVALID | Estado: INVALID | Score ponderado: 37% | Fase: neutral
2026-05-27 12:38:30 | INFO     | Señal: WAIT | Estado: INVALID | Estado: INVALID | Score ponderado: 37% | Fase: neutral
2026-05-27 12:38:30 | INFO     | Señal: WAIT | Estado: INVALID | Estado: INVALID | Score ponderado: 37% | Fase: neutral
2026-05-27 12:38:30 | INFO     | Señal: WAIT | Estado: INVALID | Estado: INVALID | Score ponderado: 37% | Fase: neutral
2026-05-27 12:38:30 | INFO     | Señal: WAIT | Estado: INVALID | Estado: INVALID | Score ponderado: 37% | Fase: neutral
2026-05-27 12:38:30 | INFO     | Señal: WAIT | Estado: INVALID | Estado: INVALID | Score ponderado: 44% | Fase: neutral
2026-05-27 12:38:30 | INFO     | Señal: WAIT | Estado: INVALID | Estado: INVALID | Score ponderado: 41% | Fase: neutral
2026-05-27 12:38:30 | INFO     | Señal: WAIT | Estado: INVALID | Estado: INVALID | Score ponderado: 37% | Fase: neutral
2026-05-27 12:38:30 | INFO     | Señal: WAIT | Estado: INVALID | Estado: INVALID | Score ponderado: 37% | Fase: neutral
2026-05-27 12:38:30 | INFO     | Señal: WAIT | Estado: INVALID | Estado: INVALID | Score ponderado: 41% | Fase: neutral
2026-05-27 12:38:30 | INFO     | Señal: WAIT | Estado: INVALID | Estado: INVALID | Score ponderado: 37% | Fase: neutral
2026-05-27 12:38:30 | INFO     | Señal: WAIT | Estado: INVALID | Estado: INVALID | Score ponderado: 37% | Fase: neutral
2026-05-27 12:38:30 | INFO     | Señal: WAIT | Estado: INVALID | Estado: INVALID | Score ponderado: 37% | Fase: neutral
2026-05-27 12:38:30 | INFO     | Señal: WAIT | Estado: INVALID | Estado: INVALID | Score ponderado: 37% | Fase: neutral
2026-05-27 12:38:30 | INFO     | Señal: WAIT | Estado: INVALID | Estado: INVALID | Score ponderado: 41% | Fase: neutral
2026-05-27 12:38:30 | INFO     | Señal: WAIT | Estado: INVALID | Estado: INVALID | Score ponderado: 37% | Fase: neutral
2026-05-27 12:38:30 | INFO     | Señal: WAIT | Estado: INVALID | Estado: INVALID | Score ponderado: 37% | Fase: neutral
2026-05-27 12:38:30 | INFO     | Señal: WAIT | Estado: INVALID | Estado: INVALID | Score ponderado: 37% | Fase: neutral
2026-05-27 12:38:30 | INFO     | Señal: WAIT | Estado: INVALID | Estado: INVALID | Score ponderado: 37% | Fase: neutral
2026-05-27 12:38:30 | INFO     | Señal: WAIT | Estado: INVALID | Estado: INVALID | Score ponderado: 41% | Fase: neutral
2026-05-27 12:38:30 | INFO     | Señal: WAIT | Estado: INVALID | Estado: INVALID | Score ponderado: 37% | Fase: neutral
2026-05-27 12:38:30 | INFO     | Señal: WAIT | Estado: INVALID | Estado: INVALID | Score ponderado: 37% | Fase: neutral
2026-05-27 12:38:30 | INFO     | Señal: WAIT | Estado: INVALID | Estado: INVALID | Score ponderado: 37% | Fase: neutral
2026-05-27 12:38:30 | INFO     | Señal: WAIT | Estado: INVALID | Estado: INVALID | Score ponderado: 47% | Compresión detectada | Sin breakout → FORMING
2026-05-27 12:38:30 | INFO     | Señal: WAIT | Estado: INVALID | Estado: INVALID | Score ponderado: 40% | Compresión detectada | Sin breakout → FORMING
2026-05-27 12:38:30 | INFO     | Señal: WAIT | Estado: INVALID | Estado: INVALID | Score ponderado: 40% | Compresión detectada | Sin breakout → FORMING
2026-05-27 12:38:30 | INFO     | Señal: WAIT | Estado: INVALID | Estado: INVALID | Score ponderado: 40% | Compresión detectada | Sin breakout → FORMING
2026-05-27 12:38:30 | INFO     | Señal: WAIT | Estado: INVALID | Estado: INVALID | Score ponderado: 40% | Compresión detectada | Sin breakout → FORMING
2026-05-27 12:38:30 | INFO     | Señal: WAIT | Estado: INVALID | Estado: INVALID | Score ponderado: 40% | Compresión detectada | Sin breakout → FORMING
2026-05-27 12:38:30 | INFO     | Señal: WAIT | Estado: INVALID | Estado: INVALID | Score ponderado: 40% | Compresión detectada | Sin breakout → FORMING
2026-05-27 12:38:30 | INFO     | Señal: WAIT | Estado: INVALID | Estado: INVALID | Score ponderado: 40% | Compresión detectada | Sin breakout → FORMING
2026-05-27 12:38:30 | INFO     | Señal: WAIT | Estado: INVALID | Estado: INVALID | Score ponderado: 40% | Compresión detectada | Sin breakout → FORMING
2026-05-27 12:38:30 | INFO     | Señal: WAIT | Estado: INVALID | Estado: INVALID | Score ponderado: 40% | Compresión detectada | Sin breakout → FORMING
2026-05-27 12:38:30 | INFO     | Señal: WAIT | Estado: INVALID | Estado: INVALID | Score ponderado: 40% | Compresión detectada | Sin breakout → FORMING
2026-05-27 12:38:30 | INFO     | Señal: WAIT | Estado: INVALID | Estado: INVALID | Score ponderado: 40% | Compresión detectada | Sin breakout → FORMING
2026-05-27 12:38:30 | INFO     | Señal: WAIT | Estado: INVALID | Estado: INVALID | Score ponderado: 47% | Compresión detectada | Sin breakout → FORMING
2026-05-27 12:38:30 | INFO     | Señal: WAIT | Estado: INVALID | Estado: INVALID | Score ponderado: 40% | Compresión detectada | Sin breakout → FORMING
2026-05-27 12:38:30 | INFO     | Señal: WAIT | Estado: INVALID | Estado: INVALID | Score ponderado: 40% | Compresión detectada | Sin breakout → FORMING
2026-05-27 12:38:30 | INFO     | Señal: WAIT | Estado: INVALID | Estado: INVALID | Score ponderado: 40% | Compresión detectada | Sin breakout → FORMING
2026-05-27 12:38:30 | INFO     | Señal: WAIT | Estado: INVALID | Estado: INVALID | Score ponderado: 47% | Compresión detectada | Sin breakout → FORMING
2026-05-27 12:38:30 | INFO     | Señal: WAIT | Estado: INVALID | Estado: INVALID | Score ponderado: 44% | Compresión detectada | Sin breakout → FORMING
2026-05-27 12:38:30 | INFO     | Señal: WAIT | Estado: INVALID | Estado: INVALID | Score ponderado: 40% | Compresión detectada | Sin breakout → FORMING
2026-05-27 12:38:30 | INFO     | Señal: WAIT | Estado: INVALID | Estado: INVALID | Score ponderado: 40% | Compresión detectada | Sin breakout → FORMING
2026-05-27 12:38:30 | INFO     | Señal: WAIT | Estado: INVALID | Estado: INVALID | Score ponderado: 40% | Compresión detectada | Sin breakout → FORMING
2026-05-27 12:38:30 | INFO     | Señal: WAIT | Estado: INVALID | Estado: INVALID | Score ponderado: 44% | Compresión detectada | Sin breakout → FORMING
2026-05-27 12:38:30 | INFO     | Señal: WAIT | Estado: INVALID | Estado: INVALID | Score ponderado: 40% | Compresión detectada | Sin breakout → FORMING
2026-05-27 12:38:30 | INFO     | Señal: WAIT | Estado: INVALID | Estado: INVALID | Score ponderado: 44% | Compresión detectada | Sin breakout → FORMING
2026-05-27 12:38:30 | INFO     | Señal: WAIT | Estado: INVALID | Estado: INVALID | Score ponderado: 40% | Compresión detectada | Sin breakout → FORMING
2026-05-27 12:38:30 | INFO     | Señal: WAIT | Estado: INVALID | Estado: INVALID | Score ponderado: 40% | Compresión detectada | Sin breakout → FORMING
2026-05-27 12:38:30 | INFO     | Señal: WAIT | Estado: INVALID | Estado: INVALID | Score ponderado: 40% | Compresión detectada | Sin breakout → FORMING
2026-05-27 12:38:30 | INFO     | Señal: WAIT | Estado: INVALID | Estado: INVALID | Score ponderado: 40% | Compresión detectada | Sin breakout → FORMING
2026-05-27 12:38:30 | INFO     | Señal: WAIT | Estado: INVALID | Estado: INVALID | Score ponderado: 40% | Compresión detectada | Sin breakout → FORMING
2026-05-27 12:38:30 | INFO     | Señal: WAIT | Estado: INVALID | Estado: INVALID | Score ponderado: 40% | Compresión detectada | Sin breakout → FORMING
2026-05-27 12:38:30 | INFO     | Señal: WAIT | Estado: INVALID | Estado: INVALID | Score ponderado: 40% | Compresión detectada | Sin breakout → FORMING
2026-05-27 12:38:30 | INFO     | Señal: WAIT | Estado: INVALID | Estado: INVALID | Score ponderado: 40% | Compresión detectada | Sin breakout → FORMING
2026-05-27 12:38:30 | INFO     | Señal: WAIT | Estado: INVALID | Estado: INVALID | Score ponderado: 47% | Compresión detectada | Sin breakout → FORMING
2026-05-27 12:38:30 | INFO     | Señal: WAIT | Estado: INVALID | Estado: INVALID | Score ponderado: 40% | Compresión detectada | Sin breakout → FORMING
2026-05-27 12:38:30 | INFO     | Señal: WAIT | Estado: INVALID | Estado: INVALID | Score ponderado: 40% | Compresión detectada | Sin breakout → FORMING
2026-05-27 12:38:30 | INFO     | Señal: WAIT | Estado: INVALID | Estado: INVALID | Score ponderado: 40% | Compresión detectada | Sin breakout → FORMING
2026-05-27 12:38:30 | INFO     | Señal: WAIT | Estado: INVALID | Estado: INVALID | Score ponderado: 44% | Fase: neutral
2026-05-27 12:38:30 | INFO     | Señal: WAIT | Estado: INVALID | Estado: INVALID | Score ponderado: 44% | Fase: neutral
2026-05-27 12:38:30 | INFO     | Señal: WAIT | Estado: INVALID | Estado: INVALID | Score ponderado: 37% | Fase: neutral
2026-05-27 12:38:30 | INFO     | Señal: WAIT | Estado: INVALID | Estado: INVALID | Score ponderado: 44% | Fase: neutral
2026-05-27 12:38:30 | INFO     | Señal: WAIT | Estado: INVALID | Estado: INVALID | Score ponderado: 44% | Fase: neutral
2026-05-27 12:38:30 | INFO     | Señal: WAIT | Estado: INVALID | Estado: INVALID | Score ponderado: 44% | Fase: neutral
2026-05-27 12:38:30 | INFO     | Señal: WAIT | Estado: INVALID | Estado: INVALID | Score ponderado: 41% | Fase: neutral
2026-05-27 12:38:30 | INFO     | Señal: WAIT | Estado: INVALID | Estado: INVALID | Score ponderado: 41% | Fase: neutral
2026-05-27 12:38:30 | INFO     | Señal: WAIT | Estado: INVALID | Estado: INVALID | Score ponderado: 44% | Fase: neutral
2026-05-27 12:38:30 | INFO     | Señal: WAIT | Estado: INVALID | Estado: INVALID | Score ponderado: 44% | Fase: neutral
2026-05-27 12:38:30 | INFO     | Señal: WAIT | Estado: INVALID | Estado: INVALID | Score ponderado: 41% | Fase: neutral
2026-05-27 12:38:30 | INFO     | Señal: WAIT | Estado: INVALID | Estado: INVALID | Score ponderado: 37% | Fase: neutral
2026-05-27 12:38:30 | INFO     | Señal: WAIT | Estado: INVALID | Estado: INVALID | Score ponderado: 41% | Fase: neutral
2026-05-27 12:38:30 | INFO     | Señal: WAIT | Estado: INVALID | Estado: INVALID | Score ponderado: 41% | Fase: neutral
2026-05-27 12:38:30 | INFO     | Señal: WAIT | Estado: INVALID | Estado: INVALID | Score ponderado: 44% | Fase: neutral
2026-05-27 12:38:30 | INFO     | Señal: WAIT | Estado: INVALID | Estado: INVALID | Score ponderado: 37% | Fase: neutral
2026-05-27 12:38:30 | INFO     | Señal: WAIT | Estado: INVALID | Estado: INVALID | Score ponderado: 37% | Fase: neutral
2026-05-27 12:38:30 | INFO     | Señal: WAIT | Estado: INVALID | Estado: INVALID | Score ponderado: 37% | Fase: neutral
2026-05-27 12:38:30 | INFO     | Señal: WAIT | Estado: INVALID | Estado: INVALID | Score ponderado: 37% | Fase: neutral
2026-05-27 12:38:30 | INFO     | Señal: WAIT | Estado: INVALID | Estado: INVALID | Score ponderado: 37% | Fase: neutral
2026-05-27 12:38:30 | INFO     | Señal: WAIT | Estado: INVALID | Estado: INVALID | Score ponderado: 37% | Fase: neutral
2026-05-27 12:38:30 | INFO     | Señal: WAIT | Estado: INVALID | Estado: INVALID | Score ponderado: 37% | Fase: neutral
2026-05-27 12:38:30 | INFO     | Señal: WAIT | Estado: INVALID | Estado: INVALID | Score ponderado: 37% | Fase: neutral
2026-05-27 12:38:30 | INFO     | Señal: WAIT | Estado: INVALID | Estado: INVALID | Score ponderado: 37% | Fase: neutral
2026-05-27 12:38:30 | INFO     | Señal: WAIT | Estado: INVALID | Estado: INVALID | Score ponderado: 37% | Fase: neutral
2026-05-27 12:38:30 | INFO     | Señal: WAIT | Estado: INVALID | Estado: INVALID | Score ponderado: 37% | Fase: neutral
2026-05-27 12:38:30 | INFO     | Señal: WAIT | Estado: INVALID | Estado: INVALID | Score ponderado: 37% | Fase: neutral
2026-05-27 12:38:30 | INFO     | Señal: WAIT | Estado: INVALID | Estado: INVALID | Score ponderado: 37% | Fase: neutral
2026-05-27 12:38:30 | INFO     | Señal: WAIT | Estado: INVALID | Estado: INVALID | Score ponderado: 37% | Fase: neutral
2026-05-27 12:38:30 | INFO     | Señal: WAIT | Estado: INVALID | Estado: INVALID | Score ponderado: 37% | Fase: neutral
2026-05-27 12:38:30 | INFO     | Señal: WAIT | Estado: INVALID | Estado: INVALID | Score ponderado: 37% | Fase: neutral
2026-05-27 12:38:30 | INFO     | Señal: WAIT | Estado: INVALID | Estado: INVALID | Score ponderado: 37% | Fase: neutral
2026-05-27 12:38:30 | INFO     | Señal: WAIT | Estado: INVALID | Estado: INVALID | Score ponderado: 37% | Fase: neutral
2026-05-27 12:38:30 | INFO     | Señal: WAIT | Estado: INVALID | Estado: INVALID | Score ponderado: 37% | Fase: neutral
2026-05-27 12:38:30 | INFO     | Señal: WAIT | Estado: INVALID | Estado: INVALID | Score ponderado: 44% | Fase: neutral
2026-05-27 12:38:30 | INFO     | Señal: WAIT | Estado: INVALID | Estado: INVALID | Score ponderado: 37% | Fase: neutral
2026-05-27 12:38:30 | INFO     | Señal: WAIT | Estado: INVALID | Estado: INVALID | Score ponderado: 44% | Compresión detectada | Sin breakout → FORMING
2026-05-27 12:38:30 | INFO     | Señal: WAIT | Estado: INVALID | Estado: INVALID | Score ponderado: 40% | Compresión detectada | Sin breakout → FORMING
2026-05-27 12:38:30 | INFO     | Señal: WAIT | Estado: INVALID | Estado: INVALID | Score ponderado: 47% | Compresión detectada | Sin breakout → FORMING
2026-05-27 12:38:30 | INFO     | Señal: WAIT | Estado: INVALID | Estado: INVALID | Score ponderado: 44% | Compresión detectada | Sin breakout → FORMING
2026-05-27 12:38:30 | INFO     | Señal: WAIT | Estado: INVALID | Estado: INVALID | Score ponderado: 40% | Compresión detectada | Sin breakout → FORMING
2026-05-27 12:38:30 | INFO     | Señal: WAIT | Estado: INVALID | Estado: INVALID | Score ponderado: 40% | Compresión detectada | Sin breakout → FORMING
2026-05-27 12:38:30 | INFO     | Señal: WAIT | Estado: INVALID | Estado: INVALID | Score ponderado: 40% | Compresión detectada | Sin breakout → FORMING
2026-05-27 12:38:30 | INFO     | Señal: WAIT | Estado: INVALID | Estado: INVALID | Score ponderado: 40% | Compresión detectada | Sin breakout → FORMING
2026-05-27 12:38:30 | INFO     | Señal: WAIT | Estado: INVALID | Estado: INVALID | Score ponderado: 40% | Compresión detectada | Sin breakout → FORMING
2026-05-27 12:38:30 | INFO     | Señal: WAIT | Estado: INVALID | Estado: INVALID | Score ponderado: 40% | Compresión detectada | Sin breakout → FORMING
2026-05-27 12:38:30 | INFO     | Señal: WAIT | Estado: INVALID | Estado: INVALID | Score ponderado: 40% | Compresión detectada | Sin breakout → FORMING
2026-05-27 12:38:30 | INFO     | Señal: WAIT | Estado: INVALID | Estado: INVALID | Score ponderado: 40% | Compresión detectada | Sin breakout → FORMING
2026-05-27 12:38:30 | INFO     | Señal: WAIT | Estado: INVALID | Estado: INVALID | Score ponderado: 40% | Compresión detectada | Sin breakout → FORMING
2026-05-27 12:38:30 | INFO     | Señal: WAIT | Estado: INVALID | Estado: INVALID | Score ponderado: 40% | Compresión detectada | Sin breakout → FORMING
2026-05-27 12:38:30 | INFO     | Señal: WAIT | Estado: INVALID | Estado: INVALID | Score ponderado: 40% | Compresión detectada | Sin breakout → FORMING
2026-05-27 12:38:31 | INFO     | Señal: WAIT | Estado: INVALID | Estado: INVALID | Score ponderado: 40% | Compresión detectada | Sin breakout → FORMING
2026-05-27 12:38:31 | INFO     | Señal: WAIT | Estado: INVALID | Estado: INVALID | Score ponderado: 40% | Compresión detectada | Sin breakout → FORMING
2026-05-27 12:38:31 | INFO     | Señal: WAIT | Estado: INVALID | Estado: INVALID | Score ponderado: 40% | Compresión detectada | Sin breakout → FORMING
2026-05-27 12:38:31 | INFO     | Señal: WAIT | Estado: INVALID | Estado: INVALID | Score ponderado: 40% | Compresión detectada | Sin breakout → FORMING
2026-05-27 12:38:31 | INFO     | Señal: WAIT | Estado: INVALID | Estado: INVALID | Score ponderado: 40% | Compresión detectada | Sin breakout → FORMING
2026-05-27 12:38:31 | INFO     | Señal: WAIT | Estado: INVALID | Estado: INVALID | Score ponderado: 40% | Compresión detectada | Sin breakout → FORMING
2026-05-27 12:38:31 | INFO     | Señal: WAIT | Estado: INVALID | Estado: INVALID | Score ponderado: 44% | Compresión detectada | Sin breakout → FORMING
2026-05-27 12:38:31 | INFO     | Señal: WAIT | Estado: INVALID | Estado: INVALID | Score ponderado: 47% | Compresión detectada | Sin breakout → FORMING
2026-05-27 12:38:31 | INFO     | Señal: WAIT | Estado: INVALID | Estado: INVALID | Score ponderado: 40% | Compresión detectada | Sin breakout → FORMING
2026-05-27 12:38:31 | INFO     | Señal: WAIT | Estado: INVALID | Estado: INVALID | Score ponderado: 44% | Fase: neutral
2026-05-27 12:38:31 | INFO     | Señal: WAIT | Estado: INVALID | Estado: INVALID | Score ponderado: 44% | Fase: neutral
2026-05-27 12:38:31 | INFO     | Señal: WAIT | Estado: INVALID | Estado: INVALID | Score ponderado: 37% | Fase: neutral
2026-05-27 12:38:31 | INFO     | Señal: WAIT | Estado: INVALID | Estado: INVALID | Score ponderado: 44% | Fase: neutral
2026-05-27 12:38:31 | INFO     | Señal: WAIT | Estado: INVALID | Estado: INVALID | Score ponderado: 37% | Fase: neutral
2026-05-27 12:38:31 | INFO     | Señal: WAIT | Estado: INVALID | Estado: INVALID | Score ponderado: 37% | Fase: neutral
2026-05-27 12:38:31 | INFO     | Señal: WAIT | Estado: INVALID | Estado: INVALID | Score ponderado: 37% | Fase: neutral
2026-05-27 12:38:31 | INFO     | Señal: WAIT | Estado: INVALID | Estado: INVALID | Score ponderado: 44% | Fase: neutral
2026-05-27 12:38:31 | INFO     | Señal: WAIT | Estado: INVALID | Estado: INVALID | Score ponderado: 37% | Fase: neutral
2026-05-27 12:38:31 | INFO     | Señal: WAIT | Estado: INVALID | Estado: INVALID | Score ponderado: 37% | Fase: neutral
2026-05-27 12:38:31 | INFO     | Señal: WAIT | Estado: INVALID | Estado: INVALID | Score ponderado: 37% | Fase: neutral
2026-05-27 12:38:31 | INFO     | Señal: WAIT | Estado: INVALID | Estado: INVALID | Score ponderado: 37% | Fase: neutral
2026-05-27 12:38:31 | INFO     | Señal: WAIT | Estado: INVALID | Estado: INVALID | Score ponderado: 37% | Fase: neutral
2026-05-27 12:38:31 | INFO     | Señal: WAIT | Estado: INVALID | Estado: INVALID | Score ponderado: 37% | Fase: neutral
2026-05-27 12:38:31 | INFO     | Señal: WAIT | Estado: INVALID | Estado: INVALID | Score ponderado: 37% | Fase: neutral
2026-05-27 12:38:31 | INFO     | Señal: WAIT | Estado: INVALID | Estado: INVALID | Score ponderado: 37% | Fase: neutral
2026-05-27 12:38:31 | INFO     | Señal: WAIT | Estado: INVALID | Estado: INVALID | Score ponderado: 37% | Fase: neutral
2026-05-27 12:38:31 | INFO     | Señal: WAIT | Estado: INVALID | Estado: INVALID | Score ponderado: 44% | Fase: neutral
2026-05-27 12:38:31 | INFO     | Señal: WAIT | Estado: INVALID | Estado: INVALID | Score ponderado: 37% | Fase: neutral
2026-05-27 12:38:31 | INFO     | Señal: WAIT | Estado: INVALID | Estado: INVALID | Score ponderado: 44% | Fase: neutral
2026-05-27 12:38:31 | INFO     | Señal: WAIT | Estado: INVALID | Estado: INVALID | Score ponderado: 44% | Fase: neutral
2026-05-27 12:38:31 | INFO     | Señal: WAIT | Estado: INVALID | Estado: INVALID | Score ponderado: 37% | Fase: neutral
2026-05-27 12:38:31 | INFO     | Señal: WAIT | Estado: INVALID | Estado: INVALID | Score ponderado: 44% | Fase: neutral
2026-05-27 12:38:31 | INFO     | Señal: WAIT | Estado: INVALID | Estado: INVALID | Score ponderado: 37% | Fase: neutral
2026-05-27 12:38:31 | INFO     | Señal: WAIT | Estado: INVALID | Estado: INVALID | Score ponderado: 40% | Compresión detectada | Sin breakout → FORMING
2026-05-27 12:38:31 | INFO     | Señal: WAIT | Estado: INVALID | Estado: INVALID | Score ponderado: 40% | Compresión detectada | Sin breakout → FORMING
2026-05-27 12:38:31 | INFO     | Señal: WAIT | Estado: INVALID | Estado: INVALID | Score ponderado: 40% | Compresión detectada | Sin breakout → FORMING
2026-05-27 12:38:31 | INFO     | Señal: WAIT | Estado: INVALID | Estado: INVALID | Score ponderado: 40% | Compresión detectada | Sin breakout → FORMING
2026-05-27 12:38:31 | INFO     | Señal: WAIT | Estado: INVALID | Estado: INVALID | Score ponderado: 40% | Compresión detectada | Sin breakout → FORMING
2026-05-27 12:38:31 | INFO     | Señal: WAIT | Estado: INVALID | Estado: INVALID | Score ponderado: 40% | Compresión detectada | Sin breakout → FORMING
2026-05-27 12:38:31 | INFO     | Señal: WAIT | Estado: FORMING | Estado: FORMING | Score ponderado: 50% | Compresión detectada | Sin breakout → FORMING
2026-05-27 12:38:31 | INFO     | Señal: WAIT | Estado: READY | Estado: READY | Score ponderado: 57% | Compresión detectada | Sin breakout → FORMING
2026-05-27 12:38:31 | INFO     | Señal: WAIT | Estado: FORMING | Estado: FORMING | Score ponderado: 50% | Compresión detectada | Sin breakout → FORMING
2026-05-27 12:38:31 | INFO     | Señal: WAIT | Estado: FORMING | Estado: FORMING | Score ponderado: 50% | Compresión detectada | Sin breakout → FORMING
2026-05-27 12:38:31 | INFO     | Señal: WAIT | Estado: FORMING | Estado: FORMING | Score ponderado: 50% | Compresión detectada | Sin breakout → FORMING
2026-05-27 12:38:31 | INFO     | Señal: WAIT | Estado: FORMING | Estado: FORMING | Score ponderado: 50% | Compresión detectada | Sin breakout → FORMING
2026-05-27 12:38:31 | INFO     | Señal: WAIT | Estado: FORMING | Estado: FORMING | Score ponderado: 47% | Fase: neutral
2026-05-27 12:38:31 | INFO     | Señal: WAIT | Estado: FORMING | Estado: FORMING | Score ponderado: 47% | Fase: neutral
2026-05-27 12:38:31 | INFO     | Señal: WAIT | Estado: FORMING | Estado: FORMING | Score ponderado: 47% | Fase: neutral
2026-05-27 12:38:31 | INFO     | Señal: WAIT | Estado: FORMING | Estado: FORMING | Score ponderado: 47% | Fase: neutral
2026-05-27 12:38:31 | INFO     | Señal: WAIT | Estado: FORMING | Estado: FORMING | Score ponderado: 47% | Fase: neutral
2026-05-27 12:38:31 | INFO     | Señal: WAIT | Estado: FORMING | Estado: FORMING | Score ponderado: 47% | Fase: neutral
2026-05-27 12:38:31 | INFO     | Señal: WAIT | Estado: FORMING | Estado: FORMING | Score ponderado: 49% | Fase: neutral
2026-05-27 12:38:31 | INFO     | Señal: WAIT | Estado: FORMING | Estado: FORMING | Score ponderado: 49% | Fase: neutral
2026-05-27 12:38:31 | INFO     | Señal: WAIT | Estado: FORMING | Estado: FORMING | Score ponderado: 42% | Fase: neutral
2026-05-27 12:38:31 | INFO     | Señal: WAIT | Estado: FORMING | Estado: FORMING | Score ponderado: 47% | Fase: neutral
2026-05-27 12:38:31 | INFO     | Señal: WAIT | Estado: FORMING | Estado: FORMING | Score ponderado: 47% | Fase: neutral
2026-05-27 12:38:31 | INFO     | Señal: WAIT | Estado: FORMING | Estado: FORMING | Score ponderado: 47% | Fase: neutral
2026-05-27 12:38:31 | INFO     | Señal: WAIT | Estado: FORMING | Estado: FORMING | Score ponderado: 50% | Compresión detectada | Sin breakout → FORMING
2026-05-27 12:38:31 | INFO     | Señal: WAIT | Estado: FORMING | Estado: FORMING | Score ponderado: 50% | Compresión detectada | Sin breakout → FORMING
2026-05-27 12:38:31 | INFO     | Señal: WAIT | Estado: FORMING | Estado: FORMING | Score ponderado: 50% | Compresión detectada | Sin breakout → FORMING
2026-05-27 12:38:31 | INFO     | Señal: WAIT | Estado: FORMING | Estado: FORMING | Score ponderado: 50% | Compresión detectada | Sin breakout → FORMING
2026-05-27 12:38:31 | INFO     | Señal: WAIT | Estado: FORMING | Estado: FORMING | Score ponderado: 50% | Compresión detectada | Sin breakout → FORMING
2026-05-27 12:38:31 | INFO     | Señal: WAIT | Estado: FORMING | Estado: FORMING | Score ponderado: 50% | Compresión detectada | Sin breakout → FORMING
2026-05-27 12:38:31 | INFO     | Señal: WAIT | Estado: FORMING | Estado: FORMING | Score ponderado: 50% | Compresión detectada | Sin breakout → FORMING
2026-05-27 12:38:31 | INFO     | Señal: WAIT | Estado: FORMING | Estado: FORMING | Score ponderado: 50% | Compresión detectada | Sin breakout → FORMING
2026-05-27 12:38:31 | INFO     | Señal: WAIT | Estado: FORMING | Estado: FORMING | Score ponderado: 50% | Compresión detectada | Sin breakout → FORMING
2026-05-27 12:38:31 | INFO     | Señal: WAIT | Estado: FORMING | Estado: FORMING | Score ponderado: 50% | Compresión detectada | Sin breakout → FORMING
2026-05-27 12:38:31 | INFO     | Señal: WAIT | Estado: FORMING | Estado: FORMING | Score ponderado: 50% | Compresión detectada | Sin breakout → FORMING
2026-05-27 12:38:31 | INFO     | Señal: WAIT | Estado: FORMING | Estado: FORMING | Score ponderado: 50% | Compresión detectada | Sin breakout → FORMING
2026-05-27 12:38:31 | INFO     | Señal: WAIT | Estado: INVALID | Estado: INVALID | Score ponderado: 42% | Fase: neutral
2026-05-27 12:38:31 | INFO     | Señal: WAIT | Estado: INVALID | Estado: INVALID | Score ponderado: 42% | Fase: neutral
2026-05-27 12:38:31 | INFO     | Señal: WAIT | Estado: INVALID | Estado: INVALID | Score ponderado: 42% | Fase: neutral
2026-05-27 12:38:31 | INFO     | Señal: WAIT | Estado: INVALID | Estado: INVALID | Score ponderado: 49% | Fase: neutral
2026-05-27 12:38:31 | INFO     | Señal: WAIT | Estado: INVALID | Estado: INVALID | Score ponderado: 49% | Fase: neutral
2026-05-27 12:38:31 | INFO     | Señal: WAIT | Estado: INVALID | Estado: INVALID | Score ponderado: 49% | Fase: neutral
2026-05-27 12:38:31 | INFO     | Señal: WAIT | Estado: INVALID | Estado: INVALID | Score ponderado: 49% | Fase: neutral
2026-05-27 12:38:31 | INFO     | Señal: WAIT | Estado: INVALID | Estado: INVALID | Score ponderado: 49% | Fase: neutral
2026-05-27 12:38:31 | INFO     | Señal: WAIT | Estado: INVALID | Estado: INVALID | Score ponderado: 49% | Fase: neutral
2026-05-27 12:38:31 | INFO     | Señal: WAIT | Estado: INVALID | Estado: INVALID | Score ponderado: 44% | Fase: neutral
2026-05-27 12:38:31 | INFO     | Señal: WAIT | Estado: INVALID | Estado: INVALID | Score ponderado: 44% | Fase: neutral
2026-05-27 12:38:31 | INFO     | Señal: WAIT | Estado: INVALID | Estado: INVALID | Score ponderado: 37% | Fase: neutral
2026-05-27 12:38:31 | INFO     | Señal: WAIT | Estado: FORMING | Estado: FORMING | Score ponderado: 46% | Fase: neutral
2026-05-27 12:38:31 | INFO     | Señal: WAIT | Estado: FORMING | Estado: FORMING | Score ponderado: 42% | Fase: neutral
2026-05-27 12:38:31 | INFO     | Señal: WAIT | Estado: FORMING | Estado: FORMING | Score ponderado: 42% | Fase: neutral
2026-05-27 12:38:31 | INFO     | Señal: WAIT | Estado: FORMING | Estado: FORMING | Score ponderado: 47% | Fase: neutral
2026-05-27 12:38:31 | INFO     | Señal: WAIT | Estado: FORMING | Estado: FORMING | Score ponderado: 47% | Fase: neutral
2026-05-27 12:38:31 | INFO     | Señal: WAIT | Estado: FORMING | Estado: FORMING | Score ponderado: 47% | Fase: neutral
2026-05-27 12:38:31 | INFO     | Señal: WAIT | Estado: FORMING | Estado: FORMING | Score ponderado: 42% | Fase: neutral
2026-05-27 12:38:31 | INFO     | Señal: WAIT | Estado: FORMING | Estado: FORMING | Score ponderado: 42% | Fase: neutral
2026-05-27 12:38:31 | INFO     | Señal: WAIT | Estado: FORMING | Estado: FORMING | Score ponderado: 42% | Fase: neutral
2026-05-27 12:38:31 | INFO     | Señal: WAIT | Estado: FORMING | Estado: FORMING | Score ponderado: 42% | Fase: neutral
2026-05-27 12:38:31 | INFO     | Señal: WAIT | Estado: FORMING | Estado: FORMING | Score ponderado: 42% | Fase: neutral
2026-05-27 12:38:31 | INFO     | Señal: WAIT | Estado: FORMING | Estado: FORMING | Score ponderado: 42% | Fase: neutral
2026-05-27 12:38:31 | INFO     | Señal: WAIT | Estado: INVALID | Estado: INVALID | Score ponderado: 44% | Fase: neutral
2026-05-27 12:38:31 | INFO     | Señal: WAIT | Estado: INVALID | Estado: INVALID | Score ponderado: 37% | Fase: neutral
2026-05-27 12:38:31 | INFO     | Señal: WAIT | Estado: INVALID | Estado: INVALID | Score ponderado: 44% | Fase: neutral
2026-05-27 12:38:31 | INFO     | Señal: WAIT | Estado: INVALID | Estado: INVALID | Score ponderado: 46% | Fase: neutral
2026-05-27 12:38:31 | INFO     | Señal: WAIT | Estado: INVALID | Estado: INVALID | Score ponderado: 46% | Fase: neutral
2026-05-27 12:38:31 | INFO     | Señal: WAIT | Estado: INVALID | Estado: INVALID | Score ponderado: 42% | Fase: neutral
2026-05-27 12:38:31 | INFO     | Señal: WAIT | Estado: INVALID | Estado: INVALID | Score ponderado: 42% | Fase: neutral
2026-05-27 12:38:31 | INFO     | Señal: WAIT | Estado: INVALID | Estado: INVALID | Score ponderado: 42% | Fase: neutral
2026-05-27 12:38:31 | INFO     | Señal: WAIT | Estado: INVALID | Estado: INVALID | Score ponderado: 42% | Fase: neutral
2026-05-27 12:38:31 | INFO     | Señal: WAIT | Estado: INVALID | Estado: INVALID | Score ponderado: 49% | Fase: neutral
2026-05-27 12:38:31 | INFO     | Señal: WAIT | Estado: INVALID | Estado: INVALID | Score ponderado: 42% | Fase: neutral
2026-05-27 12:38:31 | INFO     | Señal: WAIT | Estado: INVALID | Estado: INVALID | Score ponderado: 42% | Fase: neutral
2026-05-27 12:38:31 | INFO     | Señal: WAIT | Estado: FORMING | Estado: FORMING | Score ponderado: 42% | Fase: neutral
2026-05-27 12:38:31 | INFO     | Señal: WAIT | Estado: FORMING | Estado: FORMING | Score ponderado: 42% | Fase: neutral
2026-05-27 12:38:31 | INFO     | Señal: WAIT | Estado: FORMING | Estado: FORMING | Score ponderado: 42% | Fase: neutral
2026-05-27 12:38:31 | INFO     | Señal: WAIT | Estado: FORMING | Estado: FORMING | Score ponderado: 42% | Fase: neutral
2026-05-27 12:38:31 | INFO     | Señal: WAIT | Estado: FORMING | Estado: FORMING | Score ponderado: 42% | Fase: neutral
2026-05-27 12:38:31 | INFO     | Señal: WAIT | Estado: FORMING | Estado: FORMING | Score ponderado: 49% | Fase: neutral
2026-05-27 12:38:31 | INFO     | Señal: WAIT | Estado: FORMING | Estado: FORMING | Score ponderado: 42% | Fase: neutral
2026-05-27 12:38:31 | INFO     | Señal: WAIT | Estado: FORMING | Estado: FORMING | Score ponderado: 42% | Fase: neutral
2026-05-27 12:38:31 | INFO     | Señal: WAIT | Estado: FORMING | Estado: FORMING | Score ponderado: 42% | Fase: neutral
2026-05-27 12:38:31 | INFO     | Señal: WAIT | Estado: FORMING | Estado: FORMING | Score ponderado: 47% | Fase: neutral
2026-05-27 12:38:31 | INFO     | Señal: WAIT | Estado: FORMING | Estado: FORMING | Score ponderado: 47% | Fase: neutral
2026-05-27 12:38:31 | INFO     | Señal: WAIT | Estado: FORMING | Estado: FORMING | Score ponderado: 47% | Fase: neutral
2026-05-27 12:38:31 | INFO     | Señal: WAIT | Estado: FORMING | Estado: FORMING | Score ponderado: 49% | Fase: neutral
2026-05-27 12:38:31 | INFO     | Señal: WAIT | Estado: FORMING | Estado: FORMING | Score ponderado: 42% | Fase: neutral
2026-05-27 12:38:31 | INFO     | Señal: WAIT | Estado: FORMING | Estado: FORMING | Score ponderado: 42% | Fase: neutral
2026-05-27 12:38:31 | INFO     | Señal: WAIT | Estado: FORMING | Estado: FORMING | Score ponderado: 42% | Fase: neutral
2026-05-27 12:38:31 | INFO     | Señal: WAIT | Estado: FORMING | Estado: FORMING | Score ponderado: 42% | Fase: neutral
2026-05-27 12:38:31 | INFO     | Señal: WAIT | Estado: FORMING | Estado: FORMING | Score ponderado: 42% | Fase: neutral
2026-05-27 12:38:31 | INFO     | Señal: WAIT | Estado: FORMING | Estado: FORMING | Score ponderado: 47% | Fase: neutral
2026-05-27 12:38:31 | INFO     | Señal: WAIT | Estado: FORMING | Estado: FORMING | Score ponderado: 47% | Fase: neutral
2026-05-27 12:38:31 | INFO     | Señal: WAIT | Estado: FORMING | Estado: FORMING | Score ponderado: 47% | Fase: neutral
2026-05-27 12:38:31 | INFO     | Señal: WAIT | Estado: FORMING | Estado: FORMING | Score ponderado: 47% | Fase: neutral
2026-05-27 12:38:31 | INFO     | Señal: WAIT | Estado: FORMING | Estado: FORMING | Score ponderado: 47% | Fase: neutral
2026-05-27 12:38:31 | INFO     | Señal: WAIT | Estado: FORMING | Estado: FORMING | Score ponderado: 47% | Fase: neutral
2026-05-27 12:38:31 | INFO     | Señal: WAIT | Estado: FORMING | Estado: FORMING | Score ponderado: 42% | Fase: neutral
2026-05-27 12:38:31 | INFO     | Señal: WAIT | Estado: FORMING | Estado: FORMING | Score ponderado: 49% | Fase: neutral
2026-05-27 12:38:31 | INFO     | Señal: WAIT | Estado: FORMING | Estado: FORMING | Score ponderado: 46% | Fase: neutral
2026-05-27 12:38:31 | INFO     | Señal: WAIT | Estado: FORMING | Estado: FORMING | Score ponderado: 49% | Fase: neutral
2026-05-27 12:38:31 | INFO     | Señal: WAIT | Estado: FORMING | Estado: FORMING | Score ponderado: 42% | Fase: neutral
2026-05-27 12:38:31 | INFO     | Señal: WAIT | Estado: FORMING | Estado: FORMING | Score ponderado: 49% | Fase: neutral
2026-05-27 12:38:31 | INFO     | Señal: WAIT | Estado: FORMING | Estado: FORMING | Score ponderado: 42% | Fase: neutral
2026-05-27 12:38:31 | INFO     | Señal: WAIT | Estado: FORMING | Estado: FORMING | Score ponderado: 42% | Fase: neutral
2026-05-27 12:38:31 | INFO     | Señal: WAIT | Estado: FORMING | Estado: FORMING | Score ponderado: 42% | Fase: neutral
2026-05-27 12:38:31 | INFO     | Señal: WAIT | Estado: FORMING | Estado: FORMING | Score ponderado: 49% | Fase: neutral
2026-05-27 12:38:31 | INFO     | Señal: WAIT | Estado: FORMING | Estado: FORMING | Score ponderado: 42% | Fase: neutral
2026-05-27 12:38:31 | INFO     | Señal: WAIT | Estado: FORMING | Estado: FORMING | Score ponderado: 49% | Fase: neutral
2026-05-27 12:38:31 | INFO     | Señal: WAIT | Estado: INVALID | Estado: INVALID | Score ponderado: 49% | Fase: neutral
2026-05-27 12:38:31 | INFO     | Señal: WAIT | Estado: INVALID | Estado: INVALID | Score ponderado: 42% | Fase: neutral
2026-05-27 12:38:31 | INFO     | Señal: WAIT | Estado: INVALID | Estado: INVALID | Score ponderado: 46% | Fase: neutral
2026-05-27 12:38:31 | INFO     | Señal: WAIT | Estado: FORMING | Estado: FORMING | Score ponderado: 42% | Fase: neutral
2026-05-27 12:38:31 | INFO     | Señal: WAIT | Estado: FORMING | Estado: FORMING | Score ponderado: 42% | Fase: neutral
2026-05-27 12:38:31 | INFO     | Señal: WAIT | Estado: FORMING | Estado: FORMING | Score ponderado: 46% | Fase: neutral
2026-05-27 12:38:31 | INFO     | Señal: WAIT | Estado: INVALID | Estado: INVALID | Score ponderado: 49% | Fase: neutral
2026-05-27 12:38:31 | INFO     | Señal: WAIT | Estado: INVALID | Estado: INVALID | Score ponderado: 42% | Fase: neutral
2026-05-27 12:38:31 | INFO     | Señal: WAIT | Estado: INVALID | Estado: INVALID | Score ponderado: 46% | Fase: neutral
2026-05-27 12:38:31 | INFO     | Señal: WAIT | Estado: FORMING | Estado: FORMING | Score ponderado: 42% | Fase: neutral
2026-05-27 12:38:31 | INFO     | Señal: WAIT | Estado: FORMING | Estado: FORMING | Score ponderado: 42% | Fase: neutral
2026-05-27 12:38:31 | INFO     | Señal: WAIT | Estado: FORMING | Estado: FORMING | Score ponderado: 42% | Fase: neutral
2026-05-27 12:38:31 | INFO     | Señal: WAIT | Estado: FORMING | Estado: FORMING | Score ponderado: 47% | Fase: neutral
2026-05-27 12:38:31 | INFO     | Señal: WAIT | Estado: FORMING | Estado: FORMING | Score ponderado: 47% | Fase: neutral
2026-05-27 12:38:31 | INFO     | Señal: WAIT | Estado: FORMING | Estado: FORMING | Score ponderado: 47% | Fase: neutral
2026-05-27 12:38:31 | INFO     | Señal: WAIT | Estado: FORMING | Estado: FORMING | Score ponderado: 46% | Fase: neutral
2026-05-27 12:38:31 | INFO     | Señal: WAIT | Estado: FORMING | Estado: FORMING | Score ponderado: 42% | Fase: neutral
2026-05-27 12:38:31 | INFO     | Señal: WAIT | Estado: FORMING | Estado: FORMING | Score ponderado: 42% | Fase: neutral
2026-05-27 12:38:31 | INFO     | Señal: WAIT | Estado: FORMING | Estado: FORMING | Score ponderado: 46% | Fase: neutral
2026-05-27 12:38:31 | INFO     | Señal: WAIT | Estado: FORMING | Estado: FORMING | Score ponderado: 42% | Fase: neutral
2026-05-27 12:38:31 | INFO     | Señal: WAIT | Estado: FORMING | Estado: FORMING | Score ponderado: 42% | Fase: neutral
2026-05-27 12:38:31 | INFO     | Señal: WAIT | Estado: FORMING | Estado: FORMING | Score ponderado: 42% | Fase: neutral
2026-05-27 12:38:31 | INFO     | Señal: WAIT | Estado: FORMING | Estado: FORMING | Score ponderado: 42% | Fase: neutral
2026-05-27 12:38:31 | INFO     | Señal: WAIT | Estado: FORMING | Estado: FORMING | Score ponderado: 42% | Fase: neutral
2026-05-27 12:38:31 | INFO     | Señal: WAIT | Estado: FORMING | Estado: FORMING | Score ponderado: 50% | Compresión detectada | Sin breakout → FORMING
2026-05-27 12:38:31 | INFO     | Señal: WAIT | Estado: FORMING | Estado: FORMING | Score ponderado: 50% | Compresión detectada | Sin breakout → FORMING
2026-05-27 12:38:31 | INFO     | Señal: WAIT | Estado: FORMING | Estado: FORMING | Score ponderado: 50% | Compresión detectada | Sin breakout → FORMING
2026-05-27 12:38:31 | INFO     | Señal: WAIT | Estado: FORMING | Estado: FORMING | Score ponderado: 50% | Compresión detectada | Sin breakout → FORMING
2026-05-27 12:38:31 | INFO     | Señal: WAIT | Estado: FORMING | Estado: FORMING | Score ponderado: 50% | Compresión detectada | Sin breakout → FORMING
2026-05-27 12:38:31 | INFO     | Señal: WAIT | Estado: FORMING | Estado: FORMING | Score ponderado: 50% | Compresión detectada | Sin breakout → FORMING
2026-05-27 12:38:31 | INFO     | Señal: WAIT | Estado: FORMING | Estado: FORMING | Score ponderado: 50% | Compresión detectada | Sin breakout → FORMING
2026-05-27 12:38:31 | INFO     | Señal: WAIT | Estado: FORMING | Estado: FORMING | Score ponderado: 50% | Compresión detectada | Sin breakout → FORMING
2026-05-27 12:38:31 | INFO     | Señal: WAIT | Estado: FORMING | Estado: FORMING | Score ponderado: 50% | Compresión detectada | Sin breakout → FORMING
2026-05-27 12:38:31 | INFO     | Señal: WAIT | Estado: FORMING | Estado: FORMING | Score ponderado: 50% | Compresión detectada | Sin breakout → FORMING
2026-05-27 12:38:31 | INFO     | Señal: WAIT | Estado: FORMING | Estado: FORMING | Score ponderado: 50% | Compresión detectada | Sin breakout → FORMING
2026-05-27 12:38:31 | INFO     | Señal: WAIT | Estado: FORMING | Estado: FORMING | Score ponderado: 50% | Compresión detectada | Sin breakout → FORMING
2026-05-27 12:38:31 | INFO     | Señal: WAIT | Estado: READY | Estado: READY | Score ponderado: 60% | Fase: neutral
2026-05-27 12:38:31 | INFO     | Señal: WAIT | Estado: FORMING | Estado: FORMING | Score ponderado: 53% | Fase: neutral
2026-05-27 12:38:31 | INFO     | Señal: WAIT | Estado: FORMING | Estado: FORMING | Score ponderado: 53% | Fase: neutral
2026-05-27 12:38:31 | INFO     | Señal: WAIT | Estado: READY | Estado: READY | Score ponderado: 60% | Fase: neutral
2026-05-27 12:38:31 | INFO     | Señal: WAIT | Estado: FORMING | Estado: FORMING | Score ponderado: 53% | Fase: neutral
2026-05-27 12:38:31 | INFO     | Señal: WAIT | Estado: FORMING | Estado: FORMING | Score ponderado: 53% | Fase: neutral
2026-05-27 12:38:31 | INFO     | Señal: WAIT | Estado: FORMING | Estado: FORMING | Score ponderado: 53% | Fase: neutral
2026-05-27 12:38:31 | INFO     | Señal: WAIT | Estado: READY | Estado: READY | Score ponderado: 60% | Fase: neutral
2026-05-27 12:38:31 | INFO     | Señal: WAIT | Estado: FORMING | Estado: FORMING | Score ponderado: 57% | Fase: neutral
2026-05-27 12:38:31 | INFO     | Señal: WAIT | Estado: FORMING | Estado: FORMING | Score ponderado: 53% | Fase: neutral
2026-05-27 12:38:31 | INFO     | Señal: WAIT | Estado: FORMING | Estado: FORMING | Score ponderado: 53% | Fase: neutral
2026-05-27 12:38:31 | INFO     | Señal: WAIT | Estado: FORMING | Estado: FORMING | Score ponderado: 53% | Fase: neutral
2026-05-27 12:38:31 | INFO     | Señal: WAIT | Estado: INVALID | Estado: INVALID | Score ponderado: 42% | Fase: neutral
2026-05-27 12:38:31 | INFO     | Señal: WAIT | Estado: INVALID | Estado: INVALID | Score ponderado: 46% | Fase: neutral
2026-05-27 12:38:31 | INFO     | Señal: WAIT | Estado: INVALID | Estado: INVALID | Score ponderado: 42% | Fase: neutral
2026-05-27 12:38:31 | INFO     | Señal: WAIT | Estado: INVALID | Estado: INVALID | Score ponderado: 49% | Fase: neutral
2026-05-27 12:38:31 | INFO     | Señal: WAIT | Estado: INVALID | Estado: INVALID | Score ponderado: 46% | Fase: neutral
2026-05-27 12:38:31 | INFO     | Señal: WAIT | Estado: INVALID | Estado: INVALID | Score ponderado: 49% | Fase: neutral
2026-05-27 12:38:31 | INFO     | Señal: WAIT | Estado: INVALID | Estado: INVALID | Score ponderado: 49% | Fase: neutral
2026-05-27 12:38:31 | INFO     | Señal: WAIT | Estado: INVALID | Estado: INVALID | Score ponderado: 49% | Fase: neutral
2026-05-27 12:38:31 | INFO     | Señal: WAIT | Estado: INVALID | Estado: INVALID | Score ponderado: 49% | Fase: neutral
2026-05-27 12:38:31 | INFO     | Señal: WAIT | Estado: INVALID | Estado: INVALID | Score ponderado: 46% | Fase: neutral
2026-05-27 12:38:31 | INFO     | Señal: WAIT | Estado: INVALID | Estado: INVALID | Score ponderado: 46% | Fase: neutral
2026-05-27 12:38:31 | INFO     | Señal: WAIT | Estado: INVALID | Estado: INVALID | Score ponderado: 42% | Fase: neutral
2026-05-27 12:38:31 | INFO     | Señal: WAIT | Estado: INVALID | Estado: INVALID | Score ponderado: 37% | Fase: neutral
2026-05-27 12:38:31 | INFO     | Señal: WAIT | Estado: INVALID | Estado: INVALID | Score ponderado: 37% | Fase: neutral
2026-05-27 12:38:31 | INFO     | Señal: WAIT | Estado: INVALID | Estado: INVALID | Score ponderado: 37% | Fase: neutral
2026-05-27 12:38:31 | INFO     | Señal: WAIT | Estado: INVALID | Estado: INVALID | Score ponderado: 37% | Fase: neutral
2026-05-27 12:38:31 | INFO     | Señal: WAIT | Estado: INVALID | Estado: INVALID | Score ponderado: 37% | Fase: neutral
2026-05-27 12:38:31 | INFO     | Señal: WAIT | Estado: INVALID | Estado: INVALID | Score ponderado: 37% | Fase: neutral
2026-05-27 12:38:31 | INFO     | Señal: WAIT | Estado: INVALID | Estado: INVALID | Score ponderado: 37% | Fase: neutral
2026-05-27 12:38:31 | INFO     | Señal: WAIT | Estado: INVALID | Estado: INVALID | Score ponderado: 37% | Fase: neutral
2026-05-27 12:38:31 | INFO     | Señal: WAIT | Estado: INVALID | Estado: INVALID | Score ponderado: 37% | Fase: neutral
2026-05-27 12:38:31 | INFO     | Señal: WAIT | Estado: INVALID | Estado: INVALID | Score ponderado: 37% | Fase: neutral
2026-05-27 12:38:31 | INFO     | Señal: WAIT | Estado: INVALID | Estado: INVALID | Score ponderado: 37% | Fase: neutral
2026-05-27 12:38:31 | INFO     | Señal: WAIT | Estado: INVALID | Estado: INVALID | Score ponderado: 37% | Fase: neutral
2026-05-27 12:38:31 | INFO     | Señal: WAIT | Estado: INVALID | Estado: INVALID | Score ponderado: 42% | Fase: neutral
2026-05-27 12:38:31 | INFO     | Señal: WAIT | Estado: INVALID | Estado: INVALID | Score ponderado: 49% | Fase: neutral
2026-05-27 12:38:31 | INFO     | Señal: WAIT | Estado: INVALID | Estado: INVALID | Score ponderado: 42% | Fase: neutral
2026-05-27 12:38:31 | INFO     | Señal: WAIT | Estado: INVALID | Estado: INVALID | Score ponderado: 42% | Fase: neutral
2026-05-27 12:38:31 | INFO     | Señal: WAIT | Estado: INVALID | Estado: INVALID | Score ponderado: 42% | Fase: neutral
2026-05-27 12:38:31 | INFO     | Señal: WAIT | Estado: INVALID | Estado: INVALID | Score ponderado: 42% | Fase: neutral
2026-05-27 12:38:31 | INFO     | Señal: WAIT | Estado: INVALID | Estado: INVALID | Score ponderado: 42% | Fase: neutral
2026-05-27 12:38:31 | INFO     | Señal: WAIT | Estado: INVALID | Estado: INVALID | Score ponderado: 42% | Fase: neutral
2026-05-27 12:38:31 | INFO     | Señal: WAIT | Estado: INVALID | Estado: INVALID | Score ponderado: 42% | Fase: neutral
2026-05-27 12:38:31 | INFO     | Señal: WAIT | Estado: INVALID | Estado: INVALID | Score ponderado: 42% | Fase: neutral
2026-05-27 12:38:31 | INFO     | Señal: WAIT | Estado: INVALID | Estado: INVALID | Score ponderado: 42% | Fase: neutral
2026-05-27 12:38:31 | INFO     | Señal: WAIT | Estado: INVALID | Estado: INVALID | Score ponderado: 42% | Fase: neutral
2026-05-27 12:38:31 | INFO     | Señal: WAIT | Estado: INVALID | Estado: INVALID | Score ponderado: 42% | Fase: neutral
2026-05-27 12:38:31 | INFO     | Señal: WAIT | Estado: INVALID | Estado: INVALID | Score ponderado: 42% | Fase: neutral
2026-05-27 12:38:31 | INFO     | Señal: WAIT | Estado: INVALID | Estado: INVALID | Score ponderado: 42% | Fase: neutral
2026-05-27 12:38:31 | INFO     | Señal: WAIT | Estado: FORMING | Estado: FORMING | Score ponderado: 42% | Fase: neutral
2026-05-27 12:38:31 | INFO     | Señal: WAIT | Estado: FORMING | Estado: FORMING | Score ponderado: 49% | Fase: neutral
2026-05-27 12:38:31 | INFO     | Señal: WAIT | Estado: FORMING | Estado: FORMING | Score ponderado: 42% | Fase: neutral
2026-05-27 12:38:31 | INFO     | Señal: WAIT | Estado: FORMING | Estado: FORMING | Score ponderado: 49% | Fase: neutral
2026-05-27 12:38:31 | INFO     | Señal: WAIT | Estado: FORMING | Estado: FORMING | Score ponderado: 42% | Fase: neutral
2026-05-27 12:38:31 | INFO     | Señal: WAIT | Estado: FORMING | Estado: FORMING | Score ponderado: 46% | Fase: neutral
2026-05-27 12:38:31 | INFO     | Señal: WAIT | Estado: FORMING | Estado: FORMING | Score ponderado: 49% | Fase: neutral
2026-05-27 12:38:31 | INFO     | Señal: WAIT | Estado: FORMING | Estado: FORMING | Score ponderado: 49% | Fase: neutral
2026-05-27 12:38:31 | INFO     | Señal: WAIT | Estado: FORMING | Estado: FORMING | Score ponderado: 42% | Fase: neutral
2026-05-27 12:38:31 | INFO     | Señal: WAIT | Estado: FORMING | Estado: FORMING | Score ponderado: 47% | Fase: neutral
2026-05-27 12:38:31 | INFO     | Señal: WAIT | Estado: FORMING | Estado: FORMING | Score ponderado: 47% | Fase: neutral
2026-05-27 12:38:31 | INFO     | Señal: WAIT | Estado: FORMING | Estado: FORMING | Score ponderado: 47% | Fase: neutral
2026-05-27 12:38:31 | INFO     | Señal: WAIT | Estado: FORMING | Estado: FORMING | Score ponderado: 54% | Fase: neutral
2026-05-27 12:38:31 | INFO     | Señal: WAIT | Estado: FORMING | Estado: FORMING | Score ponderado: 54% | Fase: neutral
2026-05-27 12:38:31 | INFO     | Señal: WAIT | Estado: FORMING | Estado: FORMING | Score ponderado: 54% | Fase: neutral
2026-05-27 12:38:31 | INFO     | Señal: WAIT | Estado: FORMING | Estado: FORMING | Score ponderado: 54% | Fase: neutral
2026-05-27 12:38:31 | INFO     | Señal: WAIT | Estado: FORMING | Estado: FORMING | Score ponderado: 54% | Fase: neutral
2026-05-27 12:38:31 | INFO     | Señal: WAIT | Estado: FORMING | Estado: FORMING | Score ponderado: 54% | Fase: neutral
2026-05-27 12:38:31 | INFO     | Señal: WAIT | Estado: FORMING | Estado: FORMING | Score ponderado: 51% | Fase: neutral
2026-05-27 12:38:31 | INFO     | Señal: WAIT | Estado: FORMING | Estado: FORMING | Score ponderado: 47% | Fase: neutral
2026-05-27 12:38:31 | INFO     | Señal: WAIT | Estado: FORMING | Estado: FORMING | Score ponderado: 47% | Fase: neutral
2026-05-27 12:38:31 | INFO     | Señal: WAIT | Estado: FORMING | Estado: FORMING | Score ponderado: 51% | Fase: neutral
2026-05-27 12:38:31 | INFO     | Señal: WAIT | Estado: FORMING | Estado: FORMING | Score ponderado: 47% | Fase: neutral
2026-05-27 12:38:31 | INFO     | Señal: WAIT | Estado: FORMING | Estado: FORMING | Score ponderado: 47% | Fase: neutral
2026-05-27 12:38:31 | INFO     | Señal: WAIT | Estado: FORMING | Estado: FORMING | Score ponderado: 47% | Fase: neutral
2026-05-27 12:38:31 | INFO     | Señal: WAIT | Estado: FORMING | Estado: FORMING | Score ponderado: 47% | Fase: neutral
2026-05-27 12:38:31 | INFO     | Señal: WAIT | Estado: FORMING | Estado: FORMING | Score ponderado: 47% | Fase: neutral
2026-05-27 12:38:31 | INFO     | Señal: WAIT | Estado: INVALID | Estado: INVALID | Score ponderado: 44% | Fase: neutral
2026-05-27 12:38:31 | INFO     | Señal: WAIT | Estado: INVALID | Estado: INVALID | Score ponderado: 41% | Fase: neutral
2026-05-27 12:38:31 | INFO     | Señal: WAIT | Estado: INVALID | Estado: INVALID | Score ponderado: 37% | Fase: neutral
2026-05-27 12:38:31 | INFO     | Señal: WAIT | Estado: INVALID | Estado: INVALID | Score ponderado: 37% | Fase: neutral
2026-05-27 12:38:31 | INFO     | Señal: WAIT | Estado: INVALID | Estado: INVALID | Score ponderado: 44% | Fase: neutral
2026-05-27 12:38:31 | INFO     | Señal: WAIT | Estado: INVALID | Estado: INVALID | Score ponderado: 44% | Fase: neutral
2026-05-27 12:38:31 | INFO     | Señal: WAIT | Estado: FORMING | Estado: FORMING | Score ponderado: 53% | Fase: neutral
2026-05-27 12:38:31 | INFO     | Señal: WAIT | Estado: FORMING | Estado: FORMING | Score ponderado: 53% | Fase: neutral
2026-05-27 12:38:31 | INFO     | Señal: WAIT | Estado: READY | Estado: READY | Score ponderado: 60% | Fase: neutral
2026-05-27 12:38:31 | INFO     | Señal: WAIT | Estado: FORMING | Estado: FORMING | Score ponderado: 53% | Fase: neutral
2026-05-27 12:38:31 | INFO     | Señal: WAIT | Estado: FORMING | Estado: FORMING | Score ponderado: 53% | Fase: neutral
2026-05-27 12:38:31 | INFO     | Señal: WAIT | Estado: FORMING | Estado: FORMING | Score ponderado: 53% | Fase: neutral
2026-05-27 12:38:31 | INFO     | Señal: WAIT | Estado: FORMING | Estado: FORMING | Score ponderado: 53% | Fase: neutral
2026-05-27 12:38:31 | INFO     | Señal: WAIT | Estado: FORMING | Estado: FORMING | Score ponderado: 53% | Fase: neutral
2026-05-27 12:38:31 | INFO     | Señal: WAIT | Estado: FORMING | Estado: FORMING | Score ponderado: 53% | Fase: neutral
2026-05-27 12:38:31 | INFO     | Señal: WAIT | Estado: FORMING | Estado: FORMING | Score ponderado: 53% | Fase: neutral
2026-05-27 12:38:31 | INFO     | Señal: WAIT | Estado: FORMING | Estado: FORMING | Score ponderado: 53% | Fase: neutral
2026-05-27 12:38:31 | INFO     | Señal: WAIT | Estado: FORMING | Estado: FORMING | Score ponderado: 53% | Fase: neutral
2026-05-27 12:38:31 | INFO     | Señal: WAIT | Estado: FORMING | Estado: FORMING | Score ponderado: 53% | Fase: neutral
2026-05-27 12:38:31 | INFO     | Señal: WAIT | Estado: FORMING | Estado: FORMING | Score ponderado: 53% | Fase: neutral
2026-05-27 12:38:31 | INFO     | Señal: WAIT | Estado: FORMING | Estado: FORMING | Score ponderado: 53% | Fase: neutral
2026-05-27 12:38:31 | INFO     | Señal: WAIT | Estado: FORMING | Estado: FORMING | Score ponderado: 53% | Fase: neutral
2026-05-27 12:38:31 | INFO     | Señal: WAIT | Estado: FORMING | Estado: FORMING | Score ponderado: 53% | Fase: neutral
2026-05-27 12:38:31 | INFO     | Señal: WAIT | Estado: FORMING | Estado: FORMING | Score ponderado: 53% | Fase: neutral
2026-05-27 12:38:31 | INFO     | Señal: WAIT | Estado: READY | Estado: READY | Score ponderado: 60% | Fase: neutral
2026-05-27 12:38:31 | INFO     | Señal: WAIT | Estado: FORMING | Estado: FORMING | Score ponderado: 53% | Fase: neutral
2026-05-27 12:38:31 | INFO     | Señal: WAIT | Estado: FORMING | Estado: FORMING | Score ponderado: 53% | Fase: neutral
2026-05-27 12:38:31 | INFO     | Señal: WAIT | Estado: FORMING | Estado: FORMING | Score ponderado: 53% | Fase: neutral
2026-05-27 12:38:31 | INFO     | Señal: WAIT | Estado: FORMING | Estado: FORMING | Score ponderado: 53% | Fase: neutral
2026-05-27 12:38:31 | INFO     | Señal: WAIT | Estado: FORMING | Estado: FORMING | Score ponderado: 53% | Fase: neutral
2026-05-27 12:38:31 | INFO     | Señal: WAIT | Estado: READY | Estado: READY | Score ponderado: 60% | Fase: neutral
2026-05-27 12:38:31 | INFO     | Señal: WAIT | Estado: FORMING | Estado: FORMING | Score ponderado: 53% | Fase: neutral
2026-05-27 12:38:31 | INFO     | Señal: WAIT | Estado: FORMING | Estado: FORMING | Score ponderado: 53% | Fase: neutral
2026-05-27 12:38:31 | INFO     | Señal: WAIT | Estado: FORMING | Estado: FORMING | Score ponderado: 53% | Fase: neutral
2026-05-27 12:38:31 | INFO     | Señal: WAIT | Estado: FORMING | Estado: FORMING | Score ponderado: 57% | Fase: neutral
2026-05-27 12:38:31 | INFO     | Señal: WAIT | Estado: FORMING | Estado: FORMING | Score ponderado: 53% | Fase: neutral
2026-05-27 12:38:31 | INFO     | Señal: WAIT | Estado: FORMING | Estado: FORMING | Score ponderado: 53% | Fase: neutral
2026-05-27 12:38:31 | INFO     | Señal: WAIT | Estado: FORMING | Estado: FORMING | Score ponderado: 53% | Fase: neutral
2026-05-27 12:38:31 | INFO     | Señal: WAIT | Estado: FORMING | Estado: FORMING | Score ponderado: 53% | Fase: neutral
2026-05-27 12:38:31 | INFO     | Señal: WAIT | Estado: FORMING | Estado: FORMING | Score ponderado: 53% | Fase: neutral
2026-05-27 12:38:31 | INFO     | Señal: WAIT | Estado: FORMING | Estado: FORMING | Score ponderado: 53% | Fase: neutral
2026-05-27 12:38:31 | INFO     | Señal: WAIT | Estado: FORMING | Estado: FORMING | Score ponderado: 53% | Fase: neutral
2026-05-27 12:38:31 | INFO     | Señal: WAIT | Estado: READY | Estado: READY | Score ponderado: 56% | Compresión detectada | Sin breakout → FORMING
2026-05-27 12:38:31 | INFO     | Señal: WAIT | Estado: READY | Estado: READY | Score ponderado: 56% | Compresión detectada | Sin breakout → FORMING
2026-05-27 12:38:31 | INFO     | Señal: WAIT | Estado: READY | Estado: READY | Score ponderado: 56% | Compresión detectada | Sin breakout → FORMING
2026-05-27 12:38:31 | INFO     | Señal: WAIT | Estado: READY | Estado: READY | Score ponderado: 56% | Compresión detectada | Sin breakout → FORMING
2026-05-27 12:38:31 | INFO     | Señal: WAIT | Estado: READY | Estado: READY | Score ponderado: 56% | Compresión detectada | Sin breakout → FORMING
2026-05-27 12:38:31 | INFO     | Señal: WAIT | Estado: READY | Estado: READY | Score ponderado: 56% | Compresión detectada | Sin breakout → FORMING
2026-05-27 12:38:31 | INFO     | Señal: WAIT | Estado: READY | Estado: READY | Score ponderado: 56% | Compresión detectada | Sin breakout → FORMING
2026-05-27 12:38:31 | INFO     | Señal: WAIT | Estado: READY | Estado: READY | Score ponderado: 56% | Compresión detectada | Sin breakout → FORMING
2026-05-27 12:38:31 | INFO     | Señal: WAIT | Estado: READY | Estado: READY | Score ponderado: 56% | Compresión detectada | Sin breakout → FORMING
2026-05-27 12:38:31 | INFO     | Señal: WAIT | Estado: READY | Estado: READY | Score ponderado: 56% | Compresión detectada | Sin breakout → FORMING
2026-05-27 12:38:31 | INFO     | Señal: WAIT | Estado: READY | Estado: READY | Score ponderado: 60% | Compresión detectada | Sin breakout → FORMING
2026-05-27 12:38:31 | INFO     | Señal: WAIT | Estado: READY | Estado: READY | Score ponderado: 56% | Compresión detectada | Sin breakout → FORMING
2026-05-27 12:38:31 | INFO     | Señal: WAIT | Estado: READY | Estado: READY | Score ponderado: 56% | Compresión detectada | Sin breakout → FORMING
2026-05-27 12:38:31 | INFO     | Señal: WAIT | Estado: READY | Estado: READY | Score ponderado: 56% | Compresión detectada | Sin breakout → FORMING
2026-05-27 12:38:31 | INFO     | Señal: WAIT | Estado: READY | Estado: READY | Score ponderado: 56% | Compresión detectada | Sin breakout → FORMING
2026-05-27 12:38:31 | INFO     | Señal: WAIT | Estado: READY | Estado: READY | Score ponderado: 56% | Compresión detectada | Sin breakout → FORMING
2026-05-27 12:38:31 | INFO     | Señal: WAIT | Estado: READY | Estado: READY | Score ponderado: 56% | Compresión detectada | Sin breakout → FORMING
2026-05-27 12:38:31 | INFO     | Señal: WAIT | Estado: READY | Estado: READY | Score ponderado: 56% | Compresión detectada | Sin breakout → FORMING
2026-05-27 12:38:31 | INFO     | Señal: WAIT | Estado: READY | Estado: READY | Score ponderado: 56% | Compresión detectada | Sin breakout → FORMING
2026-05-27 12:38:31 | INFO     | Señal: WAIT | Estado: READY | Estado: READY | Score ponderado: 56% | Compresión detectada | Sin breakout → FORMING
2026-05-27 12:38:31 | INFO     | Señal: WAIT | Estado: READY | Estado: READY | Score ponderado: 56% | Compresión detectada | Sin breakout → FORMING
2026-05-27 12:38:31 | INFO     | Señal: WAIT | Estado: READY | Estado: READY | Score ponderado: 56% | Compresión detectada | Sin breakout → FORMING
2026-05-27 12:38:31 | INFO     | Señal: WAIT | Estado: READY | Estado: READY | Score ponderado: 56% | Compresión detectada | Sin breakout → FORMING
2026-05-27 12:38:31 | INFO     | Señal: WAIT | Estado: READY | Estado: READY | Score ponderado: 60% | Compresión detectada | Sin breakout → FORMING
2026-05-27 12:38:31 | INFO     | Señal: WAIT | Estado: READY | Estado: READY | Score ponderado: 56% | Compresión detectada | Sin breakout → FORMING
2026-05-27 12:38:31 | INFO     | Señal: WAIT | Estado: READY | Estado: READY | Score ponderado: 56% | Compresión detectada | Sin breakout → FORMING
2026-05-27 12:38:31 | INFO     | Señal: WAIT | Estado: READY | Estado: READY | Score ponderado: 63% | Compresión detectada | Sin breakout → FORMING
2026-05-27 12:38:31 | INFO     | Señal: WAIT | Estado: READY | Estado: READY | Score ponderado: 56% | Compresión detectada | Sin breakout → FORMING
2026-05-27 12:38:31 | INFO     | Señal: WAIT | Estado: READY | Estado: READY | Score ponderado: 56% | Compresión detectada | Sin breakout → FORMING
2026-05-27 12:38:31 | INFO     | Señal: WAIT | Estado: READY | Estado: READY | Score ponderado: 56% | Compresión detectada | Sin breakout → FORMING
2026-05-27 12:38:31 | INFO     | Señal: WAIT | Estado: READY | Estado: READY | Score ponderado: 56% | Compresión detectada | Sin breakout → FORMING
2026-05-27 12:38:31 | INFO     | Señal: WAIT | Estado: READY | Estado: READY | Score ponderado: 56% | Compresión detectada | Sin breakout → FORMING
2026-05-27 12:38:31 | INFO     | Señal: WAIT | Estado: READY | Estado: READY | Score ponderado: 56% | Compresión detectada | Sin breakout → FORMING
2026-05-27 12:38:31 | INFO     | Señal: WAIT | Estado: READY | Estado: READY | Score ponderado: 56% | Compresión detectada | Sin breakout → FORMING
2026-05-27 12:38:31 | INFO     | Señal: WAIT | Estado: READY | Estado: READY | Score ponderado: 56% | Compresión detectada | Sin breakout → FORMING
2026-05-27 12:38:31 | INFO     | Señal: WAIT | Estado: READY | Estado: READY | Score ponderado: 63% | Compresión detectada | Sin breakout → FORMING
2026-05-27 12:38:31 | INFO     | Señal: WAIT | Estado: READY | Estado: READY | Score ponderado: 56% | Compresión detectada | Sin breakout → FORMING
2026-05-27 12:38:31 | INFO     | Señal: WAIT | Estado: READY | Estado: READY | Score ponderado: 63% | Compresión detectada | Sin breakout → FORMING
2026-05-27 12:38:31 | INFO     | Señal: WAIT | Estado: READY | Estado: READY | Score ponderado: 63% | Compresión detectada | Sin breakout → FORMING
2026-05-27 12:38:31 | INFO     | Señal: WAIT | Estado: READY | Estado: READY | Score ponderado: 63% | Compresión detectada | Sin breakout → FORMING
2026-05-27 12:38:31 | INFO     | Señal: WAIT | Estado: READY | Estado: READY | Score ponderado: 56% | Compresión detectada | Sin breakout → FORMING
2026-05-27 12:38:31 | INFO     | Señal: WAIT | Estado: READY | Estado: READY | Score ponderado: 56% | Compresión detectada | Sin breakout → FORMING
2026-05-27 12:38:31 | INFO     | Señal: WAIT | Estado: READY | Estado: READY | Score ponderado: 56% | Compresión detectada | Sin breakout → FORMING
2026-05-27 12:38:31 | INFO     | Señal: WAIT | Estado: READY | Estado: READY | Score ponderado: 60% | Compresión detectada | Sin breakout → FORMING
2026-05-27 12:38:31 | INFO     | Señal: WAIT | Estado: READY | Estado: READY | Score ponderado: 63% | Compresión detectada | Sin breakout → FORMING
2026-05-27 12:38:31 | INFO     | Señal: WAIT | Estado: READY | Estado: READY | Score ponderado: 60% | Compresión detectada | Sin breakout → FORMING
2026-05-27 12:38:31 | INFO     | Señal: WAIT | Estado: READY | Estado: READY | Score ponderado: 56% | Compresión detectada | Sin breakout → FORMING
2026-05-27 12:38:31 | INFO     | Señal: WAIT | Estado: READY | Estado: READY | Score ponderado: 56% | Compresión detectada | Sin breakout → FORMING
2026-05-27 12:38:31 | INFO     | Señal: WAIT | Estado: READY | Estado: READY | Score ponderado: 60% | Compresión detectada | Sin breakout → FORMING
2026-05-27 12:38:31 | INFO     | Señal: WAIT | Estado: READY | Estado: READY | Score ponderado: 56% | Compresión detectada | Sin breakout → FORMING
2026-05-27 12:38:31 | INFO     | Señal: WAIT | Estado: READY | Estado: READY | Score ponderado: 63% | Compresión detectada | Sin breakout → FORMING
2026-05-27 12:38:31 | INFO     | Señal: WAIT | Estado: READY | Estado: READY | Score ponderado: 56% | Compresión detectada | Sin breakout → FORMING
2026-05-27 12:38:31 | INFO     | Señal: WAIT | Estado: READY | Estado: READY | Score ponderado: 56% | Compresión detectada | Sin breakout → FORMING
2026-05-27 12:38:31 | INFO     | Señal: WAIT | Estado: READY | Estado: READY | Score ponderado: 56% | Compresión detectada | Sin breakout → FORMING
2026-05-27 12:38:31 | INFO     | Señal: WAIT | Estado: READY | Estado: READY | Score ponderado: 60% | Compresión detectada | Sin breakout → FORMING
2026-05-27 12:38:31 | INFO     | Señal: WAIT | Estado: READY | Estado: READY | Score ponderado: 56% | Compresión detectada | Sin breakout → FORMING
2026-05-27 12:38:31 | INFO     | Señal: WAIT | Estado: READY | Estado: READY | Score ponderado: 56% | Compresión detectada | Sin breakout → FORMING
2026-05-27 12:38:31 | INFO     | Señal: WAIT | Estado: READY | Estado: READY | Score ponderado: 56% | Compresión detectada | Sin breakout → FORMING
2026-05-27 12:38:31 | INFO     | Señal: WAIT | Estado: READY | Estado: READY | Score ponderado: 56% | Compresión detectada | Sin breakout → FORMING
2026-05-27 12:38:31 | INFO     | Señal: WAIT | Estado: READY | Estado: READY | Score ponderado: 56% | Compresión detectada | Sin breakout → FORMING
2026-05-27 12:38:31 | INFO     | Señal: WAIT | Estado: READY | Estado: READY | Score ponderado: 60% | Fase: neutral
2026-05-27 12:38:31 | INFO     | Señal: WAIT | Estado: READY | Estado: READY | Score ponderado: 60% | Fase: neutral
2026-05-27 12:38:31 | INFO     | Señal: WAIT | Estado: FORMING | Estado: FORMING | Score ponderado: 53% | Fase: neutral
2026-05-27 12:38:31 | INFO     | Señal: WAIT | Estado: FORMING | Estado: FORMING | Score ponderado: 53% | Fase: neutral
2026-05-27 12:38:31 | INFO     | Señal: WAIT | Estado: FORMING | Estado: FORMING | Score ponderado: 53% | Fase: neutral
2026-05-27 12:38:31 | INFO     | Señal: WAIT | Estado: FORMING | Estado: FORMING | Score ponderado: 53% | Fase: neutral
2026-05-27 12:38:31 | INFO     | Señal: WAIT | Estado: FORMING | Estado: FORMING | Score ponderado: 53% | Fase: neutral
2026-05-27 12:38:31 | INFO     | Señal: WAIT | Estado: FORMING | Estado: FORMING | Score ponderado: 53% | Fase: neutral
2026-05-27 12:38:31 | INFO     | Señal: WAIT | Estado: FORMING | Estado: FORMING | Score ponderado: 53% | Fase: neutral
2026-05-27 12:38:31 | INFO     | Señal: WAIT | Estado: READY | Estado: READY | Score ponderado: 60% | Fase: neutral
2026-05-27 12:38:31 | INFO     | Señal: WAIT | Estado: READY | Estado: READY | Score ponderado: 60% | Fase: neutral
2026-05-27 12:38:31 | INFO     | Señal: WAIT | Estado: FORMING | Estado: FORMING | Score ponderado: 53% | Fase: neutral
2026-05-27 12:38:31 | INFO     | Señal: WAIT | Estado: READY | Estado: READY | Score ponderado: 56% | Compresión detectada | Sin breakout → FORMING
2026-05-27 12:38:31 | INFO     | Señal: WAIT | Estado: READY | Estado: READY | Score ponderado: 56% | Compresión detectada | Sin breakout → FORMING
2026-05-27 12:38:31 | INFO     | Señal: WAIT | Estado: READY | Estado: READY | Score ponderado: 56% | Compresión detectada | Sin breakout → FORMING
2026-05-27 12:38:31 | INFO     | Señal: WAIT | Estado: READY | Estado: READY | Score ponderado: 56% | Compresión detectada | Sin breakout → FORMING
2026-05-27 12:38:31 | INFO     | Señal: WAIT | Estado: READY | Estado: READY | Score ponderado: 56% | Compresión detectada | Sin breakout → FORMING
2026-05-27 12:38:31 | INFO     | Señal: WAIT | Estado: READY | Estado: READY | Score ponderado: 56% | Compresión detectada | Sin breakout → FORMING
2026-05-27 12:38:31 | INFO     | Señal: WAIT | Estado: READY | Estado: READY | Score ponderado: 56% | Compresión detectada | Sin breakout → FORMING
2026-05-27 12:38:31 | INFO     | Señal: WAIT | Estado: READY | Estado: READY | Score ponderado: 56% | Compresión detectada | Sin breakout → FORMING
2026-05-27 12:38:31 | INFO     | Señal: WAIT | Estado: READY | Estado: READY | Score ponderado: 63% | Compresión detectada | Sin breakout → FORMING
2026-05-27 12:38:31 | INFO     | Señal: WAIT | Estado: READY | Estado: READY | Score ponderado: 63% | Compresión detectada | Sin breakout → FORMING
2026-05-27 12:38:31 | INFO     | Señal: WAIT | Estado: READY | Estado: READY | Score ponderado: 56% | Compresión detectada | Sin breakout → FORMING
2026-05-27 12:38:31 | INFO     | Señal: WAIT | Estado: READY | Estado: READY | Score ponderado: 56% | Compresión detectada | Sin breakout → FORMING
2026-05-27 12:38:31 | INFO     | Señal: WAIT | Estado: READY | Estado: READY | Score ponderado: 56% | Compresión detectada | Sin breakout → FORMING
2026-05-27 12:38:31 | INFO     | Señal: WAIT | Estado: READY | Estado: READY | Score ponderado: 56% | Compresión detectada | Sin breakout → FORMING
2026-05-27 12:38:31 | INFO     | Señal: WAIT | Estado: READY | Estado: READY | Score ponderado: 56% | Compresión detectada | Sin breakout → FORMING
2026-05-27 12:38:31 | INFO     | Señal: WAIT | Estado: READY | Estado: READY | Score ponderado: 60% | Compresión detectada | Sin breakout → FORMING
2026-05-27 12:38:31 | INFO     | Señal: WAIT | Estado: READY | Estado: READY | Score ponderado: 56% | Compresión detectada | Sin breakout → FORMING
2026-05-27 12:38:31 | INFO     | Señal: WAIT | Estado: READY | Estado: READY | Score ponderado: 56% | Compresión detectada | Sin breakout → FORMING
2026-05-27 12:38:31 | INFO     | Señal: WAIT | Estado: READY | Estado: READY | Score ponderado: 56% | Compresión detectada | Sin breakout → FORMING
2026-05-27 12:38:31 | INFO     | Señal: WAIT | Estado: READY | Estado: READY | Score ponderado: 56% | Compresión detectada | Sin breakout → FORMING
2026-05-27 12:38:31 | INFO     | Señal: WAIT | Estado: READY | Estado: READY | Score ponderado: 56% | Compresión detectada | Sin breakout → FORMING
2026-05-27 12:38:31 | INFO     | Señal: WAIT | Estado: READY | Estado: READY | Score ponderado: 56% | Compresión detectada | Sin breakout → FORMING
2026-05-27 12:38:31 | INFO     | Señal: WAIT | Estado: READY | Estado: READY | Score ponderado: 56% | Compresión detectada | Sin breakout → FORMING
2026-05-27 12:38:31 | INFO     | Señal: WAIT | Estado: READY | Estado: READY | Score ponderado: 63% | Compresión detectada | Sin breakout → FORMING
2026-05-27 12:38:31 | INFO     | Señal: WAIT | Estado: FORMING | Estado: FORMING | Score ponderado: 53% | Fase: neutral
2026-05-27 12:38:31 | INFO     | Señal: WAIT | Estado: READY | Estado: READY | Score ponderado: 60% | Fase: neutral
2026-05-27 12:38:31 | INFO     | Señal: WAIT | Estado: FORMING | Estado: FORMING | Score ponderado: 53% | Fase: neutral
2026-05-27 12:38:31 | INFO     | Señal: WAIT | Estado: FORMING | Estado: FORMING | Score ponderado: 53% | Fase: neutral
2026-05-27 12:38:31 | INFO     | Señal: WAIT | Estado: FORMING | Estado: FORMING | Score ponderado: 53% | Fase: neutral
2026-05-27 12:38:31 | INFO     | Señal: WAIT | Estado: FORMING | Estado: FORMING | Score ponderado: 53% | Fase: neutral
2026-05-27 12:38:31 | INFO     | Señal: WAIT | Estado: FORMING | Estado: FORMING | Score ponderado: 53% | Fase: neutral
2026-05-27 12:38:31 | INFO     | Señal: WAIT | Estado: FORMING | Estado: FORMING | Score ponderado: 53% | Fase: neutral
2026-05-27 12:38:31 | INFO     | Señal: WAIT | Estado: FORMING | Estado: FORMING | Score ponderado: 53% | Fase: neutral
2026-05-27 12:38:31 | INFO     | Señal: WAIT | Estado: READY | Estado: READY | Score ponderado: 60% | Fase: neutral
2026-05-27 12:38:31 | INFO     | Señal: WAIT | Estado: FORMING | Estado: FORMING | Score ponderado: 57% | Fase: neutral
2026-05-27 12:38:31 | INFO     | Señal: WAIT | Estado: READY | Estado: READY | Score ponderado: 60% | Fase: neutral
2026-05-27 12:38:31 | INFO     | Señal: WAIT | Estado: FORMING | Estado: FORMING | Score ponderado: 53% | Fase: neutral
2026-05-27 12:38:31 | INFO     | Señal: WAIT | Estado: FORMING | Estado: FORMING | Score ponderado: 53% | Fase: neutral
2026-05-27 12:38:31 | INFO     | Señal: WAIT | Estado: FORMING | Estado: FORMING | Score ponderado: 53% | Fase: neutral
2026-05-27 12:38:31 | INFO     | Señal: WAIT | Estado: READY | Estado: READY | Score ponderado: 60% | Fase: neutral
2026-05-27 12:38:32 | INFO     | Señal: WAIT | Estado: FORMING | Estado: FORMING | Score ponderado: 53% | Fase: neutral
2026-05-27 12:38:32 | INFO     | Señal: WAIT | Estado: FORMING | Estado: FORMING | Score ponderado: 53% | Fase: neutral
2026-05-27 12:38:32 | INFO     | Señal: WAIT | Estado: READY | Estado: READY | Score ponderado: 60% | Fase: neutral
2026-05-27 12:38:32 | INFO     | Señal: WAIT | Estado: FORMING | Estado: FORMING | Score ponderado: 53% | Fase: neutral
2026-05-27 12:38:32 | INFO     | Señal: WAIT | Estado: FORMING | Estado: FORMING | Score ponderado: 53% | Fase: neutral
2026-05-27 12:38:32 | INFO     | Señal: WAIT | Estado: FORMING | Estado: FORMING | Score ponderado: 53% | Fase: neutral
2026-05-27 12:38:32 | INFO     | Señal: WAIT | Estado: READY | Estado: READY | Score ponderado: 60% | Fase: neutral
2026-05-27 12:38:32 | INFO     | Señal: WAIT | Estado: FORMING | Estado: FORMING | Score ponderado: 53% | Fase: neutral
2026-05-27 12:38:32 | INFO     | Señal: WAIT | Estado: FORMING | Estado: FORMING | Score ponderado: 53% | Fase: neutral
2026-05-27 12:38:32 | INFO     | Señal: WAIT | Estado: FORMING | Estado: FORMING | Score ponderado: 53% | Fase: neutral
2026-05-27 12:38:32 | INFO     | Señal: WAIT | Estado: FORMING | Estado: FORMING | Score ponderado: 53% | Fase: neutral
2026-05-27 12:38:32 | INFO     | Señal: WAIT | Estado: FORMING | Estado: FORMING | Score ponderado: 53% | Fase: neutral
2026-05-27 12:38:32 | INFO     | Señal: WAIT | Estado: FORMING | Estado: FORMING | Score ponderado: 53% | Fase: neutral
2026-05-27 12:38:32 | INFO     | Señal: WAIT | Estado: READY | Estado: READY | Score ponderado: 60% | Fase: neutral
2026-05-27 12:38:32 | INFO     | Señal: WAIT | Estado: FORMING | Estado: FORMING | Score ponderado: 53% | Fase: neutral
2026-05-27 12:38:32 | INFO     | Señal: WAIT | Estado: FORMING | Estado: FORMING | Score ponderado: 53% | Fase: neutral
2026-05-27 12:38:32 | INFO     | Señal: WAIT | Estado: FORMING | Estado: FORMING | Score ponderado: 53% | Fase: neutral
2026-05-27 12:38:32 | INFO     | Señal: WAIT | Estado: FORMING | Estado: FORMING | Score ponderado: 53% | Fase: neutral
2026-05-27 12:38:32 | INFO     | Señal: WAIT | Estado: FORMING | Estado: FORMING | Score ponderado: 53% | Fase: neutral
2026-05-27 12:38:32 | INFO     | Señal: WAIT | Estado: READY | Estado: READY | Score ponderado: 60% | Fase: neutral
2026-05-27 12:38:32 | INFO     | Señal: WAIT | Estado: READY | Estado: READY | Score ponderado: 56% | Compresión detectada | Sin breakout → FORMING
2026-05-27 12:38:32 | INFO     | Señal: WAIT | Estado: READY | Estado: READY | Score ponderado: 63% | Compresión detectada | Sin breakout → FORMING
2026-05-27 12:38:32 | INFO     | Señal: WAIT | Estado: READY | Estado: READY | Score ponderado: 56% | Compresión detectada | Sin breakout → FORMING
2026-05-27 12:38:32 | INFO     | Señal: WAIT | Estado: READY | Estado: READY | Score ponderado: 56% | Compresión detectada | Sin breakout → FORMING
2026-05-27 12:38:32 | INFO     | Señal: WAIT | Estado: READY | Estado: READY | Score ponderado: 56% | Compresión detectada | Sin breakout → FORMING
2026-05-27 12:38:32 | INFO     | Señal: WAIT | Estado: READY | Estado: READY | Score ponderado: 56% | Compresión detectada | Sin breakout → FORMING
2026-05-27 12:38:32 | INFO     | Señal: WAIT | Estado: READY | Estado: READY | Score ponderado: 56% | Compresión detectada | Sin breakout → FORMING
2026-05-27 12:38:32 | INFO     | Señal: WAIT | Estado: READY | Estado: READY | Score ponderado: 63% | Compresión detectada | Sin breakout → FORMING
2026-05-27 12:38:32 | INFO     | Señal: WAIT | Estado: READY | Estado: READY | Score ponderado: 56% | Compresión detectada | Sin breakout → FORMING
2026-05-27 12:38:32 | INFO     | Señal: WAIT | Estado: READY | Estado: READY | Score ponderado: 56% | Compresión detectada | Sin breakout → FORMING
2026-05-27 12:38:32 | INFO     | Señal: WAIT | Estado: READY | Estado: READY | Score ponderado: 56% | Compresión detectada | Sin breakout → FORMING
2026-05-27 12:38:32 | INFO     | Señal: WAIT | Estado: READY | Estado: READY | Score ponderado: 56% | Compresión detectada | Sin breakout → FORMING
2026-05-27 12:38:32 | INFO     | Señal: WAIT | Estado: READY | Estado: READY | Score ponderado: 56% | Compresión detectada | Sin breakout → FORMING
2026-05-27 12:38:32 | INFO     | Señal: WAIT | Estado: READY | Estado: READY | Score ponderado: 56% | Compresión detectada | Sin breakout → FORMING
2026-05-27 12:38:32 | INFO     | Señal: WAIT | Estado: READY | Estado: READY | Score ponderado: 56% | Compresión detectada | Sin breakout → FORMING
2026-05-27 12:38:32 | INFO     | Señal: WAIT | Estado: READY | Estado: READY | Score ponderado: 56% | Compresión detectada | Sin breakout → FORMING
2026-05-27 12:38:32 | INFO     | Señal: WAIT | Estado: READY | Estado: READY | Score ponderado: 56% | Compresión detectada | Sin breakout → FORMING
2026-05-27 12:38:32 | INFO     | Señal: WAIT | Estado: READY | Estado: READY | Score ponderado: 56% | Compresión detectada | Sin breakout → FORMING
2026-05-27 12:38:32 | INFO     | Señal: WAIT | Estado: READY | Estado: READY | Score ponderado: 60% | Compresión detectada | Sin breakout → FORMING
2026-05-27 12:38:32 | INFO     | Señal: WAIT | Estado: READY | Estado: READY | Score ponderado: 63% | Compresión detectada | Sin breakout → FORMING
2026-05-27 12:38:32 | INFO     | Señal: WAIT | Estado: READY | Estado: READY | Score ponderado: 56% | Compresión detectada | Sin breakout → FORMING
2026-05-27 12:38:32 | INFO     | Señal: WAIT | Estado: READY | Estado: READY | Score ponderado: 56% | Compresión detectada | Sin breakout → FORMING
2026-05-27 12:38:32 | INFO     | Señal: WAIT | Estado: READY | Estado: READY | Score ponderado: 56% | Compresión detectada | Sin breakout → FORMING
2026-05-27 12:38:32 | INFO     | Señal: WAIT | Estado: READY | Estado: READY | Score ponderado: 56% | Compresión detectada | Sin breakout → FORMING
2026-05-27 12:38:32 | INFO     | Señal: WAIT | Estado: READY | Estado: READY | Score ponderado: 56% | Compresión detectada | Sin breakout → FORMING
2026-05-27 12:38:32 | INFO     | Señal: WAIT | Estado: READY | Estado: READY | Score ponderado: 56% | Compresión detectada | Sin breakout → FORMING
2026-05-27 12:38:32 | INFO     | Señal: WAIT | Estado: READY | Estado: READY | Score ponderado: 56% | Compresión detectada | Sin breakout → FORMING
2026-05-27 12:38:32 | INFO     | Señal: WAIT | Estado: READY | Estado: READY | Score ponderado: 56% | Compresión detectada | Sin breakout → FORMING
2026-05-27 12:38:32 | INFO     | Señal: WAIT | Estado: READY | Estado: READY | Score ponderado: 56% | Compresión detectada | Sin breakout → FORMING
2026-05-27 12:38:32 | INFO     | Señal: WAIT | Estado: READY | Estado: READY | Score ponderado: 56% | Compresión detectada | Sin breakout → FORMING
2026-05-27 12:38:32 | INFO     | Señal: WAIT | Estado: READY | Estado: READY | Score ponderado: 56% | Compresión detectada | Sin breakout → FORMING
2026-05-27 12:38:32 | INFO     | Señal: WAIT | Estado: READY | Estado: READY | Score ponderado: 56% | Compresión detectada | Sin breakout → FORMING
2026-05-27 12:38:32 | INFO     | Señal: WAIT | Estado: READY | Estado: READY | Score ponderado: 56% | Compresión detectada | Sin breakout → FORMING
2026-05-27 12:38:32 | INFO     | Señal: WAIT | Estado: READY | Estado: READY | Score ponderado: 56% | Compresión detectada | Sin breakout → FORMING
2026-05-27 12:38:32 | INFO     | Señal: WAIT | Estado: READY | Estado: READY | Score ponderado: 60% | Compresión detectada | Sin breakout → FORMING
2026-05-27 12:38:32 | INFO     | Señal: WAIT | Estado: READY | Estado: READY | Score ponderado: 56% | Compresión detectada | Sin breakout → FORMING
2026-05-27 12:38:32 | INFO     | Señal: WAIT | Estado: READY | Estado: READY | Score ponderado: 56% | Compresión detectada | Sin breakout → FORMING
2026-05-27 12:38:32 | INFO     | Señal: WAIT | Estado: READY | Estado: READY | Score ponderado: 63% | Compresión detectada | Sin breakout → FORMING
2026-05-27 12:38:32 | INFO     | Señal: WAIT | Estado: READY | Estado: READY | Score ponderado: 56% | Compresión detectada | Sin breakout → FORMING
2026-05-27 12:38:32 | INFO     | Señal: WAIT | Estado: READY | Estado: READY | Score ponderado: 56% | Compresión detectada | Sin breakout → FORMING
2026-05-27 12:38:32 | INFO     | Señal: WAIT | Estado: READY | Estado: READY | Score ponderado: 56% | Compresión detectada | Sin breakout → FORMING
2026-05-27 12:38:32 | INFO     | Señal: WAIT | Estado: READY | Estado: READY | Score ponderado: 56% | Compresión detectada | Sin breakout → FORMING
2026-05-27 12:38:32 | INFO     | Señal: WAIT | Estado: READY | Estado: READY | Score ponderado: 56% | Compresión detectada | Sin breakout → FORMING
2026-05-27 12:38:32 | INFO     | Señal: WAIT | Estado: READY | Estado: READY | Score ponderado: 63% | Compresión detectada | Sin breakout → FORMING
2026-05-27 12:38:32 | INFO     | Señal: WAIT | Estado: READY | Estado: READY | Score ponderado: 56% | Compresión detectada | Sin breakout → FORMING
2026-05-27 12:38:32 | INFO     | Señal: WAIT | Estado: READY | Estado: READY | Score ponderado: 56% | Compresión detectada | Sin breakout → FORMING
2026-05-27 12:38:32 | INFO     | Señal: WAIT | Estado: READY | Estado: READY | Score ponderado: 56% | Compresión detectada | Sin breakout → FORMING
2026-05-27 12:38:32 | INFO     | Señal: WAIT | Estado: READY | Estado: READY | Score ponderado: 56% | Compresión detectada | Sin breakout → FORMING
2026-05-27 12:38:32 | INFO     | Señal: WAIT | Estado: READY | Estado: READY | Score ponderado: 56% | Compresión detectada | Sin breakout → FORMING
2026-05-27 12:38:32 | INFO     | Señal: WAIT | Estado: READY | Estado: READY | Score ponderado: 56% | Compresión detectada | Sin breakout → FORMING
2026-05-27 12:38:32 | INFO     | Señal: WAIT | Estado: READY | Estado: READY | Score ponderado: 56% | Compresión detectada | Sin breakout → FORMING
2026-05-27 12:38:32 | INFO     | Señal: WAIT | Estado: READY | Estado: READY | Score ponderado: 56% | Compresión detectada | Sin breakout → FORMING
2026-05-27 12:38:32 | INFO     | Señal: WAIT | Estado: READY | Estado: READY | Score ponderado: 56% | Compresión detectada | Sin breakout → FORMING
2026-05-27 12:38:32 | INFO     | Señal: WAIT | Estado: READY | Estado: READY | Score ponderado: 60% | Compresión detectada | Sin breakout → FORMING
2026-05-27 12:38:32 | INFO     | Señal: WAIT | Estado: READY | Estado: READY | Score ponderado: 56% | Compresión detectada | Sin breakout → FORMING
2026-05-27 12:38:32 | INFO     | Señal: WAIT | Estado: READY | Estado: READY | Score ponderado: 56% | Compresión detectada | Sin breakout → FORMING
2026-05-27 12:38:32 | INFO     | Señal: WAIT | Estado: READY | Estado: READY | Score ponderado: 63% | Compresión detectada | Sin breakout → FORMING
2026-05-27 12:38:32 | INFO     | Señal: WAIT | Estado: READY | Estado: READY | Score ponderado: 63% | Compresión detectada | Sin breakout → FORMING
2026-05-27 12:38:32 | INFO     | Señal: WAIT | Estado: READY | Estado: READY | Score ponderado: 63% | Compresión detectada | Sin breakout → FORMING
2026-05-27 12:38:32 | INFO     | Señal: WAIT | Estado: READY | Estado: READY | Score ponderado: 56% | Compresión detectada | Sin breakout → FORMING
2026-05-27 12:38:32 | INFO     | Señal: WAIT | Estado: READY | Estado: READY | Score ponderado: 56% | Compresión detectada | Sin breakout → FORMING
2026-05-27 12:38:32 | INFO     | Señal: WAIT | Estado: READY | Estado: READY | Score ponderado: 56% | Compresión detectada | Sin breakout → FORMING
2026-05-27 12:38:32 | INFO     | Señal: WAIT | Estado: READY | Estado: READY | Score ponderado: 56% | Compresión detectada | Sin breakout → FORMING
2026-05-27 12:38:32 | INFO     | Señal: WAIT | Estado: READY | Estado: READY | Score ponderado: 60% | Compresión detectada | Sin breakout → FORMING
2026-05-27 12:38:32 | INFO     | Señal: WAIT | Estado: READY | Estado: READY | Score ponderado: 56% | Compresión detectada | Sin breakout → FORMING
2026-05-27 12:38:32 | INFO     | Señal: WAIT | Estado: READY | Estado: READY | Score ponderado: 60% | Compresión detectada | Sin breakout → FORMING
2026-05-27 12:38:32 | INFO     | Señal: WAIT | Estado: READY | Estado: READY | Score ponderado: 56% | Compresión detectada | Sin breakout → FORMING
2026-05-27 12:38:32 | INFO     | Señal: WAIT | Estado: READY | Estado: READY | Score ponderado: 56% | Compresión detectada | Sin breakout → FORMING
2026-05-27 12:38:32 | INFO     | Señal: WAIT | Estado: READY | Estado: READY | Score ponderado: 56% | Compresión detectada | Sin breakout → FORMING
2026-05-27 12:38:32 | INFO     | Señal: WAIT | Estado: READY | Estado: READY | Score ponderado: 56% | Compresión detectada | Sin breakout → FORMING
2026-05-27 12:38:32 | INFO     | Señal: WAIT | Estado: READY | Estado: READY | Score ponderado: 56% | Compresión detectada | Sin breakout → FORMING
2026-05-27 12:38:32 | INFO     | Señal: WAIT | Estado: READY | Estado: READY | Score ponderado: 56% | Compresión detectada | Sin breakout → FORMING
2026-05-27 12:38:32 | INFO     | Señal: WAIT | Estado: FORMING | Estado: FORMING | Score ponderado: 53% | Fase: neutral
2026-05-27 12:38:32 | INFO     | Señal: WAIT | Estado: FORMING | Estado: FORMING | Score ponderado: 53% | Fase: neutral
2026-05-27 12:38:32 | INFO     | Señal: WAIT | Estado: READY | Estado: READY | Score ponderado: 60% | Fase: neutral
2026-05-27 12:38:32 | INFO     | Señal: WAIT | Estado: READY | Estado: READY | Score ponderado: 60% | Fase: neutral
2026-05-27 12:38:32 | INFO     | Señal: WAIT | Estado: READY | Estado: READY | Score ponderado: 60% | Fase: neutral
2026-05-27 12:38:32 | INFO     | Señal: WAIT | Estado: READY | Estado: READY | Score ponderado: 60% | Fase: neutral
2026-05-27 12:38:32 | INFO     | Señal: WAIT | Estado: FORMING | Estado: FORMING | Score ponderado: 53% | Fase: neutral
2026-05-27 12:38:32 | INFO     | Señal: WAIT | Estado: FORMING | Estado: FORMING | Score ponderado: 53% | Fase: neutral
2026-05-27 12:38:32 | INFO     | Señal: WAIT | Estado: FORMING | Estado: FORMING | Score ponderado: 53% | Fase: neutral
2026-05-27 12:38:32 | INFO     | Señal: WAIT | Estado: FORMING | Estado: FORMING | Score ponderado: 57% | Fase: neutral
2026-05-27 12:38:32 | INFO     | Señal: WAIT | Estado: FORMING | Estado: FORMING | Score ponderado: 53% | Fase: neutral
2026-05-27 12:38:32 | INFO     | Señal: WAIT | Estado: FORMING | Estado: FORMING | Score ponderado: 53% | Fase: neutral
2026-05-27 12:38:32 | INFO     | Señal: WAIT | Estado: FORMING | Estado: FORMING | Score ponderado: 57% | Fase: neutral
2026-05-27 12:38:32 | INFO     | Señal: WAIT | Estado: FORMING | Estado: FORMING | Score ponderado: 57% | Fase: neutral
2026-05-27 12:38:32 | INFO     | Señal: WAIT | Estado: FORMING | Estado: FORMING | Score ponderado: 57% | Fase: neutral
2026-05-27 12:38:32 | INFO     | Señal: WAIT | Estado: FORMING | Estado: FORMING | Score ponderado: 53% | Fase: neutral
2026-05-27 12:38:32 | INFO     | Señal: SHORT | Estado: EXECUTE | Estado: EXECUTE | Score ponderado: 60% | Fase: neutral
2026-05-27 12:38:32 | INFO     | Señal: SHORT | Estado: EXECUTE | Estado: EXECUTE | Score ponderado: 60% | Fase: neutral
2026-05-27 12:38:32 | INFO     | Señal: WAIT | Estado: FORMING | Estado: FORMING | Score ponderado: 54% | Fase: neutral
2026-05-27 12:38:32 | INFO     | Señal: WAIT | Estado: FORMING | Estado: FORMING | Score ponderado: 54% | Fase: neutral
2026-05-27 12:38:32 | INFO     | Señal: WAIT | Estado: FORMING | Estado: FORMING | Score ponderado: 54% | Fase: neutral
2026-05-27 12:38:32 | INFO     | Señal: WAIT | Estado: FORMING | Estado: FORMING | Score ponderado: 54% | Fase: neutral
2026-05-27 12:38:32 | INFO     | Señal: WAIT | Estado: FORMING | Estado: FORMING | Score ponderado: 54% | Fase: neutral
2026-05-27 12:38:32 | INFO     | Señal: WAIT | Estado: FORMING | Estado: FORMING | Score ponderado: 51% | Fase: neutral
2026-05-27 12:38:32 | INFO     | Señal: SHORT | Estado: EXECUTE | Estado: EXECUTE | Score ponderado: 60% | Fase: neutral
2026-05-27 12:38:32 | INFO     | Señal: WAIT | Estado: FORMING | Estado: FORMING | Score ponderado: 53% | Fase: neutral
2026-05-27 12:38:32 | INFO     | Señal: WAIT | Estado: FORMING | Estado: FORMING | Score ponderado: 53% | Fase: neutral
2026-05-27 12:38:32 | INFO     | Señal: WAIT | Estado: FORMING | Estado: FORMING | Score ponderado: 53% | Fase: neutral
2026-05-27 12:38:32 | INFO     | Señal: WAIT | Estado: FORMING | Estado: FORMING | Score ponderado: 53% | Fase: neutral
2026-05-27 12:38:32 | INFO     | Señal: WAIT | Estado: FORMING | Estado: FORMING | Score ponderado: 57% | Fase: neutral
2026-05-27 12:38:32 | INFO     | Señal: WAIT | Estado: FORMING | Estado: FORMING | Score ponderado: 57% | Fase: neutral
2026-05-27 12:38:32 | INFO     | Señal: WAIT | Estado: FORMING | Estado: FORMING | Score ponderado: 53% | Fase: neutral
2026-05-27 12:38:32 | INFO     | Señal: WAIT | Estado: FORMING | Estado: FORMING | Score ponderado: 53% | Fase: neutral
2026-05-27 12:38:32 | INFO     | Señal: WAIT | Estado: FORMING | Estado: FORMING | Score ponderado: 53% | Fase: neutral
2026-05-27 12:38:32 | INFO     | Señal: WAIT | Estado: FORMING | Estado: FORMING | Score ponderado: 53% | Fase: neutral
2026-05-27 12:38:32 | INFO     | Señal: WAIT | Estado: FORMING | Estado: FORMING | Score ponderado: 53% | Fase: neutral
2026-05-27 12:38:32 | INFO     | Señal: WAIT | Estado: FORMING | Estado: FORMING | Score ponderado: 53% | Fase: neutral
2026-05-27 12:38:32 | INFO     | Señal: WAIT | Estado: FORMING | Estado: FORMING | Score ponderado: 53% | Fase: neutral
2026-05-27 12:38:32 | INFO     | Señal: WAIT | Estado: FORMING | Estado: FORMING | Score ponderado: 53% | Fase: neutral
2026-05-27 12:38:32 | INFO     | Señal: WAIT | Estado: FORMING | Estado: FORMING | Score ponderado: 53% | Fase: neutral
2026-05-27 12:38:32 | INFO     | Señal: WAIT | Estado: FORMING | Estado: FORMING | Score ponderado: 53% | Fase: neutral
2026-05-27 12:38:32 | INFO     | Señal: WAIT | Estado: FORMING | Estado: FORMING | Score ponderado: 53% | Fase: neutral
2026-05-27 12:38:32 | INFO     | Señal: WAIT | Estado: FORMING | Estado: FORMING | Score ponderado: 53% | Fase: neutral
2026-05-27 12:38:32 | INFO     | Señal: WAIT | Estado: FORMING | Estado: FORMING | Score ponderado: 53% | Fase: neutral
